name,ingredients,nutrition,steps,meal_type,allergen,equipment_needed,method,protein,calories,carbs,fiber,prep_time,cook_time,fat,bucket,timing,dietary,allergens,equipment,health_tags,effort_tags,flavor_tags
Grilled Chicken Breast,chicken breast olive oil salt pepper garlic,Protein 38.8g Calories 673.7,"Season the main ingredient with salt, pepper, and aromatics. Heat a grill pan or skillet until hot. Cook on both sides until done. Rest briefly, then serve.",Lunch Dinner,,Stove,Grill,38.8,673.7,36.6,0.4,10,15,12.9,Main Dish,"['Lunch', 'Dinner']","['Vegan', 'Vegetarian', 'Pescatarian']",[],"['没有Stove', '没有No-Cook']","['Protein High', 'Compact Fuel']","['Quick Fix', 'Fresh Run']",['Savory']
Caesar Salad,romaine lettuce cucumber tomato olive oil vinegar parmesan cheese croutons caesar dressing,Protein 26.0g Calories 374.2,"Prep the ingredients and a serving bowl. Combine everything and toss until evenly coated. Taste and adjust seasoning, then serve.",Lunch Dinner,Gluten Dairy,,No-Cook,26.0,374.2,14.0,6.0,5,0,13.3,Main Dish,"['Lunch', 'Dinner']",['Vegan'],"['Contains Gluten', 'Contains Dairy']",[],['Stable Energy'],"['Lightning', 'Fresh Run', 'Portable']","['Savory', 'Sour', 'Crunchy', 'Creamy', 'Clean / Detox']"
Margherita Pizza,pizza dough tomato sauce mozzarella cheese,Protein 24.7g Calories 801.7,"Prep and season the ingredients. Cook using the chosen method until done. Taste, adjust seasoning, and serve.",Lunch Dinner,Dairy,Stove,Cook,24.7,801.7,74.7,7.4,10,20,13.6,Main Dish,"['Lunch', 'Dinner']",['Vegan'],['Contains Dairy'],"['没有Stove', '没有No-Cook']",['Compact Fuel'],"['Quick Fix', 'Fresh Run']","['Savory', 'Creamy', 'Comfort Food', 'Kid Friendly']"
Pepperoni Pizza,pizza dough tomato sauce mozzarella cheese,Protein 28.0g Calories 526.1,"Prep and season the ingredients. Cook using the chosen method until done. Taste, adjust seasoning, and serve.",Lunch Dinner,Dairy,Stove,Cook,28.0,526.1,81.8,7.7,10,20,23.9,Main Dish,"['Lunch', 'Dinner']",['Vegan'],['Contains Dairy'],"['没有Stove', '没有No-Cook']",['Compact Fuel'],"['Quick Fix', 'Fresh Run']","['Savory', 'Creamy', 'Comfort Food', 'Kid Friendly']"
Spaghetti Carbonara,pasta tomato sauce parmesan cheese,Protein 44.3g Calories 543.2,"Prep and season the ingredients. Cook using the chosen method until done. Taste, adjust seasoning, and serve.",Lunch Dinner,Gluten Dairy,Stove,Cook,44.3,543.2,6.2,0.6,10,20,23.3,Main Dish,"['Lunch', 'Dinner']",['Vegan'],"['Contains Gluten', 'Contains Dairy']","['没有Stove', '没有No-Cook']","['Protein High', 'Keto Friendly', 'Compact Fuel']","['Quick Fix', 'Fresh Run']","['Savory', 'Creamy', 'Comfort Food']"
Chicken Parmesan,chicken breast olive oil salt pepper garlic,Protein 23.0g Calories 700.6,"Prep and season the ingredients. Cook using the chosen method until done. Taste, adjust seasoning, and serve.",Lunch Dinner,,Stove,Cook,23.0,700.6,14.8,5.7,10,20,17.8,Main Dish,"['Lunch', 'Dinner']","['Vegan', 'Vegetarian', 'Pescatarian']",[],"['没有Stove', '没有No-Cook']",['Compact Fuel'],"['Quick Fix', 'Fresh Run']",['Savory']
Beef Stew,beef olive oil salt pepper garlic onion broth,Protein 14.6g Calories 562.2,"Sauté aromatics in a pot until fragrant. Add main ingredients and liquid, then bring to a simmer. Cook until tender, stirring occasionally. Season to taste and serve warm.",Lunch Dinner,,Stove,Simmer,14.6,562.2,42.4,9.8,15,60,14.7,Complete Meal,"['Lunch', 'Dinner']","['Vegan', 'Vegetarian', 'Pescatarian']",[],"['没有Stove', '没有No-Cook']","['Volume Eater', 'Compact Fuel', 'Stable Energy']","['Slow Burn', 'One-Pot', 'Fresh Run', 'Meal Prep']","['Savory', 'Warm & Soupy', 'Comfort Food', 'Sick Day']"
French Onion Soup,onion garlic broth,Protein 22.4g Calories 363.5,"Sauté aromatics in a pot until fragrant. Add main ingredients and liquid, then bring to a simmer. Cook until tender, stirring occasionally. Season to taste and serve warm.",Lunch Dinner,,Stove,Simmer,22.4,363.5,22.6,8.8,10,25,8.0,Main Dish,"['Lunch', 'Dinner']",[],[],"['没有Stove', '没有No-Cook']",['Volume Eater'],"['Quick Fix', 'One-Pot', 'Fresh Run', 'Meal Prep']","['Savory', 'Warm & Soupy']"
Fish and Chips,,Protein 41.9g Calories 501.9,"Pat ingredients dry and season. Heat oil in a pan over medium-high heat. Cook until golden and crisp, turning as needed. Drain briefly and serve.",Lunch Dinner,,Stove,Fry,41.9,501.9,25.7,0.1,10,15,21.1,Main Dish,"['Lunch', 'Dinner']",[],[],"['没有Stove', '没有No-Cook']","['Protein High', 'Compact Fuel']","['Quick Fix', 'Fresh Run']","['Savory', 'Crunchy', 'Comfort Food']"
Turkey Chili,ground turkey onion garlic salt pepper broth beans tomatoes chili powder,Protein 18.3g Calories 534.7,"Sauté aromatics in a pot until fragrant. Add main ingredients and liquid, then bring to a simmer. Cook until tender, stirring occasionally. Season to taste and serve warm.",Lunch Dinner,,Stove,Simmer,18.3,534.7,20.0,2.5,15,60,15.0,Main Dish,"['Lunch', 'Dinner']","['Vegan', 'Vegetarian', 'Pescatarian']",[],"['没有Stove', '没有No-Cook']",['Compact Fuel'],"['Slow Burn', 'One-Pot', 'Fresh Run', 'Meal Prep']","['Savory', 'Spicy', 'Warm & Soupy']"
Pancakes,flour milk egg baking powder butter sugar,Protein 5.2g Calories 463.6,"Preheat the oven and prepare a baking dish or sheet pan. Mix or assemble the ingredients in the dish. Bake until cooked through and lightly browned. Rest briefly, then slice or serve.",Snack,Gluten Dairy,Oven,Bake,5.2,463.6,53.6,2.3,20,45,25.7,Breakfast,['Snack'],['Vegan'],"['Contains Gluten', 'Contains Dairy']","['没有Oven', '没有No-Cook']",['Stable Energy'],"['Slow Burn', 'Fresh Run', 'Meal Prep']","['Sweet', 'Creamy', 'Comfort Food', 'Kid Friendly']"
Quick Pancakes,flour milk egg baking powder butter sugar,Protein 9.4g Calories 315.4,"Preheat the oven and prepare a baking dish or sheet pan. Mix or assemble the ingredients in the dish. Bake until cooked through and lightly browned. Rest briefly, then slice or serve.",Snack,Gluten Dairy,Oven,Bake,9.4,315.4,45.1,1.6,20,45,25.5,Breakfast,['Snack'],['Vegan'],"['Contains Gluten', 'Contains Dairy']","['没有Oven', '没有No-Cook']",['Stable Energy'],"['Slow Burn', 'Fresh Run', 'Meal Prep']","['Sweet', 'Creamy', 'Comfort Food', 'Kid Friendly']"
Homestyle Pancakes,flour milk egg baking powder butter sugar,Protein 5.5g Calories 311.2,"Prep and season the ingredients. Cook using the chosen method until done. Taste, adjust seasoning, and serve.",Snack,Gluten Dairy,Microwave,Microwave,5.5,311.2,52.0,1.1,5,6,21.9,Breakfast,['Snack'],['Vegan'],"['Contains Gluten', 'Contains Dairy']","['没有Microwave', '没有No-Cook']",['Stable Energy'],"['Microwave-Only', 'Lightning', 'Brainless', 'Fresh Run', 'Portable']","['Sweet', 'Creamy', 'Comfort Food', 'Kid Friendly']"
High-Protein Pancakes,flour milk egg baking powder butter sugar,Protein 8.7g Calories 283.6,"Preheat the oven and prepare a baking dish or sheet pan. Mix or assemble the ingredients in the dish. Bake until cooked through and lightly browned. Rest briefly, then slice or serve.",Snack,Gluten Dairy,Oven,Bake,8.7,283.6,54.5,1.7,20,45,15.8,Breakfast,['Snack'],['Vegan'],"['Contains Gluten', 'Contains Dairy']","['没有Oven', '没有No-Cook']",['Stable Energy'],"['Slow Burn', 'Fresh Run', 'Meal Prep']","['Sweet', 'Creamy', 'Comfort Food', 'Kid Friendly']"
Berry Pancakes,flour milk egg baking powder butter sugar,Protein 8.5g Calories 292.6,"Preheat the oven and prepare a baking dish or sheet pan. Mix or assemble the ingredients in the dish. Bake until cooked through and lightly browned. Rest briefly, then slice or serve.",Snack,Gluten Dairy,Oven,Bake,8.5,292.6,66.0,2.9,20,45,23.4,Breakfast,['Snack'],['Vegan'],"['Contains Gluten', 'Contains Dairy']","['没有Oven', '没有No-Cook']",['Coma Inducing'],"['Slow Burn', 'Fresh Run', 'Meal Prep']","['Sweet', 'Creamy', 'Comfort Food', 'Kid Friendly']"
Waffles,flour milk egg baking powder butter sugar,Protein 16.2g Calories 506.7,"Prep and season the ingredients. Cook using the chosen method until done. Taste, adjust seasoning, and serve.",Breakfast,Gluten Dairy,Stove,Cook,16.2,506.7,48.8,5.8,10,20,17.1,Breakfast,['Breakfast'],['Vegan'],"['Contains Gluten', 'Contains Dairy']","['没有Stove', '没有No-Cook']","['Compact Fuel', 'Stable Energy']","['Quick Fix', 'Fresh Run']","['Sweet', 'Creamy', 'Comfort Food', 'Kid Friendly']"
Quick Waffles,flour milk egg baking powder butter sugar,Protein 19.4g Calories 330.4,"Prep and season the ingredients. Cook using the chosen method until done. Taste, adjust seasoning, and serve.",Breakfast,Gluten Dairy,Stove,Cook,19.4,330.4,75.3,3.8,10,20,17.3,Breakfast,['Breakfast'],['Vegan'],"['Contains Gluten', 'Contains Dairy']","['没有Stove', '没有No-Cook']",['Stable Energy'],"['Quick Fix', 'Fresh Run']","['Sweet', 'Creamy', 'Comfort Food', 'Kid Friendly']"
Homestyle Waffles,flour milk egg baking powder butter sugar,Protein 10.7g Calories 551.4,"Prep and season the ingredients. Cook using the chosen method until done. Taste, adjust seasoning, and serve.",Breakfast,Gluten Dairy,Stove,Cook,10.7,551.4,61.8,4.7,10,20,15.6,Breakfast,['Breakfast'],['Vegan'],"['Contains Gluten', 'Contains Dairy']","['没有Stove', '没有No-Cook']",['Compact Fuel'],"['Quick Fix', 'Fresh Run']","['Sweet', 'Creamy', 'Comfort Food', 'Kid Friendly']"
High-Protein Waffles,flour milk egg baking powder butter sugar,Protein 20.9g Calories 437.7,"Prep and season the ingredients. Cook using the chosen method until done. Taste, adjust seasoning, and serve.",Breakfast,Gluten Dairy,Stove,Cook,20.9,437.7,47.6,4.4,10,20,11.1,Breakfast,['Breakfast'],['Vegan'],"['Contains Gluten', 'Contains Dairy']","['没有Stove', '没有No-Cook']",['Stable Energy'],"['Quick Fix', 'Fresh Run']","['Sweet', 'Creamy', 'Comfort Food', 'Kid Friendly']"
Berry Waffles,flour milk egg baking powder butter sugar,Protein 13.3g Calories 335.8,"Prep and season the ingredients. Cook using the chosen method until done. Taste, adjust seasoning, and serve.",Breakfast,Gluten Dairy,Stove,Cook,13.3,335.8,67.2,3.3,10,20,17.7,Breakfast,['Breakfast'],['Vegan'],"['Contains Gluten', 'Contains Dairy']","['没有Stove', '没有No-Cook']",['Stable Energy'],"['Quick Fix', 'Fresh Run']","['Sweet', 'Creamy', 'Comfort Food', 'Kid Friendly']"
French Toast,bread egg milk cinnamon butter,Protein 16.4g Calories 558.7,"Prep and season the ingredients. Cook using the chosen method until done. Taste, adjust seasoning, and serve.",Breakfast,Gluten Dairy,Stove,Cook,16.4,558.7,60.9,2.4,10,20,18.5,Breakfast,['Breakfast'],['Vegan'],"['Contains Gluten', 'Contains Dairy']","['没有Stove', '没有No-Cook']","['Coma Inducing', 'Compact Fuel']","['Quick Fix', 'Fresh Run']","['Savory', 'Creamy', 'Comfort Food']"
Quick French Toast,bread egg milk cinnamon butter,Protein 20.2g Calories 488.4,"Prep and season the ingredients. Cook using the chosen method until done. Taste, adjust seasoning, and serve.",Breakfast,Gluten Dairy,Stove,Cook,20.2,488.4,67.8,4.9,10,20,20.8,Breakfast,['Breakfast'],['Vegan'],"['Contains Gluten', 'Contains Dairy']","['没有Stove', '没有No-Cook']",['Stable Energy'],"['Quick Fix', 'Fresh Run']","['Savory', 'Creamy', 'Comfort Food']"
Homestyle French Toast,bread egg milk cinnamon butter,Protein 15.4g Calories 371.6,"Prep and season the ingredients. Cook using the chosen method until done. Taste, adjust seasoning, and serve.",Breakfast,Gluten Dairy,Stove,Cook,15.4,371.6,53.0,3.8,10,20,14.7,Breakfast,['Breakfast'],['Vegan'],"['Contains Gluten', 'Contains Dairy']","['没有Stove', '没有No-Cook']",['Stable Energy'],"['Quick Fix', 'Fresh Run']","['Savory', 'Creamy', 'Comfort Food']"
High-Protein French Toast,bread egg milk cinnamon butter,Protein 11.1g Calories 419.8,"Prep and season the ingredients. Cook using the chosen method until done. Taste, adjust seasoning, and serve.",Breakfast,Gluten Dairy,Stove,Cook,11.1,419.8,59.9,3.5,10,20,19.3,Breakfast,['Breakfast'],['Vegan'],"['Contains Gluten', 'Contains Dairy']","['没有Stove', '没有No-Cook']",['Stable Energy'],"['Quick Fix', 'Fresh Run']","['Savory', 'Creamy', 'Comfort Food']"
Berry French Toast,bread egg milk cinnamon butter,Protein 21.1g Calories 356.6,"Prep and season the ingredients. Cook using the chosen method until done. Taste, adjust seasoning, and serve.",Breakfast,Gluten Dairy,Stove,Cook,21.1,356.6,47.3,2.4,10,20,21.6,Breakfast,['Breakfast'],['Vegan'],"['Contains Gluten', 'Contains Dairy']","['没有Stove', '没有No-Cook']",['Stable Energy'],"['Quick Fix', 'Fresh Run']","['Savory', 'Creamy', 'Comfort Food']"
Oatmeal Bowl,oats milk salt,Protein 21.1g Calories 275.5,"Prep and season the ingredients. Cook using the chosen method until done. Taste, adjust seasoning, and serve.",Breakfast,Dairy,Stove,Cook,21.1,275.5,59.4,7.9,10,20,10.0,Breakfast,['Breakfast'],['Vegan'],['Contains Dairy'],"['没有Stove', '没有No-Cook']","['Protein High', 'Stable Energy']","['Quick Fix', 'Fresh Run']","['Savory', 'Comfort Food']"
Quick Oatmeal Bowl,oats milk salt,Protein 14.9g Calories 349.9,"Prep and season the ingredients. Cook using the chosen method until done. Taste, adjust seasoning, and serve.",Breakfast,Dairy,Stove,Cook,14.9,349.9,38.7,8.3,10,20,8.2,Breakfast,['Breakfast'],['Vegan'],['Contains Dairy'],"['没有Stove', '没有No-Cook']","['Volume Eater', 'Stable Energy']","['Quick Fix', 'Fresh Run']",['Savory']
Homestyle Oatmeal Bowl,oats milk salt,Protein 23.0g Calories 380.0,"Prep and season the ingredients. Cook using the chosen method until done. Taste, adjust seasoning, and serve.",Breakfast,Dairy,Stove,Cook,23.0,380.0,56.6,8.0,10,20,13.7,Breakfast,['Breakfast'],['Vegan'],['Contains Dairy'],"['没有Stove', '没有No-Cook']",['Stable Energy'],"['Quick Fix', 'Fresh Run']","['Savory', 'Comfort Food']"
High-Protein Oatmeal Bowl,oats milk salt,Protein 18.7g Calories 316.3,"Prep and season the ingredients. Cook using the chosen method until done. Taste, adjust seasoning, and serve.",Breakfast,Dairy,Stove,Cook,18.7,316.3,41.4,6.1,10,20,10.9,Breakfast,['Breakfast'],['Vegan'],['Contains Dairy'],"['没有Stove', '没有No-Cook']",['Stable Energy'],"['Quick Fix', 'Fresh Run']","['Savory', 'Comfort Food']"
Berry Oatmeal Bowl,oats milk salt,Protein 22.7g Calories 277.3,"Prep and season the ingredients. Cook using the chosen method until done. Taste, adjust seasoning, and serve.",Breakfast,Dairy,Stove,Cook,22.7,277.3,46.0,7.9,10,20,11.9,Breakfast,['Breakfast'],['Vegan'],['Contains Dairy'],"['没有Stove', '没有No-Cook']","['Protein High', 'Stable Energy']","['Quick Fix', 'Fresh Run']","['Savory', 'Comfort Food']"
Greek Yogurt Parfait,greek yogurt berries granola honey,Protein 20.1g Calories 513.7,"Prep the ingredients and a serving bowl. Combine everything and toss until evenly coated. Taste and adjust seasoning, then serve.",Breakfast,Dairy,,No-Cook,20.1,513.7,79.1,4.5,5,0,21.5,Breakfast,['Breakfast'],['Vegan'],['Contains Dairy'],[],['Compact Fuel'],"['Lightning', 'Brainless', 'Fresh Run', 'Portable']","['Sweet', 'Sour', 'Creamy', 'Comfort Food']"
Quick Greek Yogurt Parfait,greek yogurt berries granola honey,Protein 10.3g Calories 474.2,"Prep the ingredients and a serving bowl. Combine everything and toss until evenly coated. Taste and adjust seasoning, then serve.",Breakfast,Dairy,,No-Cook,10.3,474.2,77.5,3.1,5,0,21.6,Breakfast,['Breakfast'],['Vegan'],['Contains Dairy'],[],['Stable Energy'],"['Lightning', 'Brainless', 'Fresh Run', 'Portable']","['Sweet', 'Sour', 'Creamy', 'Comfort Food']"
Homestyle Greek Yogurt Parfait,greek yogurt berries granola honey,Protein 18.4g Calories 363.3,"Prep the ingredients and a serving bowl. Combine everything and toss until evenly coated. Taste and adjust seasoning, then serve.",Breakfast,Dairy,,No-Cook,18.4,363.3,55.8,2.0,5,0,14.8,Breakfast,['Breakfast'],['Vegan'],['Contains Dairy'],[],['Stable Energy'],"['Lightning', 'Brainless', 'Fresh Run', 'Portable']","['Sweet', 'Sour', 'Creamy', 'Comfort Food']"
High-Protein Greek Yogurt Parfait,greek yogurt berries granola honey,Protein 16.8g Calories 528.8,"Prep the ingredients and a serving bowl. Combine everything and toss until evenly coated. Taste and adjust seasoning, then serve.",Breakfast,Dairy,,No-Cook,16.8,528.8,59.0,4.5,5,0,12.0,Breakfast,['Breakfast'],['Vegan'],['Contains Dairy'],[],"['Compact Fuel', 'Stable Energy']","['Lightning', 'Brainless', 'Fresh Run', 'Portable']","['Sweet', 'Sour', 'Creamy', 'Comfort Food']"
Berry Greek Yogurt Parfait,greek yogurt berries granola honey,Protein 19.0g Calories 327.4,"Prep the ingredients and a serving bowl. Combine everything and toss until evenly coated. Taste and adjust seasoning, then serve.",Breakfast,Dairy,,No-Cook,19.0,327.4,52.5,3.4,5,0,15.9,Breakfast,['Breakfast'],['Vegan'],['Contains Dairy'],[],['Stable Energy'],"['Lightning', 'Brainless', 'Fresh Run', 'Portable']","['Sweet', 'Sour', 'Creamy', 'Comfort Food']"
Egg Omelet,,Protein 27.5g Calories 294.0,"Prep and season the ingredients. Cook using the chosen method until done. Taste, adjust seasoning, and serve.",Breakfast,,Stove,Cook,27.5,294.0,14.4,0.3,10,20,19.9,Breakfast,['Breakfast'],[],[],"['没有Stove', '没有No-Cook']",['Protein High'],"['Quick Fix', 'Fresh Run']",['Savory']
Quick Egg Omelet,,Protein 18.5g Calories 230.5,"Prep and season the ingredients. Cook using the chosen method until done. Taste, adjust seasoning, and serve.",Breakfast,,Stove,Cook,18.5,230.5,11.9,0.8,10,20,21.4,Breakfast,['Breakfast'],[],[],"['没有Stove', '没有No-Cook']",['Protein High'],"['Quick Fix', 'Fresh Run']","['Savory', 'Comfort Food']"
Homestyle Egg Omelet,,Protein 23.8g Calories 352.4,"Prep and season the ingredients. Cook using the chosen method until done. Taste, adjust seasoning, and serve.",Breakfast,,Stove,Cook,23.8,352.4,9.1,2.3,10,20,15.8,Breakfast,['Breakfast'],[],[],"['没有Stove', '没有No-Cook']",['Keto Friendly'],"['Quick Fix', 'Fresh Run']",['Savory']
High-Protein Egg Omelet,,Protein 22.9g Calories 242.8,"Prep and season the ingredients. Cook using the chosen method until done. Taste, adjust seasoning, and serve.",Breakfast,,Stove,Cook,22.9,242.8,6.5,1.5,10,20,21.5,Breakfast,['Breakfast'],[],[],"['没有Stove', '没有No-Cook']","['Protein High', 'Keto Friendly']","['Quick Fix', 'Fresh Run']","['Savory', 'Comfort Food']"
Berry Egg Omelet,,Protein 16.7g Calories 353.4,"Prep and season the ingredients. Cook using the chosen method until done. Taste, adjust seasoning, and serve.",Breakfast,,Stove,Cook,16.7,353.4,8.3,0.0,10,20,20.4,Breakfast,['Breakfast'],[],[],"['没有Stove', '没有No-Cook']",['Keto Friendly'],"['Quick Fix', 'Fresh Run']","['Savory', 'Comfort Food']"
Scrambled Eggs,,Protein 19.4g Calories 280.3,"Prep and season the ingredients. Cook using the chosen method until done. Taste, adjust seasoning, and serve.",Breakfast,,Stove,Cook,19.4,280.3,4.2,1.0,10,20,15.6,Breakfast,['Breakfast'],[],[],"['没有Stove', '没有No-Cook']",['Keto Friendly'],"['Quick Fix', 'Fresh Run']",['Savory']
Quick Scrambled Eggs,,Protein 28.0g Calories 221.5,"Prep and season the ingredients. Cook using the chosen method until done. Taste, adjust seasoning, and serve.",Breakfast,,Stove,Cook,28.0,221.5,4.8,2.1,10,20,17.3,Breakfast,['Breakfast'],[],[],"['没有Stove', '没有No-Cook']","['Protein High', 'Keto Friendly']","['Quick Fix', 'Fresh Run']",['Savory']
Homestyle Scrambled Eggs,,Protein 29.3g Calories 320.1,"Prep and season the ingredients. Cook using the chosen method until done. Taste, adjust seasoning, and serve.",Breakfast,,Stove,Cook,29.3,320.1,14.9,2.6,10,20,13.0,Breakfast,['Breakfast'],[],[],"['没有Stove', '没有No-Cook']",['Protein High'],"['Quick Fix', 'Fresh Run']",['Savory']
High-Protein Scrambled Eggs,,Protein 16.3g Calories 228.5,"Prep and season the ingredients. Cook using the chosen method until done. Taste, adjust seasoning, and serve.",Breakfast,,Stove,Cook,16.3,228.5,16.7,1.7,10,20,24.1,Breakfast,['Breakfast'],[],[],"['没有Stove', '没有No-Cook']",['Stable Energy'],"['Quick Fix', 'Fresh Run']","['Savory', 'Comfort Food']"
Berry Scrambled Eggs,,Protein 27.4g Calories 334.7,"Prep and season the ingredients. Cook using the chosen method until done. Taste, adjust seasoning, and serve.",Breakfast,,Stove,Cook,27.4,334.7,8.7,0.1,10,20,13.6,Breakfast,['Breakfast'],[],[],"['没有Stove', '没有No-Cook']",['Protein High'],"['Quick Fix', 'Fresh Run']",['Savory']
Bagel with Cream Cheese,,Protein 19.6g Calories 397.9,"Prep and season the ingredients. Cook using the chosen method until done. Taste, adjust seasoning, and serve.",Breakfast,,Stove,Cook,19.6,397.9,66.6,5.7,10,20,21.6,Breakfast,['Breakfast'],[],[],"['没有Stove', '没有No-Cook']",['Stable Energy'],"['Quick Fix', 'Fresh Run']","['Savory', 'Creamy', 'Comfort Food']"
Quick Bagel with Cream Cheese,,Protein 20.1g Calories 341.2,"Prep and season the ingredients. Cook using the chosen method until done. Taste, adjust seasoning, and serve.",Breakfast,,Stove,Cook,20.1,341.2,53.5,4.1,10,20,18.2,Breakfast,['Breakfast'],[],[],"['没有Stove', '没有No-Cook']",['Stable Energy'],"['Quick Fix', 'Fresh Run']","['Savory', 'Creamy', 'Comfort Food']"
Homestyle Bagel with Cream Cheese,,Protein 13.7g Calories 415.0,"Prep and season the ingredients. Cook using the chosen method until done. Taste, adjust seasoning, and serve.",Breakfast,,Stove,Cook,13.7,415.0,56.9,2.7,10,20,14.7,Breakfast,['Breakfast'],[],[],"['没有Stove', '没有No-Cook']",['Stable Energy'],"['Quick Fix', 'Fresh Run']","['Savory', 'Creamy', 'Comfort Food']"
High-Protein Bagel with Cream Cheese,,Protein 11.4g Calories 442.5,"Prep and season the ingredients. Cook using the chosen method until done. Taste, adjust seasoning, and serve.",Breakfast,,Stove,Cook,11.4,442.5,62.8,3.4,10,20,22.7,Breakfast,['Breakfast'],[],[],"['没有Stove', '没有No-Cook']",['Stable Energy'],"['Quick Fix', 'Fresh Run']","['Savory', 'Creamy', 'Comfort Food']"
Berry Bagel with Cream Cheese,,Protein 19.8g Calories 494.6,"Prep and season the ingredients. Cook using the chosen method until done. Taste, adjust seasoning, and serve.",Breakfast,,Stove,Cook,19.8,494.6,73.5,2.6,10,20,13.3,Breakfast,['Breakfast'],[],[],"['没有Stove', '没有No-Cook']",['Coma Inducing'],"['Quick Fix', 'Fresh Run']","['Savory', 'Creamy', 'Comfort Food']"
Breakfast Burrito,,Protein 17.2g Calories 367.3,"Prep and season the ingredients. Cook using the chosen method until done. Taste, adjust seasoning, and serve.",Breakfast,,Stove,Cook,17.2,367.3,71.6,2.7,10,20,19.2,Breakfast,['Breakfast'],[],[],"['没有Stove', '没有No-Cook']",['Coma Inducing'],"['Quick Fix', 'Fresh Run']","['Savory', 'Comfort Food']"
Quick Breakfast Burrito,,Protein 15.9g Calories 505.5,"Prep and season the ingredients. Cook using the chosen method until done. Taste, adjust seasoning, and serve.",Breakfast,,Stove,Cook,15.9,505.5,71.4,3.8,10,20,20.6,Breakfast,['Breakfast'],[],[],"['没有Stove', '没有No-Cook']",['Compact Fuel'],"['Quick Fix', 'Fresh Run']","['Savory', 'Comfort Food']"
Homestyle Breakfast Burrito,,Protein 16.8g Calories 541.8,"Prep and season the ingredients. Cook using the chosen method until done. Taste, adjust seasoning, and serve.",Breakfast,,Stove,Cook,16.8,541.8,67.2,5.5,10,20,18.7,Breakfast,['Breakfast'],[],[],"['没有Stove', '没有No-Cook']",['Compact Fuel'],"['Quick Fix', 'Fresh Run']","['Savory', 'Comfort Food']"
High-Protein Breakfast Burrito,,Protein 11.8g Calories 470.5,"Prep and season the ingredients. Cook using the chosen method until done. Taste, adjust seasoning, and serve.",Breakfast,,Stove,Cook,11.8,470.5,47.4,3.2,10,20,16.2,Breakfast,['Breakfast'],[],[],"['没有Stove', '没有No-Cook']",['Stable Energy'],"['Quick Fix', 'Fresh Run']","['Savory', 'Comfort Food']"
Berry Breakfast Burrito,,Protein 10.7g Calories 385.9,"Prep and season the ingredients. Cook using the chosen method until done. Taste, adjust seasoning, and serve.",Breakfast,,Stove,Cook,10.7,385.9,62.8,3.8,10,20,14.3,Breakfast,['Breakfast'],[],[],"['没有Stove', '没有No-Cook']",['Stable Energy'],"['Quick Fix', 'Fresh Run']","['Savory', 'Comfort Food']"
Protein Smoothie,banana berries greek yogurt milk protein powder,Protein 35.0g Calories 231.4,"Prep and season the ingredients. Cook using the chosen method until done. Taste, adjust seasoning, and serve.",Breakfast,Dairy,Microwave,Microwave,35.0,231.4,27.3,7.3,5,6,12.6,Breakfast,['Breakfast'],['Vegan'],['Contains Dairy'],"['没有Microwave', '没有No-Cook']",['Protein High'],"['Microwave-Only', 'Lightning', 'Brainless', 'Fresh Run', 'Portable']","['Sweet', 'Sour', 'Creamy']"
Quick Protein Smoothie,banana berries greek yogurt milk protein powder,Protein 29.1g Calories 343.0,"Add all ingredients to a blender. Blend until smooth, adding a splash of liquid if needed. Pour into a glass and serve cold.",Breakfast,Dairy,Blender,Blend,29.1,343.0,38.9,7.0,5,2,9.5,Breakfast,['Breakfast'],['Vegan'],['Contains Dairy'],"['没有Blender', '没有No-Cook']","['Protein High', 'Stable Energy']","['Lightning', 'Brainless', 'Fresh Run', 'Portable']","['Sweet', 'Sour', 'Creamy']"
Homestyle Protein Smoothie,banana berries greek yogurt milk protein powder,Protein 28.1g Calories 399.2,"Add all ingredients to a blender. Blend until smooth, adding a splash of liquid if needed. Pour into a glass and serve cold.",Breakfast,Dairy,Blender,Blend,28.1,399.2,49.3,4.6,5,2,10.5,Breakfast,['Breakfast'],['Vegan'],['Contains Dairy'],"['没有Blender', '没有No-Cook']",['Stable Energy'],"['Lightning', 'Brainless', 'Fresh Run', 'Portable']","['Sweet', 'Sour', 'Creamy', 'Comfort Food']"
High-Protein Protein Smoothie,banana berries greek yogurt milk protein powder,Protein 22.7g Calories 315.1,"Add all ingredients to a blender. Blend until smooth, adding a splash of liquid if needed. Pour into a glass and serve cold.",Breakfast,Dairy,Blender,Blend,22.7,315.1,26.9,7.5,5,2,5.0,Breakfast,['Breakfast'],['Vegan'],['Contains Dairy'],"['没有Blender', '没有No-Cook']",['Stable Energy'],"['Lightning', 'Brainless', 'Fresh Run', 'Portable']","['Sweet', 'Sour', 'Creamy']"
Berry Protein Smoothie,banana berries greek yogurt milk protein powder,Protein 32.9g Calories 288.7,"Add all ingredients to a blender. Blend until smooth, adding a splash of liquid if needed. Pour into a glass and serve cold.",Breakfast,Dairy,Blender,Blend,32.9,288.7,40.1,4.2,5,2,5.7,Breakfast,['Breakfast'],['Vegan'],['Contains Dairy'],"['没有Blender', '没有No-Cook']","['Protein High', 'Stable Energy']","['Lightning', 'Brainless', 'Fresh Run', 'Portable']","['Sweet', 'Sour', 'Creamy', 'Comfort Food']"
Lemon Garlic Chicken Meatballs,chicken breast olive oil salt pepper garlic,Protein 35.2g Calories 495.1,"Prep and season the ingredients. Cook using the chosen method until done. Taste, adjust seasoning, and serve.",Lunch Dinner,,Stove,Cook,35.2,495.1,20.9,2.2,10,20,11.5,Main Dish,"['Lunch', 'Dinner']","['Vegan', 'Vegetarian', 'Pescatarian']",[],"['没有Stove', '没有No-Cook']",['Protein High'],"['Quick Fix', 'Fresh Run']","['Savory', 'Sour']"
Honey Mustard Pork Steak,beef olive oil salt pepper garlic,Protein 34.3g Calories 433.2,"Prep and season the ingredients. Cook using the chosen method until done. Taste, adjust seasoning, and serve.",Lunch Dinner,,Stove,Cook,34.3,433.2,13.5,4.7,10,20,21.2,Main Dish,"['Lunch', 'Dinner']","['Vegan', 'Vegetarian', 'Pescatarian']",[],"['没有Stove', '没有No-Cook']",['Protein High'],"['Quick Fix', 'Fresh Run']","['Savory', 'Sour', 'Comfort Food', 'Date Night']"
Lemon Garlic Tofu Bowl,tofu soy sauce garlic ginger sesame oil,Protein 24.0g Calories 642.6,"Prep and season the ingredients. Cook using the chosen method until done. Taste, adjust seasoning, and serve.",Lunch Dinner,,Stove,Cook,24.0,642.6,3.8,1.7,10,20,27.3,Complete Meal,"['Lunch', 'Dinner']",[],[],"['没有Stove', '没有No-Cook']","['Keto Friendly', 'Compact Fuel']","['Quick Fix', 'Fresh Run']","['Savory', 'Sour', 'Comfort Food']"
Baked Shrimp Breast,shrimp garlic olive oil salt pepper lemon,Protein 48.2g Calories 682.5,"Preheat the oven and prepare a baking dish or sheet pan. Mix or assemble the ingredients in the dish. Bake until cooked through and lightly browned. Rest briefly, then slice or serve.",Lunch Dinner,Shellfish,Oven,Bake,48.2,682.5,13.3,0.8,15,25,20.8,Main Dish,"['Lunch', 'Dinner']","['Vegan', 'Vegetarian', 'Kosher']",['Contains Shellfish'],"['没有Oven', '没有No-Cook']","['Protein High', 'Compact Fuel']",['Fresh Run'],"['Savory', 'Sour', 'Comfort Food']"
Classic Turkey Chops,ground turkey onion garlic salt pepper,Protein 51.0g Calories 459.9,"Prep and season the ingredients. Cook using the chosen method until done. Taste, adjust seasoning, and serve.",Lunch Dinner,,Stove,Cook,51.0,459.9,27.9,3.6,10,20,16.6,Main Dish,"['Lunch', 'Dinner']","['Vegan', 'Vegetarian', 'Pescatarian']",[],"['没有Stove', '没有No-Cook']",['Protein High'],"['Quick Fix', 'Fresh Run']",['Savory']
Honey Mustard Cod Bowl,fish lemon olive oil salt pepper,Protein 31.3g Calories 695.2,"Prep and season the ingredients. Cook using the chosen method until done. Taste, adjust seasoning, and serve.",Lunch Dinner,,Stove,Cook,31.3,695.2,15.1,4.9,10,20,25.4,Complete Meal,"['Lunch', 'Dinner']","['Vegan', 'Vegetarian']",[],"['没有Stove', '没有No-Cook']","['Protein High', 'Compact Fuel']","['Quick Fix', 'Fresh Run']","['Savory', 'Sour', 'Comfort Food']"
Classic Cod Chops,fish lemon olive oil salt pepper,Protein 46.9g Calories 588.0,"Prep and season the ingredients. Cook using the chosen method until done. Taste, adjust seasoning, and serve.",Lunch Dinner,,Stove,Cook,46.9,588.0,29.6,3.2,10,20,23.1,Main Dish,"['Lunch', 'Dinner']","['Vegan', 'Vegetarian']",[],"['没有Stove', '没有No-Cook']","['Protein High', 'Compact Fuel']","['Quick Fix', 'Fresh Run']","['Savory', 'Sour', 'Comfort Food']"
Grilled Shrimp Chops,shrimp garlic olive oil salt pepper lemon,Protein 34.7g Calories 578.4,"Season the main ingredient with salt, pepper, and aromatics. Heat a grill pan or skillet until hot. Cook on both sides until done. Rest briefly, then serve.",Lunch Dinner,Shellfish,Stove,Grill,34.7,578.4,14.5,1.1,10,15,16.0,Main Dish,"['Lunch', 'Dinner']","['Vegan', 'Vegetarian', 'Kosher']",['Contains Shellfish'],"['没有Stove', '没有No-Cook']","['Protein High', 'Compact Fuel']","['Quick Fix', 'Fresh Run']","['Savory', 'Sour']"
Roasted Tofu Bowl,tofu soy sauce garlic ginger sesame oil,Protein 50.4g Calories 405.7,"Preheat the oven and prepare a baking dish or sheet pan. Mix or assemble the ingredients in the dish. Bake until cooked through and lightly browned. Rest briefly, then slice or serve.",Lunch Dinner,,Oven,Bake,50.4,405.7,19.5,0.8,15,25,13.0,Complete Meal,"['Lunch', 'Dinner']",[],[],"['没有Oven', '没有No-Cook']",['Protein High'],['Fresh Run'],['Savory']
Herb Lentil Soup,lentils onion carrot celery garlic broth,Protein 34.0g Calories 250.9,"Sauté aromatics in a pot until fragrant. Add main ingredients and liquid, then bring to a simmer. Cook until tender, stirring occasionally. Season to taste and serve warm.",Lunch Dinner,,Stove,Simmer,34.0,250.9,19.0,8.7,10,25,18.3,Main Dish,"['Lunch', 'Dinner']",[],[],"['没有Stove', '没有No-Cook']","['Protein High', 'Volume Eater']","['Quick Fix', 'One-Pot', 'Fresh Run', 'Meal Prep']","['Savory', 'Warm & Soupy']"
Spicy Beef Chops,beef olive oil salt pepper garlic,Protein 23.1g Calories 673.5,"Prep and season the ingredients. Cook using the chosen method until done. Taste, adjust seasoning, and serve.",Lunch Dinner,,Stove,Cook,23.1,673.5,13.5,0.8,10,20,24.9,Main Dish,"['Lunch', 'Dinner']","['Vegan', 'Vegetarian', 'Pescatarian']",[],"['没有Stove', '没有No-Cook']",['Compact Fuel'],"['Quick Fix', 'Fresh Run']","['Savory', 'Spicy', 'Comfort Food']"
Creamy Turkey Cutlets,ground turkey onion garlic salt pepper,Protein 26.9g Calories 470.7,"Prep and season the ingredients. Cook using the chosen method until done. Taste, adjust seasoning, and serve.",Lunch Dinner,,Stove,Cook,26.9,470.7,33.3,4.9,10,20,25.0,Main Dish,"['Lunch', 'Dinner']","['Vegan', 'Vegetarian', 'Pescatarian']",[],"['没有Stove', '没有No-Cook']",['Stable Energy'],"['Quick Fix', 'Fresh Run']","['Savory', 'Creamy', 'Comfort Food']"
Smoky Turkey Roast,ground turkey onion garlic salt pepper,Protein 35.1g Calories 386.2,"Preheat the oven and prepare a baking dish or sheet pan. Mix or assemble the ingredients in the dish. Bake until cooked through and lightly browned. Rest briefly, then slice or serve.",Lunch Dinner,,Oven,Bake,35.1,386.2,16.4,1.4,15,25,22.9,Main Dish,"['Lunch', 'Dinner']","['Vegan', 'Vegetarian', 'Pescatarian']",[],"['没有Oven', '没有No-Cook']",['Protein High'],['Fresh Run'],"['Savory', 'Comfort Food']"
Creamy Tofu Bowl,tofu soy sauce garlic ginger sesame oil,Protein 30.5g Calories 497.7,"Prep and season the ingredients. Cook using the chosen method until done. Taste, adjust seasoning, and serve.",Lunch Dinner,,Stove,Cook,30.5,497.7,29.9,3.2,10,20,17.9,Complete Meal,"['Lunch', 'Dinner']",[],[],"['没有Stove', '没有No-Cook']",['Protein High'],"['Quick Fix', 'Fresh Run']","['Savory', 'Creamy']"
Roasted Cod Cutlets,fish lemon olive oil salt pepper,Protein 46.3g Calories 443.8,"Preheat the oven and prepare a baking dish or sheet pan. Mix or assemble the ingredients in the dish. Bake until cooked through and lightly browned. Rest briefly, then slice or serve.",Lunch Dinner,,Oven,Bake,46.3,443.8,18.8,2.2,15,25,26.4,Main Dish,"['Lunch', 'Dinner']","['Vegan', 'Vegetarian']",[],"['没有Oven', '没有No-Cook']",['Protein High'],['Fresh Run'],"['Savory', 'Sour', 'Comfort Food']"
Smoky Turkey Casserole,ground turkey onion garlic salt pepper,Protein 39.7g Calories 802.0,"Prep and season the ingredients. Cook using the chosen method until done. Taste, adjust seasoning, and serve.",Lunch Dinner,,Stove,Cook,39.7,802.0,73.5,4.9,10,20,16.5,Complete Meal,"['Lunch', 'Dinner']","['Vegan', 'Vegetarian', 'Pescatarian']",[],"['没有Stove', '没有No-Cook']","['Protein High', 'Compact Fuel']","['Quick Fix', 'Fresh Run']","['Savory', 'Comfort Food']"
Spicy Lentil Soup,lentils onion carrot celery garlic broth,Protein 37.1g Calories 431.0,"Sauté aromatics in a pot until fragrant. Add main ingredients and liquid, then bring to a simmer. Cook until tender, stirring occasionally. Season to taste and serve warm.",Lunch Dinner,,Stove,Simmer,37.1,431.0,47.7,3.1,10,25,18.8,Main Dish,"['Lunch', 'Dinner']",[],[],"['没有Stove', '没有No-Cook']","['Protein High', 'Stable Energy']","['Quick Fix', 'One-Pot', 'Fresh Run', 'Meal Prep']","['Savory', 'Spicy', 'Warm & Soupy', 'Comfort Food']"
Baked Pork Cutlets,pork salt pepper onion garlic,Protein 41.2g Calories 420.0,"Preheat the oven and prepare a baking dish or sheet pan. Mix or assemble the ingredients in the dish. Bake until cooked through and lightly browned. Rest briefly, then slice or serve.",Lunch Dinner,,Oven,Bake,41.2,420.0,35.0,0.6,15,25,20.2,Main Dish,"['Lunch', 'Dinner']","['Vegan', 'Vegetarian', 'Pescatarian', 'Halal', 'Kosher']",[],"['没有Oven', '没有No-Cook']",['Protein High'],['Fresh Run'],"['Savory', 'Comfort Food']"
Classic Lentil Soup,lentils onion carrot celery garlic broth,Protein 34.1g Calories 558.4,"Sauté aromatics in a pot until fragrant. Add main ingredients and liquid, then bring to a simmer. Cook until tender, stirring occasionally. Season to taste and serve warm.",Lunch Dinner,,Stove,Simmer,34.1,558.4,26.4,4.2,10,25,18.2,Main Dish,"['Lunch', 'Dinner']",[],[],"['没有Stove', '没有No-Cook']","['Protein High', 'Compact Fuel']","['Quick Fix', 'One-Pot', 'Fresh Run', 'Meal Prep']","['Savory', 'Warm & Soupy']"
Lemon Garlic Pork Cutlets,pork salt pepper onion garlic,Protein 26.4g Calories 682.1,"Prep and season the ingredients. Cook using the chosen method until done. Taste, adjust seasoning, and serve.",Lunch Dinner,,Stove,Cook,26.4,682.1,17.5,1.3,10,20,28.8,Main Dish,"['Lunch', 'Dinner']","['Vegan', 'Vegetarian', 'Pescatarian', 'Halal', 'Kosher']",[],"['没有Stove', '没有No-Cook']",['Compact Fuel'],"['Quick Fix', 'Fresh Run']","['Savory', 'Sour', 'Comfort Food']"
Smoky Salmon Stir-Fry,fish lemon olive oil salt pepper,Protein 32.5g Calories 777.8,"Season the main ingredient with salt, pepper, and aromatics. Heat a grill pan or skillet until hot. Cook on both sides until done. Rest briefly, then serve.",Lunch Dinner,,Stove,Grill,32.5,777.8,1.1,3.0,10,15,19.0,Main Dish,"['Lunch', 'Dinner']","['Vegan', 'Vegetarian']",[],"['没有Stove', '没有No-Cook']","['Protein High', 'Keto Friendly', 'Compact Fuel']","['Quick Fix', 'Fresh Run']","['Savory', 'Sour', 'Date Night']"
Creamy Beef Roast,beef olive oil salt pepper garlic,Protein 22.8g Calories 470.0,"Preheat the oven and prepare a baking dish or sheet pan. Mix or assemble the ingredients in the dish. Bake until cooked through and lightly browned. Rest briefly, then slice or serve.",Lunch Dinner,,Oven,Bake,22.8,470.0,37.2,3.9,15,25,26.5,Main Dish,"['Lunch', 'Dinner']","['Vegan', 'Vegetarian', 'Pescatarian']",[],"['没有Oven', '没有No-Cook']",['Stable Energy'],['Fresh Run'],"['Savory', 'Creamy', 'Comfort Food']"
Creamy Pork Meatballs,pork salt pepper onion garlic,Protein 26.1g Calories 636.6,"Prep and season the ingredients. Cook using the chosen method until done. Taste, adjust seasoning, and serve.",Lunch Dinner,,Stove,Cook,26.1,636.6,11.5,4.2,10,20,26.3,Main Dish,"['Lunch', 'Dinner']","['Vegan', 'Vegetarian', 'Pescatarian', 'Halal', 'Kosher']",[],"['没有Stove', '没有No-Cook']",['Compact Fuel'],"['Quick Fix', 'Fresh Run']","['Savory', 'Creamy', 'Comfort Food']"
Lemon Garlic Black Bean Bowl,,Protein 43.2g Calories 375.5,"Prep and season the ingredients. Cook using the chosen method until done. Taste, adjust seasoning, and serve.",Lunch Dinner,,Stove,Cook,43.2,375.5,17.9,0.5,10,20,8.1,Complete Meal,"['Lunch', 'Dinner']",[],[],"['没有Stove', '没有No-Cook']",['Protein High'],"['Quick Fix', 'Fresh Run']","['Savory', 'Sour']"
Honey Mustard Beef Stir-Fry,beef olive oil salt pepper garlic,Protein 47.0g Calories 422.4,"Season the main ingredient with salt, pepper, and aromatics. Heat a grill pan or skillet until hot. Cook on both sides until done. Rest briefly, then serve.",Lunch Dinner,,Stove,Grill,47.0,422.4,22.0,3.2,10,15,24.0,Main Dish,"['Lunch', 'Dinner']","['Vegan', 'Vegetarian', 'Pescatarian']",[],"['没有Stove', '没有No-Cook']",['Protein High'],"['Quick Fix', 'Fresh Run']","['Savory', 'Sour', 'Comfort Food']"
Smoky Salmon Casserole,fish lemon olive oil salt pepper,Protein 24.3g Calories 517.8,"Prep and season the ingredients. Cook using the chosen method until done. Taste, adjust seasoning, and serve.",Lunch Dinner,,Stove,Cook,24.3,517.8,67.0,5.1,10,20,12.8,Complete Meal,"['Lunch', 'Dinner']","['Vegan', 'Vegetarian']",[],"['没有Stove', '没有No-Cook']",['Compact Fuel'],"['Quick Fix', 'Fresh Run']","['Savory', 'Sour', 'Comfort Food', 'Date Night']"
Honey Mustard Tofu Bowl,tofu soy sauce garlic ginger sesame oil,Protein 35.7g Calories 586.2,"Prep and season the ingredients. Cook using the chosen method until done. Taste, adjust seasoning, and serve.",Lunch Dinner,,Stove,Cook,35.7,586.2,4.4,3.6,10,20,15.3,Complete Meal,"['Lunch', 'Dinner']",[],[],"['没有Stove', '没有No-Cook']","['Protein High', 'Keto Friendly', 'Compact Fuel']","['Quick Fix', 'Fresh Run']","['Savory', 'Sour']"
Honey Mustard Chicken Roast,chicken breast olive oil salt pepper garlic,Protein 26.3g Calories 416.8,"Preheat the oven and prepare a baking dish or sheet pan. Mix or assemble the ingredients in the dish. Bake until cooked through and lightly browned. Rest briefly, then slice or serve.",Lunch Dinner,,Oven,Bake,26.3,416.8,17.2,1.4,15,25,21.5,Main Dish,"['Lunch', 'Dinner']","['Vegan', 'Vegetarian', 'Pescatarian']",[],"['没有Oven', '没有No-Cook']",['Stable Energy'],['Fresh Run'],"['Savory', 'Sour', 'Comfort Food']"
Smoky Salmon Cutlets,fish lemon olive oil salt pepper,Protein 41.9g Calories 582.9,"Prep and season the ingredients. Cook using the chosen method until done. Taste, adjust seasoning, and serve.",Lunch Dinner,,Stove,Cook,41.9,582.9,3.4,0.4,10,20,23.9,Main Dish,"['Lunch', 'Dinner']","['Vegan', 'Vegetarian']",[],"['没有Stove', '没有No-Cook']","['Protein High', 'Keto Friendly', 'Compact Fuel']","['Quick Fix', 'Fresh Run']","['Savory', 'Sour', 'Comfort Food', 'Date Night']"
Honey Mustard Chickpea Stew,chickpeas olive oil garlic lemon salt pepper onion broth,Protein 26.4g Calories 615.3,"Sauté aromatics in a pot until fragrant. Add main ingredients and liquid, then bring to a simmer. Cook until tender, stirring occasionally. Season to taste and serve warm.",Lunch Dinner,,Stove,Simmer,26.4,615.3,30.6,7.1,15,60,13.5,Main Dish,"['Lunch', 'Dinner']",[],[],"['没有Stove', '没有No-Cook']",['Compact Fuel'],"['Slow Burn', 'One-Pot', 'Fresh Run', 'Meal Prep']","['Savory', 'Sour', 'Warm & Soupy', 'Sick Day']"
Roasted Shrimp Stir-Fry,shrimp garlic olive oil salt pepper lemon,Protein 29.6g Calories 631.3,"Preheat the oven and prepare a baking dish or sheet pan. Mix or assemble the ingredients in the dish. Bake until cooked through and lightly browned. Rest briefly, then slice or serve.",Lunch Dinner,Shellfish,Oven,Bake,29.6,631.3,0.6,2.1,15,25,27.5,Main Dish,"['Lunch', 'Dinner']","['Vegan', 'Vegetarian', 'Kosher']",['Contains Shellfish'],"['没有Oven', '没有No-Cook']","['Keto Friendly', 'Compact Fuel']",['Fresh Run'],"['Savory', 'Sour', 'Comfort Food']"
Herb Salmon Steak,beef olive oil salt pepper garlic,Protein 44.1g Calories 628.6,"Prep and season the ingredients. Cook using the chosen method until done. Taste, adjust seasoning, and serve.",Lunch Dinner,,Stove,Cook,44.1,628.6,13.3,3.3,10,20,9.0,Main Dish,"['Lunch', 'Dinner']","['Vegan', 'Vegetarian', 'Pescatarian']",[],"['没有Stove', '没有No-Cook']","['Protein High', 'Compact Fuel']","['Quick Fix', 'Fresh Run']","['Savory', 'Date Night']"
Honey Mustard Black Bean Bowl,,Protein 27.3g Calories 645.4,"Prep and season the ingredients. Cook using the chosen method until done. Taste, adjust seasoning, and serve.",Lunch Dinner,,Stove,Cook,27.3,645.4,31.2,4.2,10,20,18.2,Complete Meal,"['Lunch', 'Dinner']",[],[],"['没有Stove', '没有No-Cook']",['Compact Fuel'],"['Quick Fix', 'Fresh Run']","['Savory', 'Sour']"
Spicy Veggie Stir-Fry,,Protein 29.0g Calories 346.3,"Season the main ingredient with salt, pepper, and aromatics. Heat a grill pan or skillet until hot. Cook on both sides until done. Rest briefly, then serve.",Breakfast,,Stove,Grill,29.0,346.3,3.0,1.4,10,15,22.9,Breakfast,['Breakfast'],[],[],"['没有Stove', '没有No-Cook']","['Protein High', 'Keto Friendly']","['Quick Fix', 'Fresh Run']","['Savory', 'Spicy', 'Comfort Food']"
Baked Shrimp Roast,shrimp garlic olive oil salt pepper lemon,Protein 23.3g Calories 775.6,"Preheat the oven and prepare a baking dish or sheet pan. Mix or assemble the ingredients in the dish. Bake until cooked through and lightly browned. Rest briefly, then slice or serve.",Lunch Dinner,Shellfish,Oven,Bake,23.3,775.6,8.0,5.6,15,25,23.8,Main Dish,"['Lunch', 'Dinner']","['Vegan', 'Vegetarian', 'Kosher']",['Contains Shellfish'],"['没有Oven', '没有No-Cook']","['Keto Friendly', 'Compact Fuel']",['Fresh Run'],"['Savory', 'Sour', 'Comfort Food']"
Honey Mustard Beef Casserole,beef olive oil salt pepper garlic,Protein 23.6g Calories 664.6,"Prep and season the ingredients. Cook using the chosen method until done. Taste, adjust seasoning, and serve.",Lunch Dinner,,Stove,Cook,23.6,664.6,85.1,4.8,10,20,15.1,Complete Meal,"['Lunch', 'Dinner']","['Vegan', 'Vegetarian', 'Pescatarian']",[],"['没有Stove', '没有No-Cook']",['Compact Fuel'],"['Quick Fix', 'Fresh Run']","['Savory', 'Sour', 'Comfort Food']"
Roasted Turkey Breast,ground turkey onion garlic salt pepper,Protein 48.0g Calories 632.3,"Preheat the oven and prepare a baking dish or sheet pan. Mix or assemble the ingredients in the dish. Bake until cooked through and lightly browned. Rest briefly, then slice or serve.",Lunch Dinner,,Oven,Bake,48.0,632.3,13.3,2.2,15,25,10.7,Main Dish,"['Lunch', 'Dinner']","['Vegan', 'Vegetarian', 'Pescatarian']",[],"['没有Oven', '没有No-Cook']","['Protein High', 'Compact Fuel']",['Fresh Run'],['Savory']
Lemon Garlic Beef Steak,beef olive oil salt pepper garlic,Protein 44.3g Calories 675.8,"Prep and season the ingredients. Cook using the chosen method until done. Taste, adjust seasoning, and serve.",Lunch Dinner,,Stove,Cook,44.3,675.8,35.8,5.8,10,20,16.5,Main Dish,"['Lunch', 'Dinner']","['Vegan', 'Vegetarian', 'Pescatarian']",[],"['没有Stove', '没有No-Cook']","['Protein High', 'Compact Fuel']","['Quick Fix', 'Fresh Run']","['Savory', 'Sour', 'Date Night']"
Smoky Veggie Stir-Fry,,Protein 24.0g Calories 319.2,"Season the main ingredient with salt, pepper, and aromatics. Heat a grill pan or skillet until hot. Cook on both sides until done. Rest briefly, then serve.",Breakfast,,Stove,Grill,24.0,319.2,16.8,2.4,10,15,19.3,Breakfast,['Breakfast'],[],[],"['没有Stove', '没有No-Cook']",['Protein High'],"['Quick Fix', 'Fresh Run']",['Savory']
Smoky Black Bean Bowl,,Protein 24.4g Calories 610.8,"Prep and season the ingredients. Cook using the chosen method until done. Taste, adjust seasoning, and serve.",Lunch Dinner,,Stove,Cook,24.4,610.8,24.1,3.3,10,20,26.1,Complete Meal,"['Lunch', 'Dinner']",[],[],"['没有Stove', '没有No-Cook']",['Compact Fuel'],"['Quick Fix', 'Fresh Run']","['Savory', 'Comfort Food']"
Spicy Cod Breast,fish lemon olive oil salt pepper,Protein 24.4g Calories 448.5,"Prep and season the ingredients. Cook using the chosen method until done. Taste, adjust seasoning, and serve.",Lunch Dinner,,Stove,Cook,24.4,448.5,26.4,3.6,10,20,14.7,Main Dish,"['Lunch', 'Dinner']","['Vegan', 'Vegetarian']",[],"['没有Stove', '没有No-Cook']",['Stable Energy'],"['Quick Fix', 'Fresh Run']","['Savory', 'Spicy', 'Sour']"
Lemon Garlic Lentil Soup,lentils onion carrot celery garlic broth,Protein 29.9g Calories 390.4,"Sauté aromatics in a pot until fragrant. Add main ingredients and liquid, then bring to a simmer. Cook until tender, stirring occasionally. Season to taste and serve warm.",Lunch Dinner,,Stove,Simmer,29.9,390.4,29.1,9.0,10,25,6.7,Main Dish,"['Lunch', 'Dinner']",[],[],"['没有Stove', '没有No-Cook']","['Protein High', 'Volume Eater']","['Quick Fix', 'One-Pot', 'Fresh Run', 'Meal Prep']","['Savory', 'Sour', 'Warm & Soupy']"
Creamy Turkey Meatballs,ground turkey onion garlic salt pepper,Protein 51.9g Calories 461.0,"Prep and season the ingredients. Cook using the chosen method until done. Taste, adjust seasoning, and serve.",Lunch Dinner,,Stove,Cook,51.9,461.0,11.0,5.7,10,20,29.6,Main Dish,"['Lunch', 'Dinner']","['Vegan', 'Vegetarian', 'Pescatarian']",[],"['没有Stove', '没有No-Cook']",['Protein High'],"['Quick Fix', 'Fresh Run']","['Savory', 'Creamy', 'Comfort Food']"
Smoky Beef Stir-Fry,beef olive oil salt pepper garlic,Protein 41.1g Calories 350.0,"Season the main ingredient with salt, pepper, and aromatics. Heat a grill pan or skillet until hot. Cook on both sides until done. Rest briefly, then serve.",Lunch Dinner,,Stove,Grill,41.1,350.0,14.5,4.1,10,15,25.6,Main Dish,"['Lunch', 'Dinner']","['Vegan', 'Vegetarian', 'Pescatarian']",[],"['没有Stove', '没有No-Cook']",['Protein High'],"['Quick Fix', 'Fresh Run']","['Savory', 'Comfort Food']"
Classic Black Bean Bowl,,Protein 26.3g Calories 701.1,"Prep and season the ingredients. Cook using the chosen method until done. Taste, adjust seasoning, and serve.",Lunch Dinner,,Stove,Cook,26.3,701.1,24.3,0.2,10,20,25.2,Complete Meal,"['Lunch', 'Dinner']",[],[],"['没有Stove', '没有No-Cook']",['Compact Fuel'],"['Quick Fix', 'Fresh Run']","['Savory', 'Comfort Food']"
Herb Cod Cutlets,fish lemon olive oil salt pepper,Protein 45.4g Calories 346.9,"Prep and season the ingredients. Cook using the chosen method until done. Taste, adjust seasoning, and serve.",Lunch Dinner,,Stove,Cook,45.4,346.9,14.7,3.4,10,20,16.4,Main Dish,"['Lunch', 'Dinner']","['Vegan', 'Vegetarian']",[],"['没有Stove', '没有No-Cook']",['Protein High'],"['Quick Fix', 'Fresh Run']","['Savory', 'Sour']"
Spicy Black Bean Bowl,,Protein 42.4g Calories 562.0,"Prep and season the ingredients. Cook using the chosen method until done. Taste, adjust seasoning, and serve.",Lunch Dinner,,Stove,Cook,42.4,562.0,38.0,4.6,10,20,16.2,Complete Meal,"['Lunch', 'Dinner']",[],[],"['没有Stove', '没有No-Cook']","['Protein High', 'Compact Fuel', 'Stable Energy']","['Quick Fix', 'Fresh Run']","['Savory', 'Spicy']"
Honey Mustard Beef Roast,beef olive oil salt pepper garlic,Protein 37.9g Calories 549.6,"Preheat the oven and prepare a baking dish or sheet pan. Mix or assemble the ingredients in the dish. Bake until cooked through and lightly browned. Rest briefly, then slice or serve.",Lunch Dinner,,Oven,Bake,37.9,549.6,15.9,1.5,15,25,22.3,Main Dish,"['Lunch', 'Dinner']","['Vegan', 'Vegetarian', 'Pescatarian']",[],"['没有Oven', '没有No-Cook']","['Protein High', 'Compact Fuel']",['Fresh Run'],"['Savory', 'Sour', 'Comfort Food']"
Herb Cod Casserole,fish lemon olive oil salt pepper,Protein 34.2g Calories 518.6,"Prep and season the ingredients. Cook using the chosen method until done. Taste, adjust seasoning, and serve.",Lunch Dinner,,Stove,Cook,34.2,518.6,75.0,5.8,10,20,18.2,Complete Meal,"['Lunch', 'Dinner']","['Vegan', 'Vegetarian']",[],"['没有Stove', '没有No-Cook']","['Protein High', 'Compact Fuel']","['Quick Fix', 'Fresh Run']","['Savory', 'Sour', 'Comfort Food']"
Classic Veggie Stir-Fry,,Protein 20.2g Calories 272.4,"Season the main ingredient with salt, pepper, and aromatics. Heat a grill pan or skillet until hot. Cook on both sides until done. Rest briefly, then serve.",Breakfast,,Stove,Grill,20.2,272.4,9.1,0.9,10,15,25.9,Breakfast,['Breakfast'],[],[],"['没有Stove', '没有No-Cook']",['Keto Friendly'],"['Quick Fix', 'Fresh Run']","['Savory', 'Comfort Food']"
Classic Turkey Roast,ground turkey onion garlic salt pepper,Protein 36.7g Calories 558.0,"Preheat the oven and prepare a baking dish or sheet pan. Mix or assemble the ingredients in the dish. Bake until cooked through and lightly browned. Rest briefly, then slice or serve.",Lunch Dinner,,Oven,Bake,36.7,558.0,4.9,2.7,15,25,30.3,Main Dish,"['Lunch', 'Dinner']","['Vegan', 'Vegetarian', 'Pescatarian']",[],"['没有Oven', '没有No-Cook']","['Protein High', 'Keto Friendly', 'Compact Fuel']",['Fresh Run'],"['Savory', 'Comfort Food']"
Spicy Pork Breast,pork salt pepper onion garlic,Protein 42.5g Calories 355.1,"Prep and season the ingredients. Cook using the chosen method until done. Taste, adjust seasoning, and serve.",Lunch Dinner,,Stove,Cook,42.5,355.1,33.8,2.1,10,20,15.0,Main Dish,"['Lunch', 'Dinner']","['Vegan', 'Vegetarian', 'Pescatarian', 'Halal', 'Kosher']",[],"['没有Stove', '没有No-Cook']",['Protein High'],"['Quick Fix', 'Fresh Run']","['Savory', 'Spicy']"
Honey Mustard Tofu Bowl (Variation 2),tofu soy sauce garlic ginger sesame oil,Protein 38.3g Calories 346.0,"Prep and season the ingredients. Cook using the chosen method until done. Taste, adjust seasoning, and serve.",Lunch Dinner,,Stove,Cook,38.3,346.0,35.7,4.3,10,20,26.7,Complete Meal,"['Lunch', 'Dinner']",[],[],"['没有Stove', '没有No-Cook']","['Protein High', 'Stable Energy']","['Quick Fix', 'Fresh Run']","['Savory', 'Sour', 'Comfort Food']"
Roasted Turkey Casserole,ground turkey onion garlic salt pepper,Protein 32.0g Calories 795.3,"Preheat the oven and prepare a baking dish or sheet pan. Mix or assemble the ingredients in the dish. Bake until cooked through and lightly browned. Rest briefly, then slice or serve.",Lunch Dinner,,Oven,Bake,32.0,795.3,86.7,3.6,20,45,20.1,Complete Meal,"['Lunch', 'Dinner']","['Vegan', 'Vegetarian', 'Pescatarian']",[],"['没有Oven', '没有No-Cook']","['Protein High', 'Compact Fuel']","['Slow Burn', 'Fresh Run', 'Meal Prep']","['Savory', 'Comfort Food']"
Herb Beef Stir-Fry,beef olive oil salt pepper garlic,Protein 26.2g Calories 400.4,"Season the main ingredient with salt, pepper, and aromatics. Heat a grill pan or skillet until hot. Cook on both sides until done. Rest briefly, then serve.",Lunch Dinner,,Stove,Grill,26.2,400.4,31.6,3.3,10,15,8.6,Main Dish,"['Lunch', 'Dinner']","['Vegan', 'Vegetarian', 'Pescatarian']",[],"['没有Stove', '没有No-Cook']",['Stable Energy'],"['Quick Fix', 'Fresh Run']",['Savory']
Grilled Beef Meatballs,beef olive oil salt pepper garlic,Protein 46.1g Calories 467.6,"Season the main ingredient with salt, pepper, and aromatics. Heat a grill pan or skillet until hot. Cook on both sides until done. Rest briefly, then serve.",Lunch Dinner,,Stove,Grill,46.1,467.6,22.1,0.5,10,15,21.5,Main Dish,"['Lunch', 'Dinner']","['Vegan', 'Vegetarian', 'Pescatarian']",[],"['没有Stove', '没有No-Cook']",['Protein High'],"['Quick Fix', 'Fresh Run']","['Savory', 'Comfort Food']"
Grilled Chickpea Stew,chickpeas olive oil garlic lemon salt pepper onion broth,Protein 38.0g Calories 343.7,"Season the main ingredient with salt, pepper, and aromatics. Heat a grill pan or skillet until hot. Cook on both sides until done. Rest briefly, then serve.",Lunch Dinner,,Stove,Grill,38.0,343.7,43.8,8.2,10,15,14.4,Main Dish,"['Lunch', 'Dinner']",[],[],"['没有Stove', '没有No-Cook']","['Protein High', 'Volume Eater', 'Stable Energy']","['Quick Fix', 'Fresh Run']","['Savory', 'Sour', 'Warm & Soupy', 'Comfort Food', 'Sick Day']"
Grilled Mushroom Risotto,,Protein 51.2g Calories 349.5,"Season the main ingredient with salt, pepper, and aromatics. Heat a grill pan or skillet until hot. Cook on both sides until done. Rest briefly, then serve.",Lunch Dinner,,Stove,Grill,51.2,349.5,25.7,4.1,10,15,17.9,Main Dish,"['Lunch', 'Dinner']",[],[],"['没有Stove', '没有No-Cook']",['Protein High'],"['Quick Fix', 'Fresh Run']","['Savory', 'Creamy', 'Date Night']"
Spicy Shrimp Roast,shrimp garlic olive oil salt pepper lemon,Protein 48.3g Calories 457.8,"Preheat the oven and prepare a baking dish or sheet pan. Mix or assemble the ingredients in the dish. Bake until cooked through and lightly browned. Rest briefly, then slice or serve.",Lunch Dinner,Shellfish,Oven,Bake,48.3,457.8,31.2,1.1,15,25,22.1,Main Dish,"['Lunch', 'Dinner']","['Vegan', 'Vegetarian', 'Kosher']",['Contains Shellfish'],"['没有Oven', '没有No-Cook']",['Protein High'],['Fresh Run'],"['Savory', 'Spicy', 'Sour', 'Comfort Food']"
Roasted Cod Stir-Fry,fish lemon olive oil salt pepper,Protein 35.0g Calories 706.5,"Prep and season the ingredients. Cook using the chosen method until done. Taste, adjust seasoning, and serve.",Lunch Dinner,,Microwave,Microwave,35.0,706.5,36.4,0.7,5,6,9.2,Main Dish,"['Lunch', 'Dinner']","['Vegan', 'Vegetarian']",[],"['没有Microwave', '没有No-Cook']","['Protein High', 'Compact Fuel']","['Microwave-Only', 'Lightning', 'Brainless', 'Fresh Run', 'Portable']","['Savory', 'Sour']"
Lemon Garlic Pork Chops,pork salt pepper onion garlic,Protein 26.9g Calories 381.2,"Prep and season the ingredients. Cook using the chosen method until done. Taste, adjust seasoning, and serve.",Lunch Dinner,,Stove,Cook,26.9,381.2,12.9,2.1,10,20,23.6,Main Dish,"['Lunch', 'Dinner']","['Vegan', 'Vegetarian', 'Pescatarian', 'Halal', 'Kosher']",[],"['没有Stove', '没有No-Cook']",['Stable Energy'],"['Quick Fix', 'Fresh Run']","['Savory', 'Sour', 'Comfort Food']"
Lemon Garlic Tuna Breast,fish lemon olive oil salt pepper,Protein 48.8g Calories 696.4,"Prep and season the ingredients. Cook using the chosen method until done. Taste, adjust seasoning, and serve.",Lunch Dinner,,Stove,Cook,48.8,696.4,33.8,3.8,10,20,13.5,Main Dish,"['Lunch', 'Dinner']","['Vegan', 'Vegetarian']",[],"['没有Stove', '没有No-Cook']","['Protein High', 'Compact Fuel']","['Quick Fix', 'Fresh Run']","['Savory', 'Sour']"
Baked Cod Chops,fish lemon olive oil salt pepper,Protein 25.8g Calories 540.3,"Preheat the oven and prepare a baking dish or sheet pan. Mix or assemble the ingredients in the dish. Bake until cooked through and lightly browned. Rest briefly, then slice or serve.",Lunch Dinner,,Oven,Bake,25.8,540.3,12.1,3.0,15,25,19.7,Main Dish,"['Lunch', 'Dinner']","['Vegan', 'Vegetarian']",[],"['没有Oven', '没有No-Cook']",['Compact Fuel'],['Fresh Run'],"['Savory', 'Sour']"
Baked Pork Breast,pork salt pepper onion garlic,Protein 50.2g Calories 717.0,"Preheat the oven and prepare a baking dish or sheet pan. Mix or assemble the ingredients in the dish. Bake until cooked through and lightly browned. Rest briefly, then slice or serve.",Lunch Dinner,,Oven,Bake,50.2,717.0,6.2,4.3,15,25,25.3,Main Dish,"['Lunch', 'Dinner']","['Vegan', 'Vegetarian', 'Pescatarian', 'Halal', 'Kosher']",[],"['没有Oven', '没有No-Cook']","['Protein High', 'Keto Friendly', 'Compact Fuel']",['Fresh Run'],"['Savory', 'Comfort Food']"
Lemon Garlic Chickpea Stew,chickpeas olive oil garlic lemon salt pepper onion broth,Protein 33.5g Calories 445.4,"Sauté aromatics in a pot until fragrant. Add main ingredients and liquid, then bring to a simmer. Cook until tender, stirring occasionally. Season to taste and serve warm.",Lunch Dinner,,Stove,Simmer,33.5,445.4,16.1,7.1,15,60,6.7,Main Dish,"['Lunch', 'Dinner']",[],[],"['没有Stove', '没有No-Cook']",['Protein High'],"['Slow Burn', 'One-Pot', 'Fresh Run', 'Meal Prep']","['Savory', 'Sour', 'Warm & Soupy', 'Sick Day']"
Lemon Garlic Chicken Roast,chicken breast olive oil salt pepper garlic,Protein 41.5g Calories 550.7,"Preheat the oven and prepare a baking dish or sheet pan. Mix or assemble the ingredients in the dish. Bake until cooked through and lightly browned. Rest briefly, then slice or serve.",Lunch Dinner,,Oven,Bake,41.5,550.7,30.7,3.8,15,25,17.2,Main Dish,"['Lunch', 'Dinner']","['Vegan', 'Vegetarian', 'Pescatarian']",[],"['没有Oven', '没有No-Cook']","['Protein High', 'Compact Fuel', 'Stable Energy']",['Fresh Run'],"['Savory', 'Sour']"
Lemon Garlic Cod Chops,fish lemon olive oil salt pepper,Protein 40.8g Calories 519.2,"Prep and season the ingredients. Cook using the chosen method until done. Taste, adjust seasoning, and serve.",Lunch Dinner,,Stove,Cook,40.8,519.2,11.6,2.9,10,20,29.0,Main Dish,"['Lunch', 'Dinner']","['Vegan', 'Vegetarian']",[],"['没有Stove', '没有No-Cook']","['Protein High', 'Compact Fuel']","['Quick Fix', 'Fresh Run']","['Savory', 'Sour', 'Comfort Food']"
Spicy Chickpea Stew,chickpeas olive oil garlic lemon salt pepper onion broth,Protein 29.8g Calories 541.9,"Sauté aromatics in a pot until fragrant. Add main ingredients and liquid, then bring to a simmer. Cook until tender, stirring occasionally. Season to taste and serve warm.",Lunch Dinner,,Stove,Simmer,29.8,541.9,26.9,2.5,15,60,7.2,Main Dish,"['Lunch', 'Dinner']",[],[],"['没有Stove', '没有No-Cook']",['Compact Fuel'],"['Slow Burn', 'One-Pot', 'Fresh Run', 'Meal Prep']","['Savory', 'Spicy', 'Sour', 'Warm & Soupy', 'Sick Day']"
Grilled Beef Bowl,beef olive oil salt pepper garlic,Protein 36.5g Calories 673.7,"Season the main ingredient with salt, pepper, and aromatics. Heat a grill pan or skillet until hot. Cook on both sides until done. Rest briefly, then serve.",Lunch Dinner,,Stove,Grill,36.5,673.7,8.2,1.9,10,15,27.2,Complete Meal,"['Lunch', 'Dinner']","['Vegan', 'Vegetarian', 'Pescatarian']",[],"['没有Stove', '没有No-Cook']","['Protein High', 'Keto Friendly', 'Compact Fuel']","['Quick Fix', 'Fresh Run']","['Savory', 'Comfort Food']"
Baked Lamb Chops,,Protein 51.3g Calories 566.6,"Preheat the oven and prepare a baking dish or sheet pan. Mix or assemble the ingredients in the dish. Bake until cooked through and lightly browned. Rest briefly, then slice or serve.",Lunch Dinner,,Oven,Bake,51.3,566.6,5.2,3.4,15,25,20.4,Main Dish,"['Lunch', 'Dinner']",[],[],"['没有Oven', '没有No-Cook']","['Protein High', 'Keto Friendly', 'Compact Fuel']",['Fresh Run'],"['Savory', 'Comfort Food']"
Roasted Shrimp Chops,shrimp garlic olive oil salt pepper lemon,Protein 29.4g Calories 479.3,"Preheat the oven and prepare a baking dish or sheet pan. Mix or assemble the ingredients in the dish. Bake until cooked through and lightly browned. Rest briefly, then slice or serve.",Lunch Dinner,Shellfish,Oven,Bake,29.4,479.3,3.9,2.3,15,25,25.5,Main Dish,"['Lunch', 'Dinner']","['Vegan', 'Vegetarian', 'Kosher']",['Contains Shellfish'],"['没有Oven', '没有No-Cook']",['Keto Friendly'],['Fresh Run'],"['Savory', 'Sour', 'Comfort Food']"
Lemon Garlic Turkey Skewers,ground turkey onion garlic salt pepper,Protein 26.8g Calories 666.1,"Prep and season the ingredients. Cook using the chosen method until done. Taste, adjust seasoning, and serve.",Lunch Dinner,,Stove,Cook,26.8,666.1,13.1,1.9,10,20,20.7,Main Dish,"['Lunch', 'Dinner']","['Vegan', 'Vegetarian', 'Pescatarian']",[],"['没有Stove', '没有No-Cook']",['Compact Fuel'],"['Quick Fix', 'Fresh Run']","['Savory', 'Sour', 'Comfort Food']"
Creamy Shrimp Skewers,shrimp garlic olive oil salt pepper lemon,Protein 36.9g Calories 625.2,"Prep and season the ingredients. Cook using the chosen method until done. Taste, adjust seasoning, and serve.",Lunch Dinner,Shellfish,Stove,Cook,36.9,625.2,20.6,1.9,10,20,19.0,Main Dish,"['Lunch', 'Dinner']","['Vegan', 'Vegetarian', 'Kosher']",['Contains Shellfish'],"['没有Stove', '没有No-Cook']","['Protein High', 'Compact Fuel']","['Quick Fix', 'Fresh Run']","['Savory', 'Sour', 'Creamy']"
Roasted Mushroom Risotto,,Protein 37.2g Calories 698.1,Gather and measure all ingredients. Preheat and set up your workstation. Prepare the main component carefully. Prep the sauce or mixture separately. Combine components in the correct order. Cook while monitoring temperature and texture. Adjust seasoning in small increments. Rest the dish to set flavors and structure. Plate neatly and serve immediately.,Lunch Dinner,,Oven,Bake,37.2,698.1,38.7,2.1,15,25,12.7,Main Dish,"['Lunch', 'Dinner']",[],[],"['没有Oven', '没有No-Cook']","['Protein High', 'Compact Fuel']","['Focus Required', 'Fresh Run']","['Savory', 'Creamy', 'Date Night']"
Lemon Garlic Chicken Skewers,chicken breast olive oil salt pepper garlic,Protein 36.8g Calories 340.2,"Prep and season the ingredients. Cook using the chosen method until done. Taste, adjust seasoning, and serve.",Lunch Dinner,,Stove,Cook,36.8,340.2,35.3,2.8,10,20,22.4,Main Dish,"['Lunch', 'Dinner']","['Vegan', 'Vegetarian', 'Pescatarian']",[],"['没有Stove', '没有No-Cook']",['Protein High'],"['Quick Fix', 'Fresh Run']","['Savory', 'Sour', 'Comfort Food']"
Creamy Turkey Chops,ground turkey onion garlic salt pepper,Protein 47.4g Calories 534.7,"Prep and season the ingredients. Cook using the chosen method until done. Taste, adjust seasoning, and serve.",Lunch Dinner,,Stove,Cook,47.4,534.7,17.2,4.4,10,20,27.4,Main Dish,"['Lunch', 'Dinner']","['Vegan', 'Vegetarian', 'Pescatarian']",[],"['没有Stove', '没有No-Cook']","['Protein High', 'Compact Fuel']","['Quick Fix', 'Fresh Run']","['Savory', 'Creamy', 'Comfort Food']"
Honey Mustard Pork Casserole,pork salt pepper onion garlic,Protein 26.1g Calories 739.7,"Prep and season the ingredients. Cook using the chosen method until done. Taste, adjust seasoning, and serve.",Lunch Dinner,,Stove,Cook,26.1,739.7,71.0,4.0,10,20,21.1,Complete Meal,"['Lunch', 'Dinner']","['Vegan', 'Vegetarian', 'Pescatarian', 'Halal', 'Kosher']",[],"['没有Stove', '没有No-Cook']",['Compact Fuel'],"['Quick Fix', 'Fresh Run']","['Savory', 'Sour', 'Comfort Food']"
Roasted Beef Skewers,beef olive oil salt pepper garlic,Protein 24.2g Calories 541.3,"Preheat the oven and prepare a baking dish or sheet pan. Mix or assemble the ingredients in the dish. Bake until cooked through and lightly browned. Rest briefly, then slice or serve.",Lunch Dinner,,Oven,Bake,24.2,541.3,20.2,1.7,15,25,24.8,Main Dish,"['Lunch', 'Dinner']","['Vegan', 'Vegetarian', 'Pescatarian']",[],"['没有Oven', '没有No-Cook']",['Compact Fuel'],['Fresh Run'],"['Savory', 'Comfort Food']"
Herb Salmon Stir-Fry,fish lemon olive oil salt pepper,Protein 42.4g Calories 515.6,"Season the main ingredient with salt, pepper, and aromatics. Heat a grill pan or skillet until hot. Cook on both sides until done. Rest briefly, then serve.",Lunch Dinner,,Stove,Grill,42.4,515.6,4.8,2.4,10,15,28.5,Main Dish,"['Lunch', 'Dinner']","['Vegan', 'Vegetarian']",[],"['没有Stove', '没有No-Cook']","['Protein High', 'Keto Friendly', 'Compact Fuel']","['Quick Fix', 'Fresh Run']","['Savory', 'Sour', 'Comfort Food', 'Date Night']"
Honey Mustard Turkey Stir-Fry,ground turkey onion garlic salt pepper,Protein 44.6g Calories 434.8,"Season the main ingredient with salt, pepper, and aromatics. Heat a grill pan or skillet until hot. Cook on both sides until done. Rest briefly, then serve.",Lunch Dinner,,Stove,Grill,44.6,434.8,8.0,3.0,10,15,15.8,Main Dish,"['Lunch', 'Dinner']","['Vegan', 'Vegetarian', 'Pescatarian']",[],"['没有Stove', '没有No-Cook']","['Protein High', 'Keto Friendly']","['Quick Fix', 'Fresh Run']","['Savory', 'Sour']"
Grilled Turkey Breast,ground turkey onion garlic salt pepper,Protein 36.2g Calories 453.2,"Season the main ingredient with salt, pepper, and aromatics. Heat a grill pan or skillet until hot. Cook on both sides until done. Rest briefly, then serve.",Lunch Dinner,,Stove,Grill,36.2,453.2,18.3,3.1,10,15,21.3,Main Dish,"['Lunch', 'Dinner']","['Vegan', 'Vegetarian', 'Pescatarian']",[],"['没有Stove', '没有No-Cook']",['Protein High'],"['Quick Fix', 'Fresh Run']","['Savory', 'Comfort Food']"
Grilled Chicken Cutlets,chicken breast olive oil salt pepper garlic,Protein 40.4g Calories 514.5,"Season the main ingredient with salt, pepper, and aromatics. Heat a grill pan or skillet until hot. Cook on both sides until done. Rest briefly, then serve.",Lunch Dinner,,Stove,Grill,40.4,514.5,6.5,4.4,10,15,20.1,Main Dish,"['Lunch', 'Dinner']","['Vegan', 'Vegetarian', 'Pescatarian']",[],"['没有Stove', '没有No-Cook']","['Protein High', 'Keto Friendly', 'Compact Fuel']","['Quick Fix', 'Fresh Run']","['Savory', 'Comfort Food']"
Honey Mustard Beef Skewers,beef olive oil salt pepper garlic,Protein 38.0g Calories 651.3,"Prep and season the ingredients. Cook using the chosen method until done. Taste, adjust seasoning, and serve.",Lunch Dinner,,Stove,Cook,38.0,651.3,28.3,4.9,10,20,14.6,Main Dish,"['Lunch', 'Dinner']","['Vegan', 'Vegetarian', 'Pescatarian']",[],"['没有Stove', '没有No-Cook']","['Protein High', 'Compact Fuel']","['Quick Fix', 'Fresh Run']","['Savory', 'Sour']"
Roasted Lamb Chops,,Protein 42.2g Calories 467.3,"Preheat the oven and prepare a baking dish or sheet pan. Mix or assemble the ingredients in the dish. Bake until cooked through and lightly browned. Rest briefly, then slice or serve.",Lunch Dinner,,Oven,Bake,42.2,467.3,39.2,4.8,15,25,20.8,Main Dish,"['Lunch', 'Dinner']",[],[],"['没有Oven', '没有No-Cook']","['Protein High', 'Stable Energy']",['Fresh Run'],"['Savory', 'Comfort Food']"
Smoky Chicken Steak,chicken breast olive oil salt pepper garlic,Protein 42.6g Calories 690.5,"Prep and season the ingredients. Cook using the chosen method until done. Taste, adjust seasoning, and serve.",Lunch Dinner,,Stove,Cook,42.6,690.5,1.1,5.8,10,20,28.3,Main Dish,"['Lunch', 'Dinner']","['Vegan', 'Vegetarian', 'Pescatarian']",[],"['没有Stove', '没有No-Cook']","['Protein High', 'Keto Friendly', 'Compact Fuel']","['Quick Fix', 'Fresh Run']","['Savory', 'Comfort Food', 'Date Night']"
Smoky Chicken Skewers,chicken breast olive oil salt pepper garlic,Protein 43.6g Calories 551.1,"Prep and season the ingredients. Cook using the chosen method until done. Taste, adjust seasoning, and serve.",Lunch Dinner,,Stove,Cook,43.6,551.1,23.3,3.8,10,20,11.8,Main Dish,"['Lunch', 'Dinner']","['Vegan', 'Vegetarian', 'Pescatarian']",[],"['没有Stove', '没有No-Cook']","['Protein High', 'Compact Fuel']","['Quick Fix', 'Fresh Run']",['Savory']
Spicy Lamb Meatballs,,Protein 47.2g Calories 424.0,"Prep and season the ingredients. Cook using the chosen method until done. Taste, adjust seasoning, and serve.",Lunch Dinner,,Stove,Cook,47.2,424.0,5.9,0.2,10,20,31.1,Main Dish,"['Lunch', 'Dinner']",[],[],"['没有Stove', '没有No-Cook']","['Protein High', 'Keto Friendly']","['Quick Fix', 'Fresh Run']","['Savory', 'Spicy', 'Comfort Food']"
Smoky Mushroom Risotto,,Protein 26.5g Calories 445.5,Gather and measure all ingredients. Preheat and set up your workstation. Prepare the main component carefully. Prep the sauce or mixture separately. Combine components in the correct order. Cook while monitoring temperature and texture. Adjust seasoning in small increments. Rest the dish to set flavors and structure. Plate neatly and serve immediately.,Lunch Dinner,,Stove,Cook,26.5,445.5,27.6,4.6,10,20,17.0,Main Dish,"['Lunch', 'Dinner']",[],[],"['没有Stove', '没有No-Cook']",['Stable Energy'],"['Quick Fix', 'Focus Required', 'Fresh Run']","['Savory', 'Creamy', 'Date Night']"
Roasted Beef Chops,beef olive oil salt pepper garlic,Protein 48.2g Calories 688.2,"Preheat the oven and prepare a baking dish or sheet pan. Mix or assemble the ingredients in the dish. Bake until cooked through and lightly browned. Rest briefly, then slice or serve.",Lunch Dinner,,Oven,Bake,48.2,688.2,29.4,0.8,15,25,9.4,Main Dish,"['Lunch', 'Dinner']","['Vegan', 'Vegetarian', 'Pescatarian']",[],"['没有Oven', '没有No-Cook']","['Protein High', 'Compact Fuel']",['Fresh Run'],['Savory']
Spicy Pork Breast (Variation 2),pork salt pepper onion garlic,Protein 31.8g Calories 402.9,"Prep and season the ingredients. Cook using the chosen method until done. Taste, adjust seasoning, and serve.",Lunch Dinner,,Stove,Cook,31.8,402.9,26.5,1.9,10,20,19.6,Main Dish,"['Lunch', 'Dinner']","['Vegan', 'Vegetarian', 'Pescatarian', 'Halal', 'Kosher']",[],"['没有Stove', '没有No-Cook']",['Protein High'],"['Quick Fix', 'Fresh Run']","['Savory', 'Spicy']"
Baked Tofu Bowl,tofu soy sauce garlic ginger sesame oil,Protein 49.4g Calories 389.3,"Preheat the oven and prepare a baking dish or sheet pan. Mix or assemble the ingredients in the dish. Bake until cooked through and lightly browned. Rest briefly, then slice or serve.",Lunch Dinner,,Oven,Bake,49.4,389.3,13.7,4.6,15,25,15.8,Complete Meal,"['Lunch', 'Dinner']",[],[],"['没有Oven', '没有No-Cook']",['Protein High'],['Fresh Run'],['Savory']
Creamy Chicken Breast,chicken breast olive oil salt pepper garlic,Protein 41.3g Calories 608.4,"Prep and season the ingredients. Cook using the chosen method until done. Taste, adjust seasoning, and serve.",Lunch Dinner,,Stove,Cook,41.3,608.4,27.7,1.2,10,20,21.4,Main Dish,"['Lunch', 'Dinner']","['Vegan', 'Vegetarian', 'Pescatarian']",[],"['没有Stove', '没有No-Cook']","['Protein High', 'Compact Fuel']","['Quick Fix', 'Fresh Run']","['Savory', 'Creamy', 'Comfort Food']"
Baked Lamb Casserole,,Protein 30.3g Calories 563.8,"Preheat the oven and prepare a baking dish or sheet pan. Mix or assemble the ingredients in the dish. Bake until cooked through and lightly browned. Rest briefly, then slice or serve.",Lunch Dinner,,Oven,Bake,30.3,563.8,64.0,4.5,20,45,27.6,Complete Meal,"['Lunch', 'Dinner']",[],[],"['没有Oven', '没有No-Cook']","['Protein High', 'Compact Fuel']","['Slow Burn', 'Fresh Run', 'Meal Prep']","['Savory', 'Comfort Food']"
Grilled Beef Breast,beef olive oil salt pepper garlic,Protein 28.2g Calories 435.6,"Season the main ingredient with salt, pepper, and aromatics. Heat a grill pan or skillet until hot. Cook on both sides until done. Rest briefly, then serve.",Lunch Dinner,,Stove,Grill,28.2,435.6,28.2,2.1,10,15,15.0,Main Dish,"['Lunch', 'Dinner']","['Vegan', 'Vegetarian', 'Pescatarian']",[],"['没有Stove', '没有No-Cook']",['Stable Energy'],"['Quick Fix', 'Fresh Run']",['Savory']
Grilled Turkey Steak,ground turkey onion garlic salt pepper,Protein 45.9g Calories 693.5,"Season the main ingredient with salt, pepper, and aromatics. Heat a grill pan or skillet until hot. Cook on both sides until done. Rest briefly, then serve.",Lunch Dinner,,Stove,Grill,45.9,693.5,10.9,4.1,10,15,10.7,Main Dish,"['Lunch', 'Dinner']","['Vegan', 'Vegetarian', 'Pescatarian']",[],"['没有Stove', '没有No-Cook']","['Protein High', 'Compact Fuel']","['Quick Fix', 'Fresh Run']","['Savory', 'Date Night']"
Lemon Garlic Mushroom Risotto,,Protein 46.6g Calories 712.1,Gather and measure all ingredients. Preheat and set up your workstation. Prepare the main component carefully. Prep the sauce or mixture separately. Combine components in the correct order. Cook while monitoring temperature and texture. Adjust seasoning in small increments. Rest the dish to set flavors and structure. Plate neatly and serve immediately.,Lunch Dinner,,Stove,Cook,46.6,712.1,38.2,1.7,10,20,25.7,Main Dish,"['Lunch', 'Dinner']",[],[],"['没有Stove', '没有No-Cook']","['Protein High', 'Compact Fuel']","['Quick Fix', 'Focus Required', 'Fresh Run']","['Savory', 'Sour', 'Creamy', 'Comfort Food', 'Date Night']"
Honey Mustard Shrimp Cutlets,shrimp garlic olive oil salt pepper lemon,Protein 43.4g Calories 435.1,"Prep and season the ingredients. Cook using the chosen method until done. Taste, adjust seasoning, and serve.",Lunch Dinner,Shellfish,Stove,Cook,43.4,435.1,13.9,1.5,10,20,17.7,Main Dish,"['Lunch', 'Dinner']","['Vegan', 'Vegetarian', 'Kosher']",['Contains Shellfish'],"['没有Stove', '没有No-Cook']",['Protein High'],"['Quick Fix', 'Fresh Run']","['Savory', 'Sour']"
Baked Pork Bowl,pork salt pepper onion garlic,Protein 28.1g Calories 511.6,"Preheat the oven and prepare a baking dish or sheet pan. Mix or assemble the ingredients in the dish. Bake until cooked through and lightly browned. Rest briefly, then slice or serve.",Lunch Dinner,,Oven,Bake,28.1,511.6,21.5,4.2,15,25,28.5,Complete Meal,"['Lunch', 'Dinner']","['Vegan', 'Vegetarian', 'Pescatarian', 'Halal', 'Kosher']",[],"['没有Oven', '没有No-Cook']",['Compact Fuel'],['Fresh Run'],"['Savory', 'Comfort Food']"
Baked Chicken Bowl,chicken breast olive oil salt pepper garlic,Protein 40.5g Calories 374.9,"Preheat the oven and prepare a baking dish or sheet pan. Mix or assemble the ingredients in the dish. Bake until cooked through and lightly browned. Rest briefly, then slice or serve.",Lunch Dinner,,Oven,Bake,40.5,374.9,23.5,4.0,15,25,13.3,Complete Meal,"['Lunch', 'Dinner']","['Vegan', 'Vegetarian', 'Pescatarian']",[],"['没有Oven', '没有No-Cook']",['Protein High'],['Fresh Run'],['Savory']
Lemon Garlic Shrimp Bowl,shrimp garlic olive oil salt pepper lemon,Protein 41.1g Calories 688.3,"Prep and season the ingredients. Cook using the chosen method until done. Taste, adjust seasoning, and serve.",Lunch Dinner,Shellfish,Stove,Cook,41.1,688.3,2.1,4.3,10,20,16.7,Complete Meal,"['Lunch', 'Dinner']","['Vegan', 'Vegetarian', 'Kosher']",['Contains Shellfish'],"['没有Stove', '没有No-Cook']","['Protein High', 'Keto Friendly', 'Compact Fuel']","['Quick Fix', 'Fresh Run']","['Savory', 'Sour']"
Baked Cod Roast,fish lemon olive oil salt pepper,Protein 38.5g Calories 322.1,"Preheat the oven and prepare a baking dish or sheet pan. Mix or assemble the ingredients in the dish. Bake until cooked through and lightly browned. Rest briefly, then slice or serve.",Lunch Dinner,,Oven,Bake,38.5,322.1,37.2,5.6,15,25,17.0,Main Dish,"['Lunch', 'Dinner']","['Vegan', 'Vegetarian']",[],"['没有Oven', '没有No-Cook']","['Protein High', 'Stable Energy']",['Fresh Run'],"['Savory', 'Sour']"
Spicy Pork Roast,pork salt pepper onion garlic,Protein 36.3g Calories 743.2,"Preheat the oven and prepare a baking dish or sheet pan. Mix or assemble the ingredients in the dish. Bake until cooked through and lightly browned. Rest briefly, then slice or serve.",Lunch Dinner,,Oven,Bake,36.3,743.2,8.0,1.9,15,25,26.0,Main Dish,"['Lunch', 'Dinner']","['Vegan', 'Vegetarian', 'Pescatarian', 'Halal', 'Kosher']",[],"['没有Oven', '没有No-Cook']","['Protein High', 'Keto Friendly', 'Compact Fuel']",['Fresh Run'],"['Savory', 'Spicy', 'Comfort Food']"
Honey Mustard Salmon Skewers,fish lemon olive oil salt pepper,Protein 39.2g Calories 355.8,"Prep and season the ingredients. Cook using the chosen method until done. Taste, adjust seasoning, and serve.",Lunch Dinner,,Stove,Cook,39.2,355.8,21.4,5.6,10,20,23.9,Main Dish,"['Lunch', 'Dinner']","['Vegan', 'Vegetarian']",[],"['没有Stove', '没有No-Cook']",['Protein High'],"['Quick Fix', 'Fresh Run']","['Savory', 'Sour', 'Comfort Food', 'Date Night']"
Herb Veggie Stir-Fry,,Protein 18.8g Calories 402.6,"Season the main ingredient with salt, pepper, and aromatics. Heat a grill pan or skillet until hot. Cook on both sides until done. Rest briefly, then serve.",Breakfast,,Stove,Grill,18.8,402.6,16.1,2.8,10,15,14.5,Breakfast,['Breakfast'],[],[],"['没有Stove', '没有No-Cook']",['Stable Energy'],"['Quick Fix', 'Fresh Run']",['Savory']
Creamy Turkey Breast,ground turkey onion garlic salt pepper,Protein 33.9g Calories 718.9,"Prep and season the ingredients. Cook using the chosen method until done. Taste, adjust seasoning, and serve.",Lunch Dinner,,Stove,Cook,33.9,718.9,19.8,5.8,10,20,28.6,Main Dish,"['Lunch', 'Dinner']","['Vegan', 'Vegetarian', 'Pescatarian']",[],"['没有Stove', '没有No-Cook']","['Protein High', 'Compact Fuel']","['Quick Fix', 'Fresh Run']","['Savory', 'Creamy', 'Comfort Food']"
Roasted Tofu Bowl (Variation 2),tofu soy sauce garlic ginger sesame oil,Protein 48.3g Calories 493.8,"Preheat the oven and prepare a baking dish or sheet pan. Mix or assemble the ingredients in the dish. Bake until cooked through and lightly browned. Rest briefly, then slice or serve.",Lunch Dinner,,Oven,Bake,48.3,493.8,0.4,0.6,15,25,31.7,Complete Meal,"['Lunch', 'Dinner']",[],[],"['没有Oven', '没有No-Cook']","['Protein High', 'Keto Friendly']",['Fresh Run'],"['Savory', 'Comfort Food']"
Lemon Garlic Cod Chops (Variation 2),fish lemon olive oil salt pepper,Protein 38.3g Calories 715.6,"Prep and season the ingredients. Cook using the chosen method until done. Taste, adjust seasoning, and serve.",Lunch Dinner,,Stove,Cook,38.3,715.6,19.8,5.1,10,20,28.6,Main Dish,"['Lunch', 'Dinner']","['Vegan', 'Vegetarian']",[],"['没有Stove', '没有No-Cook']","['Protein High', 'Compact Fuel']","['Quick Fix', 'Fresh Run']","['Savory', 'Sour', 'Comfort Food']"
Grilled Salmon Steak,beef olive oil salt pepper garlic,Protein 27.8g Calories 454.5,"Season the main ingredient with salt, pepper, and aromatics. Heat a grill pan or skillet until hot. Cook on both sides until done. Rest briefly, then serve.",Lunch Dinner,,Stove,Grill,27.8,454.5,4.5,2.8,10,15,19.4,Main Dish,"['Lunch', 'Dinner']","['Vegan', 'Vegetarian', 'Pescatarian']",[],"['没有Stove', '没有No-Cook']",['Keto Friendly'],"['Quick Fix', 'Fresh Run']","['Savory', 'Date Night']"
Creamy Turkey Chops (Variation 2),ground turkey onion garlic salt pepper,Protein 45.7g Calories 614.6,"Prep and season the ingredients. Cook using the chosen method until done. Taste, adjust seasoning, and serve.",Lunch Dinner,,Stove,Cook,45.7,614.6,22.7,1.1,10,20,24.7,Main Dish,"['Lunch', 'Dinner']","['Vegan', 'Vegetarian', 'Pescatarian']",[],"['没有Stove', '没有No-Cook']","['Protein High', 'Compact Fuel']","['Quick Fix', 'Fresh Run']","['Savory', 'Creamy', 'Comfort Food']"
Creamy Salmon Steak,beef olive oil salt pepper garlic,Protein 48.9g Calories 662.5,"Prep and season the ingredients. Cook using the chosen method until done. Taste, adjust seasoning, and serve.",Lunch Dinner,,Stove,Cook,48.9,662.5,33.1,0.5,10,20,19.3,Main Dish,"['Lunch', 'Dinner']","['Vegan', 'Vegetarian', 'Pescatarian']",[],"['没有Stove', '没有No-Cook']","['Protein High', 'Compact Fuel']","['Quick Fix', 'Fresh Run']","['Savory', 'Creamy', 'Date Night']"
Roasted Cod Meatballs,fish lemon olive oil salt pepper,Protein 27.5g Calories 474.2,"Preheat the oven and prepare a baking dish or sheet pan. Mix or assemble the ingredients in the dish. Bake until cooked through and lightly browned. Rest briefly, then slice or serve.",Lunch Dinner,,Oven,Bake,27.5,474.2,5.6,1.5,15,25,19.4,Main Dish,"['Lunch', 'Dinner']","['Vegan', 'Vegetarian']",[],"['没有Oven', '没有No-Cook']",['Keto Friendly'],['Fresh Run'],"['Savory', 'Sour']"
Baked Tofu Bowl (Variation 2),tofu soy sauce garlic ginger sesame oil,Protein 50.6g Calories 621.5,"Preheat the oven and prepare a baking dish or sheet pan. Mix or assemble the ingredients in the dish. Bake until cooked through and lightly browned. Rest briefly, then slice or serve.",Lunch Dinner,,Oven,Bake,50.6,621.5,12.1,0.1,15,25,23.9,Complete Meal,"['Lunch', 'Dinner']",[],[],"['没有Oven', '没有No-Cook']","['Protein High', 'Compact Fuel']",['Fresh Run'],"['Savory', 'Comfort Food']"
Grilled Salmon Cutlets,fish lemon olive oil salt pepper,Protein 42.8g Calories 581.0,"Season the main ingredient with salt, pepper, and aromatics. Heat a grill pan or skillet until hot. Cook on both sides until done. Rest briefly, then serve.",Lunch Dinner,,Stove,Grill,42.8,581.0,2.5,1.8,10,15,21.9,Main Dish,"['Lunch', 'Dinner']","['Vegan', 'Vegetarian']",[],"['没有Stove', '没有No-Cook']","['Protein High', 'Keto Friendly', 'Compact Fuel']","['Quick Fix', 'Fresh Run']","['Savory', 'Sour', 'Comfort Food', 'Date Night']"
Herb Salmon Cutlets,fish lemon olive oil salt pepper,Protein 43.1g Calories 678.0,"Prep and season the ingredients. Cook using the chosen method until done. Taste, adjust seasoning, and serve.",Lunch Dinner,,Stove,Cook,43.1,678.0,12.4,5.5,10,20,10.6,Main Dish,"['Lunch', 'Dinner']","['Vegan', 'Vegetarian']",[],"['没有Stove', '没有No-Cook']","['Protein High', 'Compact Fuel']","['Quick Fix', 'Fresh Run']","['Savory', 'Sour', 'Date Night']"
Lemon Garlic Chickpea Stew (Variation 2),chickpeas olive oil garlic lemon salt pepper onion broth,Protein 28.0g Calories 338.0,"Sauté aromatics in a pot until fragrant. Add main ingredients and liquid, then bring to a simmer. Cook until tender, stirring occasionally. Season to taste and serve warm.",Lunch Dinner,,Stove,Simmer,28.0,338.0,23.8,3.2,15,60,8.1,Main Dish,"['Lunch', 'Dinner']",[],[],"['没有Stove', '没有No-Cook']",['Protein High'],"['Slow Burn', 'One-Pot', 'Fresh Run', 'Meal Prep']","['Savory', 'Sour', 'Warm & Soupy', 'Sick Day']"
Spicy Salmon Bowl,fish lemon olive oil salt pepper,Protein 40.2g Calories 619.1,"Prep and season the ingredients. Cook using the chosen method until done. Taste, adjust seasoning, and serve.",Lunch Dinner,,Stove,Cook,40.2,619.1,16.6,2.8,10,20,20.1,Complete Meal,"['Lunch', 'Dinner']","['Vegan', 'Vegetarian']",[],"['没有Stove', '没有No-Cook']","['Protein High', 'Compact Fuel']","['Quick Fix', 'Fresh Run']","['Savory', 'Spicy', 'Sour', 'Comfort Food', 'Date Night']"
Honey Mustard Chickpea Stew (Variation 2),chickpeas olive oil garlic lemon salt pepper onion broth,Protein 29.3g Calories 435.0,"Sauté aromatics in a pot until fragrant. Add main ingredients and liquid, then bring to a simmer. Cook until tender, stirring occasionally. Season to taste and serve warm.",Lunch Dinner,,Stove,Simmer,29.3,435.0,23.7,8.0,15,60,10.0,Main Dish,"['Lunch', 'Dinner']",[],[],"['没有Stove', '没有No-Cook']",['Stable Energy'],"['Slow Burn', 'One-Pot', 'Fresh Run', 'Meal Prep']","['Savory', 'Sour', 'Warm & Soupy', 'Sick Day']"
Spicy Cod Stir-Fry,fish lemon olive oil salt pepper,Protein 24.5g Calories 669.3,"Season the main ingredient with salt, pepper, and aromatics. Heat a grill pan or skillet until hot. Cook on both sides until done. Rest briefly, then serve.",Lunch Dinner,,Stove,Grill,24.5,669.3,17.9,0.5,10,15,23.5,Main Dish,"['Lunch', 'Dinner']","['Vegan', 'Vegetarian']",[],"['没有Stove', '没有No-Cook']",['Compact Fuel'],"['Quick Fix', 'Fresh Run']","['Savory', 'Spicy', 'Sour', 'Comfort Food']"
Spicy Chicken Cutlets,chicken breast olive oil salt pepper garlic,Protein 23.9g Calories 545.7,"Prep and season the ingredients. Cook using the chosen method until done. Taste, adjust seasoning, and serve.",Lunch Dinner,,Stove,Cook,23.9,545.7,21.9,3.4,10,20,19.1,Main Dish,"['Lunch', 'Dinner']","['Vegan', 'Vegetarian', 'Pescatarian']",[],"['没有Stove', '没有No-Cook']",['Compact Fuel'],"['Quick Fix', 'Fresh Run']","['Savory', 'Spicy']"
Smoky Salmon Breast,fish lemon olive oil salt pepper,Protein 31.8g Calories 379.9,"Prep and season the ingredients. Cook using the chosen method until done. Taste, adjust seasoning, and serve.",Lunch Dinner,,Stove,Cook,31.8,379.9,20.8,1.2,10,20,10.6,Main Dish,"['Lunch', 'Dinner']","['Vegan', 'Vegetarian']",[],"['没有Stove', '没有No-Cook']",['Protein High'],"['Quick Fix', 'Fresh Run']","['Savory', 'Sour', 'Date Night']"
Classic Tuna Steak,beef olive oil salt pepper garlic,Protein 24.7g Calories 553.3,"Prep and season the ingredients. Cook using the chosen method until done. Taste, adjust seasoning, and serve.",Lunch Dinner,,Stove,Cook,24.7,553.3,20.4,2.7,10,20,25.8,Main Dish,"['Lunch', 'Dinner']","['Vegan', 'Vegetarian', 'Pescatarian']",[],"['没有Stove', '没有No-Cook']",['Compact Fuel'],"['Quick Fix', 'Fresh Run']","['Savory', 'Comfort Food', 'Date Night']"
Spicy Beef Stir-Fry,beef olive oil salt pepper garlic,Protein 35.7g Calories 538.4,"Season the main ingredient with salt, pepper, and aromatics. Heat a grill pan or skillet until hot. Cook on both sides until done. Rest briefly, then serve.",Lunch Dinner,,Stove,Grill,35.7,538.4,2.3,4.8,10,15,27.3,Main Dish,"['Lunch', 'Dinner']","['Vegan', 'Vegetarian', 'Pescatarian']",[],"['没有Stove', '没有No-Cook']","['Protein High', 'Keto Friendly', 'Compact Fuel']","['Quick Fix', 'Fresh Run']","['Savory', 'Spicy', 'Comfort Food']"
Grilled Black Bean Bowl,,Protein 44.4g Calories 646.6,"Season the main ingredient with salt, pepper, and aromatics. Heat a grill pan or skillet until hot. Cook on both sides until done. Rest briefly, then serve.",Lunch Dinner,,Stove,Grill,44.4,646.6,23.1,2.1,10,15,9.0,Complete Meal,"['Lunch', 'Dinner']",[],[],"['没有Stove', '没有No-Cook']","['Protein High', 'Compact Fuel']","['Quick Fix', 'Fresh Run']",['Savory']
Classic Turkey Cutlets,ground turkey onion garlic salt pepper,Protein 51.8g Calories 345.5,"Prep and season the ingredients. Cook using the chosen method until done. Taste, adjust seasoning, and serve.",Lunch Dinner,,Stove,Cook,51.8,345.5,37.4,5.6,10,20,9.5,Main Dish,"['Lunch', 'Dinner']","['Vegan', 'Vegetarian', 'Pescatarian']",[],"['没有Stove', '没有No-Cook']","['Protein High', 'Stable Energy']","['Quick Fix', 'Fresh Run']",['Savory']
Herb Cod Breast,fish lemon olive oil salt pepper,Protein 34.3g Calories 332.7,"Prep and season the ingredients. Cook using the chosen method until done. Taste, adjust seasoning, and serve.",Lunch Dinner,,Stove,Cook,34.3,332.7,30.8,5.9,10,20,24.8,Main Dish,"['Lunch', 'Dinner']","['Vegan', 'Vegetarian']",[],"['没有Stove', '没有No-Cook']","['Protein High', 'Stable Energy']","['Quick Fix', 'Fresh Run']","['Savory', 'Sour', 'Comfort Food']"
Creamy Chickpea Stew,chickpeas olive oil garlic lemon salt pepper onion broth,Protein 22.9g Calories 478.4,"Sauté aromatics in a pot until fragrant. Add main ingredients and liquid, then bring to a simmer. Cook until tender, stirring occasionally. Season to taste and serve warm.",Lunch Dinner,,Stove,Simmer,22.9,478.4,54.7,9.0,15,60,12.1,Main Dish,"['Lunch', 'Dinner']",[],[],"['没有Stove', '没有No-Cook']","['Volume Eater', 'Stable Energy']","['Slow Burn', 'One-Pot', 'Fresh Run', 'Meal Prep']","['Savory', 'Sour', 'Creamy', 'Warm & Soupy', 'Comfort Food']"
Smoky Beef Breast,beef olive oil salt pepper garlic,Protein 33.3g Calories 682.7,"Prep and season the ingredients. Cook using the chosen method until done. Taste, adjust seasoning, and serve.",Lunch Dinner,,Stove,Cook,33.3,682.7,27.3,3.2,10,20,22.6,Main Dish,"['Lunch', 'Dinner']","['Vegan', 'Vegetarian', 'Pescatarian']",[],"['没有Stove', '没有No-Cook']","['Protein High', 'Compact Fuel']","['Quick Fix', 'Fresh Run']","['Savory', 'Comfort Food']"
Spicy Tuna Breast,fish lemon olive oil salt pepper,Protein 32.4g Calories 469.1,"Prep and season the ingredients. Cook using the chosen method until done. Taste, adjust seasoning, and serve.",Lunch Dinner,,Stove,Cook,32.4,469.1,7.1,3.2,10,20,27.4,Main Dish,"['Lunch', 'Dinner']","['Vegan', 'Vegetarian']",[],"['没有Stove', '没有No-Cook']","['Protein High', 'Keto Friendly']","['Quick Fix', 'Fresh Run']","['Savory', 'Spicy', 'Sour', 'Comfort Food']"
Creamy Pork Chops,pork salt pepper onion garlic,Protein 22.7g Calories 321.4,"Prep and season the ingredients. Cook using the chosen method until done. Taste, adjust seasoning, and serve.",Lunch Dinner,,Stove,Cook,22.7,321.4,11.9,3.3,10,20,22.8,Main Dish,"['Lunch', 'Dinner']","['Vegan', 'Vegetarian', 'Pescatarian', 'Halal', 'Kosher']",[],"['没有Stove', '没有No-Cook']",['Stable Energy'],"['Quick Fix', 'Fresh Run']","['Savory', 'Creamy', 'Comfort Food']"
Lemon Garlic Tuna Casserole,fish lemon olive oil salt pepper,Protein 36.1g Calories 660.9,"Prep and season the ingredients. Cook using the chosen method until done. Taste, adjust seasoning, and serve.",Lunch Dinner,,Stove,Cook,36.1,660.9,64.9,4.4,10,20,17.5,Complete Meal,"['Lunch', 'Dinner']","['Vegan', 'Vegetarian']",[],"['没有Stove', '没有No-Cook']","['Protein High', 'Compact Fuel']","['Quick Fix', 'Fresh Run']","['Savory', 'Sour', 'Comfort Food']"
Smoky Chickpea Stew,chickpeas olive oil garlic lemon salt pepper onion broth,Protein 30.9g Calories 595.0,"Prep and season the ingredients. Cook using the chosen method until done. Taste, adjust seasoning, and serve.",Lunch Dinner,,Microwave,Microwave,30.9,595.0,19.5,5.4,5,6,19.0,Main Dish,"['Lunch', 'Dinner']",[],[],"['没有Microwave', '没有No-Cook']","['Protein High', 'Compact Fuel']","['Microwave-Only', 'Lightning', 'Fresh Run', 'Portable']","['Savory', 'Sour', 'Warm & Soupy', 'Sick Day']"
Herb Beef Skewers,beef olive oil salt pepper garlic,Protein 48.5g Calories 619.1,"Prep and season the ingredients. Cook using the chosen method until done. Taste, adjust seasoning, and serve.",Lunch Dinner,,Stove,Cook,48.5,619.1,0.6,0.6,10,20,15.6,Main Dish,"['Lunch', 'Dinner']","['Vegan', 'Vegetarian', 'Pescatarian']",[],"['没有Stove', '没有No-Cook']","['Protein High', 'Keto Friendly', 'Compact Fuel']","['Quick Fix', 'Fresh Run']",['Savory']
Classic Beef Roast,beef olive oil salt pepper garlic,Protein 23.5g Calories 601.3,"Preheat the oven and prepare a baking dish or sheet pan. Mix or assemble the ingredients in the dish. Bake until cooked through and lightly browned. Rest briefly, then slice or serve.",Lunch Dinner,,Oven,Bake,23.5,601.3,29.6,1.4,15,25,16.8,Main Dish,"['Lunch', 'Dinner']","['Vegan', 'Vegetarian', 'Pescatarian']",[],"['没有Oven', '没有No-Cook']",['Compact Fuel'],['Fresh Run'],['Savory']
Smoky Lentil Soup,lentils onion carrot celery garlic broth,Protein 34.5g Calories 306.9,"Sauté aromatics in a pot until fragrant. Add main ingredients and liquid, then bring to a simmer. Cook until tender, stirring occasionally. Season to taste and serve warm.",Lunch Dinner,,Stove,Simmer,34.5,306.9,17.3,4.3,10,25,14.1,Main Dish,"['Lunch', 'Dinner']",[],[],"['没有Stove', '没有No-Cook']",['Protein High'],"['Quick Fix', 'One-Pot', 'Fresh Run', 'Meal Prep']","['Savory', 'Warm & Soupy']"
Herb Veggie Stir-Fry (Variation 2),,Protein 27.7g Calories 383.2,"Season the main ingredient with salt, pepper, and aromatics. Heat a grill pan or skillet until hot. Cook on both sides until done. Rest briefly, then serve.",Breakfast,,Stove,Grill,27.7,383.2,7.1,2.0,10,15,20.4,Breakfast,['Breakfast'],[],[],"['没有Stove', '没有No-Cook']",['Keto Friendly'],"['Quick Fix', 'Fresh Run']","['Savory', 'Comfort Food']"
Classic Lamb Chops,,Protein 31.1g Calories 404.4,"Prep and season the ingredients. Cook using the chosen method until done. Taste, adjust seasoning, and serve.",Lunch Dinner,,Stove,Cook,31.1,404.4,5.7,1.3,10,20,20.1,Main Dish,"['Lunch', 'Dinner']",[],[],"['没有Stove', '没有No-Cook']","['Protein High', 'Keto Friendly']","['Quick Fix', 'Fresh Run']","['Savory', 'Comfort Food']"
Honey Mustard Lamb Roast,,Protein 48.4g Calories 699.4,"Preheat the oven and prepare a baking dish or sheet pan. Mix or assemble the ingredients in the dish. Bake until cooked through and lightly browned. Rest briefly, then slice or serve.",Lunch Dinner,,Oven,Bake,48.4,699.4,36.5,2.6,15,25,21.8,Main Dish,"['Lunch', 'Dinner']",[],[],"['没有Oven', '没有No-Cook']","['Protein High', 'Compact Fuel']",['Fresh Run'],"['Savory', 'Sour', 'Comfort Food']"
Spicy Pork Chops,pork salt pepper onion garlic,Protein 51.2g Calories 518.2,"Prep and season the ingredients. Cook using the chosen method until done. Taste, adjust seasoning, and serve.",Lunch Dinner,,Stove,Cook,51.2,518.2,37.7,4.7,10,20,22.8,Main Dish,"['Lunch', 'Dinner']","['Vegan', 'Vegetarian', 'Pescatarian', 'Halal', 'Kosher']",[],"['没有Stove', '没有No-Cook']","['Protein High', 'Compact Fuel', 'Stable Energy']","['Quick Fix', 'Fresh Run']","['Savory', 'Spicy', 'Comfort Food']"
Classic Veggie Stir-Fry (Variation 2),,Protein 22.7g Calories 283.7,"Season the main ingredient with salt, pepper, and aromatics. Heat a grill pan or skillet until hot. Cook on both sides until done. Rest briefly, then serve.",Breakfast,,Stove,Grill,22.7,283.7,4.4,2.3,10,15,17.3,Breakfast,['Breakfast'],[],[],"['没有Stove', '没有No-Cook']","['Protein High', 'Keto Friendly']","['Quick Fix', 'Fresh Run']",['Savory']
Creamy Salmon Cutlets,fish lemon olive oil salt pepper,Protein 47.5g Calories 509.4,"Prep and season the ingredients. Cook using the chosen method until done. Taste, adjust seasoning, and serve.",Lunch Dinner,,Stove,Cook,47.5,509.4,12.0,4.8,10,20,23.6,Main Dish,"['Lunch', 'Dinner']","['Vegan', 'Vegetarian']",[],"['没有Stove', '没有No-Cook']","['Protein High', 'Compact Fuel']","['Quick Fix', 'Fresh Run']","['Savory', 'Sour', 'Creamy', 'Comfort Food', 'Date Night']"
Spicy Tuna Casserole,fish lemon olive oil salt pepper,Protein 30.4g Calories 791.0,"Prep and season the ingredients. Cook using the chosen method until done. Taste, adjust seasoning, and serve.",Lunch Dinner,,Stove,Cook,30.4,791.0,93.7,3.7,10,20,20.9,Complete Meal,"['Lunch', 'Dinner']","['Vegan', 'Vegetarian']",[],"['没有Stove', '没有No-Cook']","['Protein High', 'Compact Fuel']","['Quick Fix', 'Fresh Run']","['Savory', 'Spicy', 'Sour', 'Comfort Food']"
Smoky Lentil Soup (Variation 2),lentils onion carrot celery garlic broth,Protein 17.3g Calories 317.1,"Sauté aromatics in a pot until fragrant. Add main ingredients and liquid, then bring to a simmer. Cook until tender, stirring occasionally. Season to taste and serve warm.",Lunch Dinner,,Stove,Simmer,17.3,317.1,40.9,8.8,10,25,20.8,Main Dish,"['Lunch', 'Dinner']",[],[],"['没有Stove', '没有No-Cook']","['Volume Eater', 'Stable Energy']","['Quick Fix', 'One-Pot', 'Fresh Run', 'Meal Prep']","['Savory', 'Warm & Soupy', 'Comfort Food']"
Classic Turkey Meatballs,ground turkey onion garlic salt pepper,Protein 43.7g Calories 729.4,"Prep and season the ingredients. Cook using the chosen method until done. Taste, adjust seasoning, and serve.",Lunch Dinner,,Stove,Cook,43.7,729.4,7.6,4.0,10,20,25.2,Main Dish,"['Lunch', 'Dinner']","['Vegan', 'Vegetarian', 'Pescatarian']",[],"['没有Stove', '没有No-Cook']","['Protein High', 'Keto Friendly', 'Compact Fuel']","['Quick Fix', 'Fresh Run']","['Savory', 'Comfort Food']"
Herb Tofu Bowl,tofu soy sauce garlic ginger sesame oil,Protein 44.9g Calories 395.3,"Prep and season the ingredients. Cook using the chosen method until done. Taste, adjust seasoning, and serve.",Lunch Dinner,,Stove,Cook,44.9,395.3,29.0,2.9,10,20,20.3,Complete Meal,"['Lunch', 'Dinner']",[],[],"['没有Stove', '没有No-Cook']",['Protein High'],"['Quick Fix', 'Fresh Run']","['Savory', 'Comfort Food']"
Lemon Garlic Lentil Soup (Variation 2),lentils onion carrot celery garlic broth,Protein 20.7g Calories 567.8,"Sauté aromatics in a pot until fragrant. Add main ingredients and liquid, then bring to a simmer. Cook until tender, stirring occasionally. Season to taste and serve warm.",Lunch Dinner,,Stove,Simmer,20.7,567.8,53.3,9.5,10,25,6.2,Main Dish,"['Lunch', 'Dinner']",[],[],"['没有Stove', '没有No-Cook']","['Volume Eater', 'Compact Fuel', 'Stable Energy']","['Quick Fix', 'One-Pot', 'Fresh Run', 'Meal Prep']","['Savory', 'Sour', 'Warm & Soupy', 'Comfort Food']"
Creamy Shrimp Bowl,shrimp garlic olive oil salt pepper lemon,Protein 25.5g Calories 704.8,"Prep and season the ingredients. Cook using the chosen method until done. Taste, adjust seasoning, and serve.",Lunch Dinner,Shellfish,Stove,Cook,25.5,704.8,40.0,1.5,10,20,18.5,Complete Meal,"['Lunch', 'Dinner']","['Vegan', 'Vegetarian', 'Kosher']",['Contains Shellfish'],"['没有Stove', '没有No-Cook']",['Compact Fuel'],"['Quick Fix', 'Fresh Run']","['Savory', 'Sour', 'Creamy']"
Grilled Turkey Skewers,ground turkey onion garlic salt pepper,Protein 28.1g Calories 561.8,"Season the main ingredient with salt, pepper, and aromatics. Heat a grill pan or skillet until hot. Cook on both sides until done. Rest briefly, then serve.",Lunch Dinner,,Stove,Grill,28.1,561.8,36.6,4.7,10,15,20.1,Main Dish,"['Lunch', 'Dinner']","['Vegan', 'Vegetarian', 'Pescatarian']",[],"['没有Stove', '没有No-Cook']","['Compact Fuel', 'Stable Energy']","['Quick Fix', 'Fresh Run']","['Savory', 'Comfort Food']"
Baked Pork Meatballs,pork salt pepper onion garlic,Protein 38.0g Calories 472.3,"Preheat the oven and prepare a baking dish or sheet pan. Mix or assemble the ingredients in the dish. Bake until cooked through and lightly browned. Rest briefly, then slice or serve.",Lunch Dinner,,Oven,Bake,38.0,472.3,14.4,3.1,15,25,13.8,Main Dish,"['Lunch', 'Dinner']","['Vegan', 'Vegetarian', 'Pescatarian', 'Halal', 'Kosher']",[],"['没有Oven', '没有No-Cook']",['Protein High'],['Fresh Run'],['Savory']
Classic Tofu Bowl,tofu soy sauce garlic ginger sesame oil,Protein 25.0g Calories 518.9,"Prep and season the ingredients. Cook using the chosen method until done. Taste, adjust seasoning, and serve.",Lunch Dinner,,Stove,Cook,25.0,518.9,39.3,5.0,10,20,18.3,Complete Meal,"['Lunch', 'Dinner']",[],[],"['没有Stove', '没有No-Cook']","['Compact Fuel', 'Stable Energy']","['Quick Fix', 'Fresh Run']",['Savory']
Grilled Cod Chops,fish lemon olive oil salt pepper,Protein 33.1g Calories 685.7,"Season the main ingredient with salt, pepper, and aromatics. Heat a grill pan or skillet until hot. Cook on both sides until done. Rest briefly, then serve.",Lunch Dinner,,Stove,Grill,33.1,685.7,16.6,1.3,10,15,20.4,Main Dish,"['Lunch', 'Dinner']","['Vegan', 'Vegetarian']",[],"['没有Stove', '没有No-Cook']","['Protein High', 'Compact Fuel']","['Quick Fix', 'Fresh Run']","['Savory', 'Sour', 'Comfort Food']"
Creamy Shrimp Cutlets,shrimp garlic olive oil salt pepper lemon,Protein 29.8g Calories 378.4,"Prep and season the ingredients. Cook using the chosen method until done. Taste, adjust seasoning, and serve.",Lunch Dinner,Shellfish,Stove,Cook,29.8,378.4,37.4,2.5,10,20,20.7,Main Dish,"['Lunch', 'Dinner']","['Vegan', 'Vegetarian', 'Kosher']",['Contains Shellfish'],"['没有Stove', '没有No-Cook']",['Protein High'],"['Quick Fix', 'Fresh Run']","['Savory', 'Sour', 'Creamy', 'Comfort Food']"
Creamy Mushroom Risotto,,Protein 33.4g Calories 451.9,Gather and measure all ingredients. Preheat and set up your workstation. Prepare the main component carefully. Prep the sauce or mixture separately. Combine components in the correct order. Cook while monitoring temperature and texture. Adjust seasoning in small increments. Rest the dish to set flavors and structure. Plate neatly and serve immediately.,Lunch Dinner,,Stove,Cook,33.4,451.9,33.3,3.9,10,20,19.0,Main Dish,"['Lunch', 'Dinner']",[],[],"['没有Stove', '没有No-Cook']","['Protein High', 'Stable Energy']","['Quick Fix', 'Focus Required', 'Fresh Run']","['Savory', 'Creamy', 'Date Night']"
Lemon Garlic Black Bean Bowl (Variation 2),,Protein 29.7g Calories 593.9,"Prep and season the ingredients. Cook using the chosen method until done. Taste, adjust seasoning, and serve.",Lunch Dinner,,Stove,Cook,29.7,593.9,32.9,3.9,10,20,29.3,Complete Meal,"['Lunch', 'Dinner']",[],[],"['没有Stove', '没有No-Cook']","['Compact Fuel', 'Stable Energy']","['Quick Fix', 'Fresh Run']","['Savory', 'Sour', 'Comfort Food']"
Spicy Lentil Soup (Variation 2),lentils onion carrot celery garlic broth,Protein 16.4g Calories 416.2,"Sauté aromatics in a pot until fragrant. Add main ingredients and liquid, then bring to a simmer. Cook until tender, stirring occasionally. Season to taste and serve warm.",Lunch Dinner,,Stove,Simmer,16.4,416.2,46.8,7.8,10,25,8.7,Main Dish,"['Lunch', 'Dinner']",[],[],"['没有Stove', '没有No-Cook']",['Stable Energy'],"['Quick Fix', 'One-Pot', 'Fresh Run', 'Meal Prep']","['Savory', 'Spicy', 'Warm & Soupy', 'Comfort Food']"
Smoky Black Bean Bowl (Variation 2),,Protein 49.5g Calories 515.3,"Prep and season the ingredients. Cook using the chosen method until done. Taste, adjust seasoning, and serve.",Lunch Dinner,,Stove,Cook,49.5,515.3,21.7,0.4,10,20,22.1,Complete Meal,"['Lunch', 'Dinner']",[],[],"['没有Stove', '没有No-Cook']","['Protein High', 'Compact Fuel']","['Quick Fix', 'Fresh Run']","['Savory', 'Comfort Food']"
Herb Pork Skewers,pork salt pepper onion garlic,Protein 47.4g Calories 333.5,"Prep and season the ingredients. Cook using the chosen method until done. Taste, adjust seasoning, and serve.",Lunch Dinner,,Stove,Cook,47.4,333.5,37.8,4.6,10,20,22.7,Main Dish,"['Lunch', 'Dinner']","['Vegan', 'Vegetarian', 'Pescatarian', 'Halal', 'Kosher']",[],"['没有Stove', '没有No-Cook']","['Protein High', 'Stable Energy']","['Quick Fix', 'Fresh Run']","['Savory', 'Comfort Food']"
Smoky Black Bean Bowl (Variation 3),,Protein 47.3g Calories 529.3,"Prep and season the ingredients. Cook using the chosen method until done. Taste, adjust seasoning, and serve.",Lunch Dinner,,Stove,Cook,47.3,529.3,9.3,0.1,10,20,23.6,Complete Meal,"['Lunch', 'Dinner']",[],[],"['没有Stove', '没有No-Cook']","['Protein High', 'Keto Friendly', 'Compact Fuel']","['Quick Fix', 'Fresh Run']","['Savory', 'Comfort Food']"
Baked Salmon Skewers,fish lemon olive oil salt pepper,Protein 42.0g Calories 567.1,"Preheat the oven and prepare a baking dish or sheet pan. Mix or assemble the ingredients in the dish. Bake until cooked through and lightly browned. Rest briefly, then slice or serve.",Lunch Dinner,,Oven,Bake,42.0,567.1,24.7,2.9,15,25,18.6,Main Dish,"['Lunch', 'Dinner']","['Vegan', 'Vegetarian']",[],"['没有Oven', '没有No-Cook']","['Protein High', 'Compact Fuel']",['Fresh Run'],"['Savory', 'Sour', 'Date Night']"
Grilled Chicken Meatballs,chicken breast olive oil salt pepper garlic,Protein 38.5g Calories 386.9,"Season the main ingredient with salt, pepper, and aromatics. Heat a grill pan or skillet until hot. Cook on both sides until done. Rest briefly, then serve.",Lunch Dinner,,Stove,Grill,38.5,386.9,0.5,1.6,10,15,31.6,Main Dish,"['Lunch', 'Dinner']","['Vegan', 'Vegetarian', 'Pescatarian']",[],"['没有Stove', '没有No-Cook']","['Protein High', 'Keto Friendly']","['Quick Fix', 'Fresh Run']","['Savory', 'Comfort Food']"
Spicy Pork Skewers,pork salt pepper onion garlic,Protein 42.2g Calories 645.3,"Prep and season the ingredients. Cook using the chosen method until done. Taste, adjust seasoning, and serve.",Lunch Dinner,,Stove,Cook,42.2,645.3,32.2,0.6,10,20,28.0,Main Dish,"['Lunch', 'Dinner']","['Vegan', 'Vegetarian', 'Pescatarian', 'Halal', 'Kosher']",[],"['没有Stove', '没有No-Cook']","['Protein High', 'Compact Fuel']","['Quick Fix', 'Fresh Run']","['Savory', 'Spicy', 'Comfort Food']"
Baked Veggie Stir-Fry,,Protein 18.4g Calories 239.3,"Preheat the oven and prepare a baking dish or sheet pan. Mix or assemble the ingredients in the dish. Bake until cooked through and lightly browned. Rest briefly, then slice or serve.",Breakfast,,Oven,Bake,18.4,239.3,5.1,2.4,15,25,19.4,Breakfast,['Breakfast'],[],[],"['没有Oven', '没有No-Cook']","['Protein High', 'Keto Friendly']",['Fresh Run'],['Savory']
Roasted Lamb Chops (Variation 2),,Protein 33.9g Calories 426.9,"Preheat the oven and prepare a baking dish or sheet pan. Mix or assemble the ingredients in the dish. Bake until cooked through and lightly browned. Rest briefly, then slice or serve.",Lunch Dinner,,Oven,Bake,33.9,426.9,14.9,3.4,15,25,16.9,Main Dish,"['Lunch', 'Dinner']",[],[],"['没有Oven', '没有No-Cook']",['Protein High'],['Fresh Run'],['Savory']
Grilled Lamb Steak,beef olive oil salt pepper garlic,Protein 28.8g Calories 716.1,"Season the main ingredient with salt, pepper, and aromatics. Heat a grill pan or skillet until hot. Cook on both sides until done. Rest briefly, then serve.",Lunch Dinner,,Stove,Grill,28.8,716.1,27.4,3.9,10,15,26.7,Main Dish,"['Lunch', 'Dinner']","['Vegan', 'Vegetarian', 'Pescatarian']",[],"['没有Stove', '没有No-Cook']",['Compact Fuel'],"['Quick Fix', 'Fresh Run']","['Savory', 'Comfort Food', 'Date Night']"
Lemon Garlic Salmon Casserole,fish lemon olive oil salt pepper,Protein 34.7g Calories 771.8,"Prep and season the ingredients. Cook using the chosen method until done. Taste, adjust seasoning, and serve.",Lunch Dinner,,Stove,Cook,34.7,771.8,58.7,5.8,10,20,18.1,Complete Meal,"['Lunch', 'Dinner']","['Vegan', 'Vegetarian']",[],"['没有Stove', '没有No-Cook']","['Protein High', 'Compact Fuel']","['Quick Fix', 'Fresh Run']","['Savory', 'Sour', 'Comfort Food', 'Date Night']"
Baked Tuna Cutlets,fish lemon olive oil salt pepper,Protein 22.3g Calories 606.3,"Preheat the oven and prepare a baking dish or sheet pan. Mix or assemble the ingredients in the dish. Bake until cooked through and lightly browned. Rest briefly, then slice or serve.",Lunch Dinner,,Oven,Bake,22.3,606.3,6.9,2.6,15,25,28.3,Main Dish,"['Lunch', 'Dinner']","['Vegan', 'Vegetarian']",[],"['没有Oven', '没有No-Cook']","['Keto Friendly', 'Compact Fuel']",['Fresh Run'],"['Savory', 'Sour', 'Comfort Food']"
Honey Mustard Chickpea Stew (Variation 3),chickpeas olive oil garlic lemon salt pepper onion broth,Protein 14.5g Calories 563.2,"Sauté aromatics in a pot until fragrant. Add main ingredients and liquid, then bring to a simmer. Cook until tender, stirring occasionally. Season to taste and serve warm.",Lunch Dinner,,Stove,Simmer,14.5,563.2,36.1,3.7,15,60,6.7,Complete Meal,"['Lunch', 'Dinner']",[],[],"['没有Stove', '没有No-Cook']","['Compact Fuel', 'Stable Energy']","['Slow Burn', 'One-Pot', 'Fresh Run', 'Meal Prep']","['Savory', 'Sour', 'Warm & Soupy', 'Sick Day']"
Honey Mustard Beef Breast,beef olive oil salt pepper garlic,Protein 48.6g Calories 667.2,"Prep and season the ingredients. Cook using the chosen method until done. Taste, adjust seasoning, and serve.",Lunch Dinner,,Stove,Cook,48.6,667.2,19.0,0.4,10,20,9.0,Main Dish,"['Lunch', 'Dinner']","['Vegan', 'Vegetarian', 'Pescatarian']",[],"['没有Stove', '没有No-Cook']","['Protein High', 'Compact Fuel']","['Quick Fix', 'Fresh Run']","['Savory', 'Sour']"
Classic Pork Stir-Fry,pork salt pepper onion garlic,Protein 49.0g Calories 690.2,"Season the main ingredient with salt, pepper, and aromatics. Heat a grill pan or skillet until hot. Cook on both sides until done. Rest briefly, then serve.",Lunch Dinner,,Stove,Grill,49.0,690.2,22.5,5.6,10,15,8.7,Main Dish,"['Lunch', 'Dinner']","['Vegan', 'Vegetarian', 'Pescatarian', 'Halal', 'Kosher']",[],"['没有Stove', '没有No-Cook']","['Protein High', 'Compact Fuel']","['Quick Fix', 'Fresh Run']",['Savory']
Baked Turkey Stir-Fry,ground turkey onion garlic salt pepper,Protein 50.8g Calories 445.8,"Preheat the oven and prepare a baking dish or sheet pan. Mix or assemble the ingredients in the dish. Bake until cooked through and lightly browned. Rest briefly, then slice or serve.",Lunch Dinner,,Oven,Bake,50.8,445.8,23.5,4.3,15,25,24.5,Main Dish,"['Lunch', 'Dinner']","['Vegan', 'Vegetarian', 'Pescatarian']",[],"['没有Oven', '没有No-Cook']",['Protein High'],['Fresh Run'],"['Savory', 'Comfort Food']"
Smoky Chickpea Stew (Variation 2),chickpeas olive oil garlic lemon salt pepper onion broth,Protein 14.0g Calories 379.3,"Sauté aromatics in a pot until fragrant. Add main ingredients and liquid, then bring to a simmer. Cook until tender, stirring occasionally. Season to taste and serve warm.",Lunch Dinner,,Stove,Simmer,14.0,379.3,21.5,8.7,15,60,9.8,Complete Meal,"['Lunch', 'Dinner']",[],[],"['没有Stove', '没有No-Cook']",['Volume Eater'],"['Slow Burn', 'One-Pot', 'Fresh Run', 'Meal Prep']","['Savory', 'Sour', 'Warm & Soupy', 'Sick Day']"
Smoky Lamb Skewers,,Protein 48.9g Calories 475.7,"Prep and season the ingredients. Cook using the chosen method until done. Taste, adjust seasoning, and serve.",Lunch Dinner,,Stove,Cook,48.9,475.7,13.3,0.8,10,20,24.6,Main Dish,"['Lunch', 'Dinner']",[],[],"['没有Stove', '没有No-Cook']",['Protein High'],"['Quick Fix', 'Fresh Run']","['Savory', 'Comfort Food']"
Honey Mustard Beef Breast (Variation 2),beef olive oil salt pepper garlic,Protein 43.7g Calories 715.4,"Prep and season the ingredients. Cook using the chosen method until done. Taste, adjust seasoning, and serve.",Lunch Dinner,,Stove,Cook,43.7,715.4,20.0,0.3,10,20,29.4,Main Dish,"['Lunch', 'Dinner']","['Vegan', 'Vegetarian', 'Pescatarian']",[],"['没有Stove', '没有No-Cook']","['Protein High', 'Compact Fuel']","['Quick Fix', 'Fresh Run']","['Savory', 'Sour', 'Comfort Food']"
Lemon Garlic Shrimp Chops,shrimp garlic olive oil salt pepper lemon,Protein 47.2g Calories 494.8,"Prep and season the ingredients. Cook using the chosen method until done. Taste, adjust seasoning, and serve.",Lunch Dinner,Shellfish,Stove,Cook,47.2,494.8,13.6,5.7,10,20,24.9,Main Dish,"['Lunch', 'Dinner']","['Vegan', 'Vegetarian', 'Kosher']",['Contains Shellfish'],"['没有Stove', '没有No-Cook']",['Protein High'],"['Quick Fix', 'Fresh Run']","['Savory', 'Sour', 'Comfort Food']"
Herb Veggie Stir-Fry (Variation 3),,Protein 28.4g Calories 299.3,"Season the main ingredient with salt, pepper, and aromatics. Heat a grill pan or skillet until hot. Cook on both sides until done. Rest briefly, then serve.",Breakfast,,Stove,Grill,28.4,299.3,2.5,3.0,10,15,15.8,Breakfast,['Breakfast'],[],[],"['没有Stove', '没有No-Cook']","['Protein High', 'Keto Friendly']","['Quick Fix', 'Fresh Run']",['Savory']
Classic Cod Chops (Variation 2),fish lemon olive oil salt pepper,Protein 32.7g Calories 516.2,"Prep and season the ingredients. Cook using the chosen method until done. Taste, adjust seasoning, and serve.",Lunch Dinner,,Stove,Cook,32.7,516.2,37.6,4.1,10,20,17.5,Main Dish,"['Lunch', 'Dinner']","['Vegan', 'Vegetarian']",[],"['没有Stove', '没有No-Cook']","['Protein High', 'Compact Fuel', 'Stable Energy']","['Quick Fix', 'Fresh Run']","['Savory', 'Sour']"
Lemon Garlic Lamb Steak,beef olive oil salt pepper garlic,Protein 24.6g Calories 584.3,"Prep and season the ingredients. Cook using the chosen method until done. Taste, adjust seasoning, and serve.",Lunch Dinner,,Stove,Cook,24.6,584.3,24.7,4.3,10,20,25.6,Main Dish,"['Lunch', 'Dinner']","['Vegan', 'Vegetarian', 'Pescatarian']",[],"['没有Stove', '没有No-Cook']",['Compact Fuel'],"['Quick Fix', 'Fresh Run']","['Savory', 'Sour', 'Comfort Food', 'Date Night']"
Roasted Black Bean Bowl,,Protein 26.6g Calories 352.8,"Preheat the oven and prepare a baking dish or sheet pan. Mix or assemble the ingredients in the dish. Bake until cooked through and lightly browned. Rest briefly, then slice or serve.",Lunch Dinner,,Oven,Bake,26.6,352.8,28.5,4.4,15,25,21.9,Complete Meal,"['Lunch', 'Dinner']",[],[],"['没有Oven', '没有No-Cook']",['Protein High'],['Fresh Run'],"['Savory', 'Comfort Food']"
Baked Tuna Stir-Fry,fish lemon olive oil salt pepper,Protein 25.2g Calories 433.0,"Preheat the oven and prepare a baking dish or sheet pan. Mix or assemble the ingredients in the dish. Bake until cooked through and lightly browned. Rest briefly, then slice or serve.",Lunch Dinner,,Oven,Bake,25.2,433.0,0.2,2.2,15,25,19.6,Main Dish,"['Lunch', 'Dinner']","['Vegan', 'Vegetarian']",[],"['没有Oven', '没有No-Cook']",['Keto Friendly'],['Fresh Run'],"['Savory', 'Sour']"
Baked Veggie Stir-Fry (Variation 2),,Protein 23.2g Calories 257.5,"Preheat the oven and prepare a baking dish or sheet pan. Mix or assemble the ingredients in the dish. Bake until cooked through and lightly browned. Rest briefly, then slice or serve.",Breakfast,,Oven,Bake,23.2,257.5,10.9,0.1,15,25,17.7,Breakfast,['Breakfast'],[],[],"['没有Oven', '没有No-Cook']",['Protein High'],['Fresh Run'],['Savory']
Grilled Lamb Steak (Variation 2),beef olive oil salt pepper garlic,Protein 24.8g Calories 461.6,"Season the main ingredient with salt, pepper, and aromatics. Heat a grill pan or skillet until hot. Cook on both sides until done. Rest briefly, then serve.",Lunch Dinner,,Stove,Grill,24.8,461.6,23.9,2.3,10,15,15.1,Main Dish,"['Lunch', 'Dinner']","['Vegan', 'Vegetarian', 'Pescatarian']",[],"['没有Stove', '没有No-Cook']",['Stable Energy'],"['Quick Fix', 'Fresh Run']","['Savory', 'Date Night']"
Roasted Lamb Meatballs,,Protein 33.6g Calories 608.8,"Preheat the oven and prepare a baking dish or sheet pan. Mix or assemble the ingredients in the dish. Bake until cooked through and lightly browned. Rest briefly, then slice or serve.",Lunch Dinner,,Oven,Bake,33.6,608.8,3.4,5.4,15,25,31.6,Main Dish,"['Lunch', 'Dinner']",[],[],"['没有Oven', '没有No-Cook']","['Protein High', 'Keto Friendly', 'Compact Fuel']",['Fresh Run'],"['Savory', 'Comfort Food']"
Honey Mustard Black Bean Bowl (Variation 2),,Protein 33.4g Calories 553.9,"Prep and season the ingredients. Cook using the chosen method until done. Taste, adjust seasoning, and serve.",Lunch Dinner,,Microwave,Microwave,33.4,553.9,5.6,3.0,5,6,16.1,Complete Meal,"['Lunch', 'Dinner']",[],[],"['没有Microwave', '没有No-Cook']","['Protein High', 'Keto Friendly', 'Compact Fuel']","['Microwave-Only', 'Lightning', 'Brainless', 'Fresh Run', 'Portable']","['Savory', 'Sour']"
Roasted Lentil Soup,lentils onion carrot celery garlic broth,Protein 24.6g Calories 388.4,"Preheat the oven and prepare a baking dish or sheet pan. Mix or assemble the ingredients in the dish. Bake until cooked through and lightly browned. Rest briefly, then slice or serve.",Lunch Dinner,,Oven,Bake,24.6,388.4,18.1,4.0,15,25,10.0,Main Dish,"['Lunch', 'Dinner']",[],[],"['没有Oven', '没有No-Cook']",['Stable Energy'],['Fresh Run'],"['Savory', 'Warm & Soupy']"
Roasted Turkey Meatballs,ground turkey onion garlic salt pepper,Protein 39.8g Calories 512.9,"Preheat the oven and prepare a baking dish or sheet pan. Mix or assemble the ingredients in the dish. Bake until cooked through and lightly browned. Rest briefly, then slice or serve.",Lunch Dinner,,Oven,Bake,39.8,512.9,7.8,1.8,15,25,31.1,Main Dish,"['Lunch', 'Dinner']","['Vegan', 'Vegetarian', 'Pescatarian']",[],"['没有Oven', '没有No-Cook']","['Protein High', 'Keto Friendly', 'Compact Fuel']",['Fresh Run'],"['Savory', 'Comfort Food']"
Honey Mustard Salmon Roast,fish lemon olive oil salt pepper,Protein 46.1g Calories 568.1,"Preheat the oven and prepare a baking dish or sheet pan. Mix or assemble the ingredients in the dish. Bake until cooked through and lightly browned. Rest briefly, then slice or serve.",Lunch Dinner,,Oven,Bake,46.1,568.1,13.2,4.9,15,25,15.4,Main Dish,"['Lunch', 'Dinner']","['Vegan', 'Vegetarian']",[],"['没有Oven', '没有No-Cook']","['Protein High', 'Compact Fuel']",['Fresh Run'],"['Savory', 'Sour', 'Date Night']"
Creamy Cod Cutlets,fish lemon olive oil salt pepper,Protein 51.2g Calories 505.7,"Prep and season the ingredients. Cook using the chosen method until done. Taste, adjust seasoning, and serve.",Lunch Dinner,,Stove,Cook,51.2,505.7,5.4,5.7,10,20,18.4,Main Dish,"['Lunch', 'Dinner']","['Vegan', 'Vegetarian']",[],"['没有Stove', '没有No-Cook']","['Protein High', 'Keto Friendly', 'Compact Fuel']","['Quick Fix', 'Fresh Run']","['Savory', 'Sour', 'Creamy']"
Herb Beef Chops,beef olive oil salt pepper garlic,Protein 51.1g Calories 705.8,"Prep and season the ingredients. Cook using the chosen method until done. Taste, adjust seasoning, and serve.",Lunch Dinner,,Stove,Cook,51.1,705.8,11.7,2.9,10,20,23.3,Main Dish,"['Lunch', 'Dinner']","['Vegan', 'Vegetarian', 'Pescatarian']",[],"['没有Stove', '没有No-Cook']","['Protein High', 'Compact Fuel']","['Quick Fix', 'Fresh Run']","['Savory', 'Comfort Food']"
Smoky Mushroom Risotto (Variation 2),,Protein 33.3g Calories 417.0,Gather and measure all ingredients. Preheat and set up your workstation. Prepare the main component carefully. Prep the sauce or mixture separately. Combine components in the correct order. Cook while monitoring temperature and texture. Adjust seasoning in small increments. Rest the dish to set flavors and structure. Plate neatly and serve immediately.,Lunch Dinner,,Stove,Cook,33.3,417.0,32.7,0.7,10,20,16.6,Main Dish,"['Lunch', 'Dinner']",[],[],"['没有Stove', '没有No-Cook']",['Protein High'],"['Quick Fix', 'Focus Required', 'Fresh Run']","['Savory', 'Creamy', 'Date Night']"
Honey Mustard Turkey Skewers,ground turkey onion garlic salt pepper,Protein 39.8g Calories 545.5,"Prep and season the ingredients. Cook using the chosen method until done. Taste, adjust seasoning, and serve.",Lunch Dinner,,Stove,Cook,39.8,545.5,21.8,3.3,10,20,23.0,Main Dish,"['Lunch', 'Dinner']","['Vegan', 'Vegetarian', 'Pescatarian']",[],"['没有Stove', '没有No-Cook']","['Protein High', 'Compact Fuel']","['Quick Fix', 'Fresh Run']","['Savory', 'Sour', 'Comfort Food']"
Smoky Tuna Casserole,fish lemon olive oil salt pepper,Protein 28.2g Calories 804.0,"Prep and season the ingredients. Cook using the chosen method until done. Taste, adjust seasoning, and serve.",Lunch Dinner,,Stove,Cook,28.2,804.0,83.3,4.5,10,20,19.0,Complete Meal,"['Lunch', 'Dinner']","['Vegan', 'Vegetarian']",[],"['没有Stove', '没有No-Cook']",['Compact Fuel'],"['Quick Fix', 'Fresh Run']","['Savory', 'Sour', 'Comfort Food']"
Roasted Shrimp Breast,shrimp garlic olive oil salt pepper lemon,Protein 46.6g Calories 597.1,"Preheat the oven and prepare a baking dish or sheet pan. Mix or assemble the ingredients in the dish. Bake until cooked through and lightly browned. Rest briefly, then slice or serve.",Lunch Dinner,Shellfish,Oven,Bake,46.6,597.1,31.8,3.0,15,25,17.0,Main Dish,"['Lunch', 'Dinner']","['Vegan', 'Vegetarian', 'Kosher']",['Contains Shellfish'],"['没有Oven', '没有No-Cook']","['Protein High', 'Compact Fuel', 'Stable Energy']",['Fresh Run'],"['Savory', 'Sour']"
Honey Mustard Shrimp Skewers,shrimp garlic olive oil salt pepper lemon,Protein 29.3g Calories 573.3,"Prep and season the ingredients. Cook using the chosen method until done. Taste, adjust seasoning, and serve.",Lunch Dinner,Shellfish,Stove,Cook,29.3,573.3,26.3,4.7,10,20,23.7,Main Dish,"['Lunch', 'Dinner']","['Vegan', 'Vegetarian', 'Kosher']",['Contains Shellfish'],"['没有Stove', '没有No-Cook']",['Compact Fuel'],"['Quick Fix', 'Fresh Run']","['Savory', 'Sour', 'Comfort Food']"
Baked Black Bean Bowl,,Protein 51.7g Calories 349.6,"Preheat the oven and prepare a baking dish or sheet pan. Mix or assemble the ingredients in the dish. Bake until cooked through and lightly browned. Rest briefly, then slice or serve.",Lunch Dinner,,Oven,Bake,51.7,349.6,19.2,3.0,15,25,16.8,Complete Meal,"['Lunch', 'Dinner']",[],[],"['没有Oven', '没有No-Cook']",['Protein High'],['Fresh Run'],['Savory']
Smoky Lamb Breast,,Protein 42.8g Calories 688.2,"Prep and season the ingredients. Cook using the chosen method until done. Taste, adjust seasoning, and serve.",Lunch Dinner,,Stove,Cook,42.8,688.2,21.7,2.2,10,20,25.4,Main Dish,"['Lunch', 'Dinner']",[],[],"['没有Stove', '没有No-Cook']","['Protein High', 'Compact Fuel']","['Quick Fix', 'Fresh Run']","['Savory', 'Comfort Food']"
Creamy Salmon Skewers,fish lemon olive oil salt pepper,Protein 38.1g Calories 678.2,"Prep and season the ingredients. Cook using the chosen method until done. Taste, adjust seasoning, and serve.",Lunch Dinner,,Stove,Cook,38.1,678.2,25.5,4.6,10,20,9.9,Main Dish,"['Lunch', 'Dinner']","['Vegan', 'Vegetarian']",[],"['没有Stove', '没有No-Cook']","['Protein High', 'Compact Fuel']","['Quick Fix', 'Fresh Run']","['Savory', 'Sour', 'Creamy', 'Date Night']"
Smoky Cod Casserole,fish lemon olive oil salt pepper,Protein 25.8g Calories 703.6,"Prep and season the ingredients. Cook using the chosen method until done. Taste, adjust seasoning, and serve.",Lunch Dinner,,Stove,Cook,25.8,703.6,80.9,7.9,10,20,12.7,Complete Meal,"['Lunch', 'Dinner']","['Vegan', 'Vegetarian']",[],"['没有Stove', '没有No-Cook']",['Compact Fuel'],"['Quick Fix', 'Fresh Run']","['Savory', 'Sour', 'Comfort Food']"
Baked Pork Stir-Fry,pork salt pepper onion garlic,Protein 34.0g Calories 591.0,"Preheat the oven and prepare a baking dish or sheet pan. Mix or assemble the ingredients in the dish. Bake until cooked through and lightly browned. Rest briefly, then slice or serve.",Lunch Dinner,,Oven,Bake,34.0,591.0,30.1,2.6,15,25,29.2,Main Dish,"['Lunch', 'Dinner']","['Vegan', 'Vegetarian', 'Pescatarian', 'Halal', 'Kosher']",[],"['没有Oven', '没有No-Cook']","['Protein High', 'Compact Fuel']",['Fresh Run'],"['Savory', 'Comfort Food']"
Honey Mustard Salmon Skewers (Variation 2),fish lemon olive oil salt pepper,Protein 29.8g Calories 324.2,"Prep and season the ingredients. Cook using the chosen method until done. Taste, adjust seasoning, and serve.",Lunch Dinner,,Stove,Cook,29.8,324.2,20.4,3.5,10,20,19.4,Main Dish,"['Lunch', 'Dinner']","['Vegan', 'Vegetarian']",[],"['没有Stove', '没有No-Cook']",['Protein High'],"['Quick Fix', 'Fresh Run']","['Savory', 'Sour', 'Date Night']"
Roasted Chicken Skewers,chicken breast olive oil salt pepper garlic,Protein 35.4g Calories 550.1,"Preheat the oven and prepare a baking dish or sheet pan. Mix or assemble the ingredients in the dish. Bake until cooked through and lightly browned. Rest briefly, then slice or serve.",Lunch Dinner,,Oven,Bake,35.4,550.1,15.6,3.5,15,25,25.0,Main Dish,"['Lunch', 'Dinner']","['Vegan', 'Vegetarian', 'Pescatarian']",[],"['没有Oven', '没有No-Cook']","['Protein High', 'Compact Fuel']",['Fresh Run'],"['Savory', 'Comfort Food']"
Creamy Mushroom Risotto (Variation 2),,Protein 22.7g Calories 756.3,Gather and measure all ingredients. Preheat and set up your workstation. Prepare the main component carefully. Prep the sauce or mixture separately. Combine components in the correct order. Cook while monitoring temperature and texture. Adjust seasoning in small increments. Rest the dish to set flavors and structure. Plate neatly and serve immediately.,Lunch Dinner,,Stove,Cook,22.7,756.3,4.2,5.8,10,20,17.0,Main Dish,"['Lunch', 'Dinner']",[],[],"['没有Stove', '没有No-Cook']","['Keto Friendly', 'Compact Fuel']","['Quick Fix', 'Focus Required', 'Fresh Run']","['Savory', 'Creamy', 'Date Night']"
Herb Lamb Steak,beef olive oil salt pepper garlic,Protein 31.4g Calories 376.7,"Prep and season the ingredients. Cook using the chosen method until done. Taste, adjust seasoning, and serve.",Lunch Dinner,,Stove,Cook,31.4,376.7,18.2,2.9,10,20,12.6,Main Dish,"['Lunch', 'Dinner']","['Vegan', 'Vegetarian', 'Pescatarian']",[],"['没有Stove', '没有No-Cook']",['Protein High'],"['Quick Fix', 'Fresh Run']","['Savory', 'Date Night']"
Baked Cod Breast,fish lemon olive oil salt pepper,Protein 35.1g Calories 510.5,"Preheat the oven and prepare a baking dish or sheet pan. Mix or assemble the ingredients in the dish. Bake until cooked through and lightly browned. Rest briefly, then slice or serve.",Lunch Dinner,,Oven,Bake,35.1,510.5,27.9,1.8,15,25,15.0,Main Dish,"['Lunch', 'Dinner']","['Vegan', 'Vegetarian']",[],"['没有Oven', '没有No-Cook']","['Protein High', 'Compact Fuel']",['Fresh Run'],"['Savory', 'Sour']"
Smoky Mushroom Risotto (Variation 3),,Protein 47.5g Calories 366.0,"Prep and season the ingredients. Cook using the chosen method until done. Taste, adjust seasoning, and serve.",Lunch Dinner,,Stove,Cook,47.5,366.0,25.9,1.0,10,20,22.9,Main Dish,"['Lunch', 'Dinner']",[],[],"['没有Stove', '没有No-Cook']",['Protein High'],"['Quick Fix', 'Fresh Run']","['Savory', 'Creamy', 'Comfort Food', 'Date Night']"
Classic Turkey Skewers,ground turkey onion garlic salt pepper,Protein 29.3g Calories 472.7,"Prep and season the ingredients. Cook using the chosen method until done. Taste, adjust seasoning, and serve.",Lunch Dinner,,Stove,Cook,29.3,472.7,7.0,3.4,10,20,31.3,Main Dish,"['Lunch', 'Dinner']","['Vegan', 'Vegetarian', 'Pescatarian']",[],"['没有Stove', '没有No-Cook']",['Keto Friendly'],"['Quick Fix', 'Fresh Run']","['Savory', 'Comfort Food']"
Herb Lamb Steak (Variation 2),beef olive oil salt pepper garlic,Protein 27.5g Calories 482.0,"Prep and season the ingredients. Cook using the chosen method until done. Taste, adjust seasoning, and serve.",Lunch Dinner,,Stove,Cook,27.5,482.0,25.6,0.2,10,20,17.5,Main Dish,"['Lunch', 'Dinner']","['Vegan', 'Vegetarian', 'Pescatarian']",[],"['没有Stove', '没有No-Cook']",['Stable Energy'],"['Quick Fix', 'Fresh Run']","['Savory', 'Date Night']"
Classic Salmon Skewers,fish lemon olive oil salt pepper,Protein 27.9g Calories 565.6,"Prep and season the ingredients. Cook using the chosen method until done. Taste, adjust seasoning, and serve.",Lunch Dinner,,Stove,Cook,27.9,565.6,23.7,4.2,10,20,16.6,Main Dish,"['Lunch', 'Dinner']","['Vegan', 'Vegetarian']",[],"['没有Stove', '没有No-Cook']",['Compact Fuel'],"['Quick Fix', 'Fresh Run']","['Savory', 'Sour', 'Date Night']"
Creamy Pork Stir-Fry,pork salt pepper onion garlic,Protein 44.6g Calories 402.3,"Season the main ingredient with salt, pepper, and aromatics. Heat a grill pan or skillet until hot. Cook on both sides until done. Rest briefly, then serve.",Lunch Dinner,,Stove,Grill,44.6,402.3,32.3,0.6,10,15,9.4,Main Dish,"['Lunch', 'Dinner']","['Vegan', 'Vegetarian', 'Pescatarian', 'Halal', 'Kosher']",[],"['没有Stove', '没有No-Cook']",['Protein High'],"['Quick Fix', 'Fresh Run']","['Savory', 'Creamy']"
Creamy Tuna Skewers,fish lemon olive oil salt pepper,Protein 27.6g Calories 668.8,"Prep and season the ingredients. Cook using the chosen method until done. Taste, adjust seasoning, and serve.",Lunch Dinner,,Stove,Cook,27.6,668.8,13.0,1.6,10,20,18.1,Main Dish,"['Lunch', 'Dinner']","['Vegan', 'Vegetarian']",[],"['没有Stove', '没有No-Cook']",['Compact Fuel'],"['Quick Fix', 'Fresh Run']","['Savory', 'Sour', 'Creamy']"
Spicy Shrimp Meatballs,shrimp garlic olive oil salt pepper lemon,Protein 37.8g Calories 665.1,"Prep and season the ingredients. Cook using the chosen method until done. Taste, adjust seasoning, and serve.",Lunch Dinner,Shellfish,Stove,Cook,37.8,665.1,25.6,3.7,10,20,21.1,Main Dish,"['Lunch', 'Dinner']","['Vegan', 'Vegetarian', 'Kosher']",['Contains Shellfish'],"['没有Stove', '没有No-Cook']","['Protein High', 'Compact Fuel']","['Quick Fix', 'Fresh Run']","['Savory', 'Spicy', 'Sour', 'Comfort Food']"
Lemon Garlic Lamb Breast,,Protein 32.4g Calories 554.8,"Prep and season the ingredients. Cook using the chosen method until done. Taste, adjust seasoning, and serve.",Lunch Dinner,,Stove,Cook,32.4,554.8,33.8,4.9,10,20,21.6,Main Dish,"['Lunch', 'Dinner']",[],[],"['没有Stove', '没有No-Cook']","['Protein High', 'Compact Fuel', 'Stable Energy']","['Quick Fix', 'Fresh Run']","['Savory', 'Sour', 'Comfort Food']"
Grilled Chicken Roast,chicken breast olive oil salt pepper garlic,Protein 30.9g Calories 602.4,"Preheat the oven and prepare a baking dish or sheet pan. Mix or assemble the ingredients in the dish. Bake until cooked through and lightly browned. Rest briefly, then slice or serve.",Lunch Dinner,,Oven,Bake,30.9,602.4,24.6,0.8,15,25,9.9,Main Dish,"['Lunch', 'Dinner']","['Vegan', 'Vegetarian', 'Pescatarian']",[],"['没有Oven', '没有No-Cook']","['Protein High', 'Compact Fuel']",['Fresh Run'],['Savory']
Honey Mustard Mushroom Risotto,,Protein 27.5g Calories 442.2,Gather and measure all ingredients. Preheat and set up your workstation. Prepare the main component carefully. Prep the sauce or mixture separately. Combine components in the correct order. Cook while monitoring temperature and texture. Adjust seasoning in small increments. Rest the dish to set flavors and structure. Plate neatly and serve immediately.,Lunch Dinner,,Stove,Cook,27.5,442.2,27.7,2.5,10,20,19.2,Main Dish,"['Lunch', 'Dinner']",[],[],"['没有Stove', '没有No-Cook']",['Stable Energy'],"['Quick Fix', 'Focus Required', 'Fresh Run']","['Savory', 'Sour', 'Creamy', 'Date Night']"
Classic Chicken Chops,chicken breast olive oil salt pepper garlic,Protein 33.5g Calories 780.0,"Prep and season the ingredients. Cook using the chosen method until done. Taste, adjust seasoning, and serve.",Lunch Dinner,,Stove,Cook,33.5,780.0,7.4,4.2,10,20,26.0,Main Dish,"['Lunch', 'Dinner']","['Vegan', 'Vegetarian', 'Pescatarian']",[],"['没有Stove', '没有No-Cook']","['Protein High', 'Keto Friendly', 'Compact Fuel']","['Quick Fix', 'Fresh Run']","['Savory', 'Comfort Food']"
Honey Mustard Chicken Bowl,chicken breast olive oil salt pepper garlic,Protein 36.7g Calories 523.6,"Prep and season the ingredients. Cook using the chosen method until done. Taste, adjust seasoning, and serve.",Lunch Dinner,,Stove,Cook,36.7,523.6,5.6,2.7,10,20,15.9,Complete Meal,"['Lunch', 'Dinner']","['Vegan', 'Vegetarian', 'Pescatarian']",[],"['没有Stove', '没有No-Cook']","['Protein High', 'Keto Friendly', 'Compact Fuel']","['Quick Fix', 'Fresh Run']","['Savory', 'Sour']"
Herb Pork Steak,beef olive oil salt pepper garlic,Protein 26.1g Calories 323.8,"Prep and season the ingredients. Cook using the chosen method until done. Taste, adjust seasoning, and serve.",Lunch Dinner,,Stove,Cook,26.1,323.8,32.6,3.0,10,20,29.2,Main Dish,"['Lunch', 'Dinner']","['Vegan', 'Vegetarian', 'Pescatarian']",[],"['没有Stove', '没有No-Cook']","['Protein High', 'Stable Energy']","['Quick Fix', 'Fresh Run']","['Savory', 'Comfort Food', 'Date Night']"
Roasted Black Bean Bowl (Variation 2),,Protein 42.5g Calories 518.0,"Preheat the oven and prepare a baking dish or sheet pan. Mix or assemble the ingredients in the dish. Bake until cooked through and lightly browned. Rest briefly, then slice or serve.",Lunch Dinner,,Oven,Bake,42.5,518.0,16.6,2.9,15,25,26.5,Complete Meal,"['Lunch', 'Dinner']",[],[],"['没有Oven', '没有No-Cook']","['Protein High', 'Compact Fuel']",['Fresh Run'],"['Savory', 'Comfort Food']"
Honey Mustard Lamb Meatballs,,Protein 22.9g Calories 353.1,"Prep and season the ingredients. Cook using the chosen method until done. Taste, adjust seasoning, and serve.",Lunch Dinner,,Stove,Cook,22.9,353.1,30.4,1.6,10,20,14.4,Main Dish,"['Lunch', 'Dinner']",[],[],"['没有Stove', '没有No-Cook']",['Stable Energy'],"['Quick Fix', 'Fresh Run']","['Savory', 'Sour']"
Creamy Beef Bowl,beef olive oil salt pepper garlic,Protein 27.0g Calories 535.0,"Prep and season the ingredients. Cook using the chosen method until done. Taste, adjust seasoning, and serve.",Lunch Dinner,,Stove,Cook,27.0,535.0,18.3,4.6,10,20,24.3,Complete Meal,"['Lunch', 'Dinner']","['Vegan', 'Vegetarian', 'Pescatarian']",[],"['没有Stove', '没有No-Cook']",['Compact Fuel'],"['Quick Fix', 'Fresh Run']","['Savory', 'Creamy', 'Comfort Food']"
Baked Chickpea Stew,chickpeas olive oil garlic lemon salt pepper onion broth,Protein 14.9g Calories 439.9,"Preheat the oven and prepare a baking dish or sheet pan. Mix or assemble the ingredients in the dish. Bake until cooked through and lightly browned. Rest briefly, then slice or serve.",Lunch Dinner,,Oven,Bake,14.9,439.9,19.6,8.6,15,25,18.4,Complete Meal,"['Lunch', 'Dinner']",[],[],"['没有Oven', '没有No-Cook']",['Volume Eater'],['Fresh Run'],"['Savory', 'Sour', 'Warm & Soupy', 'Sick Day']"
Spicy Turkey Bowl,ground turkey onion garlic salt pepper,Protein 46.7g Calories 421.0,"Prep and season the ingredients. Cook using the chosen method until done. Taste, adjust seasoning, and serve.",Lunch Dinner,,Stove,Cook,46.7,421.0,1.7,3.3,10,20,31.8,Complete Meal,"['Lunch', 'Dinner']","['Vegan', 'Vegetarian', 'Pescatarian']",[],"['没有Stove', '没有No-Cook']","['Protein High', 'Keto Friendly']","['Quick Fix', 'Fresh Run']","['Savory', 'Spicy', 'Comfort Food']"
Classic Salmon Bowl,fish lemon olive oil salt pepper,Protein 44.5g Calories 652.0,"Prep and season the ingredients. Cook using the chosen method until done. Taste, adjust seasoning, and serve.",Lunch Dinner,,Stove,Cook,44.5,652.0,11.9,2.7,10,20,30.0,Complete Meal,"['Lunch', 'Dinner']","['Vegan', 'Vegetarian']",[],"['没有Stove', '没有No-Cook']","['Protein High', 'Compact Fuel']","['Quick Fix', 'Fresh Run']","['Savory', 'Sour', 'Comfort Food', 'Date Night']"
Smoky Shrimp Chops,shrimp garlic olive oil salt pepper lemon,Protein 46.5g Calories 459.4,"Prep and season the ingredients. Cook using the chosen method until done. Taste, adjust seasoning, and serve.",Lunch Dinner,Shellfish,Stove,Cook,46.5,459.4,17.6,4.7,10,20,29.9,Main Dish,"['Lunch', 'Dinner']","['Vegan', 'Vegetarian', 'Kosher']",['Contains Shellfish'],"['没有Stove', '没有No-Cook']",['Protein High'],"['Quick Fix', 'Fresh Run']","['Savory', 'Sour', 'Comfort Food']"
Lemon Garlic Tofu Bowl (Variation 2),tofu soy sauce garlic ginger sesame oil,Protein 46.3g Calories 414.8,"Prep and season the ingredients. Cook using the chosen method until done. Taste, adjust seasoning, and serve.",Lunch Dinner,,Stove,Cook,46.3,414.8,23.5,4.3,10,20,15.7,Complete Meal,"['Lunch', 'Dinner']",[],[],"['没有Stove', '没有No-Cook']",['Protein High'],"['Quick Fix', 'Fresh Run']","['Savory', 'Sour']"
Spicy Tofu Bowl,tofu soy sauce garlic ginger sesame oil,Protein 27.0g Calories 520.3,"Prep and season the ingredients. Cook using the chosen method until done. Taste, adjust seasoning, and serve.",Lunch Dinner,,Stove,Cook,27.0,520.3,5.6,1.2,10,20,16.0,Complete Meal,"['Lunch', 'Dinner']",[],[],"['没有Stove', '没有No-Cook']","['Keto Friendly', 'Compact Fuel']","['Quick Fix', 'Fresh Run']","['Savory', 'Spicy']"
Baked Chicken Roast,chicken breast olive oil salt pepper garlic,Protein 38.2g Calories 432.4,"Preheat the oven and prepare a baking dish or sheet pan. Mix or assemble the ingredients in the dish. Bake until cooked through and lightly browned. Rest briefly, then slice or serve.",Lunch Dinner,,Oven,Bake,38.2,432.4,12.9,1.7,15,25,23.5,Main Dish,"['Lunch', 'Dinner']","['Vegan', 'Vegetarian', 'Pescatarian']",[],"['没有Oven', '没有No-Cook']",['Protein High'],['Fresh Run'],"['Savory', 'Comfort Food']"
Grilled Shrimp Roast,shrimp garlic olive oil salt pepper lemon,Protein 47.7g Calories 426.9,"Preheat the oven and prepare a baking dish or sheet pan. Mix or assemble the ingredients in the dish. Bake until cooked through and lightly browned. Rest briefly, then slice or serve.",Lunch Dinner,Shellfish,Oven,Bake,47.7,426.9,39.4,0.6,15,25,22.9,Main Dish,"['Lunch', 'Dinner']","['Vegan', 'Vegetarian', 'Kosher']",['Contains Shellfish'],"['没有Oven', '没有No-Cook']",['Protein High'],['Fresh Run'],"['Savory', 'Sour', 'Comfort Food']"
Lemon Garlic Cod Roast,fish lemon olive oil salt pepper,Protein 45.6g Calories 705.1,"Preheat the oven and prepare a baking dish or sheet pan. Mix or assemble the ingredients in the dish. Bake until cooked through and lightly browned. Rest briefly, then slice or serve.",Lunch Dinner,,Oven,Bake,45.6,705.1,36.8,5.2,15,25,29.8,Main Dish,"['Lunch', 'Dinner']","['Vegan', 'Vegetarian']",[],"['没有Oven', '没有No-Cook']","['Protein High', 'Compact Fuel']",['Fresh Run'],"['Savory', 'Sour', 'Comfort Food']"
Classic Shrimp Stir-Fry,shrimp garlic olive oil salt pepper lemon,Protein 48.0g Calories 650.5,"Season the main ingredient with salt, pepper, and aromatics. Heat a grill pan or skillet until hot. Cook on both sides until done. Rest briefly, then serve.",Lunch Dinner,Shellfish,Stove,Grill,48.0,650.5,10.0,5.0,10,15,27.9,Main Dish,"['Lunch', 'Dinner']","['Vegan', 'Vegetarian', 'Kosher']",['Contains Shellfish'],"['没有Stove', '没有No-Cook']","['Protein High', 'Compact Fuel']","['Quick Fix', 'Fresh Run']","['Savory', 'Sour', 'Comfort Food']"
Lemon Garlic Shrimp Roast,shrimp garlic olive oil salt pepper lemon,Protein 39.3g Calories 515.8,"Preheat the oven and prepare a baking dish or sheet pan. Mix or assemble the ingredients in the dish. Bake until cooked through and lightly browned. Rest briefly, then slice or serve.",Lunch Dinner,Shellfish,Oven,Bake,39.3,515.8,10.7,2.7,15,25,17.1,Main Dish,"['Lunch', 'Dinner']","['Vegan', 'Vegetarian', 'Kosher']",['Contains Shellfish'],"['没有Oven', '没有No-Cook']","['Protein High', 'Compact Fuel']",['Fresh Run'],"['Savory', 'Sour']"
Roasted Veggie Stir-Fry,,Protein 30.1g Calories 346.7,"Preheat the oven and prepare a baking dish or sheet pan. Mix or assemble the ingredients in the dish. Bake until cooked through and lightly browned. Rest briefly, then slice or serve.",Breakfast,,Oven,Bake,30.1,346.7,3.5,0.8,15,25,19.2,Breakfast,['Breakfast'],[],[],"['没有Oven', '没有No-Cook']","['Protein High', 'Keto Friendly']",['Fresh Run'],['Savory']
Herb Mushroom Risotto,,Protein 50.5g Calories 467.6,"Prep and season the ingredients. Cook using the chosen method until done. Taste, adjust seasoning, and serve.",Lunch Dinner,,Stove,Cook,50.5,467.6,13.1,4.6,10,20,8.1,Main Dish,"['Lunch', 'Dinner']",[],[],"['没有Stove', '没有No-Cook']",['Protein High'],"['Quick Fix', 'Fresh Run']","['Savory', 'Creamy', 'Date Night']"
Spicy Veggie Stir-Fry (Variation 2),,Protein 27.7g Calories 366.5,"Season the main ingredient with salt, pepper, and aromatics. Heat a grill pan or skillet until hot. Cook on both sides until done. Rest briefly, then serve.",Breakfast,,Stove,Grill,27.7,366.5,9.3,1.1,10,15,21.3,Breakfast,['Breakfast'],[],[],"['没有Stove', '没有No-Cook']","['Protein High', 'Keto Friendly']","['Quick Fix', 'Fresh Run']","['Savory', 'Spicy', 'Comfort Food']"
Roasted Shrimp Bowl,shrimp garlic olive oil salt pepper lemon,Protein 38.0g Calories 711.3,"Preheat the oven and prepare a baking dish or sheet pan. Mix or assemble the ingredients in the dish. Bake until cooked through and lightly browned. Rest briefly, then slice or serve.",Lunch Dinner,Shellfish,Oven,Bake,38.0,711.3,8.7,1.3,15,25,19.6,Complete Meal,"['Lunch', 'Dinner']","['Vegan', 'Vegetarian', 'Kosher']",['Contains Shellfish'],"['没有Oven', '没有No-Cook']","['Protein High', 'Keto Friendly', 'Compact Fuel']",['Fresh Run'],"['Savory', 'Sour']"
Spicy Tuna Chops,fish lemon olive oil salt pepper,Protein 39.3g Calories 455.1,"Prep and season the ingredients. Cook using the chosen method until done. Taste, adjust seasoning, and serve.",Lunch Dinner,,Stove,Cook,39.3,455.1,22.6,2.1,10,20,18.7,Main Dish,"['Lunch', 'Dinner']","['Vegan', 'Vegetarian']",[],"['没有Stove', '没有No-Cook']",['Protein High'],"['Quick Fix', 'Fresh Run']","['Savory', 'Spicy', 'Sour']"
Lemon Garlic Salmon Stir-Fry,fish lemon olive oil salt pepper,Protein 23.5g Calories 723.1,"Season the main ingredient with salt, pepper, and aromatics. Heat a grill pan or skillet until hot. Cook on both sides until done. Rest briefly, then serve.",Lunch Dinner,,Stove,Grill,23.5,723.1,4.0,2.8,10,15,17.1,Main Dish,"['Lunch', 'Dinner']","['Vegan', 'Vegetarian']",[],"['没有Stove', '没有No-Cook']","['Keto Friendly', 'Compact Fuel']","['Quick Fix', 'Fresh Run']","['Savory', 'Sour', 'Date Night']"
Honey Mustard Lamb Bowl,,Protein 22.0g Calories 496.5,"Prep and season the ingredients. Cook using the chosen method until done. Taste, adjust seasoning, and serve.",Lunch Dinner,,Stove,Cook,22.0,496.5,38.3,4.1,10,20,12.5,Complete Meal,"['Lunch', 'Dinner']",[],[],"['没有Stove', '没有No-Cook']",['Stable Energy'],"['Quick Fix', 'Fresh Run']","['Savory', 'Sour']"
Baked Lentil Soup,lentils onion carrot celery garlic broth,Protein 28.9g Calories 272.8,"Preheat the oven and prepare a baking dish or sheet pan. Mix or assemble the ingredients in the dish. Bake until cooked through and lightly browned. Rest briefly, then slice or serve.",Lunch Dinner,,Oven,Bake,28.9,272.8,21.4,4.2,15,25,20.9,Main Dish,"['Lunch', 'Dinner']",[],[],"['没有Oven', '没有No-Cook']",['Protein High'],['Fresh Run'],"['Savory', 'Warm & Soupy', 'Comfort Food']"
Classic Lamb Roast,,Protein 29.5g Calories 581.8,"Preheat the oven and prepare a baking dish or sheet pan. Mix or assemble the ingredients in the dish. Bake until cooked through and lightly browned. Rest briefly, then slice or serve.",Lunch Dinner,,Oven,Bake,29.5,581.8,14.9,1.0,15,25,27.9,Main Dish,"['Lunch', 'Dinner']",[],[],"['没有Oven', '没有No-Cook']",['Compact Fuel'],['Fresh Run'],"['Savory', 'Comfort Food']"
Herb Lamb Chops,,Protein 31.2g Calories 478.5,"Prep and season the ingredients. Cook using the chosen method until done. Taste, adjust seasoning, and serve.",Lunch Dinner,,Stove,Cook,31.2,478.5,28.0,3.9,10,20,13.2,Main Dish,"['Lunch', 'Dinner']",[],[],"['没有Stove', '没有No-Cook']",['Protein High'],"['Quick Fix', 'Fresh Run']",['Savory']
Creamy Salmon Roast,fish lemon olive oil salt pepper,Protein 22.0g Calories 601.5,"Preheat the oven and prepare a baking dish or sheet pan. Mix or assemble the ingredients in the dish. Bake until cooked through and lightly browned. Rest briefly, then slice or serve.",Lunch Dinner,,Oven,Bake,22.0,601.5,19.1,1.4,15,25,10.9,Main Dish,"['Lunch', 'Dinner']","['Vegan', 'Vegetarian']",[],"['没有Oven', '没有No-Cook']",['Compact Fuel'],['Fresh Run'],"['Savory', 'Sour', 'Creamy', 'Date Night']"
Spicy Black Bean Bowl (Variation 2),,Protein 22.3g Calories 592.0,"Prep and season the ingredients. Cook using the chosen method until done. Taste, adjust seasoning, and serve.",Lunch Dinner,,Stove,Cook,22.3,592.0,27.8,5.9,10,20,26.0,Complete Meal,"['Lunch', 'Dinner']",[],[],"['没有Stove', '没有No-Cook']",['Compact Fuel'],"['Quick Fix', 'Fresh Run']","['Savory', 'Spicy', 'Comfort Food']"
Classic Cod Chops (Variation 3),fish lemon olive oil salt pepper,Protein 26.0g Calories 505.3,"Prep and season the ingredients. Cook using the chosen method until done. Taste, adjust seasoning, and serve.",Lunch Dinner,,Stove,Cook,26.0,505.3,2.8,4.4,10,20,16.7,Main Dish,"['Lunch', 'Dinner']","['Vegan', 'Vegetarian']",[],"['没有Stove', '没有No-Cook']","['Keto Friendly', 'Compact Fuel']","['Quick Fix', 'Fresh Run']","['Savory', 'Sour']"
Lemon Garlic Pork Skewers,pork salt pepper onion garlic,Protein 26.1g Calories 672.4,"Prep and season the ingredients. Cook using the chosen method until done. Taste, adjust seasoning, and serve.",Lunch Dinner,,Stove,Cook,26.1,672.4,30.9,0.8,10,20,24.6,Main Dish,"['Lunch', 'Dinner']","['Vegan', 'Vegetarian', 'Pescatarian', 'Halal', 'Kosher']",[],"['没有Stove', '没有No-Cook']",['Compact Fuel'],"['Quick Fix', 'Fresh Run']","['Savory', 'Sour', 'Comfort Food']"
Roasted Cod Chops,fish lemon olive oil salt pepper,Protein 26.3g Calories 717.2,"Preheat the oven and prepare a baking dish or sheet pan. Mix or assemble the ingredients in the dish. Bake until cooked through and lightly browned. Rest briefly, then slice or serve.",Lunch Dinner,,Oven,Bake,26.3,717.2,21.2,3.9,15,25,8.2,Main Dish,"['Lunch', 'Dinner']","['Vegan', 'Vegetarian']",[],"['没有Oven', '没有No-Cook']",['Compact Fuel'],['Fresh Run'],"['Savory', 'Sour']"
Roasted Veggie Stir-Fry (Variation 2),,Protein 27.6g Calories 308.0,"Preheat the oven and prepare a baking dish or sheet pan. Mix or assemble the ingredients in the dish. Bake until cooked through and lightly browned. Rest briefly, then slice or serve.",Breakfast,,Oven,Bake,27.6,308.0,12.0,1.2,15,25,14.1,Breakfast,['Breakfast'],[],[],"['没有Oven', '没有No-Cook']",['Protein High'],['Fresh Run'],['Savory']
Classic Turkey Meatballs (Variation 2),ground turkey onion garlic salt pepper,Protein 47.8g Calories 533.6,"Prep and season the ingredients. Cook using the chosen method until done. Taste, adjust seasoning, and serve.",Lunch Dinner,,Stove,Cook,47.8,533.6,3.5,4.5,10,20,25.0,Main Dish,"['Lunch', 'Dinner']","['Vegan', 'Vegetarian', 'Pescatarian']",[],"['没有Stove', '没有No-Cook']","['Protein High', 'Keto Friendly', 'Compact Fuel']","['Quick Fix', 'Fresh Run']","['Savory', 'Comfort Food']"
Honey Mustard Shrimp Chops,shrimp garlic olive oil salt pepper lemon,Protein 31.4g Calories 620.0,"Prep and season the ingredients. Cook using the chosen method until done. Taste, adjust seasoning, and serve.",Lunch Dinner,Shellfish,Stove,Cook,31.4,620.0,5.6,0.5,10,20,24.4,Main Dish,"['Lunch', 'Dinner']","['Vegan', 'Vegetarian', 'Kosher']",['Contains Shellfish'],"['没有Stove', '没有No-Cook']","['Protein High', 'Keto Friendly', 'Compact Fuel']","['Quick Fix', 'Fresh Run']","['Savory', 'Sour', 'Comfort Food']"
Spicy Lentil Soup (Variation 3),lentils onion carrot celery garlic broth,Protein 32.3g Calories 463.0,"Sauté aromatics in a pot until fragrant. Add main ingredients and liquid, then bring to a simmer. Cook until tender, stirring occasionally. Season to taste and serve warm.",Lunch Dinner,,Stove,Simmer,32.3,463.0,42.6,7.3,10,25,19.6,Main Dish,"['Lunch', 'Dinner']",[],[],"['没有Stove', '没有No-Cook']","['Protein High', 'Stable Energy']","['Quick Fix', 'One-Pot', 'Fresh Run', 'Meal Prep']","['Savory', 'Spicy', 'Warm & Soupy', 'Comfort Food']"
Roasted Cod Casserole,fish lemon olive oil salt pepper,Protein 29.4g Calories 582.6,"Preheat the oven and prepare a baking dish or sheet pan. Mix or assemble the ingredients in the dish. Bake until cooked through and lightly browned. Rest briefly, then slice or serve.",Lunch Dinner,,Oven,Bake,29.4,582.6,75.4,4.5,20,45,24.0,Complete Meal,"['Lunch', 'Dinner']","['Vegan', 'Vegetarian']",[],"['没有Oven', '没有No-Cook']",['Compact Fuel'],"['Slow Burn', 'Fresh Run', 'Meal Prep']","['Savory', 'Sour', 'Comfort Food']"
Creamy Shrimp Casserole,shrimp garlic olive oil salt pepper lemon,Protein 37.8g Calories 498.6,"Prep and season the ingredients. Cook using the chosen method until done. Taste, adjust seasoning, and serve.",Lunch Dinner,Shellfish,Stove,Cook,37.8,498.6,93.2,3.6,10,20,19.9,Complete Meal,"['Lunch', 'Dinner']","['Vegan', 'Vegetarian', 'Kosher']",['Contains Shellfish'],"['没有Stove', '没有No-Cook']",['Protein High'],"['Quick Fix', 'Fresh Run']","['Savory', 'Sour', 'Creamy', 'Comfort Food']"
Creamy Tuna Stir-Fry,fish lemon olive oil salt pepper,Protein 39.8g Calories 519.8,"Season the main ingredient with salt, pepper, and aromatics. Heat a grill pan or skillet until hot. Cook on both sides until done. Rest briefly, then serve.",Lunch Dinner,,Stove,Grill,39.8,519.8,21.1,5.9,10,15,29.5,Main Dish,"['Lunch', 'Dinner']","['Vegan', 'Vegetarian']",[],"['没有Stove', '没有No-Cook']","['Protein High', 'Compact Fuel']","['Quick Fix', 'Fresh Run']","['Savory', 'Sour', 'Creamy', 'Comfort Food']"
Spicy Salmon Meatballs,fish lemon olive oil salt pepper,Protein 26.0g Calories 693.6,"Prep and season the ingredients. Cook using the chosen method until done. Taste, adjust seasoning, and serve.",Lunch Dinner,,Stove,Cook,26.0,693.6,34.4,2.2,10,20,20.5,Main Dish,"['Lunch', 'Dinner']","['Vegan', 'Vegetarian']",[],"['没有Stove', '没有No-Cook']",['Compact Fuel'],"['Quick Fix', 'Fresh Run']","['Savory', 'Spicy', 'Sour', 'Comfort Food', 'Date Night']"
Honey Mustard Turkey Chops,ground turkey onion garlic salt pepper,Protein 44.9g Calories 593.2,"Prep and season the ingredients. Cook using the chosen method until done. Taste, adjust seasoning, and serve.",Lunch Dinner,,Stove,Cook,44.9,593.2,38.2,0.1,10,20,24.9,Main Dish,"['Lunch', 'Dinner']","['Vegan', 'Vegetarian', 'Pescatarian']",[],"['没有Stove', '没有No-Cook']","['Protein High', 'Compact Fuel']","['Quick Fix', 'Fresh Run']","['Savory', 'Sour', 'Comfort Food']"
Creamy Turkey Casserole,ground turkey onion garlic salt pepper,Protein 23.8g Calories 503.0,"Prep and season the ingredients. Cook using the chosen method until done. Taste, adjust seasoning, and serve.",Lunch Dinner,,Stove,Cook,23.8,503.0,56.6,6.9,10,20,13.0,Complete Meal,"['Lunch', 'Dinner']","['Vegan', 'Vegetarian', 'Pescatarian']",[],"['没有Stove', '没有No-Cook']","['Compact Fuel', 'Stable Energy']","['Quick Fix', 'Fresh Run']","['Savory', 'Creamy', 'Comfort Food']"
Herb Pork Chops,pork salt pepper onion garlic,Protein 40.9g Calories 522.6,"Prep and season the ingredients. Cook using the chosen method until done. Taste, adjust seasoning, and serve.",Lunch Dinner,,Stove,Cook,40.9,522.6,20.0,4.2,10,20,17.1,Main Dish,"['Lunch', 'Dinner']","['Vegan', 'Vegetarian', 'Pescatarian', 'Halal', 'Kosher']",[],"['没有Stove', '没有No-Cook']","['Protein High', 'Compact Fuel']","['Quick Fix', 'Fresh Run']",['Savory']
Roasted Salmon Bowl,fish lemon olive oil salt pepper,Protein 38.1g Calories 353.0,"Preheat the oven and prepare a baking dish or sheet pan. Mix or assemble the ingredients in the dish. Bake until cooked through and lightly browned. Rest briefly, then slice or serve.",Lunch Dinner,,Oven,Bake,38.1,353.0,24.6,1.9,15,25,14.1,Complete Meal,"['Lunch', 'Dinner']","['Vegan', 'Vegetarian']",[],"['没有Oven', '没有No-Cook']",['Protein High'],['Fresh Run'],"['Savory', 'Sour', 'Date Night']"
Grilled Tofu Bowl,tofu soy sauce garlic ginger sesame oil,Protein 28.1g Calories 524.5,"Season the main ingredient with salt, pepper, and aromatics. Heat a grill pan or skillet until hot. Cook on both sides until done. Rest briefly, then serve.",Lunch Dinner,,Stove,Grill,28.1,524.5,32.3,2.3,10,15,19.8,Complete Meal,"['Lunch', 'Dinner']",[],[],"['没有Stove', '没有No-Cook']",['Compact Fuel'],"['Quick Fix', 'Fresh Run']",['Savory']
Honey Mustard Salmon Chops,fish lemon olive oil salt pepper,Protein 47.0g Calories 573.7,"Prep and season the ingredients. Cook using the chosen method until done. Taste, adjust seasoning, and serve.",Lunch Dinner,,Microwave,Microwave,47.0,573.7,27.2,4.2,5,6,9.5,Main Dish,"['Lunch', 'Dinner']","['Vegan', 'Vegetarian']",[],"['没有Microwave', '没有No-Cook']","['Protein High', 'Compact Fuel']","['Microwave-Only', 'Lightning', 'Brainless', 'Fresh Run', 'Portable']","['Savory', 'Sour', 'Date Night']"
Creamy Beef Meatballs,beef olive oil salt pepper garlic,Protein 47.4g Calories 623.5,"Prep and season the ingredients. Cook using the chosen method until done. Taste, adjust seasoning, and serve.",Lunch Dinner,,Stove,Cook,47.4,623.5,2.3,2.6,10,20,22.7,Main Dish,"['Lunch', 'Dinner']","['Vegan', 'Vegetarian', 'Pescatarian']",[],"['没有Stove', '没有No-Cook']","['Protein High', 'Keto Friendly', 'Compact Fuel']","['Quick Fix', 'Fresh Run']","['Savory', 'Creamy', 'Comfort Food']"
Classic Chickpea Stew,chickpeas olive oil garlic lemon salt pepper onion broth,Protein 31.3g Calories 343.7,"Sauté aromatics in a pot until fragrant. Add main ingredients and liquid, then bring to a simmer. Cook until tender, stirring occasionally. Season to taste and serve warm.",Lunch Dinner,,Stove,Simmer,31.3,343.7,44.6,7.7,15,60,7.9,Main Dish,"['Lunch', 'Dinner']",[],[],"['没有Stove', '没有No-Cook']","['Protein High', 'Stable Energy']","['Slow Burn', 'One-Pot', 'Fresh Run', 'Meal Prep']","['Savory', 'Sour', 'Warm & Soupy', 'Comfort Food', 'Sick Day']"
Spicy Chicken Breast,chicken breast olive oil salt pepper garlic,Protein 26.9g Calories 600.6,"Prep and season the ingredients. Cook using the chosen method until done. Taste, adjust seasoning, and serve.",Lunch Dinner,,Stove,Cook,26.9,600.6,38.1,4.7,10,20,19.5,Main Dish,"['Lunch', 'Dinner']","['Vegan', 'Vegetarian', 'Pescatarian']",[],"['没有Stove', '没有No-Cook']",['Compact Fuel'],"['Quick Fix', 'Fresh Run']","['Savory', 'Spicy']"
Grilled Salmon Steak (Variation 2),beef olive oil salt pepper garlic,Protein 27.0g Calories 688.6,"Season the main ingredient with salt, pepper, and aromatics. Heat a grill pan or skillet until hot. Cook on both sides until done. Rest briefly, then serve.",Lunch Dinner,,Stove,Grill,27.0,688.6,5.1,1.6,10,15,30.1,Main Dish,"['Lunch', 'Dinner']","['Vegan', 'Vegetarian', 'Pescatarian']",[],"['没有Stove', '没有No-Cook']","['Keto Friendly', 'Compact Fuel']","['Quick Fix', 'Fresh Run']","['Savory', 'Comfort Food', 'Date Night']"
Roasted Turkey Breast (Variation 2),ground turkey onion garlic salt pepper,Protein 46.2g Calories 331.7,"Preheat the oven and prepare a baking dish or sheet pan. Mix or assemble the ingredients in the dish. Bake until cooked through and lightly browned. Rest briefly, then slice or serve.",Lunch Dinner,,Oven,Bake,46.2,331.7,10.9,4.3,15,25,9.4,Main Dish,"['Lunch', 'Dinner']","['Vegan', 'Vegetarian', 'Pescatarian']",[],"['没有Oven', '没有No-Cook']",['Protein High'],['Fresh Run'],['Savory']
Baked Salmon Stir-Fry,fish lemon olive oil salt pepper,Protein 24.3g Calories 550.7,"Preheat the oven and prepare a baking dish or sheet pan. Mix or assemble the ingredients in the dish. Bake until cooked through and lightly browned. Rest briefly, then slice or serve.",Lunch Dinner,,Oven,Bake,24.3,550.7,18.2,3.0,15,25,15.9,Main Dish,"['Lunch', 'Dinner']","['Vegan', 'Vegetarian']",[],"['没有Oven', '没有No-Cook']",['Compact Fuel'],['Fresh Run'],"['Savory', 'Sour', 'Date Night']"
Roasted Lamb Roast,,Protein 33.0g Calories 546.8,"Preheat the oven and prepare a baking dish or sheet pan. Mix or assemble the ingredients in the dish. Bake until cooked through and lightly browned. Rest briefly, then slice or serve.",Lunch Dinner,,Oven,Bake,33.0,546.8,10.2,3.4,15,25,10.3,Main Dish,"['Lunch', 'Dinner']",[],[],"['没有Oven', '没有No-Cook']","['Protein High', 'Compact Fuel']",['Fresh Run'],['Savory']
Herb Chicken Meatballs,chicken breast olive oil salt pepper garlic,Protein 28.9g Calories 609.1,"Prep and season the ingredients. Cook using the chosen method until done. Taste, adjust seasoning, and serve.",Lunch Dinner,,Stove,Cook,28.9,609.1,20.4,5.2,10,20,9.0,Main Dish,"['Lunch', 'Dinner']","['Vegan', 'Vegetarian', 'Pescatarian']",[],"['没有Stove', '没有No-Cook']",['Compact Fuel'],"['Quick Fix', 'Fresh Run']",['Savory']
Roasted Turkey Cutlets,ground turkey onion garlic salt pepper,Protein 36.2g Calories 417.8,"Prep and season the ingredients. Cook using the chosen method until done. Taste, adjust seasoning, and serve.",Lunch Dinner,,Microwave,Microwave,36.2,417.8,15.3,5.6,5,6,11.3,Main Dish,"['Lunch', 'Dinner']","['Vegan', 'Vegetarian', 'Pescatarian']",[],"['没有Microwave', '没有No-Cook']",['Protein High'],"['Microwave-Only', 'Lightning', 'Brainless', 'Fresh Run', 'Portable']",['Savory']
Smoky Lamb Cutlets,,Protein 38.6g Calories 663.0,"Prep and season the ingredients. Cook using the chosen method until done. Taste, adjust seasoning, and serve.",Lunch Dinner,,Stove,Cook,38.6,663.0,36.6,2.5,10,20,24.3,Main Dish,"['Lunch', 'Dinner']",[],[],"['没有Stove', '没有No-Cook']","['Protein High', 'Compact Fuel']","['Quick Fix', 'Fresh Run']","['Savory', 'Comfort Food']"
Baked Chickpea Stew (Variation 2),chickpeas olive oil garlic lemon salt pepper onion broth,Protein 22.8g Calories 348.7,"Preheat the oven and prepare a baking dish or sheet pan. Mix or assemble the ingredients in the dish. Bake until cooked through and lightly browned. Rest briefly, then slice or serve.",Lunch Dinner,,Oven,Bake,22.8,348.7,43.8,2.6,15,25,10.3,Main Dish,"['Lunch', 'Dinner']",[],[],"['没有Oven', '没有No-Cook']",['Stable Energy'],['Fresh Run'],"['Savory', 'Sour', 'Warm & Soupy', 'Comfort Food', 'Sick Day']"
Herb Tofu Bowl (Variation 2),tofu soy sauce garlic ginger sesame oil,Protein 37.1g Calories 469.1,"Prep and season the ingredients. Cook using the chosen method until done. Taste, adjust seasoning, and serve.",Lunch Dinner,,Stove,Cook,37.1,469.1,36.1,4.8,10,20,11.9,Complete Meal,"['Lunch', 'Dinner']",[],[],"['没有Stove', '没有No-Cook']","['Protein High', 'Stable Energy']","['Quick Fix', 'Fresh Run']",['Savory']
Honey Mustard Turkey Casserole,ground turkey onion garlic salt pepper,Protein 39.0g Calories 813.7,"Prep and season the ingredients. Cook using the chosen method until done. Taste, adjust seasoning, and serve.",Lunch Dinner,,Stove,Cook,39.0,813.7,57.8,4.4,10,20,19.4,Complete Meal,"['Lunch', 'Dinner']","['Vegan', 'Vegetarian', 'Pescatarian']",[],"['没有Stove', '没有No-Cook']","['Protein High', 'Compact Fuel']","['Quick Fix', 'Fresh Run']","['Savory', 'Sour', 'Comfort Food']"
Smoky Black Bean Bowl (Variation 4),,Protein 31.8g Calories 657.9,"Prep and season the ingredients. Cook using the chosen method until done. Taste, adjust seasoning, and serve.",Lunch Dinner,,Stove,Cook,31.8,657.9,22.1,1.2,10,20,8.2,Complete Meal,"['Lunch', 'Dinner']",[],[],"['没有Stove', '没有No-Cook']","['Protein High', 'Compact Fuel']","['Quick Fix', 'Fresh Run']",['Savory']
Honey Mustard Cod Skewers,fish lemon olive oil salt pepper,Protein 31.1g Calories 545.5,"Prep and season the ingredients. Cook using the chosen method until done. Taste, adjust seasoning, and serve.",Lunch Dinner,,Stove,Cook,31.1,545.5,24.9,3.6,10,20,18.2,Main Dish,"['Lunch', 'Dinner']","['Vegan', 'Vegetarian']",[],"['没有Stove', '没有No-Cook']","['Protein High', 'Compact Fuel']","['Quick Fix', 'Fresh Run']","['Savory', 'Sour']"
Roasted Lamb Meatballs (Variation 2),,Protein 45.2g Calories 382.6,"Preheat the oven and prepare a baking dish or sheet pan. Mix or assemble the ingredients in the dish. Bake until cooked through and lightly browned. Rest briefly, then slice or serve.",Lunch Dinner,,Oven,Bake,45.2,382.6,7.8,4.6,15,25,19.2,Main Dish,"['Lunch', 'Dinner']",[],[],"['没有Oven', '没有No-Cook']","['Protein High', 'Keto Friendly']",['Fresh Run'],['Savory']
Baked Shrimp Meatballs,shrimp garlic olive oil salt pepper lemon,Protein 29.0g Calories 484.0,"Preheat the oven and prepare a baking dish or sheet pan. Mix or assemble the ingredients in the dish. Bake until cooked through and lightly browned. Rest briefly, then slice or serve.",Lunch Dinner,Shellfish,Oven,Bake,29.0,484.0,13.9,5.3,15,25,26.5,Main Dish,"['Lunch', 'Dinner']","['Vegan', 'Vegetarian', 'Kosher']",['Contains Shellfish'],"['没有Oven', '没有No-Cook']",['Stable Energy'],['Fresh Run'],"['Savory', 'Sour', 'Comfort Food']"
Baked Black Bean Bowl (Variation 2),,Protein 22.0g Calories 700.4,"Preheat the oven and prepare a baking dish or sheet pan. Mix or assemble the ingredients in the dish. Bake until cooked through and lightly browned. Rest briefly, then slice or serve.",Lunch Dinner,,Oven,Bake,22.0,700.4,26.3,4.4,15,25,26.7,Complete Meal,"['Lunch', 'Dinner']",[],[],"['没有Oven', '没有No-Cook']",['Compact Fuel'],['Fresh Run'],"['Savory', 'Comfort Food']"
Lemon Garlic Pork Chops (Variation 2),pork salt pepper onion garlic,Protein 37.9g Calories 664.7,"Prep and season the ingredients. Cook using the chosen method until done. Taste, adjust seasoning, and serve.",Lunch Dinner,,Stove,Cook,37.9,664.7,9.5,0.4,10,20,31.9,Main Dish,"['Lunch', 'Dinner']","['Vegan', 'Vegetarian', 'Pescatarian', 'Halal', 'Kosher']",[],"['没有Stove', '没有No-Cook']","['Protein High', 'Keto Friendly', 'Compact Fuel']","['Quick Fix', 'Fresh Run']","['Savory', 'Sour', 'Comfort Food']"
Spicy Chickpea Stew (Variation 2),chickpeas olive oil garlic lemon salt pepper onion broth,Protein 36.0g Calories 257.2,"Sauté aromatics in a pot until fragrant. Add main ingredients and liquid, then bring to a simmer. Cook until tender, stirring occasionally. Season to taste and serve warm.",Lunch Dinner,,Stove,Simmer,36.0,257.2,50.9,7.6,15,60,14.3,Main Dish,"['Lunch', 'Dinner']",[],[],"['没有Stove', '没有No-Cook']","['Protein High', 'Stable Energy']","['Slow Burn', 'One-Pot', 'Fresh Run', 'Meal Prep']","['Savory', 'Spicy', 'Sour', 'Warm & Soupy', 'Comfort Food']"
Honey Mustard Beef Casserole (Variation 2),beef olive oil salt pepper garlic,Protein 39.4g Calories 606.6,"Prep and season the ingredients. Cook using the chosen method until done. Taste, adjust seasoning, and serve.",Lunch Dinner,,Stove,Cook,39.4,606.6,58.4,3.7,10,20,13.5,Complete Meal,"['Lunch', 'Dinner']","['Vegan', 'Vegetarian', 'Pescatarian']",[],"['没有Stove', '没有No-Cook']","['Protein High', 'Compact Fuel']","['Quick Fix', 'Fresh Run']","['Savory', 'Sour', 'Comfort Food']"
Lemon Garlic Beef Breast,beef olive oil salt pepper garlic,Protein 24.2g Calories 648.0,"Prep and season the ingredients. Cook using the chosen method until done. Taste, adjust seasoning, and serve.",Lunch Dinner,,Stove,Cook,24.2,648.0,22.7,5.8,10,20,17.6,Main Dish,"['Lunch', 'Dinner']","['Vegan', 'Vegetarian', 'Pescatarian']",[],"['没有Stove', '没有No-Cook']",['Compact Fuel'],"['Quick Fix', 'Fresh Run']","['Savory', 'Sour']"
Smoky Lamb Bowl,,Protein 29.8g Calories 414.7,"Prep and season the ingredients. Cook using the chosen method until done. Taste, adjust seasoning, and serve.",Lunch Dinner,,Stove,Cook,29.8,414.7,12.6,4.2,10,20,25.6,Complete Meal,"['Lunch', 'Dinner']",[],[],"['没有Stove', '没有No-Cook']",['Stable Energy'],"['Quick Fix', 'Fresh Run']","['Savory', 'Comfort Food']"
Roasted Salmon Breast,fish lemon olive oil salt pepper,Protein 31.5g Calories 614.1,"Preheat the oven and prepare a baking dish or sheet pan. Mix or assemble the ingredients in the dish. Bake until cooked through and lightly browned. Rest briefly, then slice or serve.",Lunch Dinner,,Oven,Bake,31.5,614.1,10.9,1.2,15,25,9.6,Main Dish,"['Lunch', 'Dinner']","['Vegan', 'Vegetarian']",[],"['没有Oven', '没有No-Cook']","['Protein High', 'Compact Fuel']",['Fresh Run'],"['Savory', 'Sour', 'Date Night']"
Honey Mustard Salmon Meatballs,fish lemon olive oil salt pepper,Protein 39.5g Calories 594.4,"Prep and season the ingredients. Cook using the chosen method until done. Taste, adjust seasoning, and serve.",Lunch Dinner,,Stove,Cook,39.5,594.4,6.2,2.8,10,20,21.9,Main Dish,"['Lunch', 'Dinner']","['Vegan', 'Vegetarian']",[],"['没有Stove', '没有No-Cook']","['Protein High', 'Keto Friendly', 'Compact Fuel']","['Quick Fix', 'Fresh Run']","['Savory', 'Sour', 'Comfort Food', 'Date Night']"
Roasted Turkey Chops,ground turkey onion garlic salt pepper,Protein 28.2g Calories 705.9,"Preheat the oven and prepare a baking dish or sheet pan. Mix or assemble the ingredients in the dish. Bake until cooked through and lightly browned. Rest briefly, then slice or serve.",Lunch Dinner,,Oven,Bake,28.2,705.9,12.3,0.7,15,25,13.8,Main Dish,"['Lunch', 'Dinner']","['Vegan', 'Vegetarian', 'Pescatarian']",[],"['没有Oven', '没有No-Cook']",['Compact Fuel'],['Fresh Run'],['Savory']
Spicy Mushroom Risotto,,Protein 46.8g Calories 594.4,Gather and measure all ingredients. Preheat and set up your workstation. Prepare the main component carefully. Prep the sauce or mixture separately. Combine components in the correct order. Cook while monitoring temperature and texture. Adjust seasoning in small increments. Rest the dish to set flavors and structure. Plate neatly and serve immediately.,Lunch Dinner,,Stove,Cook,46.8,594.4,27.9,5.0,10,20,8.9,Main Dish,"['Lunch', 'Dinner']",[],[],"['没有Stove', '没有No-Cook']","['Protein High', 'Compact Fuel']","['Quick Fix', 'Focus Required', 'Fresh Run']","['Savory', 'Spicy', 'Creamy', 'Date Night']"
Honey Mustard Shrimp Cutlets (Variation 2),shrimp garlic olive oil salt pepper lemon,Protein 24.7g Calories 484.1,"Prep and season the ingredients. Cook using the chosen method until done. Taste, adjust seasoning, and serve.",Lunch Dinner,Shellfish,Microwave,Microwave,24.7,484.1,9.9,3.1,5,6,26.5,Main Dish,"['Lunch', 'Dinner']","['Vegan', 'Vegetarian', 'Kosher']",['Contains Shellfish'],"['没有Microwave', '没有No-Cook']",['Keto Friendly'],"['Microwave-Only', 'Lightning', 'Brainless', 'Fresh Run', 'Portable']","['Savory', 'Sour', 'Comfort Food']"
Grilled Pork Steak,beef olive oil salt pepper garlic,Protein 22.9g Calories 716.3,"Season the main ingredient with salt, pepper, and aromatics. Heat a grill pan or skillet until hot. Cook on both sides until done. Rest briefly, then serve.",Lunch Dinner,,Stove,Grill,22.9,716.3,16.2,4.5,10,15,17.9,Main Dish,"['Lunch', 'Dinner']","['Vegan', 'Vegetarian', 'Pescatarian']",[],"['没有Stove', '没有No-Cook']",['Compact Fuel'],"['Quick Fix', 'Fresh Run']","['Savory', 'Date Night']"
Spicy Beef Cutlets,beef olive oil salt pepper garlic,Protein 35.9g Calories 419.9,"Prep and season the ingredients. Cook using the chosen method until done. Taste, adjust seasoning, and serve.",Lunch Dinner,,Stove,Cook,35.9,419.9,32.2,0.1,10,20,11.1,Main Dish,"['Lunch', 'Dinner']","['Vegan', 'Vegetarian', 'Pescatarian']",[],"['没有Stove', '没有No-Cook']",['Protein High'],"['Quick Fix', 'Fresh Run']","['Savory', 'Spicy']"
Classic Beef Meatballs,beef olive oil salt pepper garlic,Protein 51.5g Calories 637.9,"Prep and season the ingredients. Cook using the chosen method until done. Taste, adjust seasoning, and serve.",Lunch Dinner,,Stove,Cook,51.5,637.9,5.2,2.2,10,20,25.7,Main Dish,"['Lunch', 'Dinner']","['Vegan', 'Vegetarian', 'Pescatarian']",[],"['没有Stove', '没有No-Cook']","['Protein High', 'Keto Friendly', 'Compact Fuel']","['Quick Fix', 'Fresh Run']","['Savory', 'Comfort Food']"
Baked Lentil Soup (Variation 2),lentils onion carrot celery garlic broth,Protein 18.7g Calories 452.9,"Preheat the oven and prepare a baking dish or sheet pan. Mix or assemble the ingredients in the dish. Bake until cooked through and lightly browned. Rest briefly, then slice or serve.",Lunch Dinner,,Oven,Bake,18.7,452.9,47.5,2.5,15,25,6.3,Main Dish,"['Lunch', 'Dinner']",[],[],"['没有Oven', '没有No-Cook']",['Quick Fuel'],['Fresh Run'],"['Savory', 'Warm & Soupy', 'Comfort Food']"
Brussels Sprouts,,Protein 35.3g Calories 397.1,"Prep and season the ingredients. Cook using the chosen method until done. Taste, adjust seasoning, and serve.",Lunch Dinner,,Stove,Cook,35.3,397.1,5.2,5.0,10,20,20.6,Main Dish,"['Lunch', 'Dinner']",[],[],"['没有Stove', '没有No-Cook']","['Protein High', 'Keto Friendly']","['Quick Fix', 'Fresh Run']","['Savory', 'Comfort Food']"
Zesty Brussels Sprouts,,Protein 27.0g Calories 504.4,"Prep and season the ingredients. Cook using the chosen method until done. Taste, adjust seasoning, and serve.",Lunch Dinner,,Stove,Cook,27.0,504.4,23.0,2.4,10,20,26.1,Main Dish,"['Lunch', 'Dinner']",[],[],"['没有Stove', '没有No-Cook']",['Compact Fuel'],"['Quick Fix', 'Fresh Run']","['Savory', 'Comfort Food']"
Zesty Baked Potato,,Protein 42.5g Calories 733.4,"Preheat the oven and prepare a baking dish or sheet pan. Mix or assemble the ingredients in the dish. Bake until cooked through and lightly browned. Rest briefly, then slice or serve.",Lunch Dinner,,Oven,Bake,42.5,733.4,6.9,1.1,15,25,19.8,Main Dish,"['Lunch', 'Dinner']",[],[],"['没有Oven', '没有No-Cook']","['Protein High', 'Keto Friendly', 'Compact Fuel']",['Fresh Run'],['Savory']
Herb Green Beans,,Protein 40.6g Calories 404.4,"Prep and season the ingredients. Cook using the chosen method until done. Taste, adjust seasoning, and serve.",Lunch Dinner,,Stove,Cook,40.6,404.4,9.8,2.5,10,20,24.4,Main Dish,"['Lunch', 'Dinner']",[],[],"['没有Stove', '没有No-Cook']","['Protein High', 'Keto Friendly']","['Quick Fix', 'Fresh Run']","['Savory', 'Comfort Food']"
Garlic Brussels Sprouts,,Protein 26.1g Calories 700.9,"Prep and season the ingredients. Cook using the chosen method until done. Taste, adjust seasoning, and serve.",Lunch Dinner,,Stove,Cook,26.1,700.9,8.0,3.2,10,20,25.7,Main Dish,"['Lunch', 'Dinner']",[],[],"['没有Stove', '没有No-Cook']","['Keto Friendly', 'Compact Fuel']","['Quick Fix', 'Fresh Run']","['Savory', 'Comfort Food']"
Herb Caesar Salad,romaine lettuce cucumber tomato olive oil vinegar parmesan cheese croutons caesar dressing,Protein 27.8g Calories 366.7,"Prep the ingredients and a serving bowl. Combine everything and toss until evenly coated. Taste and adjust seasoning, then serve.",Lunch Dinner,Gluten Dairy,,No-Cook,27.8,366.7,23.6,8.8,5,0,12.5,Main Dish,"['Lunch', 'Dinner']",['Vegan'],"['Contains Gluten', 'Contains Dairy']",[],"['Protein High', 'Volume Eater']","['Lightning', 'Fresh Run', 'Portable']","['Savory', 'Sour', 'Crunchy', 'Creamy', 'Clean / Detox']"
Garlic Garden Salad,romaine lettuce cucumber tomato olive oil vinegar,Protein 26.1g Calories 286.0,"Prep the ingredients and a serving bowl. Combine everything and toss until evenly coated. Taste and adjust seasoning, then serve.",Lunch Dinner,,,No-Cook,26.1,286.0,18.0,6.3,5,0,13.0,Main Dish,"['Lunch', 'Dinner']",[],[],[],['Protein High'],"['Lightning', 'Brainless', 'Fresh Run', 'Portable']","['Savory', 'Sour', 'Clean / Detox']"
Herb Mashed Potatoes,,Protein 28.6g Calories 447.6,"Prep and season the ingredients. Cook using the chosen method until done. Taste, adjust seasoning, and serve.",Lunch Dinner,,Stove,Cook,28.6,447.6,35.8,0.4,10,20,25.1,Main Dish,"['Lunch', 'Dinner']",[],[],"['没有Stove', '没有No-Cook']",['Stable Energy'],"['Quick Fix', 'Fresh Run']","['Savory', 'Comfort Food']"
Roasted Veggies,,Protein 24.5g Calories 418.3,"Preheat the oven and prepare a baking dish or sheet pan. Mix or assemble the ingredients in the dish. Bake until cooked through and lightly browned. Rest briefly, then slice or serve.",Breakfast,,Oven,Bake,24.5,418.3,14.3,2.9,15,25,26.0,Breakfast,['Breakfast'],[],[],"['没有Oven', '没有No-Cook']",['Stable Energy'],['Fresh Run'],"['Savory', 'Comfort Food']"
Light Caesar Salad,romaine lettuce cucumber tomato olive oil vinegar parmesan cheese croutons caesar dressing,Protein 20.5g Calories 186.0,"Prep the ingredients and a serving bowl. Combine everything and toss until evenly coated. Taste and adjust seasoning, then serve.",Lunch Dinner,Gluten Dairy,,No-Cook,20.5,186.0,13.3,11.4,5,0,20.7,Complete Meal,"['Lunch', 'Dinner']",['Vegan'],"['Contains Gluten', 'Contains Dairy']",[],"['Protein High', 'Volume Eater']","['Lightning', 'Fresh Run', 'Portable']","['Savory', 'Sour', 'Crunchy', 'Creamy', 'Comfort Food']"
Herb Tomato Soup,onion garlic broth,Protein 37.9g Calories 242.4,"Sauté aromatics in a pot until fragrant. Add main ingredients and liquid, then bring to a simmer. Cook until tender, stirring occasionally. Season to taste and serve warm.",Lunch Dinner,,Stove,Simmer,37.9,242.4,23.8,8.4,10,25,19.5,Main Dish,"['Lunch', 'Dinner']",[],[],"['没有Stove', '没有No-Cook']","['Protein High', 'Volume Eater']","['Quick Fix', 'One-Pot', 'Fresh Run', 'Meal Prep']","['Savory', 'Warm & Soupy', 'Sick Day']"
Zesty Garden Salad,romaine lettuce cucumber tomato olive oil vinegar,Protein 24.5g Calories 252.2,"Prep the ingredients and a serving bowl. Combine everything and toss until evenly coated. Taste and adjust seasoning, then serve.",Lunch Dinner,,,No-Cook,24.5,252.2,24.9,9.1,5,0,9.2,Main Dish,"['Lunch', 'Dinner']",[],[],[],"['Protein High', 'Volume Eater']","['Lightning', 'Brainless', 'Fresh Run', 'Portable']","['Savory', 'Sour', 'Clean / Detox']"
Tomato Soup,onion garlic broth,Protein 30.1g Calories 542.5,"Sauté aromatics in a pot until fragrant. Add main ingredients and liquid, then bring to a simmer. Cook until tender, stirring occasionally. Season to taste and serve warm.",Lunch Dinner,,Stove,Simmer,30.1,542.5,51.6,7.6,10,25,6.5,Main Dish,"['Lunch', 'Dinner']",[],[],"['没有Stove', '没有No-Cook']","['Protein High', 'Compact Fuel', 'Stable Energy']","['Quick Fix', 'One-Pot', 'Fresh Run', 'Meal Prep']","['Savory', 'Warm & Soupy', 'Comfort Food', 'Sick Day']"
Garlic Greek Salad,romaine lettuce cucumber tomato olive oil vinegar feta cheese olives,Protein 18.4g Calories 406.4,"Prep the ingredients and a serving bowl. Combine everything and toss until evenly coated. Taste and adjust seasoning, then serve.",Lunch Dinner,Dairy,,No-Cook,18.4,406.4,19.3,11.9,5,0,9.4,Main Dish,"['Lunch', 'Dinner']",['Vegan'],['Contains Dairy'],[],['Volume Eater'],"['Lightning', 'Fresh Run', 'Portable']","['Savory', 'Sour', 'Creamy', 'Clean / Detox']"
Garlic Green Beans,,Protein 36.8g Calories 672.7,"Prep and season the ingredients. Cook using the chosen method until done. Taste, adjust seasoning, and serve.",Lunch Dinner,,Stove,Cook,36.8,672.7,12.4,0.5,10,20,18.8,Main Dish,"['Lunch', 'Dinner']",[],[],"['没有Stove', '没有No-Cook']","['Protein High', 'Compact Fuel']","['Quick Fix', 'Fresh Run']",['Savory']
Light Roasted Veggies,,Protein 19.5g Calories 266.5,"Preheat the oven and prepare a baking dish or sheet pan. Mix or assemble the ingredients in the dish. Bake until cooked through and lightly browned. Rest briefly, then slice or serve.",Breakfast,,Oven,Bake,19.5,266.5,10.4,2.8,15,25,12.0,Breakfast,['Breakfast'],[],[],"['没有Oven', '没有No-Cook']",['Stable Energy'],['Fresh Run'],['Savory']
Garlic Tomato Soup,onion garlic broth,Protein 15.4g Calories 300.6,"Sauté aromatics in a pot until fragrant. Add main ingredients and liquid, then bring to a simmer. Cook until tender, stirring occasionally. Season to taste and serve warm.",Lunch Dinner,,Stove,Simmer,15.4,300.6,43.7,8.8,10,25,20.7,Main Dish,"['Lunch', 'Dinner']",[],[],"['没有Stove', '没有No-Cook']","['Volume Eater', 'Stable Energy']","['Quick Fix', 'One-Pot', 'Fresh Run', 'Meal Prep']","['Savory', 'Warm & Soupy', 'Comfort Food', 'Sick Day']"
Brussels Sprouts (Variation 2),,Protein 22.7g Calories 449.4,"Prep and season the ingredients. Cook using the chosen method until done. Taste, adjust seasoning, and serve.",Lunch Dinner,,Stove,Cook,22.7,449.4,23.5,4.6,10,20,28.2,Main Dish,"['Lunch', 'Dinner']",[],[],"['没有Stove', '没有No-Cook']",['Stable Energy'],"['Quick Fix', 'Fresh Run']","['Savory', 'Comfort Food']"
Zesty Brussels Sprouts (Variation 2),,Protein 47.8g Calories 658.6,"Prep and season the ingredients. Cook using the chosen method until done. Taste, adjust seasoning, and serve.",Lunch Dinner,,Stove,Cook,47.8,658.6,38.4,5.7,10,20,16.2,Main Dish,"['Lunch', 'Dinner']",[],[],"['没有Stove', '没有No-Cook']","['Protein High', 'Compact Fuel']","['Quick Fix', 'Fresh Run']",['Savory']
Zesty Baked Potato (Variation 2),,Protein 25.0g Calories 478.2,"Preheat the oven and prepare a baking dish or sheet pan. Mix or assemble the ingredients in the dish. Bake until cooked through and lightly browned. Rest briefly, then slice or serve.",Lunch Dinner,,Oven,Bake,25.0,478.2,12.1,0.9,15,25,11.0,Main Dish,"['Lunch', 'Dinner']",[],[],"['没有Oven', '没有No-Cook']",['Stable Energy'],['Fresh Run'],['Savory']
Mashed Potatoes,,Protein 45.8g Calories 699.5,"Prep and season the ingredients. Cook using the chosen method until done. Taste, adjust seasoning, and serve.",Lunch Dinner,,Stove,Cook,45.8,699.5,38.4,1.0,10,20,22.3,Main Dish,"['Lunch', 'Dinner']",[],[],"['没有Stove', '没有No-Cook']","['Protein High', 'Compact Fuel']","['Quick Fix', 'Fresh Run']","['Savory', 'Comfort Food']"
Zesty Greek Salad,romaine lettuce cucumber tomato olive oil vinegar feta cheese olives,Protein 21.3g Calories 411.9,"Prep the ingredients and a serving bowl. Combine everything and toss until evenly coated. Taste and adjust seasoning, then serve.",Lunch Dinner,Dairy,,No-Cook,21.3,411.9,26.6,6.6,5,0,20.2,Main Dish,"['Lunch', 'Dinner']",['Vegan'],['Contains Dairy'],[],['Stable Energy'],"['Lightning', 'Fresh Run', 'Portable']","['Savory', 'Sour', 'Creamy', 'Comfort Food', 'Clean / Detox']"
Garlic Baked Potato,,Protein 27.3g Calories 555.6,"Preheat the oven and prepare a baking dish or sheet pan. Mix or assemble the ingredients in the dish. Bake until cooked through and lightly browned. Rest briefly, then slice or serve.",Lunch Dinner,,Oven,Bake,27.3,555.6,12.3,0.8,15,25,23.1,Main Dish,"['Lunch', 'Dinner']",[],[],"['没有Oven', '没有No-Cook']",['Compact Fuel'],['Fresh Run'],"['Savory', 'Comfort Food']"
Garlic Roasted Veggies,,Protein 31.2g Calories 365.8,"Preheat the oven and prepare a baking dish or sheet pan. Mix or assemble the ingredients in the dish. Bake until cooked through and lightly browned. Rest briefly, then slice or serve.",Breakfast,,Oven,Bake,31.2,365.8,17.2,3.0,15,25,17.5,Breakfast,['Breakfast'],[],[],"['没有Oven', '没有No-Cook']",['Protein High'],['Fresh Run'],['Savory']
Green Beans,,Protein 23.0g Calories 706.1,"Prep and season the ingredients. Cook using the chosen method until done. Taste, adjust seasoning, and serve.",Lunch Dinner,,Stove,Cook,23.0,706.1,24.1,5.8,10,20,28.3,Main Dish,"['Lunch', 'Dinner']",[],[],"['没有Stove', '没有No-Cook']",['Compact Fuel'],"['Quick Fix', 'Fresh Run']","['Savory', 'Comfort Food']"
Brussels Sprouts (Variation 3),,Protein 39.0g Calories 408.4,"Prep and season the ingredients. Cook using the chosen method until done. Taste, adjust seasoning, and serve.",Lunch Dinner,,Stove,Cook,39.0,408.4,37.5,4.5,10,20,11.1,Main Dish,"['Lunch', 'Dinner']",[],[],"['没有Stove', '没有No-Cook']","['Protein High', 'Stable Energy']","['Quick Fix', 'Fresh Run']",['Savory']
Zesty Mashed Potatoes,,Protein 51.5g Calories 635.6,"Prep and season the ingredients. Cook using the chosen method until done. Taste, adjust seasoning, and serve.",Lunch Dinner,,Stove,Cook,51.5,635.6,6.7,0.5,10,20,27.1,Main Dish,"['Lunch', 'Dinner']",[],[],"['没有Stove', '没有No-Cook']","['Protein High', 'Keto Friendly', 'Compact Fuel']","['Quick Fix', 'Fresh Run']","['Savory', 'Comfort Food']"
Mashed Potatoes (Variation 2),,Protein 35.4g Calories 674.7,"Prep and season the ingredients. Cook using the chosen method until done. Taste, adjust seasoning, and serve.",Lunch Dinner,,Stove,Cook,35.4,674.7,10.6,0.4,10,20,13.5,Main Dish,"['Lunch', 'Dinner']",[],[],"['没有Stove', '没有No-Cook']","['Protein High', 'Compact Fuel']","['Quick Fix', 'Fresh Run']",['Savory']
Herb Baked Potato,,Protein 25.2g Calories 733.8,"Preheat the oven and prepare a baking dish or sheet pan. Mix or assemble the ingredients in the dish. Bake until cooked through and lightly browned. Rest briefly, then slice or serve.",Lunch Dinner,,Oven,Bake,25.2,733.8,0.1,4.4,15,25,31.5,Main Dish,"['Lunch', 'Dinner']",[],[],"['没有Oven', '没有No-Cook']","['Keto Friendly', 'Compact Fuel']",['Fresh Run'],"['Savory', 'Comfort Food']"
Herb Garden Salad,romaine lettuce cucumber tomato olive oil vinegar,Protein 14.3g Calories 288.2,"Prep the ingredients and a serving bowl. Combine everything and toss until evenly coated. Taste and adjust seasoning, then serve.",Lunch Dinner,,,No-Cook,14.3,288.2,18.9,8.4,5,0,7.8,Complete Meal,"['Lunch', 'Dinner']",[],[],[],['Volume Eater'],"['Lightning', 'Brainless', 'Fresh Run', 'Portable']","['Savory', 'Sour', 'Clean / Detox']"
Garlic Brussels Sprouts (Variation 2),,Protein 41.5g Calories 665.6,"Prep and season the ingredients. Cook using the chosen method until done. Taste, adjust seasoning, and serve.",Lunch Dinner,,Stove,Cook,41.5,665.6,27.5,0.4,10,20,11.6,Main Dish,"['Lunch', 'Dinner']",[],[],"['没有Stove', '没有No-Cook']","['Protein High', 'Compact Fuel']","['Quick Fix', 'Fresh Run']",['Savory']
Light Garden Salad,romaine lettuce cucumber tomato olive oil vinegar,Protein 12.5g Calories 379.9,"Prep the ingredients and a serving bowl. Combine everything and toss until evenly coated. Taste and adjust seasoning, then serve.",Lunch Dinner,,,No-Cook,12.5,379.9,14.4,5.5,5,0,23.1,Complete Meal,"['Lunch', 'Dinner']",[],[],[],['Stable Energy'],"['Lightning', 'Brainless', 'Fresh Run', 'Portable']","['Savory', 'Sour', 'Comfort Food', 'Clean / Detox']"
Zesty Green Beans,,Protein 33.3g Calories 388.0,"Prep and season the ingredients. Cook using the chosen method until done. Taste, adjust seasoning, and serve.",Lunch Dinner,,Stove,Cook,33.3,388.0,29.3,5.4,10,20,20.0,Main Dish,"['Lunch', 'Dinner']",[],[],"['没有Stove', '没有No-Cook']",['Protein High'],"['Quick Fix', 'Fresh Run']",['Savory']
Garlic Tomato Soup (Variation 2),onion garlic broth,Protein 27.4g Calories 257.2,"Sauté aromatics in a pot until fragrant. Add main ingredients and liquid, then bring to a simmer. Cook until tender, stirring occasionally. Season to taste and serve warm.",Lunch Dinner,,Stove,Simmer,27.4,257.2,39.5,2.2,10,25,13.7,Main Dish,"['Lunch', 'Dinner']",[],[],"['没有Stove', '没有No-Cook']",['Protein High'],"['Quick Fix', 'One-Pot', 'Fresh Run', 'Meal Prep']","['Savory', 'Warm & Soupy', 'Sick Day']"
Brussels Sprouts (Variation 4),,Protein 26.9g Calories 697.0,"Prep and season the ingredients. Cook using the chosen method until done. Taste, adjust seasoning, and serve.",Lunch Dinner,,Stove,Cook,26.9,697.0,35.6,0.6,10,20,11.5,Main Dish,"['Lunch', 'Dinner']",[],[],"['没有Stove', '没有No-Cook']",['Compact Fuel'],"['Quick Fix', 'Fresh Run']",['Savory']
Zesty Coleslaw,,Protein 27.7g Calories 402.2,"Prep and season the ingredients. Cook using the chosen method until done. Taste, adjust seasoning, and serve.",Lunch Dinner,,Stove,Cook,27.7,402.2,27.9,4.4,10,20,23.9,Main Dish,"['Lunch', 'Dinner']",[],[],"['没有Stove', '没有No-Cook']",['Stable Energy'],"['Quick Fix', 'Fresh Run']","['Savory', 'Comfort Food']"
Light Green Beans,,Protein 30.4g Calories 441.4,"Prep and season the ingredients. Cook using the chosen method until done. Taste, adjust seasoning, and serve.",Lunch Dinner,,Stove,Cook,30.4,441.4,9.5,3.4,10,20,29.3,Main Dish,"['Lunch', 'Dinner']",[],[],"['没有Stove', '没有No-Cook']","['Protein High', 'Keto Friendly']","['Quick Fix', 'Fresh Run']","['Savory', 'Comfort Food']"
Garlic Roasted Veggies (Variation 2),,Protein 22.8g Calories 292.2,"Preheat the oven and prepare a baking dish or sheet pan. Mix or assemble the ingredients in the dish. Bake until cooked through and lightly browned. Rest briefly, then slice or serve.",Breakfast,,Oven,Bake,22.8,292.2,6.7,1.8,15,25,21.3,Breakfast,['Breakfast'],[],[],"['没有Oven', '没有No-Cook']","['Protein High', 'Keto Friendly']",['Fresh Run'],"['Savory', 'Comfort Food']"
Brussels Sprouts (Variation 5),,Protein 22.8g Calories 503.3,"Prep and season the ingredients. Cook using the chosen method until done. Taste, adjust seasoning, and serve.",Lunch Dinner,,Stove,Cook,22.8,503.3,6.8,0.5,10,20,29.3,Main Dish,"['Lunch', 'Dinner']",[],[],"['没有Stove', '没有No-Cook']","['Keto Friendly', 'Compact Fuel']","['Quick Fix', 'Fresh Run']","['Savory', 'Comfort Food']"
Herb Garden Salad (Variation 2),romaine lettuce cucumber tomato olive oil vinegar,Protein 16.8g Calories 263.3,"Prep the ingredients and a serving bowl. Combine everything and toss until evenly coated. Taste and adjust seasoning, then serve.",Lunch Dinner,,,No-Cook,16.8,263.3,21.2,8.8,5,0,7.6,Main Dish,"['Lunch', 'Dinner']",[],[],[],['Volume Eater'],"['Lightning', 'Brainless', 'Fresh Run', 'Portable']","['Savory', 'Sour', 'Clean / Detox']"
Light Coleslaw,,Protein 48.6g Calories 394.0,"Prep and season the ingredients. Cook using the chosen method until done. Taste, adjust seasoning, and serve.",Lunch Dinner,,Stove,Cook,48.6,394.0,14.8,1.6,10,20,17.8,Main Dish,"['Lunch', 'Dinner']",[],[],"['没有Stove', '没有No-Cook']",['Protein High'],"['Quick Fix', 'Fresh Run']",['Savory']
Herb Roasted Veggies,,Protein 19.6g Calories 313.0,"Preheat the oven and prepare a baking dish or sheet pan. Mix or assemble the ingredients in the dish. Bake until cooked through and lightly browned. Rest briefly, then slice or serve.",Breakfast,,Oven,Bake,19.6,313.0,6.3,2.3,15,25,12.9,Breakfast,['Breakfast'],[],[],"['没有Oven', '没有No-Cook']",['Stable Energy'],['Fresh Run'],['Savory']
Herb Garden Salad (Variation 3),romaine lettuce cucumber tomato olive oil vinegar,Protein 7.9g Calories 333.5,"Prep the ingredients and a serving bowl. Combine everything and toss until evenly coated. Taste and adjust seasoning, then serve.",Lunch Dinner,,,No-Cook,7.9,333.5,14.9,11.8,5,0,15.7,Complete Meal,"['Lunch', 'Dinner']",[],[],[],['Volume Eater'],"['Lightning', 'Brainless', 'Fresh Run', 'Portable']","['Savory', 'Sour', 'Clean / Detox']"
Baked Potato,,Protein 38.6g Calories 555.9,"Preheat the oven and prepare a baking dish or sheet pan. Mix or assemble the ingredients in the dish. Bake until cooked through and lightly browned. Rest briefly, then slice or serve.",Lunch Dinner,,Oven,Bake,38.6,555.9,33.6,2.5,15,25,26.0,Main Dish,"['Lunch', 'Dinner']",[],[],"['没有Oven', '没有No-Cook']","['Protein High', 'Compact Fuel']",['Fresh Run'],"['Savory', 'Comfort Food']"
Coleslaw,,Protein 48.0g Calories 534.2,"Prep and season the ingredients. Cook using the chosen method until done. Taste, adjust seasoning, and serve.",Lunch Dinner,,Stove,Cook,48.0,534.2,19.0,2.9,10,20,27.4,Main Dish,"['Lunch', 'Dinner']",[],[],"['没有Stove', '没有No-Cook']","['Protein High', 'Compact Fuel']","['Quick Fix', 'Fresh Run']","['Savory', 'Comfort Food']"
Brussels Sprouts (Variation 6),,Protein 49.1g Calories 351.6,"Prep and season the ingredients. Cook using the chosen method until done. Taste, adjust seasoning, and serve.",Lunch Dinner,,Stove,Cook,49.1,351.6,28.6,5.4,10,20,19.0,Main Dish,"['Lunch', 'Dinner']",[],[],"['没有Stove', '没有No-Cook']",['Protein High'],"['Quick Fix', 'Fresh Run']",['Savory']
Garlic Greek Salad (Variation 2),romaine lettuce cucumber tomato olive oil vinegar feta cheese olives,Protein 20.9g Calories 368.1,"Prep the ingredients and a serving bowl. Combine everything and toss until evenly coated. Taste and adjust seasoning, then serve.",Lunch Dinner,Dairy,,No-Cook,20.9,368.1,20.4,10.3,5,0,8.2,Main Dish,"['Lunch', 'Dinner']",['Vegan'],['Contains Dairy'],[],['Volume Eater'],"['Lightning', 'Fresh Run', 'Portable']","['Savory', 'Sour', 'Creamy', 'Clean / Detox']"
Herb Roasted Veggies (Variation 2),,Protein 31.7g Calories 254.6,"Preheat the oven and prepare a baking dish or sheet pan. Mix or assemble the ingredients in the dish. Bake until cooked through and lightly browned. Rest briefly, then slice or serve.",Breakfast,,Oven,Bake,31.7,254.6,17.6,0.4,15,25,23.3,Breakfast,['Breakfast'],[],[],"['没有Oven', '没有No-Cook']",['Protein High'],['Fresh Run'],"['Savory', 'Comfort Food']"
Garlic Roasted Veggies (Variation 3),,Protein 31.8g Calories 304.7,"Preheat the oven and prepare a baking dish or sheet pan. Mix or assemble the ingredients in the dish. Bake until cooked through and lightly browned. Rest briefly, then slice or serve.",Breakfast,,Oven,Bake,31.8,304.7,9.0,1.9,15,25,26.0,Breakfast,['Breakfast'],[],[],"['没有Oven', '没有No-Cook']","['Protein High', 'Keto Friendly']",['Fresh Run'],"['Savory', 'Comfort Food']"
Garlic Brussels Sprouts (Variation 3),,Protein 29.7g Calories 653.6,"Prep and season the ingredients. Cook using the chosen method until done. Taste, adjust seasoning, and serve.",Lunch Dinner,,Stove,Cook,29.7,653.6,36.4,0.4,10,20,28.1,Main Dish,"['Lunch', 'Dinner']",[],[],"['没有Stove', '没有No-Cook']",['Compact Fuel'],"['Quick Fix', 'Fresh Run']","['Savory', 'Comfort Food']"
Garlic Coleslaw,,Protein 33.9g Calories 475.2,"Prep and season the ingredients. Cook using the chosen method until done. Taste, adjust seasoning, and serve.",Lunch Dinner,,Stove,Cook,33.9,475.2,13.0,2.7,10,20,14.1,Main Dish,"['Lunch', 'Dinner']",[],[],"['没有Stove', '没有No-Cook']",['Protein High'],"['Quick Fix', 'Fresh Run']",['Savory']
Light Green Beans (Variation 2),,Protein 45.6g Calories 669.4,"Prep and season the ingredients. Cook using the chosen method until done. Taste, adjust seasoning, and serve.",Lunch Dinner,,Stove,Cook,45.6,669.4,24.9,2.5,10,20,19.5,Main Dish,"['Lunch', 'Dinner']",[],[],"['没有Stove', '没有No-Cook']","['Protein High', 'Compact Fuel']","['Quick Fix', 'Fresh Run']",['Savory']
Light Baked Potato,,Protein 26.4g Calories 485.8,"Preheat the oven and prepare a baking dish or sheet pan. Mix or assemble the ingredients in the dish. Bake until cooked through and lightly browned. Rest briefly, then slice or serve.",Lunch Dinner,,Oven,Bake,26.4,485.8,23.5,5.6,15,25,24.7,Main Dish,"['Lunch', 'Dinner']",[],[],"['没有Oven', '没有No-Cook']",['Stable Energy'],['Fresh Run'],"['Savory', 'Comfort Food']"
Herb Tomato Soup (Variation 2),onion garlic broth,Protein 26.6g Calories 590.0,"Sauté aromatics in a pot until fragrant. Add main ingredients and liquid, then bring to a simmer. Cook until tender, stirring occasionally. Season to taste and serve warm.",Lunch Dinner,,Stove,Simmer,26.6,590.0,19.0,6.3,10,25,10.6,Main Dish,"['Lunch', 'Dinner']",[],[],"['没有Stove', '没有No-Cook']",['Compact Fuel'],"['Quick Fix', 'One-Pot', 'Fresh Run', 'Meal Prep']","['Savory', 'Warm & Soupy', 'Sick Day']"
Greek Salad,romaine lettuce cucumber tomato olive oil vinegar feta cheese olives,Protein 15.0g Calories 249.4,"Prep the ingredients and a serving bowl. Combine everything and toss until evenly coated. Taste and adjust seasoning, then serve.",Lunch Dinner,Dairy,,No-Cook,15.0,249.4,15.7,9.3,5,0,14.7,Complete Meal,"['Lunch', 'Dinner']",['Vegan'],['Contains Dairy'],[],['Volume Eater'],"['Lightning', 'Fresh Run', 'Portable']","['Savory', 'Sour', 'Creamy', 'Clean / Detox']"
Garlic Roasted Veggies (Variation 4),,Protein 20.4g Calories 227.5,"Preheat the oven and prepare a baking dish or sheet pan. Mix or assemble the ingredients in the dish. Bake until cooked through and lightly browned. Rest briefly, then slice or serve.",Breakfast,,Oven,Bake,20.4,227.5,4.3,2.1,15,25,20.5,Breakfast,['Breakfast'],[],[],"['没有Oven', '没有No-Cook']","['Protein High', 'Keto Friendly']",['Fresh Run'],"['Savory', 'Comfort Food']"
Herb Mashed Potatoes (Variation 2),,Protein 48.7g Calories 335.5,"Prep and season the ingredients. Cook using the chosen method until done. Taste, adjust seasoning, and serve.",Lunch Dinner,,Stove,Cook,48.7,335.5,13.3,4.5,10,20,13.2,Main Dish,"['Lunch', 'Dinner']",[],[],"['没有Stove', '没有No-Cook']",['Protein High'],"['Quick Fix', 'Fresh Run']",['Savory']
Roasted Veggies (Variation 2),,Protein 30.4g Calories 404.2,"Preheat the oven and prepare a baking dish or sheet pan. Mix or assemble the ingredients in the dish. Bake until cooked through and lightly browned. Rest briefly, then slice or serve.",Breakfast,,Oven,Bake,30.4,404.2,2.3,0.9,15,25,23.4,Breakfast,['Breakfast'],[],[],"['没有Oven', '没有No-Cook']","['Protein High', 'Keto Friendly']",['Fresh Run'],"['Savory', 'Comfort Food']"
Zesty Roasted Veggies,,Protein 23.9g Calories 276.1,"Preheat the oven and prepare a baking dish or sheet pan. Mix or assemble the ingredients in the dish. Bake until cooked through and lightly browned. Rest briefly, then slice or serve.",Breakfast,,Oven,Bake,23.9,276.1,13.1,2.6,15,25,13.4,Breakfast,['Breakfast'],[],[],"['没有Oven', '没有No-Cook']",['Protein High'],['Fresh Run'],['Savory']
Herb Tomato Soup (Variation 3),onion garlic broth,Protein 37.3g Calories 273.8,"Sauté aromatics in a pot until fragrant. Add main ingredients and liquid, then bring to a simmer. Cook until tender, stirring occasionally. Season to taste and serve warm.",Lunch Dinner,,Stove,Simmer,37.3,273.8,32.7,4.2,10,25,19.2,Main Dish,"['Lunch', 'Dinner']",[],[],"['没有Stove', '没有No-Cook']","['Protein High', 'Stable Energy']","['Quick Fix', 'One-Pot', 'Fresh Run', 'Meal Prep']","['Savory', 'Warm & Soupy', 'Sick Day']"
Light Brussels Sprouts,,Protein 41.4g Calories 683.8,"Prep and season the ingredients. Cook using the chosen method until done. Taste, adjust seasoning, and serve.",Lunch Dinner,,Stove,Cook,41.4,683.8,7.5,4.9,10,20,27.6,Main Dish,"['Lunch', 'Dinner']",[],[],"['没有Stove', '没有No-Cook']","['Protein High', 'Keto Friendly', 'Compact Fuel']","['Quick Fix', 'Fresh Run']","['Savory', 'Comfort Food']"
Herb Brussels Sprouts,,Protein 46.6g Calories 666.9,"Prep and season the ingredients. Cook using the chosen method until done. Taste, adjust seasoning, and serve.",Lunch Dinner,,Stove,Cook,46.6,666.9,20.6,1.9,10,20,11.5,Main Dish,"['Lunch', 'Dinner']",[],[],"['没有Stove', '没有No-Cook']","['Protein High', 'Compact Fuel']","['Quick Fix', 'Fresh Run']",['Savory']
Zesty Brussels Sprouts (Variation 3),,Protein 26.1g Calories 522.7,"Prep and season the ingredients. Cook using the chosen method until done. Taste, adjust seasoning, and serve.",Lunch Dinner,,Stove,Cook,26.1,522.7,34.1,0.2,10,20,27.3,Main Dish,"['Lunch', 'Dinner']",[],[],"['没有Stove', '没有No-Cook']",['Compact Fuel'],"['Quick Fix', 'Fresh Run']","['Savory', 'Comfort Food']"
Herb Mashed Potatoes (Variation 3),,Protein 47.0g Calories 397.1,"Prep and season the ingredients. Cook using the chosen method until done. Taste, adjust seasoning, and serve.",Lunch Dinner,,Stove,Cook,47.0,397.1,33.5,2.7,10,20,13.5,Main Dish,"['Lunch', 'Dinner']",[],[],"['没有Stove', '没有No-Cook']",['Protein High'],"['Quick Fix', 'Fresh Run']",['Savory']
Garlic Green Beans (Variation 2),,Protein 43.1g Calories 687.2,"Prep and season the ingredients. Cook using the chosen method until done. Taste, adjust seasoning, and serve.",Lunch Dinner,,Stove,Cook,43.1,687.2,11.0,3.0,10,20,26.1,Main Dish,"['Lunch', 'Dinner']",[],[],"['没有Stove', '没有No-Cook']","['Protein High', 'Compact Fuel']","['Quick Fix', 'Fresh Run']","['Savory', 'Comfort Food']"
Zesty Brussels Sprouts (Variation 4),,Protein 25.7g Calories 728.2,"Prep and season the ingredients. Cook using the chosen method until done. Taste, adjust seasoning, and serve.",Lunch Dinner,,Stove,Cook,25.7,728.2,1.2,3.6,10,20,18.0,Main Dish,"['Lunch', 'Dinner']",[],[],"['没有Stove', '没有No-Cook']","['Keto Friendly', 'Compact Fuel']","['Quick Fix', 'Fresh Run']",['Savory']
Light Coleslaw (Variation 2),,Protein 32.5g Calories 494.0,"Prep and season the ingredients. Cook using the chosen method until done. Taste, adjust seasoning, and serve.",Lunch Dinner,,Stove,Cook,32.5,494.0,6.5,4.5,10,20,26.7,Main Dish,"['Lunch', 'Dinner']",[],[],"['没有Stove', '没有No-Cook']","['Protein High', 'Keto Friendly']","['Quick Fix', 'Fresh Run']","['Savory', 'Comfort Food']"
Garlic Tomato Soup (Variation 3),onion garlic broth,Protein 16.2g Calories 374.6,"Sauté aromatics in a pot until fragrant. Add main ingredients and liquid, then bring to a simmer. Cook until tender, stirring occasionally. Season to taste and serve warm.",Lunch Dinner,,Stove,Simmer,16.2,374.6,37.9,8.9,10,25,21.4,Main Dish,"['Lunch', 'Dinner']",[],[],"['没有Stove', '没有No-Cook']","['Volume Eater', 'Stable Energy']","['Quick Fix', 'One-Pot', 'Fresh Run', 'Meal Prep']","['Savory', 'Warm & Soupy', 'Comfort Food', 'Sick Day']"
Garlic Coleslaw (Variation 2),,Protein 42.3g Calories 579.0,"Prep and season the ingredients. Cook using the chosen method until done. Taste, adjust seasoning, and serve.",Lunch Dinner,,Stove,Cook,42.3,579.0,10.8,0.1,10,20,17.0,Main Dish,"['Lunch', 'Dinner']",[],[],"['没有Stove', '没有No-Cook']","['Protein High', 'Compact Fuel']","['Quick Fix', 'Fresh Run']",['Savory']
Zesty Garden Salad (Variation 2),romaine lettuce cucumber tomato olive oil vinegar,Protein 22.9g Calories 362.9,"Prep the ingredients and a serving bowl. Combine everything and toss until evenly coated. Taste and adjust seasoning, then serve.",Lunch Dinner,,,No-Cook,22.9,362.9,8.2,9.5,5,0,22.4,Main Dish,"['Lunch', 'Dinner']",[],[],[],"['Keto Friendly', 'Volume Eater']","['Lightning', 'Brainless', 'Fresh Run', 'Portable']","['Savory', 'Sour', 'Comfort Food', 'Clean / Detox']"
Garlic Brussels Sprouts (Variation 4),,Protein 22.3g Calories 560.5,"Prep and season the ingredients. Cook using the chosen method until done. Taste, adjust seasoning, and serve.",Lunch Dinner,,Stove,Cook,22.3,560.5,10.1,1.8,10,20,25.7,Main Dish,"['Lunch', 'Dinner']",[],[],"['没有Stove', '没有No-Cook']",['Compact Fuel'],"['Quick Fix', 'Fresh Run']","['Savory', 'Comfort Food']"
Light Baked Potato (Variation 2),,Protein 41.3g Calories 706.8,"Prep and season the ingredients. Cook using the chosen method until done. Taste, adjust seasoning, and serve.",Lunch Dinner,,Microwave,Microwave,41.3,706.8,17.0,2.1,5,6,16.3,Main Dish,"['Lunch', 'Dinner']",[],[],"['没有Microwave', '没有No-Cook']","['Protein High', 'Compact Fuel']","['Microwave-Only', 'Lightning', 'Brainless', 'Fresh Run', 'Portable']",['Savory']
Brussels Sprouts (Variation 7),,Protein 36.0g Calories 420.8,"Prep and season the ingredients. Cook using the chosen method until done. Taste, adjust seasoning, and serve.",Lunch Dinner,,Stove,Cook,36.0,420.8,27.1,2.4,10,20,26.1,Main Dish,"['Lunch', 'Dinner']",[],[],"['没有Stove', '没有No-Cook']",['Protein High'],"['Quick Fix', 'Fresh Run']","['Savory', 'Comfort Food']"
Herb Greek Salad,romaine lettuce cucumber tomato olive oil vinegar feta cheese olives,Protein 17.3g Calories 186.6,"Prep the ingredients and a serving bowl. Combine everything and toss until evenly coated. Taste and adjust seasoning, then serve.",Lunch Dinner,Dairy,,No-Cook,17.3,186.6,21.2,7.6,5,0,21.2,Complete Meal,"['Lunch', 'Dinner']",['Vegan'],['Contains Dairy'],[],['Protein High'],"['Lightning', 'Fresh Run', 'Portable']","['Savory', 'Sour', 'Creamy', 'Comfort Food', 'Clean / Detox']"
Zesty Tomato Soup,onion garlic broth,Protein 27.8g Calories 478.9,"Sauté aromatics in a pot until fragrant. Add main ingredients and liquid, then bring to a simmer. Cook until tender, stirring occasionally. Season to taste and serve warm.",Lunch Dinner,,Stove,Simmer,27.8,478.9,26.9,2.5,10,25,7.7,Main Dish,"['Lunch', 'Dinner']",[],[],"['没有Stove', '没有No-Cook']",['Stable Energy'],"['Quick Fix', 'One-Pot', 'Fresh Run', 'Meal Prep']","['Savory', 'Warm & Soupy', 'Sick Day']"
Garlic Caesar Salad,romaine lettuce cucumber tomato olive oil vinegar parmesan cheese croutons caesar dressing,Protein 20.1g Calories 417.0,"Prep the ingredients and a serving bowl. Combine everything and toss until evenly coated. Taste and adjust seasoning, then serve.",Lunch Dinner,Gluten Dairy,,No-Cook,20.1,417.0,25.2,10.0,5,0,10.7,Main Dish,"['Lunch', 'Dinner']",['Vegan'],"['Contains Gluten', 'Contains Dairy']",[],['Volume Eater'],"['Lightning', 'Fresh Run', 'Portable']","['Savory', 'Sour', 'Crunchy', 'Creamy', 'Clean / Detox']"
Herb Caesar Salad (Variation 2),romaine lettuce cucumber tomato olive oil vinegar parmesan cheese croutons caesar dressing,Protein 12.6g Calories 392.0,"Prep the ingredients and a serving bowl. Combine everything and toss until evenly coated. Taste and adjust seasoning, then serve.",Lunch Dinner,Gluten Dairy,,No-Cook,12.6,392.0,11.0,11.3,5,0,19.8,Complete Meal,"['Lunch', 'Dinner']",['Vegan'],"['Contains Gluten', 'Contains Dairy']",[],['Volume Eater'],"['Lightning', 'Fresh Run', 'Portable']","['Savory', 'Sour', 'Crunchy', 'Creamy', 'Clean / Detox']"
Brussels Sprouts (Variation 8),,Protein 46.1g Calories 642.2,"Prep and season the ingredients. Cook using the chosen method until done. Taste, adjust seasoning, and serve.",Lunch Dinner,,Stove,Cook,46.1,642.2,24.0,4.1,10,20,22.5,Main Dish,"['Lunch', 'Dinner']",[],[],"['没有Stove', '没有No-Cook']","['Protein High', 'Compact Fuel']","['Quick Fix', 'Fresh Run']","['Savory', 'Comfort Food']"
Garlic Greek Salad (Variation 3),romaine lettuce cucumber tomato olive oil vinegar feta cheese olives,Protein 20.4g Calories 347.5,"Prep the ingredients and a serving bowl. Combine everything and toss until evenly coated. Taste and adjust seasoning, then serve.",Lunch Dinner,Dairy,,No-Cook,20.4,347.5,27.9,7.9,5,0,10.7,Main Dish,"['Lunch', 'Dinner']",['Vegan'],['Contains Dairy'],[],['Stable Energy'],"['Lightning', 'Fresh Run', 'Portable']","['Savory', 'Sour', 'Creamy', 'Clean / Detox']"
Greek Salad (Variation 2),romaine lettuce cucumber tomato olive oil vinegar feta cheese olives,Protein 6.8g Calories 261.0,"Prep the ingredients and a serving bowl. Combine everything and toss until evenly coated. Taste and adjust seasoning, then serve.",Lunch Dinner,Dairy,,No-Cook,6.8,261.0,22.2,6.3,5,0,16.3,Complete Meal,"['Lunch', 'Dinner']",['Vegan'],['Contains Dairy'],[],['Stable Energy'],"['Lightning', 'Fresh Run', 'Portable']","['Savory', 'Sour', 'Creamy', 'Clean / Detox']"
One-Pot Paella,rice onion bell pepper garlic broth,Protein 22.9g Calories 727.0,"Prep and season the ingredients. Cook using the chosen method until done. Taste, adjust seasoning, and serve.",Lunch Dinner,,Stove,Cook,22.9,727.0,76.4,7.5,10,20,24.6,Main Dish,"['Lunch', 'Dinner']",[],[],"['没有Stove', '没有No-Cook']",['Compact Fuel'],"['Quick Fix', 'Fresh Run']","['Savory', 'Warm & Soupy', 'Comfort Food']"
Comfort Mac and Cheese,,Protein 29.2g Calories 708.4,"Prep and season the ingredients. Cook using the chosen method until done. Taste, adjust seasoning, and serve.",Lunch Dinner,,Stove,Cook,29.2,708.4,88.8,7.4,10,20,25.5,Complete Meal,"['Lunch', 'Dinner']",[],[],"['没有Stove', '没有No-Cook']",['Compact Fuel'],"['Quick Fix', 'Fresh Run']","['Savory', 'Creamy', 'Comfort Food', 'Kid Friendly']"
Fried Rice,rice onion bell pepper garlic broth,Protein 20.1g Calories 541.6,"Pat ingredients dry and season. Heat oil in a pan over medium-high heat. Cook until golden and crisp, turning as needed. Drain briefly and serve.",Lunch Dinner,,Stove,Fry,20.1,541.6,60.1,7.0,10,15,16.1,Complete Meal,"['Lunch', 'Dinner']",[],[],"['没有Stove', '没有No-Cook']",['Compact Fuel'],"['Quick Fix', 'Fresh Run']","['Savory', 'Crunchy', 'Warm & Soupy', 'Comfort Food']"
Comfort Mac and Cheese (Variation 2),,Protein 22.0g Calories 739.4,"Prep and season the ingredients. Cook using the chosen method until done. Taste, adjust seasoning, and serve.",Lunch Dinner,,Stove,Cook,22.0,739.4,82.2,3.4,10,20,17.4,Complete Meal,"['Lunch', 'Dinner']",[],[],"['没有Stove', '没有No-Cook']",['Compact Fuel'],"['Quick Fix', 'Fresh Run']","['Savory', 'Creamy', 'Comfort Food', 'Kid Friendly']"
One-Pot Fried Rice,rice onion bell pepper garlic broth,Protein 34.4g Calories 600.8,"Pat ingredients dry and season. Heat oil in a pan over medium-high heat. Cook until golden and crisp, turning as needed. Drain briefly and serve.",Lunch Dinner,,Stove,Fry,34.4,600.8,67.3,4.7,10,15,24.6,Complete Meal,"['Lunch', 'Dinner']",[],[],"['没有Stove', '没有No-Cook']","['Protein High', 'Compact Fuel']","['Quick Fix', 'Fresh Run']","['Savory', 'Crunchy', 'Warm & Soupy', 'Comfort Food']"
Comfort Paella,rice onion bell pepper garlic broth,Protein 24.5g Calories 568.6,"Prep and season the ingredients. Cook using the chosen method until done. Taste, adjust seasoning, and serve.",Lunch Dinner,,Stove,Cook,24.5,568.6,89.0,7.3,10,20,19.5,Main Dish,"['Lunch', 'Dinner']",[],[],"['没有Stove', '没有No-Cook']",['Compact Fuel'],"['Quick Fix', 'Fresh Run']","['Savory', 'Warm & Soupy', 'Comfort Food']"
Comfort Pasta Primavera,pasta tomato sauce parmesan cheese,Protein 38.8g Calories 678.4,"Prep and season the ingredients. Cook using the chosen method until done. Taste, adjust seasoning, and serve.",Lunch Dinner,Gluten Dairy,Stove,Cook,38.8,678.4,57.8,5.5,10,20,26.2,Complete Meal,"['Lunch', 'Dinner']",['Vegan'],"['Contains Gluten', 'Contains Dairy']","['没有Stove', '没有No-Cook']","['Protein High', 'Compact Fuel']","['Quick Fix', 'Fresh Run']","['Savory', 'Creamy', 'Comfort Food']"
Family-Style Spaghetti Bolognese,pasta tomato sauce parmesan cheese,Protein 31.0g Calories 543.7,"Prep and season the ingredients. Cook using the chosen method until done. Taste, adjust seasoning, and serve.",Lunch Dinner,Gluten Dairy,Stove,Cook,31.0,543.7,2.2,0.8,10,20,18.4,Main Dish,"['Lunch', 'Dinner']",['Vegan'],"['Contains Gluten', 'Contains Dairy']","['没有Stove', '没有No-Cook']","['Protein High', 'Keto Friendly', 'Compact Fuel']","['Quick Fix', 'Fresh Run']","['Savory', 'Creamy']"
Family-Style Baked Ziti,pasta tomato sauce parmesan cheese,Protein 37.9g Calories 673.6,"Preheat the oven and prepare a baking dish or sheet pan. Mix or assemble the ingredients in the dish. Bake until cooked through and lightly browned. Rest briefly, then slice or serve.",Lunch Dinner,Gluten Dairy,Oven,Bake,37.9,673.6,73.3,6.6,20,45,17.1,Complete Meal,"['Lunch', 'Dinner']",['Vegan'],"['Contains Gluten', 'Contains Dairy']","['没有Oven', '没有No-Cook']","['Protein High', 'Compact Fuel']","['Slow Burn', 'Fresh Run', 'Meal Prep']","['Savory', 'Creamy', 'Comfort Food']"
Weeknight Spaghetti Bolognese,pasta tomato sauce parmesan cheese,Protein 40.9g Calories 684.5,"Prep and season the ingredients. Cook using the chosen method until done. Taste, adjust seasoning, and serve.",Lunch Dinner,Gluten Dairy,Stove,Cook,40.9,684.5,7.1,0.0,10,20,19.6,Main Dish,"['Lunch', 'Dinner']",['Vegan'],"['Contains Gluten', 'Contains Dairy']","['没有Stove', '没有No-Cook']","['Protein High', 'Keto Friendly', 'Compact Fuel']","['Quick Fix', 'Fresh Run']","['Savory', 'Creamy']"
Spaghetti Bolognese,pasta tomato sauce parmesan cheese,Protein 36.7g Calories 625.8,Gather and measure all ingredients. Preheat and set up your workstation. Prepare the main component carefully. Prep the sauce or mixture separately. Combine components in the correct order. Cook while monitoring temperature and texture. Adjust seasoning in small increments. Rest the dish to set flavors and structure. Plate neatly and serve immediately.,Lunch Dinner,Gluten Dairy,Stove,Cook,36.7,625.8,30.5,3.7,10,20,9.9,Main Dish,"['Lunch', 'Dinner']",['Vegan'],"['Contains Gluten', 'Contains Dairy']","['没有Stove', '没有No-Cook']","['Protein High', 'Compact Fuel']","['Quick Fix', 'Focus Required', 'Fresh Run']","['Savory', 'Creamy']"
Family-Style Paella,rice onion bell pepper garlic broth,Protein 26.9g Calories 695.4,"Prep and season the ingredients. Cook using the chosen method until done. Taste, adjust seasoning, and serve.",Lunch Dinner,,Stove,Cook,26.9,695.4,93.6,3.2,10,20,18.1,Main Dish,"['Lunch', 'Dinner']",[],[],"['没有Stove', '没有No-Cook']",['Compact Fuel'],"['Quick Fix', 'Fresh Run']","['Savory', 'Warm & Soupy', 'Comfort Food']"
Baked Ziti,pasta tomato sauce parmesan cheese,Protein 26.2g Calories 547.8,"Preheat the oven and prepare a baking dish or sheet pan. Mix or assemble the ingredients in the dish. Bake until cooked through and lightly browned. Rest briefly, then slice or serve.",Lunch Dinner,Gluten Dairy,Oven,Bake,26.2,547.8,55.6,7.2,20,45,17.2,Complete Meal,"['Lunch', 'Dinner']",['Vegan'],"['Contains Gluten', 'Contains Dairy']","['没有Oven', '没有No-Cook']","['Compact Fuel', 'Stable Energy']","['Slow Burn', 'Fresh Run', 'Meal Prep']","['Savory', 'Creamy', 'Comfort Food']"
One-Pot Pasta Primavera,pasta tomato sauce parmesan cheese,Protein 32.9g Calories 544.8,"Prep and season the ingredients. Cook using the chosen method until done. Taste, adjust seasoning, and serve.",Lunch Dinner,Gluten Dairy,Stove,Cook,32.9,544.8,80.1,6.5,10,20,16.0,Complete Meal,"['Lunch', 'Dinner']",['Vegan'],"['Contains Gluten', 'Contains Dairy']","['没有Stove', '没有No-Cook']","['Protein High', 'Compact Fuel']","['Quick Fix', 'Fresh Run']","['Savory', 'Creamy', 'Comfort Food']"
One-Pot Pasta Primavera (Variation 2),pasta tomato sauce parmesan cheese,Protein 20.8g Calories 597.1,"Prep and season the ingredients. Cook using the chosen method until done. Taste, adjust seasoning, and serve.",Lunch Dinner,Gluten Dairy,Stove,Cook,20.8,597.1,70.3,3.8,10,20,21.4,Complete Meal,"['Lunch', 'Dinner']",['Vegan'],"['Contains Gluten', 'Contains Dairy']","['没有Stove', '没有No-Cook']",['Compact Fuel'],"['Quick Fix', 'Fresh Run']","['Savory', 'Creamy', 'Comfort Food']"
One-Pot Mac and Cheese,,Protein 24.6g Calories 760.1,"Prep and season the ingredients. Cook using the chosen method until done. Taste, adjust seasoning, and serve.",Lunch Dinner,,Stove,Cook,24.6,760.1,66.6,6.0,10,20,23.6,Complete Meal,"['Lunch', 'Dinner']",[],[],"['没有Stove', '没有No-Cook']",['Compact Fuel'],"['Quick Fix', 'Fresh Run']","['Savory', 'Creamy', 'Comfort Food', 'Kid Friendly']"
Family-Style Fried Rice,rice onion bell pepper garlic broth,Protein 37.5g Calories 594.9,"Pat ingredients dry and season. Heat oil in a pan over medium-high heat. Cook until golden and crisp, turning as needed. Drain briefly and serve.",Lunch Dinner,,Stove,Fry,37.5,594.9,94.8,7.5,10,15,17.5,Complete Meal,"['Lunch', 'Dinner']",[],[],"['没有Stove', '没有No-Cook']","['Protein High', 'Compact Fuel']","['Quick Fix', 'Fresh Run']","['Savory', 'Crunchy', 'Warm & Soupy', 'Comfort Food']"
Comfort Lasagna,pasta tomato sauce parmesan cheese,Protein 38.9g Calories 544.1,Gather and measure all ingredients. Preheat and set up your workstation. Prepare the main component carefully. Prep the sauce or mixture separately. Combine components in the correct order. Cook while monitoring temperature and texture. Adjust seasoning in small increments. Rest the dish to set flavors and structure. Plate neatly and serve immediately.,Lunch Dinner,Gluten Dairy,Oven,Bake,38.9,544.1,91.7,4.1,20,45,18.5,Complete Meal,"['Lunch', 'Dinner']",['Vegan'],"['Contains Gluten', 'Contains Dairy']","['没有Oven', '没有No-Cook']","['Protein High', 'Compact Fuel']","['Slow Burn', 'Focus Required', 'Fresh Run', 'Meal Prep']","['Savory', 'Creamy', 'Comfort Food']"
Comfort Fried Rice,rice onion bell pepper garlic broth,Protein 20.9g Calories 727.2,"Pat ingredients dry and season. Heat oil in a pan over medium-high heat. Cook until golden and crisp, turning as needed. Drain briefly and serve.",Lunch Dinner,,Stove,Fry,20.9,727.2,84.4,3.8,10,15,21.4,Complete Meal,"['Lunch', 'Dinner']",[],[],"['没有Stove', '没有No-Cook']",['Compact Fuel'],"['Quick Fix', 'Fresh Run']","['Savory', 'Crunchy', 'Warm & Soupy', 'Comfort Food']"
Family-Style Chicken Alfredo,chicken breast olive oil salt pepper garlic,Protein 41.5g Calories 399.4,"Prep and season the ingredients. Cook using the chosen method until done. Taste, adjust seasoning, and serve.",Lunch Dinner,,Stove,Cook,41.5,399.4,1.5,1.5,10,20,24.1,Main Dish,"['Lunch', 'Dinner']","['Vegan', 'Vegetarian', 'Pescatarian']",[],"['没有Stove', '没有No-Cook']","['Protein High', 'Keto Friendly']","['Quick Fix', 'Fresh Run']","['Savory', 'Creamy', 'Comfort Food']"
Chicken Alfredo,chicken breast olive oil salt pepper garlic,Protein 41.9g Calories 717.9,"Prep and season the ingredients. Cook using the chosen method until done. Taste, adjust seasoning, and serve.",Lunch Dinner,,Stove,Cook,41.9,717.9,26.1,4.1,10,20,8.4,Main Dish,"['Lunch', 'Dinner']","['Vegan', 'Vegetarian', 'Pescatarian']",[],"['没有Stove', '没有No-Cook']","['Protein High', 'Compact Fuel']","['Quick Fix', 'Fresh Run']","['Savory', 'Creamy']"
Weeknight Shepherd’s Pie,pie crust sugar butter,Protein 6.3g Calories 380.0,"Preheat the oven and prepare a baking dish or sheet pan. Mix or assemble the ingredients in the dish. Bake until cooked through and lightly browned. Rest briefly, then slice or serve.",Snack,Gluten Dairy,Oven,Bake,6.3,380.0,66.9,1.6,20,45,18.5,Snack / Dessert,['Snack'],['Vegan'],"['Contains Gluten', 'Contains Dairy']","['没有Oven', '没有No-Cook']",['Coma Inducing'],"['Slow Burn', 'Fresh Run', 'Meal Prep']","['Sweet', 'Creamy', 'Comfort Food']"
Family-Style Shepherd’s Pie,pie crust sugar butter,Protein 7.8g Calories 446.8,"Preheat the oven and prepare a baking dish or sheet pan. Mix or assemble the ingredients in the dish. Bake until cooked through and lightly browned. Rest briefly, then slice or serve.",Snack,Gluten Dairy,Oven,Bake,7.8,446.8,57.0,3.6,20,45,21.9,Snack / Dessert,['Snack'],['Vegan'],"['Contains Gluten', 'Contains Dairy']","['没有Oven', '没有No-Cook']",['Stable Energy'],"['Slow Burn', 'Fresh Run', 'Meal Prep']","['Sweet', 'Creamy', 'Comfort Food']"
Comfort Paella (Variation 2),rice onion bell pepper garlic broth,Protein 31.3g Calories 571.8,"Prep and season the ingredients. Cook using the chosen method until done. Taste, adjust seasoning, and serve.",Lunch Dinner,,Stove,Cook,31.3,571.8,60.5,3.5,10,20,25.3,Main Dish,"['Lunch', 'Dinner']",[],[],"['没有Stove', '没有No-Cook']","['Protein High', 'Compact Fuel']","['Quick Fix', 'Fresh Run']","['Savory', 'Warm & Soupy', 'Comfort Food']"
Family-Style Chicken Alfredo (Variation 2),chicken breast olive oil salt pepper garlic,Protein 25.5g Calories 485.2,"Prep and season the ingredients. Cook using the chosen method until done. Taste, adjust seasoning, and serve.",Lunch Dinner,,Stove,Cook,25.5,485.2,4.6,1.2,10,20,18.4,Main Dish,"['Lunch', 'Dinner']","['Vegan', 'Vegetarian', 'Pescatarian']",[],"['没有Stove', '没有No-Cook']",['Keto Friendly'],"['Quick Fix', 'Fresh Run']","['Savory', 'Creamy']"
One-Pot Paella (Variation 2),rice onion bell pepper garlic broth,Protein 22.4g Calories 657.9,"Prep and season the ingredients. Cook using the chosen method until done. Taste, adjust seasoning, and serve.",Lunch Dinner,,Stove,Cook,22.4,657.9,83.1,3.2,10,20,16.7,Main Dish,"['Lunch', 'Dinner']",[],[],"['没有Stove', '没有No-Cook']",['Compact Fuel'],"['Quick Fix', 'Fresh Run']","['Savory', 'Warm & Soupy', 'Comfort Food']"
One-Pot Paella (Variation 3),rice onion bell pepper garlic broth,Protein 22.6g Calories 648.8,"Prep and season the ingredients. Cook using the chosen method until done. Taste, adjust seasoning, and serve.",Lunch Dinner,,Stove,Cook,22.6,648.8,92.3,3.0,10,20,17.3,Main Dish,"['Lunch', 'Dinner']",[],[],"['没有Stove', '没有No-Cook']",['Compact Fuel'],"['Quick Fix', 'Fresh Run']","['Savory', 'Warm & Soupy', 'Comfort Food']"
Weeknight Pasta Primavera,pasta tomato sauce parmesan cheese,Protein 38.0g Calories 708.4,"Prep and season the ingredients. Cook using the chosen method until done. Taste, adjust seasoning, and serve.",Lunch Dinner,Gluten Dairy,Stove,Cook,38.0,708.4,88.4,3.7,10,20,22.7,Complete Meal,"['Lunch', 'Dinner']",['Vegan'],"['Contains Gluten', 'Contains Dairy']","['没有Stove', '没有No-Cook']","['Protein High', 'Compact Fuel']","['Quick Fix', 'Fresh Run']","['Savory', 'Creamy', 'Comfort Food']"
Comfort Baked Ziti,pasta tomato sauce parmesan cheese,Protein 29.3g Calories 510.6,"Preheat the oven and prepare a baking dish or sheet pan. Mix or assemble the ingredients in the dish. Bake until cooked through and lightly browned. Rest briefly, then slice or serve.",Lunch Dinner,Gluten Dairy,Oven,Bake,29.3,510.6,83.9,4.3,20,45,13.6,Complete Meal,"['Lunch', 'Dinner']",['Vegan'],"['Contains Gluten', 'Contains Dairy']","['没有Oven', '没有No-Cook']",['Compact Fuel'],"['Slow Burn', 'Fresh Run', 'Meal Prep']","['Savory', 'Creamy', 'Comfort Food']"
Chicken Alfredo (Variation 2),chicken breast olive oil salt pepper garlic,Protein 51.7g Calories 412.5,"Prep and season the ingredients. Cook using the chosen method until done. Taste, adjust seasoning, and serve.",Lunch Dinner,,Stove,Cook,51.7,412.5,11.8,0.6,10,20,18.2,Main Dish,"['Lunch', 'Dinner']","['Vegan', 'Vegetarian', 'Pescatarian']",[],"['没有Stove', '没有No-Cook']",['Protein High'],"['Quick Fix', 'Fresh Run']","['Savory', 'Creamy']"
One-Pot Paella (Variation 4),rice onion bell pepper garlic broth,Protein 18.9g Calories 539.4,"Prep and season the ingredients. Cook using the chosen method until done. Taste, adjust seasoning, and serve.",Lunch Dinner,,Stove,Cook,18.9,539.4,66.6,4.6,10,20,24.8,Main Dish,"['Lunch', 'Dinner']",[],[],"['没有Stove', '没有No-Cook']",['Compact Fuel'],"['Quick Fix', 'Fresh Run']","['Savory', 'Warm & Soupy', 'Comfort Food']"
One-Pot Shepherd’s Pie,pie crust sugar butter,Protein 4.6g Calories 457.2,"Preheat the oven and prepare a baking dish or sheet pan. Mix or assemble the ingredients in the dish. Bake until cooked through and lightly browned. Rest briefly, then slice or serve.",Snack,Gluten Dairy,Oven,Bake,4.6,457.2,75.3,4.4,20,45,10.8,Snack / Dessert,['Snack'],['Vegan'],"['Contains Gluten', 'Contains Dairy']","['没有Oven', '没有No-Cook']",['Stable Energy'],"['Slow Burn', 'Fresh Run', 'Meal Prep']","['Sweet', 'Creamy', 'Comfort Food']"
One-Pot Fried Rice (Variation 2),rice onion bell pepper garlic broth,Protein 21.8g Calories 705.5,"Pat ingredients dry and season. Heat oil in a pan over medium-high heat. Cook until golden and crisp, turning as needed. Drain briefly and serve.",Lunch Dinner,,Stove,Fry,21.8,705.5,69.3,6.1,10,15,19.0,Complete Meal,"['Lunch', 'Dinner']",[],[],"['没有Stove', '没有No-Cook']",['Compact Fuel'],"['Quick Fix', 'Fresh Run']","['Savory', 'Crunchy', 'Warm & Soupy', 'Comfort Food']"
One-Pot Paella (Variation 5),rice onion bell pepper garlic broth,Protein 20.0g Calories 778.7,"Prep and season the ingredients. Cook using the chosen method until done. Taste, adjust seasoning, and serve.",Lunch Dinner,,Stove,Cook,20.0,778.7,87.6,5.0,10,20,14.9,Main Dish,"['Lunch', 'Dinner']",[],[],"['没有Stove', '没有No-Cook']",['Compact Fuel'],"['Quick Fix', 'Fresh Run']","['Savory', 'Warm & Soupy', 'Comfort Food']"
Weeknight Lasagna,pasta tomato sauce parmesan cheese,Protein 26.5g Calories 572.4,"Preheat the oven and prepare a baking dish or sheet pan. Mix or assemble the ingredients in the dish. Bake until cooked through and lightly browned. Rest briefly, then slice or serve.",Lunch Dinner,Gluten Dairy,Oven,Bake,26.5,572.4,89.0,6.2,20,45,24.8,Complete Meal,"['Lunch', 'Dinner']",['Vegan'],"['Contains Gluten', 'Contains Dairy']","['没有Oven', '没有No-Cook']",['Compact Fuel'],"['Slow Burn', 'Fresh Run', 'Meal Prep']","['Savory', 'Creamy', 'Comfort Food']"
Paella,rice onion bell pepper garlic broth,Protein 20.5g Calories 750.9,"Prep and season the ingredients. Cook using the chosen method until done. Taste, adjust seasoning, and serve.",Lunch Dinner,,Stove,Cook,20.5,750.9,82.8,7.7,10,20,12.9,Main Dish,"['Lunch', 'Dinner']",[],[],"['没有Stove', '没有No-Cook']",['Compact Fuel'],"['Quick Fix', 'Fresh Run']","['Savory', 'Warm & Soupy', 'Comfort Food']"
Weeknight Lasagna (Variation 2),pasta tomato sauce parmesan cheese,Protein 31.0g Calories 621.4,Gather and measure all ingredients. Preheat and set up your workstation. Prepare the main component carefully. Prep the sauce or mixture separately. Combine components in the correct order. Cook while monitoring temperature and texture. Adjust seasoning in small increments. Rest the dish to set flavors and structure. Plate neatly and serve immediately.,Lunch Dinner,Gluten Dairy,Oven,Bake,31.0,621.4,87.1,3.9,20,45,22.9,Complete Meal,"['Lunch', 'Dinner']",['Vegan'],"['Contains Gluten', 'Contains Dairy']","['没有Oven', '没有No-Cook']","['Protein High', 'Compact Fuel']","['Slow Burn', 'Focus Required', 'Fresh Run', 'Meal Prep']","['Savory', 'Creamy', 'Comfort Food']"
One-Pot Shepherd’s Pie (Variation 2),pie crust sugar butter,Protein 6.2g Calories 371.1,"Preheat the oven and prepare a baking dish or sheet pan. Mix or assemble the ingredients in the dish. Bake until cooked through and lightly browned. Rest briefly, then slice or serve.",Snack,Gluten Dairy,Oven,Bake,6.2,371.1,46.2,4.4,20,45,22.3,Snack / Dessert,['Snack'],['Vegan'],"['Contains Gluten', 'Contains Dairy']","['没有Oven', '没有No-Cook']",['Stable Energy'],"['Slow Burn', 'Fresh Run', 'Meal Prep']","['Sweet', 'Creamy', 'Comfort Food']"
One-Pot Shepherd’s Pie (Variation 3),pie crust sugar butter,Protein 4.8g Calories 513.6,"Preheat the oven and prepare a baking dish or sheet pan. Mix or assemble the ingredients in the dish. Bake until cooked through and lightly browned. Rest briefly, then slice or serve.",Snack,Gluten Dairy,Oven,Bake,4.8,513.6,81.8,2.6,20,45,12.0,Snack / Dessert,['Snack'],['Vegan'],"['Contains Gluten', 'Contains Dairy']","['没有Oven', '没有No-Cook']","['Coma Inducing', 'Compact Fuel']","['Slow Burn', 'Fresh Run', 'Meal Prep']","['Sweet', 'Creamy', 'Comfort Food']"
Baked Ziti (Variation 2),pasta tomato sauce parmesan cheese,Protein 23.8g Calories 495.6,"Preheat the oven and prepare a baking dish or sheet pan. Mix or assemble the ingredients in the dish. Bake until cooked through and lightly browned. Rest briefly, then slice or serve.",Lunch Dinner,Gluten Dairy,Oven,Bake,23.8,495.6,67.6,6.4,20,45,23.3,Complete Meal,"['Lunch', 'Dinner']",['Vegan'],"['Contains Gluten', 'Contains Dairy']","['没有Oven', '没有No-Cook']",['Stable Energy'],"['Slow Burn', 'Fresh Run', 'Meal Prep']","['Savory', 'Creamy', 'Comfort Food']"
Toasted Chicken Wrap,chicken breast olive oil salt pepper garlic,Protein 29.8g Calories 667.0,"Prep and season the ingredients. Cook using the chosen method until done. Taste, adjust seasoning, and serve.",Lunch Dinner,,Stove,Assemble,29.8,667.0,55.4,5.3,7,0,31.5,Main Dish,"['Lunch', 'Dinner']","['Vegan', 'Vegetarian', 'Pescatarian']",[],"['没有Stove', '没有No-Cook']",['Compact Fuel'],"['Lightning', 'Brainless', 'Fresh Run', 'Portable']","['Savory', 'Comfort Food']"
Quick Grilled Cheese,,Protein 37.7g Calories 455.3,"Season the main ingredient with salt, pepper, and aromatics. Heat a grill pan or skillet until hot. Cook on both sides until done. Rest briefly, then serve.",Lunch Dinner,,Stove,Grill,37.7,455.3,28.0,4.0,10,15,10.1,Main Dish,"['Lunch', 'Dinner']",[],[],"['没有Stove', '没有No-Cook']",['Protein High'],"['Quick Fix', 'Fresh Run']","['Savory', 'Kid Friendly']"
Quick Grilled Cheese (Variation 2),,Protein 32.4g Calories 419.4,"Season the main ingredient with salt, pepper, and aromatics. Heat a grill pan or skillet until hot. Cook on both sides until done. Rest briefly, then serve.",Lunch Dinner,,Stove,Grill,32.4,419.4,27.1,5.0,10,15,16.5,Main Dish,"['Lunch', 'Dinner']",[],[],"['没有Stove', '没有No-Cook']",['Protein High'],"['Quick Fix', 'Fresh Run']","['Savory', 'Kid Friendly']"
Toasted Breakfast Sandwich,,Protein 21.9g Calories 454.0,"Prep and season the ingredients. Cook using the chosen method until done. Taste, adjust seasoning, and serve.",Breakfast,,Stove,Assemble,21.9,454.0,46.9,2.6,7,0,19.0,Breakfast,['Breakfast'],[],[],"['没有Stove', '没有No-Cook']",['Stable Energy'],"['Lightning', 'Brainless', 'Fresh Run', 'Portable']","['Savory', 'Comfort Food']"
Quick Turkey Sandwich,ground turkey onion garlic salt pepper,Protein 36.4g Calories 699.5,"Prep and season the ingredients. Cook using the chosen method until done. Taste, adjust seasoning, and serve.",Lunch Dinner,,,Assemble,36.4,699.5,69.1,4.5,7,0,11.6,Main Dish,"['Lunch', 'Dinner']","['Vegan', 'Vegetarian', 'Pescatarian']",[],['没有No-Cook'],"['Protein High', 'Compact Fuel']","['Lightning', 'Brainless', 'Fresh Run', 'Portable']","['Savory', 'Comfort Food']"
Loaded Philly Cheesesteak,beef olive oil salt pepper garlic,Protein 39.3g Calories 456.4,"Prep and season the ingredients. Cook using the chosen method until done. Taste, adjust seasoning, and serve.",Lunch Dinner,,Stove,Cook,39.3,456.4,32.3,5.2,10,20,14.9,Main Dish,"['Lunch', 'Dinner']","['Vegan', 'Vegetarian', 'Pescatarian']",[],"['没有Stove', '没有No-Cook']","['Protein High', 'Stable Energy']","['Quick Fix', 'Fresh Run']","['Savory', 'Date Night']"
Quick Turkey Sandwich (Variation 2),ground turkey onion garlic salt pepper,Protein 21.6g Calories 521.3,"Prep and season the ingredients. Cook using the chosen method until done. Taste, adjust seasoning, and serve.",Lunch Dinner,,,Assemble,21.6,521.3,50.7,4.2,7,0,27.6,Main Dish,"['Lunch', 'Dinner']","['Vegan', 'Vegetarian', 'Pescatarian']",[],['没有No-Cook'],"['Compact Fuel', 'Stable Energy']","['Lightning', 'Brainless', 'Fresh Run', 'Portable']","['Savory', 'Comfort Food']"
Loaded Reuben,,Protein 26.7g Calories 702.6,"Prep and season the ingredients. Cook using the chosen method until done. Taste, adjust seasoning, and serve.",Lunch Dinner,,Stove,Cook,26.7,702.6,35.3,5.3,10,20,20.9,Main Dish,"['Lunch', 'Dinner']",[],[],"['没有Stove', '没有No-Cook']",['Compact Fuel'],"['Quick Fix', 'Fresh Run']","['Savory', 'Comfort Food']"
BLT,,Protein 34.4g Calories 361.1,"Prep and season the ingredients. Cook using the chosen method until done. Taste, adjust seasoning, and serve.",Lunch Dinner,,Stove,Cook,34.4,361.1,22.3,0.5,10,20,8.0,Main Dish,"['Lunch', 'Dinner']",[],[],"['没有Stove', '没有No-Cook']",['Protein High'],"['Quick Fix', 'Fresh Run']",['Savory']
Deli-Style Reuben,,Protein 30.9g Calories 601.7,"Prep and season the ingredients. Cook using the chosen method until done. Taste, adjust seasoning, and serve.",Lunch Dinner,,Stove,Cook,30.9,601.7,43.7,3.0,10,20,21.2,Main Dish,"['Lunch', 'Dinner']",[],[],"['没有Stove', '没有No-Cook']","['Protein High', 'Compact Fuel']","['Quick Fix', 'Fresh Run']","['Savory', 'Comfort Food']"
Quick Grilled Cheese (Variation 3),,Protein 50.5g Calories 588.6,"Season the main ingredient with salt, pepper, and aromatics. Heat a grill pan or skillet until hot. Cook on both sides until done. Rest briefly, then serve.",Lunch Dinner,,Stove,Grill,50.5,588.6,14.5,1.3,10,15,9.2,Main Dish,"['Lunch', 'Dinner']",[],[],"['没有Stove', '没有No-Cook']","['Protein High', 'Compact Fuel']","['Quick Fix', 'Fresh Run']","['Savory', 'Kid Friendly']"
Loaded Philly Cheesesteak (Variation 2),beef olive oil salt pepper garlic,Protein 29.4g Calories 541.8,"Prep and season the ingredients. Cook using the chosen method until done. Taste, adjust seasoning, and serve.",Lunch Dinner,,Microwave,Microwave,29.4,541.8,57.9,5.3,5,6,20.4,Main Dish,"['Lunch', 'Dinner']","['Vegan', 'Vegetarian', 'Pescatarian']",[],"['没有Microwave', '没有No-Cook']","['Compact Fuel', 'Stable Energy']","['Microwave-Only', 'Lightning', 'Brainless', 'Fresh Run', 'Portable']","['Savory', 'Comfort Food', 'Date Night']"
Toasted BLT,,Protein 25.4g Calories 606.4,"Prep and season the ingredients. Cook using the chosen method until done. Taste, adjust seasoning, and serve.",Lunch Dinner,,Stove,Cook,25.4,606.4,30.4,2.0,10,20,12.9,Main Dish,"['Lunch', 'Dinner']",[],[],"['没有Stove', '没有No-Cook']",['Compact Fuel'],"['Quick Fix', 'Fresh Run']",['Savory']
Deli-Style Philly Cheesesteak,beef olive oil salt pepper garlic,Protein 39.1g Calories 692.0,"Prep and season the ingredients. Cook using the chosen method until done. Taste, adjust seasoning, and serve.",Lunch Dinner,,Stove,Cook,39.1,692.0,43.1,5.5,10,20,21.5,Main Dish,"['Lunch', 'Dinner']","['Vegan', 'Vegetarian', 'Pescatarian']",[],"['没有Stove', '没有No-Cook']","['Protein High', 'Compact Fuel']","['Quick Fix', 'Fresh Run']","['Savory', 'Comfort Food', 'Date Night']"
Loaded Club Sandwich,,Protein 19.9g Calories 378.3,"Prep and season the ingredients. Cook using the chosen method until done. Taste, adjust seasoning, and serve.",Lunch Dinner,,,Assemble,19.9,378.3,36.3,5.6,7,0,25.8,Main Dish,"['Lunch', 'Dinner']",[],[],['没有No-Cook'],['Stable Energy'],"['Lightning', 'Brainless', 'Fresh Run', 'Portable']","['Savory', 'Comfort Food']"
Quick Club Sandwich,,Protein 30.7g Calories 402.8,"Prep and season the ingredients. Cook using the chosen method until done. Taste, adjust seasoning, and serve.",Lunch Dinner,,,Assemble,30.7,402.8,38.4,4.0,7,0,30.5,Main Dish,"['Lunch', 'Dinner']",[],[],['没有No-Cook'],"['Protein High', 'Stable Energy']","['Lightning', 'Brainless', 'Fresh Run', 'Portable']","['Savory', 'Comfort Food']"
Quick Philly Cheesesteak,beef olive oil salt pepper garlic,Protein 34.8g Calories 542.8,"Prep and season the ingredients. Cook using the chosen method until done. Taste, adjust seasoning, and serve.",Lunch Dinner,,Stove,Cook,34.8,542.8,62.3,4.1,10,20,12.4,Main Dish,"['Lunch', 'Dinner']","['Vegan', 'Vegetarian', 'Pescatarian']",[],"['没有Stove', '没有No-Cook']","['Protein High', 'Compact Fuel']","['Quick Fix', 'Fresh Run']","['Savory', 'Comfort Food', 'Date Night']"
Toasted Hot Dog,hot dog bun mustard relish,Protein 36.1g Calories 730.7,"Prep and season the ingredients. Cook using the chosen method until done. Taste, adjust seasoning, and serve.",Lunch Dinner,Gluten,Stove,Assemble,36.1,730.7,56.5,4.3,7,0,27.0,Main Dish,"['Lunch', 'Dinner']",[],['Contains Gluten'],"['没有Stove', '没有No-Cook']","['Protein High', 'Compact Fuel']","['Lightning', 'Brainless', 'Fresh Run', 'Portable']","['Savory', 'Comfort Food']"
Toasted Club Sandwich,,Protein 38.9g Calories 623.4,"Prep and season the ingredients. Cook using the chosen method until done. Taste, adjust seasoning, and serve.",Lunch Dinner,,Stove,Assemble,38.9,623.4,36.1,4.7,7,0,21.0,Main Dish,"['Lunch', 'Dinner']",[],[],"['没有Stove', '没有No-Cook']","['Protein High', 'Compact Fuel']","['Lightning', 'Brainless', 'Fresh Run', 'Portable']","['Savory', 'Comfort Food']"
Toasted Breakfast Sandwich (Variation 2),,Protein 21.2g Calories 331.7,"Prep and season the ingredients. Cook using the chosen method until done. Taste, adjust seasoning, and serve.",Breakfast,,Stove,Assemble,21.2,331.7,74.4,4.0,7,0,16.8,Breakfast,['Breakfast'],[],[],"['没有Stove', '没有No-Cook']",['Stable Energy'],"['Lightning', 'Brainless', 'Fresh Run', 'Portable']","['Savory', 'Comfort Food']"
Brownies,flour butter sugar egg cocoa powder,Protein 5.1g Calories 501.1,"Preheat the oven and prepare a baking dish or sheet pan. Mix or assemble the ingredients in the dish. Bake until cooked through and lightly browned. Rest briefly, then slice or serve.",Snack,Gluten Dairy,Oven,Bake,5.1,501.1,68.1,1.5,15,25,23.1,Snack / Dessert,['Snack'],['Vegan'],"['Contains Gluten', 'Contains Dairy']","['没有Oven', '没有No-Cook']","['Coma Inducing', 'Compact Fuel']",['Fresh Run'],"['Sweet', 'Creamy', 'Comfort Food']"
Blueberry Muffins,flour milk egg baking powder butter sugar blueberries,Protein 7.6g Calories 373.0,"Preheat the oven and prepare a baking dish or sheet pan. Mix or assemble the ingredients in the dish. Bake until cooked through and lightly browned. Rest briefly, then slice or serve.",Snack,Gluten Dairy,Oven,Bake,7.6,373.0,80.3,2.5,15,25,19.1,Snack / Dessert,['Snack'],['Vegan'],"['Contains Gluten', 'Contains Dairy']","['没有Oven', '没有No-Cook']",['Coma Inducing'],['Fresh Run'],"['Sweet', 'Creamy', 'Comfort Food', 'Kid Friendly']"
Homemade Chocolate Cake,flour sugar butter egg vanilla cocoa powder,Protein 9.5g Calories 515.1,"Preheat the oven and prepare a baking dish or sheet pan. Mix or assemble the ingredients in the dish. Bake until cooked through and lightly browned. Rest briefly, then slice or serve.",Snack,Gluten Dairy,Oven,Bake,9.5,515.1,75.5,4.9,20,45,14.9,Snack / Dessert,['Snack'],['Vegan'],"['Contains Gluten', 'Contains Dairy']","['没有Oven', '没有No-Cook']",['Compact Fuel'],"['Slow Burn', 'Fresh Run', 'Meal Prep']","['Sweet', 'Creamy', 'Comfort Food']"
Rich Chocolate Chip Cookies,flour butter sugar egg chocolate chips,Protein 6.7g Calories 512.9,"Preheat the oven and prepare a baking dish or sheet pan. Mix or assemble the ingredients in the dish. Bake until cooked through and lightly browned. Rest briefly, then slice or serve.",Snack,Gluten Dairy,Oven,Bake,6.7,512.9,50.3,3.8,15,25,17.4,Snack / Dessert,['Snack'],['Vegan'],"['Contains Gluten', 'Contains Dairy']","['没有Oven', '没有No-Cook']","['Compact Fuel', 'Stable Energy']",['Fresh Run'],"['Sweet', 'Crunchy', 'Creamy', 'Comfort Food', 'Kid Friendly']"
Brownies (Variation 2),flour butter sugar egg cocoa powder,Protein 5.8g Calories 459.6,"Preheat the oven and prepare a baking dish or sheet pan. Mix or assemble the ingredients in the dish. Bake until cooked through and lightly browned. Rest briefly, then slice or serve.",Snack,Gluten Dairy,Oven,Bake,5.8,459.6,73.1,3.8,15,25,25.5,Snack / Dessert,['Snack'],['Vegan'],"['Contains Gluten', 'Contains Dairy']","['没有Oven', '没有No-Cook']",['Stable Energy'],['Fresh Run'],"['Sweet', 'Creamy', 'Comfort Food']"
Chocolate Chip Cookies,flour butter sugar egg chocolate chips,Protein 7.8g Calories 504.5,"Preheat the oven and prepare a baking dish or sheet pan. Mix or assemble the ingredients in the dish. Bake until cooked through and lightly browned. Rest briefly, then slice or serve.",Snack,Gluten Dairy,Oven,Bake,7.8,504.5,53.0,2.2,15,25,21.2,Snack / Dessert,['Snack'],['Vegan'],"['Contains Gluten', 'Contains Dairy']","['没有Oven', '没有No-Cook']",['Compact Fuel'],['Fresh Run'],"['Sweet', 'Crunchy', 'Creamy', 'Comfort Food', 'Kid Friendly']"
Rich Cheesecake,flour sugar butter egg vanilla,Protein 8.0g Calories 362.9,"Preheat the oven and prepare a baking dish or sheet pan. Mix or assemble the ingredients in the dish. Bake until cooked through and lightly browned. Rest briefly, then slice or serve.",Snack,Gluten Dairy,Oven,Bake,8.0,362.9,84.3,4.8,20,45,21.7,Snack / Dessert,['Snack'],['Vegan'],"['Contains Gluten', 'Contains Dairy']","['没有Oven', '没有No-Cook']",['Stable Energy'],"['Slow Burn', 'Fresh Run', 'Meal Prep']","['Sweet', 'Creamy', 'Comfort Food']"
Mini Pumpkin Pie,pie crust sugar butter pumpkin puree cinnamon,Protein 8.2g Calories 400.9,"Preheat the oven and prepare a baking dish or sheet pan. Mix or assemble the ingredients in the dish. Bake until cooked through and lightly browned. Rest briefly, then slice or serve.",Snack,Gluten Dairy,Oven,Bake,8.2,400.9,57.9,2.4,20,45,12.1,Snack / Dessert,['Snack'],['Vegan'],"['Contains Gluten', 'Contains Dairy']","['没有Oven', '没有No-Cook']",['Stable Energy'],"['Slow Burn', 'Fresh Run', 'Meal Prep']","['Sweet', 'Creamy', 'Comfort Food']"
Easy Brownies,flour butter sugar egg cocoa powder,Protein 7.4g Calories 395.3,"Preheat the oven and prepare a baking dish or sheet pan. Mix or assemble the ingredients in the dish. Bake until cooked through and lightly browned. Rest briefly, then slice or serve.",Snack,Gluten Dairy,Oven,Bake,7.4,395.3,71.7,4.0,15,25,17.5,Snack / Dessert,['Snack'],['Vegan'],"['Contains Gluten', 'Contains Dairy']","['没有Oven', '没有No-Cook']",['Stable Energy'],['Fresh Run'],"['Sweet', 'Creamy', 'Comfort Food']"
Mini Rice Pudding,rice onion bell pepper garlic broth,Protein 5.7g Calories 481.9,"Prep and season the ingredients. Cook using the chosen method until done. Taste, adjust seasoning, and serve.",Snack,,Stove,Cook,5.7,481.9,78.9,3.1,10,20,24.5,Snack / Dessert,['Snack'],[],[],"['没有Stove', '没有No-Cook']",['Stable Energy'],"['Quick Fix', 'Fresh Run']","['Sweet', 'Creamy', 'Warm & Soupy', 'Comfort Food']"

