restaurant_name,food_id,food_name,food_name_cn,calories,protein_g,total_fat_g,total_carbs_g,sodium_mg,saturated_fat_g,trans_fat_g,cholesterol_mg,fiber_g,sugars_g,added_sugars_g,protein_dv,total_carbs_dv,total_fat_dv,saturated_fat_dv,trans_fat_dv,cholesterol_dv,sodium_dv,dietary_fiber_dv,total_sugars_dv,added_sugars_dv,vitamin_d_mcg,vitamin_d_dv,calcium_mg,calcium_dv,iron_mg,iron_dv,potassium_mg,potassium_dv,description,allergens,ingredient_count,ingredients_full,allergens_full,product_url,local_image_path,scraped_date,
McDonald's,egg-mcmuffin,Egg McMuffin®,,310,17,13,30,6,6,6,6,6,6,6,11,11,1900/1/16,31,31,31,31,31,31,31,6,31,6,31,6,31,6,31,"Our Terms and Conditions have changed. Please take a moment to review the new McDonald’s Terms and Conditions by selecting the link. These include updates 
to our age requirements and the arbitration and dispute resolution process. By continuing to use our website, you agree to the revised Terms & Conditions agreement.","Wheat, Barley, Egg, Soy, Milk",6,"English Muffin: Enriched Flour (wheat Flour, Malted Barley Flour, Niacin, Iron, Thiamine, Riboflavin, Folic Acid), Water, Yeast, Yellow Corn Meal (degermed Yellow Corn Meal And Corn Flour), Contains 2% Or Less: Sugar, Soybean Oil, Salt, Dough Conditioners (mono-, Di- And Tricalcium Phosphate, Datem, Ascorbic Acid, Enzymes, Ethylated Mono And Diglycerides), Wheat Gluten, Cultured Wheat Flour, Citric Acid, Baking Soda, Fumaric Acid. | Egg: Usda Grade A Eggs. | Canadian Bacon: Pork Cured With: Water, Sugar, Salt, Contains 2% Or Less: Sodium Lactate, Sodium Phosphate, Natural Flavor, Maltodextrin, Sodium Diacetate And Sodium Nitrite (preservatives). | Pasteurized Process American Cheese: Milk, Cream, Water, Sodium Citrate, Salt, Cheese Cultures, Citric Acid, Enzymes, Soy Lecithin, Color Added. | Salted Butter: Cream, Salt. | Clarified Butter: Pasteurized Cream (butterfat).","Wheat (来源: English Muffin, 等级: Contains) | Soy (来源: English Muffin, 等级: Contains) | Barley (来源: English Muffin, 等级: Contains) | Egg (来源: Egg, 等级: Contains) | Milk (来源: Pasteurized Process American Cheese, 等级: Contains) | Soy (来源: Pasteurized Process American Cheese, 等级: Contains)",https://www.mcdonalds.com/us/en-us/product/egg-mcmuffin.html,mcdonalds/images/egg-mcmuffin.jpg,2026-01-26,
McDonald's,sausage-burrito,Sausage Burrito,,310,13,17,25,7,7,7,7,7,7,7,9,9,1900/1/21,36,36,36,36,36,36,36,7,36,7,36,7,36,7,36,"Our Terms and Conditions have changed. Please take a moment to review the new McDonald’s Terms and Conditions by selecting the link. These include updates 
to our age requirements and the arbitration and dispute resolution process. By continuing to use our website, you agree to the revised Terms & Conditions agreement.","Wheat, Barley, Egg, Soy, Milk",3,"Scrambled Egg Sausage And Vegetable Mix: Whole Eggs, Pork, Tomatoes, Skim Milk, Soybean Oil, Green Chilies, Onions, Modified Corn Starch, Spices, Salt, Water, Dextrose, Natural Flavors, Xanthan Gum, Citric Acid, Sugar, Rosemary Extract, Calcium Chloride, Citric Acid. | Flour Tortilla: Enriched Flour (bleached Wheat Flour, Malted Barley Flour, Niacin, Reduced Iron, Thiamine Mononitrate, Riboflavin, Folic Acid), Water, Shortening (intereserified Soybean Oil, Soybean Oil, Hydrogenated Soybean Oil, Hydrogenated Cottonseed Oil), Contains 2% Or Less: Sugar, Leavening (baking Soda, Corn Starch, Sodium Aluminum Sulfate, Calcium Sulfate, Monocalcium Phosphate), Salt, Mono-diglycerides, Vital Wheat Gluten, Dough Conditioner (sodium Metabisulfite, Corn Starch, Microcrystalline Cellulose, Dicalcium Phosphate). | Pasteurized Process American Cheese: Milk, Cream, Water, Sodium Citrate, Salt, Cheese Cultures, Citric Acid, Enzymes, Soy Lecithin, Color Added.","Milk (来源: Scrambled Egg Sausage And Vegetable Mix, 等级: Contains) | Egg (来源: Scrambled Egg Sausage And Vegetable Mix, 等级: Contains) | Soy (来源: Scrambled Egg Sausage And Vegetable Mix, 等级: Contains) | Wheat (来源: Flour Tortilla, 等级: Contains) | Soy (来源: Flour Tortilla, 等级: Contains) | Barley (来源: Flour Tortilla, 等级: Contains) | Milk (来源: Pasteurized Process American Cheese, 等级: Contains) | Soy (来源: Pasteurized Process American Cheese, 等级: Contains)",https://www.mcdonalds.com/us/en-us/product/sausage-burrito.html,mcdonalds/images/sausage-burrito.jpg,2026-01-26,
McDonald's,iced-coffee-small,McCafé® Iced Coffee,,150,1,5,25,3,3,3,3,3,3,3,9,9,1900/1/5,16,16,16,16,16,16,16,3,16,3,16,3,16,3,16,"Our Terms and Conditions have changed. Please take a moment to review the new McDonald’s Terms and Conditions by selecting the link. These include updates 
to our age requirements and the arbitration and dispute resolution process. By continuing to use our website, you agree to the revised Terms & Conditions agreement.",Milk,4,"Brewed Coffee: Brewed Coffee | Ice: Ice. | Light Cream: Milk, Cream, Sodium Phosphate, Datem, Sodium Stearoyl Lactylate, Sodium Citrate, Carrageenan, Magnesium Oxide. | Liquid Sugar: Sugar, Water, Vegetable Glycerin, Fructose, Potassium Sorbate (preservative).","Milk (来源: Light Cream, 等级: Contains)",https://www.mcdonalds.com/us/en-us/product/iced-coffee-small.html,mcdonalds/images/iced-coffee-small.jpg,2026-01-26,
McDonald's,big-mac,Big Mac®,,580,25,34,45,11,11,11,11,11,11,11,16,16,1900/2/11,56,56,56,56,56,56,56,11,56,11,56,11,56,11,56,"Our Terms and Conditions have changed. Please take a moment to review the new McDonald’s Terms and Conditions by selecting the link. These include updates 
to our age requirements and the arbitration and dispute resolution process. By continuing to use our website, you agree to the revised Terms & Conditions agreement.","Sesame, Wheat, Barley, Egg, Soy, Milk",7,"Big Mac Bun: Enriched Flour (wheat Flour, Malted Barley Flour, Niacin, Reduced Iron, Thiamine Mononitrate, Riboflavin, Folic Acid), Water, Sugar, Yeast, Soybean Oil, Contains 2% Or Less: Sesame Seeds, Potato Starch, Salt, Dextrose, Corn Starch, Modified Food Starch, Vinegar, Vegetable Proteins (pea, Potato, Rice And/or Faba Bean), Sunflower And/or Canola Oil, Maltodextrin, Wheat Gluten, Natural Flavors, Dough Conditioners (enzymes, Ascorbic Acid). | 100% Beef Patty: 100% Pure Usda Inspected Beef; No Fillers, No Extenders. | Shredded Lettuce: Lettuce. | Big Mac Sauce: Soybean Oil, Sweet Relish (diced Pickles, Sugar, High Fructose Corn Syrup, Distilled Vinegar, Salt, Corn Syrup, Xanthan Gum, Calcium Chloride, Spice Extractives), Water, Egg Yolks, Distilled Vinegar, Spices, Onion Powder, Salt, Propylene Glycol Alginate, Garlic Powder, Vegetable Protein (hydrolyzed Corn, Soy And Wheat), Sugar, Caramel Color, Turmeric, Extractives Of Paprika, Soy Lecithin. | Pasteurized Process American Cheese: Milk, Cream, Water, Sodium Citrate, Salt, Cheese Cultures, Citric Acid, Enzymes, Soy Lecithin, Color Added. | Pickle Slices: Cucumbers, Water, Distilled Vinegar, Salt, Calcium Chloride, Alum, Potassium Sorbate (preservative), Natural Flavors, Polysorbate 80, Extractives Of Turmeric (color). | Onions: Onions.","Wheat (来源: Big Mac Bun, 等级: Contains) | Soy (来源: Big Mac Bun, 等级: Contains) | Sesame (来源: Big Mac Bun, 等级: Contains) | Barley (来源: Big Mac Bun, 等级: Contains) | Wheat (来源: Big Mac Sauce, 等级: Contains) | Egg (来源: Big Mac Sauce, 等级: Contains) | Soy (来源: Big Mac Sauce, 等级: Contains) | Milk (来源: Pasteurized Process American Cheese, 等级: Contains) | Soy (来源: Pasteurized Process American Cheese, 等级: Contains)",https://www.mcdonalds.com/us/en-us/product/big-mac.html,mcdonalds/images/big-mac.jpg,2026-01-26,
McDonald's,chicken-mcnuggets-4-piece,Piece Chicken McNuggets®,,170,9,10,10,1.5,1.5,1.5,1.5,1.5,1.5,1.5,4,4,1900/1/12,8,8,8,8,8,8,8,1.5,8,1.5,8,1.5,8,1.5,8,"Our Terms and Conditions have changed. Please take a moment to review the new McDonald’s Terms and Conditions by selecting the link. These include updates 
to our age requirements and the arbitration and dispute resolution process. By continuing to use our website, you agree to the revised Terms & Conditions agreement.","Wheat, Soy",1,"Chicken McNuggets®: White Boneless Chicken, Water, Vegetable Oil (canola Oil, Corn Oil, Soybean Oil, Hydrogenated Soybean Oil), Enriched Flour (bleached Wheat Flour, Niacin, Reduced Iron, Thiamine Mononitrate, Riboflavin, Folic Acid), Bleached Wheat Flour, Yellow Corn Flour, Vegetable Starch (modified Corn, Wheat, Rice, Pea, Corn), Salt, Leavening (baking Soda, Sodium Aluminum Phosphate, Sodium Acid Pyrophosphate, Calcium Lactate, Monocalcium Phosphate), Spices, Yeast Extract, Lemon Juice Solids, Dextrose, Natural Flavors.","Wheat (来源: Chicken McNuggets®, 等级: Contains) | Soy (来源: Chicken McNuggets®, 等级: Contains)",https://www.mcdonalds.com/us/en-us/product/chicken-mcnuggets-4-piece.html,mcdonalds/images/chicken-mcnuggets-4-piece.jpg,2026-01-26,
McDonald's,ranch-snack-wrap,"It's back
					Ranch Snack Wrap®",,390,17,22,31,6,6,6,6,6,6,6,11,11,1900/1/27,32,32,32,32,32,32,32,6,32,6,32,6,32,6,32,"Our Terms and Conditions have changed. Please take a moment to review the new McDonald’s Terms and Conditions by selecting the link. These include updates 
to our age requirements and the arbitration and dispute resolution process. By continuing to use our website, you agree to the revised Terms & Conditions agreement.","Wheat, Soy, Barley, Milk",5,"Chicken Strips: Chicken Breast Tender With Rib Meat, Water, Vegetable Oil (canola Oil, Corn Oil, Soybean Oil, Hydrogenated Soybean Oil), Seasoning [salt, Garlic Powder, Brown Sugar, Onion Powder, Monosodium Glutamate, Natural Flavors (including Extractives Of Black Pepper), Maltodextrin, Modified Food Starch, Sodium Phosphate]. Battered And Breaded With: Wheat Flour, Water, Modified Corn Starch, Salt, Leavening (sodium Bicarbonate, Sodium Acid Pyrophosphate, Sodium Aluminum Phosphate), Spices (including Celery Seed), Yellow Corn Flour, Onion Powder, Wheat Gluten, Sugar, Garlic Powder, Monosodium Glutamate, Yeast, Soybean Oil, Natural Flavors, Maltodextrin. | Flour Tortilla: Enriched Flour (bleached Wheat Flour, Malted Barley Flour, Niacin, Reduced Iron, Thiamine Mononitrate, Riboflavin, Folic Acid), Water, Shortening (intereserified Soybean Oil, Soybean Oil, Hydrogenated Soybean Oil, Hydrogenated Cottonseed Oil), Contains 2% Or Less: Sugar, Leavening (baking Soda, Corn Starch, Sodium Aluminum Sulfate, Calcium Sulfate, Monocalcium Phosphate), Salt, Mono-diglycerides, Vital Wheat Gluten, Dough Conditioner (sodium Metabisulfite, Corn Starch, Microcrystalline Cellulose, Dicalcium Phosphate). | McCrispy Ranch Sauce: Soybean Oil, Cultured Buttermilk (low Fat Milk, Lactose, Salt, Vitamin A Palmitate, Vitamin D3), Sour Cream (cultured Pasteurized Milk, Cream, Nonfat Dry Milk, Modified Corn Starch, Sodium Tripolyphosphate, Guar Gum, Calcium Sulfate, Carrageenan, Mono & Diglycerides, Potassium Chloride, Locust Bean Gum, Potassium Sorbate [preservative]), Water, Distilled Vinegar, Sugar, Contains 2% Or Less: Salt, Sour Cream Powder (cultured Sour Cream, Skim Milk Solids, Whey, Sugar, Citric Acid, Lactic Acid), Spices, Whey Protein Concentrate, Onion Powder, Garlic Powder, Lactic Acid, Potassium Sorbate And Sodium Benzoate (preservatives), Xanthan Gum, Yeast Extract, Dehydrated Parsley, Dehydrated Chives, Modified Guar Gum, Xanthan Gum, Calcium Disodium Edta (protect Flavor). | Shredded Lettuce: Lettuce. | Shredded Cheddar/jack Cheese: Cheddar Cheese (cultured Pasteurized Milk, Salt, Enzymes, Annatto [color]), Monterey Jack Cheese (cultured Pasteurized Milk, Salt, Enzymes), Potato Starch (to Prevent Caking), Natamycin (natural Mold Inhibitor).","Wheat (来源: Chicken Strips, 等级: Contains) | Soy (来源: Chicken Strips, 等级: Contains) | Wheat (来源: Flour Tortilla, 等级: Contains) | Soy (来源: Flour Tortilla, 等级: Contains) | Barley (来源: Flour Tortilla, 等级: Contains) | Milk (来源: McCrispy Ranch Sauce, 等级: Contains) | Soy (来源: McCrispy Ranch Sauce, 等级: Contains) | Milk (来源: Shredded Cheddar/jack Cheese, 等级: Contains)",https://www.mcdonalds.com/us/en-us/product/ranch-snack-wrap.html,mcdonalds/images/ranch-snack-wrap.jpg,2026-01-26,
McDonald's,quarter-pounder-with-cheese,Quarter Pounder®* with Cheese,,520,30,26,42,12,12,12,12,12,12,12,15,15,1900/2/1,62,62,62,62,62,62,62,12,62,12,62,12,62,12,62,"Our Terms and Conditions have changed. Please take a moment to review the new McDonald’s Terms and Conditions by selecting the link. These include updates 
to our age requirements and the arbitration and dispute resolution process. By continuing to use our website, you agree to the revised Terms & Conditions agreement.","Sesame, Wheat, Barley, Soy, Milk",7,"Quarter Pound 100% Beef Patty*: 100% Pure Usda Inspected Beef; No Fillers, No Extenders. | Quarter Pound Bun: Enriched Flour (wheat Flour, Malted Barley Flour, Niacin, Reduced Iron, Thiamine Mononitrate, Riboflavin, Folic Acid), Water, Sugar, Yeast, Soybean Oil, Contains 2% Or Less: Sesame Seeds, Salt, Wheat Gluten, Dextrose, Guar Gum, Vinegar, Vegetable Proteins (pea, Potato, Rice), Sunflower And/or Canola Oil, Maltodextrin, Natural Flavors, May Contain One Or More Dough Conditioners (datem, Ascorbic Acid, Mono And Diglycerides, Enzymes), Modified Food Starch. | Pasteurized Process American Cheese: Milk, Cream, Water, Sodium Citrate, Salt, Cheese Cultures, Citric Acid, Enzymes, Soy Lecithin, Color Added. | Ketchup: Tomato Concentrate From Red Ripe Tomatoes, Distilled Vinegar, High Fructose Corn Syrup, Corn Syrup, Water, Salt, Natural Flavors. | Pickle Slices: Cucumbers, Water, Distilled Vinegar, Salt, Calcium Chloride, Alum, Potassium Sorbate (preservative), Natural Flavors, Polysorbate 80, Extractives Of Turmeric (color). | Onions: Onions. | Mustard: Distilled Vinegar, Water, Mustard Seed, Salt, Turmeric, Paprika, Spice Extractive.","Wheat (来源: Quarter Pound Bun, 等级: Contains) | Soy (来源: Quarter Pound Bun, 等级: Contains) | Sesame (来源: Quarter Pound Bun, 等级: Contains) | Barley (来源: Quarter Pound Bun, 等级: Contains) | Milk (来源: Pasteurized Process American Cheese, 等级: Contains) | Soy (来源: Pasteurized Process American Cheese, 等级: Contains)",https://www.mcdonalds.com/us/en-us/product/quarter-pounder-with-cheese.html,mcdonalds/images/quarter-pounder-with-cheese.jpg,2026-01-26,
McDonald's,mccrispy-chicken-sandwich,McCrispy®,,470,26,20,46,5,5,5,5,5,5,5,17,17,1900/1/24,27,27,27,27,27,27,27,5,27,5,27,5,27,5,27,"Our Terms and Conditions have changed. Please take a moment to review the new McDonald’s Terms and Conditions by selecting the link. These include updates 
to our age requirements and the arbitration and dispute resolution process. By continuing to use our website, you agree to the revised Terms & Conditions agreement.","Wheat, Soy, Barley",4,"Crispy Chicken Fillet: Chicken Breast Fillets With Rib Meat, Water, Wheat Flour, Vegetable Oil (Canola Oil, Corn Oil, Soybean Oil, Hydrogenated Soybean Oil), Sugar, Salt, Modified Food Starch, Leavening (Baking Soda, Sodium Aluminum Phosphate, Sodium Acid Pyrophosphate, Monocalcium Phosphate), Yellow Corn Flour, Modified Corn Starch, Sodium Phosphate, Spices, Wheat Gluten, Yeast Extract, Monosodium Glutamate, Extractives Of Paprika (Color), Natural Flavors, Gum Arabic, Maltodextrin. | Potato Roll: Enriched Flour (wheat Flour, Malted Barley, Niacin, Reduced Iron, Thiamine Mononitrate, Riboflavin, Folic Acid), Flour (wheat Flour, Malted Barley Flour), Water, Sugar, Yeast, Potato Flour, Wheat Gluten, Soybean Oil, Contains 2% Or Less: Honey, Salt, Vinegar, Ascorbic Acid, Enzymes, Inactive Yeast, Datem, Natural Flavors, Vegetable Proteins (pea, Potato, Faba Bean), Vegetable Oil (canola And Or Sunflower Oil), Wheat Starch, Dextrose, Colors (turmeric, Paprika), Dextrose, Acetic Acid, Maltodextrin, Wheat Protein. | Crinkle Cut Pickle: Cucumbers, Water, Salt, Distilled Vinegar, Contains 2% Or Less: Calcium Chloride, Natural Flavors, Sodium Benzoate (preservative), Polysorbate 80, Turmeric (color). | Salted Butter: Cream, Salt.","Wheat (来源: Crispy Chicken Fillet, 等级: Contains) | Soy (来源: Crispy Chicken Fillet, 等级: Contains) | Wheat (来源: Potato Roll, 等级: Contains) | Soy (来源: Potato Roll, 等级: Contains) | Barley (来源: Potato Roll, 等级: Contains)",https://www.mcdonalds.com/us/en-us/product/mccrispy-chicken-sandwich.html,mcdonalds/images/mccrispy-chicken-sandwich.jpg,2026-01-26,
McDonald's,bacon-egg-cheese-biscuit,"Bacon, Egg  & Cheese Biscuit",,460,17,26,39,13,13,13,13,13,13,13,14,14,1900/2/2,66,66,66,66,66,66,66,13,66,13,66,13,66,13,66,"Our Terms and Conditions have changed. Please take a moment to review the new McDonald’s Terms and Conditions by selecting the link. These include updates 
to our age requirements and the arbitration and dispute resolution process. By continuing to use our website, you agree to the revised Terms & Conditions agreement.","Wheat, Soy, Egg, Milk",6,"Biscuit: Enriched Flour (bleached Wheat Flour, Niacin, Reduced Iron, Thiamin Mononitrate, Riboflavin, Folic Acid), Cultured Nonfat Buttermilk (cultured Skim Milk, Nonfat Dry Milk, Modified Food Starch, Salt, Mono And Diglycerides, Locust Bean Gum, Carrageenan), Palm Oil, Palm Kernel Oil, Water, Leavening (sodium Bicarbonate, Sodium Aluminum Phosphate, Monocalcium Phosphate), Contains 2% Or Less: Salt, Sugar, Modified Cellulose, Wheat Protein Isolate, Natural Flavor, Modified Food Starch, Xanthan Gum, Soy Lecithin. | Folded Egg: Eggs, Nonfat Milk, Modified Food Starch, Salt, Citric Acid. | Pasteurized Process American Cheese: Milk, Cream, Water, Sodium Citrate, Salt, Cheese Cultures, Citric Acid, Enzymes, Soy Lecithin, Color Added. | Thick Cut Applewood Smoked Bacon: Pork Bellies Cured With Water, Salt, Sugar, Natural Smoke Flavor, Sodium Phosphate, Sodium Erythorbate, Sodium Nitrite. | Salted Butter: Cream, Salt. | Clarified Butter: Pasteurized Cream (butterfat).","Wheat (来源: Biscuit, 等级: Contains) | Milk (来源: Biscuit, 等级: Contains) | Soy (来源: Biscuit, 等级: Contains) | Milk (来源: Folded Egg, 等级: Contains) | Egg (来源: Folded Egg, 等级: Contains) | Milk (来源: Pasteurized Process American Cheese, 等级: Contains) | Soy (来源: Pasteurized Process American Cheese, 等级: Contains)",https://www.mcdonalds.com/us/en-us/product/bacon-egg-cheese-biscuit.html,mcdonalds/images/bacon-egg-cheese-biscuit.jpg,2026-01-26,
McDonald's,sausage-mcmuffin,Sausage McMuffin®,,400,14,26,29,10,10,10,10,10,10,10,11,11,1900/2/1,51,51,51,51,51,51,51,10,51,10,51,10,51,10,51,"Our Terms and Conditions have changed. Please take a moment to review the new McDonald’s Terms and Conditions by selecting the link. These include updates 
to our age requirements and the arbitration and dispute resolution process. By continuing to use our website, you agree to the revised Terms & Conditions agreement.","Wheat, Soy, Barley, Milk",4,"English Muffin: Enriched Flour (wheat Flour, Malted Barley Flour, Niacin, Iron, Thiamine, Riboflavin, Folic Acid), Water, Yeast, Yellow Corn Meal (degermed Yellow Corn Meal And Corn Flour), Contains 2% Or Less: Sugar, Soybean Oil, Salt, Dough Conditioners (mono-, Di- And Tricalcium Phosphate, Datem, Ascorbic Acid, Enzymes, Ethylated Mono And Diglycerides), Wheat Gluten, Cultured Wheat Flour, Citric Acid, Baking Soda, Fumaric Acid. | Sausage Patty: Pork, Water, Salt, Spices, Dextrose, Sugar, Rosemary Extract, Natural Flavors. | Pasteurized Process American Cheese: Milk, Cream, Water, Sodium Citrate, Salt, Cheese Cultures, Citric Acid, Enzymes, Soy Lecithin, Color Added. | Salted Butter: Cream, Salt.","Wheat (来源: English Muffin, 等级: Contains) | Soy (来源: English Muffin, 等级: Contains) | Barley (来源: English Muffin, 等级: Contains) | Milk (来源: Pasteurized Process American Cheese, 等级: Contains) | Soy (来源: Pasteurized Process American Cheese, 等级: Contains)",https://www.mcdonalds.com/us/en-us/product/sausage-mcmuffin.html,mcdonalds/images/sausage-mcmuffin.jpg,2026-01-26,
McDonald's,sausage-mcmuffin-with-egg,Sausage McMuffin® with Egg,,480,20,31,30,12,12,12,12,12,12,12,11,11,1900/2/8,62,62,62,62,62,62,62,12,62,12,62,12,62,12,62,"Our Terms and Conditions have changed. Please take a moment to review the new McDonald’s Terms and Conditions by selecting the link. These include updates 
to our age requirements and the arbitration and dispute resolution process. By continuing to use our website, you agree to the revised Terms & Conditions agreement.","Wheat, Barley, Egg, Soy, Milk",6,"English Muffin: Enriched Flour (wheat Flour, Malted Barley Flour, Niacin, Iron, Thiamine, Riboflavin, Folic Acid), Water, Yeast, Yellow Corn Meal (degermed Yellow Corn Meal And Corn Flour), Contains 2% Or Less: Sugar, Soybean Oil, Salt, Dough Conditioners (mono-, Di- And Tricalcium Phosphate, Datem, Ascorbic Acid, Enzymes, Ethylated Mono And Diglycerides), Wheat Gluten, Cultured Wheat Flour, Citric Acid, Baking Soda, Fumaric Acid. | Egg: Usda Grade A Eggs. | Sausage Patty: Pork, Water, Salt, Spices, Dextrose, Sugar, Rosemary Extract, Natural Flavors. | Pasteurized Process American Cheese: Milk, Cream, Water, Sodium Citrate, Salt, Cheese Cultures, Citric Acid, Enzymes, Soy Lecithin, Color Added. | Salted Butter: Cream, Salt. | Clarified Butter: Pasteurized Cream (butterfat).","Wheat (来源: English Muffin, 等级: Contains) | Soy (来源: English Muffin, 等级: Contains) | Barley (来源: English Muffin, 等级: Contains) | Egg (来源: Egg, 等级: Contains) | Milk (来源: Pasteurized Process American Cheese, 等级: Contains) | Soy (来源: Pasteurized Process American Cheese, 等级: Contains)",https://www.mcdonalds.com/us/en-us/product/sausage-mcmuffin-with-egg.html,mcdonalds/images/sausage-mcmuffin-with-egg.jpg,2026-01-26,
McDonald's,sausage-biscuit,Sausage Biscuit,,460,11,30,37,13,13,13,13,13,13,13,13,13,1900/2/6,66,66,66,66,66,66,66,13,66,13,66,13,66,13,66,"Our Terms and Conditions have changed. Please take a moment to review the new McDonald’s Terms and Conditions by selecting the link. These include updates 
to our age requirements and the arbitration and dispute resolution process. By continuing to use our website, you agree to the revised Terms & Conditions agreement.","Wheat, Soy, Milk",3,"Biscuit: Enriched Flour (bleached Wheat Flour, Niacin, Reduced Iron, Thiamin Mononitrate, Riboflavin, Folic Acid), Cultured Nonfat Buttermilk (cultured Skim Milk, Nonfat Dry Milk, Modified Food Starch, Salt, Mono And Diglycerides, Locust Bean Gum, Carrageenan), Palm Oil, Palm Kernel Oil, Water, Leavening (sodium Bicarbonate, Sodium Aluminum Phosphate, Monocalcium Phosphate), Contains 2% Or Less: Salt, Sugar, Modified Cellulose, Wheat Protein Isolate, Natural Flavor, Modified Food Starch, Xanthan Gum, Soy Lecithin. | Sausage Patty: Pork, Water, Salt, Spices, Dextrose, Sugar, Rosemary Extract, Natural Flavors. | Salted Butter: Cream, Salt.","Wheat (来源: Biscuit, 等级: Contains) | Milk (来源: Biscuit, 等级: Contains) | Soy (来源: Biscuit, 等级: Contains)",https://www.mcdonalds.com/us/en-us/product/sausage-biscuit.html,mcdonalds/images/sausage-biscuit.jpg,2026-01-26,
McDonald's,sausage-biscuit-with-egg,Sausage Biscuit  with Egg,,530,17,35,38,15,15,15,15,15,15,15,14,14,1900/2/13,75,75,75,75,75,75,75,15,75,15,75,15,75,15,75,"Our Terms and Conditions have changed. Please take a moment to review the new McDonald’s Terms and Conditions by selecting the link. These include updates 
to our age requirements and the arbitration and dispute resolution process. By continuing to use our website, you agree to the revised Terms & Conditions agreement.","Wheat, Soy, Egg, Milk",5,"Biscuit: Enriched Flour (bleached Wheat Flour, Niacin, Reduced Iron, Thiamin Mononitrate, Riboflavin, Folic Acid), Cultured Nonfat Buttermilk (cultured Skim Milk, Nonfat Dry Milk, Modified Food Starch, Salt, Mono And Diglycerides, Locust Bean Gum, Carrageenan), Palm Oil, Palm Kernel Oil, Water, Leavening (sodium Bicarbonate, Sodium Aluminum Phosphate, Monocalcium Phosphate), Contains 2% Or Less: Salt, Sugar, Modified Cellulose, Wheat Protein Isolate, Natural Flavor, Modified Food Starch, Xanthan Gum, Soy Lecithin. | Folded Egg: Eggs, Nonfat Milk, Modified Food Starch, Salt, Citric Acid. | Sausage Patty: Pork, Water, Salt, Spices, Dextrose, Sugar, Rosemary Extract, Natural Flavors. | Salted Butter: Cream, Salt. | Clarified Butter: Pasteurized Cream (butterfat).","Wheat (来源: Biscuit, 等级: Contains) | Milk (来源: Biscuit, 等级: Contains) | Soy (来源: Biscuit, 等级: Contains) | Milk (来源: Folded Egg, 等级: Contains) | Egg (来源: Folded Egg, 等级: Contains)",https://www.mcdonalds.com/us/en-us/product/sausage-biscuit-with-egg.html,mcdonalds/images/sausage-biscuit-with-egg.jpg,2026-01-26,
McDonald's,bacon-egg-cheese-mcgriddles,"Bacon, Egg & Cheese McGriddles®",,430,17,21,44,9,9,9,9,9,9,9,16,16,1900/1/26,46,46,46,46,46,46,46,9,46,9,46,9,46,9,46,"Our Terms and Conditions have changed. Please take a moment to review the new McDonald’s Terms and Conditions by selecting the link. These include updates 
to our age requirements and the arbitration and dispute resolution process. By continuing to use our website, you agree to the revised Terms & Conditions agreement.","Wheat, Soy, Egg, Milk",5,"Griddle Cakes: Water, Enriched Flour (bleached Wheat Flour, Niacin, Iron, Thiamin Mononitrate, Riboflavin, Folic Acid), Sugar, Dextrose, Palm Oil, Contains 2% Or Less: Brown Sugar, Baking Powder (baking Soda, Sodium Acid Pyrophosphate, Monocalcium Phosphate), Modified Tapioca Starch, Rice Flour, Whey Powder, Salt, Natural Flavors, Buttermilk Powder, Soybean Oil, Caramel Color, Soy Lecithin. | Folded Egg: Eggs, Nonfat Milk, Modified Food Starch, Salt, Citric Acid. | Pasteurized Process American Cheese: Milk, Cream, Water, Sodium Citrate, Salt, Cheese Cultures, Citric Acid, Enzymes, Soy Lecithin, Color Added. | Thick Cut Applewood Smoked Bacon: Pork Bellies Cured With Water, Salt, Sugar, Natural Smoke Flavor, Sodium Phosphate, Sodium Erythorbate, Sodium Nitrite. | Clarified Butter: Pasteurized Cream (butterfat).","Wheat (来源: Griddle Cakes, 等级: Contains) | Milk (来源: Griddle Cakes, 等级: Contains) | Soy (来源: Griddle Cakes, 等级: Contains) | Milk (来源: Folded Egg, 等级: Contains) | Egg (来源: Folded Egg, 等级: Contains) | Milk (来源: Pasteurized Process American Cheese, 等级: Contains) | Soy (来源: Pasteurized Process American Cheese, 等级: Contains)",https://www.mcdonalds.com/us/en-us/product/bacon-egg-cheese-mcgriddles.html,mcdonalds/images/bacon-egg-cheese-mcgriddles.jpg,2026-01-26,
McDonald's,sausage-mcgriddles,Sausage McGriddles®,,430,11,24,41,9,9,9,9,9,9,9,15,15,1900/1/30,45,45,45,45,45,45,45,9,45,9,45,9,45,9,45,"Our Terms and Conditions have changed. Please take a moment to review the new McDonald’s Terms and Conditions by selecting the link. These include updates 
to our age requirements and the arbitration and dispute resolution process. By continuing to use our website, you agree to the revised Terms & Conditions agreement.","Wheat, Soy, Milk",2,"Griddle Cakes: Water, Enriched Flour (bleached Wheat Flour, Niacin, Iron, Thiamin Mononitrate, Riboflavin, Folic Acid), Sugar, Dextrose, Palm Oil, Contains 2% Or Less: Brown Sugar, Baking Powder (baking Soda, Sodium Acid Pyrophosphate, Monocalcium Phosphate), Modified Tapioca Starch, Rice Flour, Whey Powder, Salt, Natural Flavors, Buttermilk Powder, Soybean Oil, Caramel Color, Soy Lecithin. | Sausage Patty: Pork, Water, Salt, Spices, Dextrose, Sugar, Rosemary Extract, Natural Flavors.","Wheat (来源: Griddle Cakes, 等级: Contains) | Milk (来源: Griddle Cakes, 等级: Contains) | Soy (来源: Griddle Cakes, 等级: Contains)",https://www.mcdonalds.com/us/en-us/product/sausage-mcgriddles.html,mcdonalds/images/sausage-mcgriddles.jpg,2026-01-26,
McDonald's,sausage-egg-cheese-mcgriddles,"Sausage, Egg & Cheese McGriddles®",,550,19,33,44,13,13,13,13,13,13,13,16,16,1900/2/10,67,67,67,67,67,67,67,13,67,13,67,13,67,13,67,"Our Terms and Conditions have changed. Please take a moment to review the new McDonald’s Terms and Conditions by selecting the link. These include updates 
to our age requirements and the arbitration and dispute resolution process. By continuing to use our website, you agree to the revised Terms & Conditions agreement.","Wheat, Soy, Egg, Milk",5,"Griddle Cakes: Water, Enriched Flour (bleached Wheat Flour, Niacin, Iron, Thiamin Mononitrate, Riboflavin, Folic Acid), Sugar, Dextrose, Palm Oil, Contains 2% Or Less: Brown Sugar, Baking Powder (baking Soda, Sodium Acid Pyrophosphate, Monocalcium Phosphate), Modified Tapioca Starch, Rice Flour, Whey Powder, Salt, Natural Flavors, Buttermilk Powder, Soybean Oil, Caramel Color, Soy Lecithin. | Folded Egg: Eggs, Nonfat Milk, Modified Food Starch, Salt, Citric Acid. | Sausage Patty: Pork, Water, Salt, Spices, Dextrose, Sugar, Rosemary Extract, Natural Flavors. | Pasteurized Process American Cheese: Milk, Cream, Water, Sodium Citrate, Salt, Cheese Cultures, Citric Acid, Enzymes, Soy Lecithin, Color Added. | Clarified Butter: Pasteurized Cream (butterfat).","Wheat (来源: Griddle Cakes, 等级: Contains) | Milk (来源: Griddle Cakes, 等级: Contains) | Soy (来源: Griddle Cakes, 等级: Contains) | Milk (来源: Folded Egg, 等级: Contains) | Egg (来源: Folded Egg, 等级: Contains) | Milk (来源: Pasteurized Process American Cheese, 等级: Contains) | Soy (来源: Pasteurized Process American Cheese, 等级: Contains)",https://www.mcdonalds.com/us/en-us/product/sausage-egg-cheese-mcgriddles.html,mcdonalds/images/sausage-egg-cheese-mcgriddles.jpg,2026-01-26,
McDonald's,bacon-egg-cheese-bagel,"Bacon, Egg & Cheese Bagel",,590,25,30,56,12,12,12,12,12,12,12,20,20,1900/2/6,61,61,61,61,61,61,61,12,61,12,61,12,61,12,61,"Our Terms and Conditions have changed. Please take a moment to review the new McDonald’s Terms and Conditions by selecting the link. These include updates 
to our age requirements and the arbitration and dispute resolution process. By continuing to use our website, you agree to the revised Terms & Conditions agreement.","Wheat, Barley, Egg, Soy, Milk",7,"Plain Bagel: Enriched Flour (wheat Flour, Malted Barley Flour, Niacin, Reduced Iron, Thiamine Mononitrate, Riboflavin, Folic Acid), Water, Sugar, Soybean Oil, Contains 2% Or Less: Salt, Yeast, Wheat Gluten, Tapioca Starch, Dough Conditioners (ascorbic Acid, Enzymes). | Folded Egg: Eggs, Nonfat Milk, Modified Food Starch, Salt, Citric Acid. | Pasteurized Process American Cheese: Milk, Cream, Water, Sodium Citrate, Salt, Cheese Cultures, Citric Acid, Enzymes, Soy Lecithin, Color Added. | Thick Cut Applewood Smoked Bacon: Pork Bellies Cured With Water, Salt, Sugar, Natural Smoke Flavor, Sodium Phosphate, Sodium Erythorbate, Sodium Nitrite. | Breakfast Sauce: Soybean Oil, Water, Egg Yolks, Egg Whites, Distilled Vinegar, Contains 2% Or Less: Salt, Corn Syrup Solids, Sugar, Lemon Juice Concentrate, Modified Food Starch, Spices, Natural Flavors, Dehydrated Cheddar Cheese (cultured Pasteurized Milk, Salt, Enzymes), Yeast Extract, Buttermilk Powder, Whey Powder, Propylene Glycol Alginate, Sodium Benzoate And Potassium Sorbate (preservatives), Xanthan Gum, Maltodextrin, Extractives Of Turmeric (color), Natural Smoke Flavor, Hydrolyzed Vegetable Protein (corn, Soybean), Calcium Disodium Edta (protect Flavor). | Salted Butter: Cream, Salt. | Clarified Butter: Pasteurized Cream (butterfat).","Wheat (来源: Plain Bagel, 等级: Contains) | Soy (来源: Plain Bagel, 等级: Contains) | Barley (来源: Plain Bagel, 等级: Contains) | Milk (来源: Folded Egg, 等级: Contains) | Egg (来源: Folded Egg, 等级: Contains) | Milk (来源: Pasteurized Process American Cheese, 等级: Contains) | Soy (来源: Pasteurized Process American Cheese, 等级: Contains) | Milk (来源: Breakfast Sauce, 等级: Contains) | Egg (来源: Breakfast Sauce, 等级: Contains) | Soy (来源: Breakfast Sauce, 等级: Contains)",https://www.mcdonalds.com/us/en-us/product/bacon-egg-cheese-bagel.html,mcdonalds/images/bacon-egg-cheese-bagel.jpg,2026-01-26,
McDonald's,sausage-egg-and-cheese-bagel,"Sausage, Egg & Cheese Bagel",,710,27,42,56,16,16,16,16,16,16,16,20,20,1900/2/21,82,82,82,82,82,82,82,16,82,16,82,16,82,16,82,"Our Terms and Conditions have changed. Please take a moment to review the new McDonald’s Terms and Conditions by selecting the link. These include updates 
to our age requirements and the arbitration and dispute resolution process. By continuing to use our website, you agree to the revised Terms & Conditions agreement.","Wheat, Barley, Egg, Soy, Milk",7,"Plain Bagel: Enriched Flour (wheat Flour, Malted Barley Flour, Niacin, Reduced Iron, Thiamine Mononitrate, Riboflavin, Folic Acid), Water, Sugar, Soybean Oil, Contains 2% Or Less: Salt, Yeast, Wheat Gluten, Tapioca Starch, Dough Conditioners (ascorbic Acid, Enzymes). | Folded Egg: Eggs, Nonfat Milk, Modified Food Starch, Salt, Citric Acid. | Sausage Patty: Pork, Water, Salt, Spices, Dextrose, Sugar, Rosemary Extract, Natural Flavors. | Pasteurized Process American Cheese: Milk, Cream, Water, Sodium Citrate, Salt, Cheese Cultures, Citric Acid, Enzymes, Soy Lecithin, Color Added. | Breakfast Sauce: Soybean Oil, Water, Egg Yolks, Egg Whites, Distilled Vinegar, Contains 2% Or Less: Salt, Corn Syrup Solids, Sugar, Lemon Juice Concentrate, Modified Food Starch, Spices, Natural Flavors, Dehydrated Cheddar Cheese (cultured Pasteurized Milk, Salt, Enzymes), Yeast Extract, Buttermilk Powder, Whey Powder, Propylene Glycol Alginate, Sodium Benzoate And Potassium Sorbate (preservatives), Xanthan Gum, Maltodextrin, Extractives Of Turmeric (color), Natural Smoke Flavor, Hydrolyzed Vegetable Protein (corn, Soybean), Calcium Disodium Edta (protect Flavor). | Salted Butter: Cream, Salt. | Clarified Butter: Pasteurized Cream (butterfat).","Wheat (来源: Plain Bagel, 等级: Contains) | Soy (来源: Plain Bagel, 等级: Contains) | Barley (来源: Plain Bagel, 等级: Contains) | Milk (来源: Folded Egg, 等级: Contains) | Egg (来源: Folded Egg, 等级: Contains) | Milk (来源: Pasteurized Process American Cheese, 等级: Contains) | Soy (来源: Pasteurized Process American Cheese, 等级: Contains) | Milk (来源: Breakfast Sauce, 等级: Contains) | Egg (来源: Breakfast Sauce, 等级: Contains) | Soy (来源: Breakfast Sauce, 等级: Contains)",https://www.mcdonalds.com/us/en-us/product/sausage-egg-and-cheese-bagel.html,mcdonalds/images/sausage-egg-and-cheese-bagel.jpg,2026-01-26,
McDonald's,steak-egg-cheese-bagel,"Steak, Egg & Cheese Bagel",,680,34,35,57,15,15,15,15,15,15,15,21,21,1900/2/13,75,75,75,75,75,75,75,15,75,15,75,15,75,15,75,"Our Terms and Conditions have changed. Please take a moment to review the new McDonald’s Terms and Conditions by selecting the link. These include updates 
to our age requirements and the arbitration and dispute resolution process. By continuing to use our website, you agree to the revised Terms & Conditions agreement.","Wheat, Barley, Egg, Soy, Milk",8,"Plain Bagel: Enriched Flour (wheat Flour, Malted Barley Flour, Niacin, Reduced Iron, Thiamine Mononitrate, Riboflavin, Folic Acid), Water, Sugar, Soybean Oil, Contains 2% Or Less: Salt, Yeast, Wheat Gluten, Tapioca Starch, Dough Conditioners (ascorbic Acid, Enzymes). | Breakfast Steak Pattie: Beef, Water, Salt, Sodium Phosphate, Natural Flavor. Seasoned With Salt, Spices, Dried Garlic, Soybean Oil, Natural Flavor. | Folded Egg: Eggs, Nonfat Milk, Modified Food Starch, Salt, Citric Acid. | Pasteurized Process American Cheese: Milk, Cream, Water, Sodium Citrate, Salt, Cheese Cultures, Citric Acid, Enzymes, Soy Lecithin, Color Added. | Grilled Onions: Slivered Onions. Prepared With Clarifed Butter (pasteurized Milk [butterfat]) And Grill Seasoning (salt, Black Pepper). | Breakfast Sauce: Soybean Oil, Water, Egg Yolks, Egg Whites, Distilled Vinegar, Contains 2% Or Less: Salt, Corn Syrup Solids, Sugar, Lemon Juice Concentrate, Modified Food Starch, Spices, Natural Flavors, Dehydrated Cheddar Cheese (cultured Pasteurized Milk, Salt, Enzymes), Yeast Extract, Buttermilk Powder, Whey Powder, Propylene Glycol Alginate, Sodium Benzoate And Potassium Sorbate (preservatives), Xanthan Gum, Maltodextrin, Extractives Of Turmeric (color), Natural Smoke Flavor, Hydrolyzed Vegetable Protein (corn, Soybean), Calcium Disodium Edta (protect Flavor). | Salted Butter: Cream, Salt. | Clarified Butter: Pasteurized Cream (butterfat).","Wheat (来源: Plain Bagel, 等级: Contains) | Soy (来源: Plain Bagel, 等级: Contains) | Barley (来源: Plain Bagel, 等级: Contains) | Soy (来源: Breakfast Steak Pattie, 等级: Contains) | Milk (来源: Folded Egg, 等级: Contains) | Egg (来源: Folded Egg, 等级: Contains) | Milk (来源: Pasteurized Process American Cheese, 等级: Contains) | Soy (来源: Pasteurized Process American Cheese, 等级: Contains) | Milk (来源: Grilled Onions, 等级: Contains) | Milk (来源: Breakfast Sauce, 等级: Contains) | Egg (来源: Breakfast Sauce, 等级: Contains) | Soy (来源: Breakfast Sauce, 等级: Contains)",https://www.mcdonalds.com/us/en-us/product/steak-egg-cheese-bagel.html,mcdonalds/images/steak-egg-cheese-bagel.jpg,2026-01-26,
McDonald's,bagel-plain,Bagel (plain),,,9,3.5,51,0.5,0.5,0.5,0.5,0.5,0.5,0.5,18,18,1900/1/3,3,3,3,3,3,3,3,0.5,3,0.5,3,0.5,3,0.5,3,"Our Terms and Conditions have changed. Please take a moment to review the new McDonald’s Terms and Conditions by selecting the link. These include updates 
to our age requirements and the arbitration and dispute resolution process. By continuing to use our website, you agree to the revised Terms & Conditions agreement.","Wheat, Soy, Barley",1,"Plain Bagel: Enriched Flour (wheat Flour, Malted Barley Flour, Niacin, Reduced Iron, Thiamine Mononitrate, Riboflavin, Folic Acid), Water, Sugar, Soybean Oil, Contains 2% Or Less: Salt, Yeast, Wheat Gluten, Tapioca Starch, Dough Conditioners (ascorbic Acid, Enzymes).","Wheat (来源: Plain Bagel, 等级: Contains) | Soy (来源: Plain Bagel, 等级: Contains) | Barley (来源: Plain Bagel, 等级: Contains)",https://www.mcdonalds.com/us/en-us/product/bagel-plain.html,mcdonalds/images/bagel-plain.jpg,2026-01-26,
McDonald's,egg-and-cheese-bagel,Egg and Cheese Bagel,,520,21,24,55,10,10,10,10,10,10,10,20,20,1900/1/29,51,51,51,51,51,51,51,10,51,10,51,10,51,10,51,"Our Terms and Conditions have changed. Please take a moment to review the new McDonald’s Terms and Conditions by selecting the link. These include updates 
to our age requirements and the arbitration and dispute resolution process. By continuing to use our website, you agree to the revised Terms & Conditions agreement.","Wheat, Barley, Egg, Soy, Milk",6,"Plain Bagel: Enriched Flour (wheat Flour, Malted Barley Flour, Niacin, Reduced Iron, Thiamine Mononitrate, Riboflavin, Folic Acid), Water, Sugar, Soybean Oil, Contains 2% Or Less: Salt, Yeast, Wheat Gluten, Tapioca Starch, Dough Conditioners (ascorbic Acid, Enzymes). | Folded Egg: Eggs, Nonfat Milk, Modified Food Starch, Salt, Citric Acid. | Pasteurized Process American Cheese: Milk, Cream, Water, Sodium Citrate, Salt, Cheese Cultures, Citric Acid, Enzymes, Soy Lecithin, Color Added. | Breakfast Sauce: Soybean Oil, Water, Egg Yolks, Egg Whites, Distilled Vinegar, Contains 2% Or Less: Salt, Corn Syrup Solids, Sugar, Lemon Juice Concentrate, Modified Food Starch, Spices, Natural Flavors, Dehydrated Cheddar Cheese (cultured Pasteurized Milk, Salt, Enzymes), Yeast Extract, Buttermilk Powder, Whey Powder, Propylene Glycol Alginate, Sodium Benzoate And Potassium Sorbate (preservatives), Xanthan Gum, Maltodextrin, Extractives Of Turmeric (color), Natural Smoke Flavor, Hydrolyzed Vegetable Protein (corn, Soybean), Calcium Disodium Edta (protect Flavor). | Salted Butter: Cream, Salt. | Clarified Butter: Pasteurized Cream (butterfat).","Wheat (来源: Plain Bagel, 等级: Contains) | Soy (来源: Plain Bagel, 等级: Contains) | Barley (来源: Plain Bagel, 等级: Contains) | Milk (来源: Folded Egg, 等级: Contains) | Egg (来源: Folded Egg, 等级: Contains) | Milk (来源: Pasteurized Process American Cheese, 等级: Contains) | Soy (来源: Pasteurized Process American Cheese, 等级: Contains) | Milk (来源: Breakfast Sauce, 等级: Contains) | Egg (来源: Breakfast Sauce, 等级: Contains) | Soy (来源: Breakfast Sauce, 等级: Contains)",https://www.mcdonalds.com/us/en-us/product/egg-and-cheese-bagel.html,mcdonalds/images/egg-and-cheese-bagel.jpg,2026-01-26,
McDonald's,big-breakfast,Big Breakfast®,,760,26,48,131,18,18,18,18,18,18,18,48,48,1900/3/1,90,90,90,90,90,90,90,18,90,18,90,18,90,18,90,"Our Terms and Conditions have changed. Please take a moment to review the new McDonald’s Terms and Conditions by selecting the link. These include updates 
to our age requirements and the arbitration and dispute resolution process. By continuing to use our website, you agree to the revised Terms & Conditions agreement.","Wheat, Soy, Egg, Milk",7,"Scrambled Eggs: Eggs, Citric Acid. | Biscuit: Enriched Flour (bleached Wheat Flour, Niacin, Reduced Iron, Thiamin Mononitrate, Riboflavin, Folic Acid), Cultured Nonfat Buttermilk (cultured Skim Milk, Nonfat Dry Milk, Modified Food Starch, Salt, Mono And Diglycerides, Locust Bean Gum, Carrageenan), Palm Oil, Palm Kernel Oil, Water, Leavening (sodium Bicarbonate, Sodium Aluminum Phosphate, Monocalcium Phosphate), Contains 2% Or Less: Salt, Sugar, Modified Cellulose, Wheat Protein Isolate, Natural Flavor, Modified Food Starch, Xanthan Gum, Soy Lecithin. | Hash Browns: Potatoes, Vegetable Oil (canola Oil, Soybean Oil, Hydrogenated Soybean Oil, Natural Beef Flavor [wheat And Milk Derivatives]*), Salt, Corn Flour, Dehydrated Potato, Dextrose, Sodium Acid Pyrophosphate (maintain Color), Extractives Of Black Pepper. *natural Beef Flavor Contains Hydrolyzed Wheat And Hydrolyzed Milk As Starting Ingredients | Sausage Patty: Pork, Water, Salt, Spices, Dextrose, Sugar, Rosemary Extract, Natural Flavors. | Salted Butter: Cream, Salt. | Clarified Butter: Pasteurized Cream (butterfat). | Hotcake Syrup: Corn Syrup, Sugar, Water, Natural Flavors, Potassium Sorbate (preservative), Caramel Color.","Egg (来源: Scrambled Eggs, 等级: Contains) | Wheat (来源: Biscuit, 等级: Contains) | Milk (来源: Biscuit, 等级: Contains) | Soy (来源: Biscuit, 等级: Contains) | Wheat (来源: Hash Browns, 等级: Contains) | Milk (来源: Hash Browns, 等级: Contains) | Soy (来源: Hash Browns, 等级: Contains)",https://www.mcdonalds.com/us/en-us/product/big-breakfast.html,mcdonalds/images/big-breakfast.jpg,2026-01-26,
McDonald's,big-breakfast-with-hotcakes,Big Breakfast® with Hotcakes,,340,36,63,158,24,24,24,24,24,24,24,58,58,1900/3/20,122,122,122,122,122,122,122,24,122,24,122,24,122,24,122,"Our Terms and Conditions have changed. Please take a moment to review the new McDonald’s Terms and Conditions by selecting the link. These include updates 
to our age requirements and the arbitration and dispute resolution process. By continuing to use our website, you agree to the revised Terms & Conditions agreement.","Wheat, Soy, Egg, Milk",9,"Hotcakes: Water, Enriched Flour (wheat Flour, Niacin, Reduced Iron, Thiamine Mononitrate, Riboflavin, Folic Acid), Whey, Corn Flour, Soybean Oil, Sugar, Eggs, Leavening (baking Soda, Sodium Aluminum Phosphate, Monocalcium Phosphate), Dextrose, Emulsifier (mono And Diglycerides, Propylene Glycol Monoesters Of Fats And Fatty Acids, Sodium Stearoyl Lactylate), Salt, Xanthan Gum, Natural Flavors, Beta Carotene (color), Soy Lecithin. | Scrambled Eggs: Eggs, Citric Acid. | Biscuit: Enriched Flour (bleached Wheat Flour, Niacin, Reduced Iron, Thiamin Mononitrate, Riboflavin, Folic Acid), Cultured Nonfat Buttermilk (cultured Skim Milk, Nonfat Dry Milk, Modified Food Starch, Salt, Mono And Diglycerides, Locust Bean Gum, Carrageenan), Palm Oil, Palm Kernel Oil, Water, Leavening (sodium Bicarbonate, Sodium Aluminum Phosphate, Monocalcium Phosphate), Contains 2% Or Less: Salt, Sugar, Modified Cellulose, Wheat Protein Isolate, Natural Flavor, Modified Food Starch, Xanthan Gum, Soy Lecithin. | Hotcake Syrup: Corn Syrup, Sugar, Water, Natural Flavors, Potassium Sorbate (preservative), Caramel Color. | Hash Browns: Potatoes, Vegetable Oil (canola Oil, Soybean Oil, Hydrogenated Soybean Oil, Natural Beef Flavor [wheat And Milk Derivatives]*), Salt, Corn Flour, Dehydrated Potato, Dextrose, Sodium Acid Pyrophosphate (maintain Color), Extractives Of Black Pepper. *natural Beef Flavor Contains Hydrolyzed Wheat And Hydrolyzed Milk As Starting Ingredients | Sausage Patty: Pork, Water, Salt, Spices, Dextrose, Sugar, Rosemary Extract, Natural Flavors. | Salted Whipped Butter: Sweet Cream, Salt. | Salted Butter: Cream, Salt. | Clarified Butter: Pasteurized Cream (butterfat).","Wheat (来源: Hotcakes, 等级: Contains) | Egg (来源: Hotcakes, 等级: Contains) | Soy (来源: Hotcakes, 等级: Contains) | Egg (来源: Scrambled Eggs, 等级: Contains) | Wheat (来源: Biscuit, 等级: Contains) | Milk (来源: Biscuit, 等级: Contains) | Soy (来源: Biscuit, 等级: Contains) | Wheat (来源: Hash Browns, 等级: Contains) | Milk (来源: Hash Browns, 等级: Contains) | Soy (来源: Hash Browns, 等级: Contains)",https://www.mcdonalds.com/us/en-us/product/big-breakfast-with-hotcakes.html,mcdonalds/images/big-breakfast-with-hotcakes.jpg,2026-01-26,
McDonald's,hotcakes,Hotcakes,,580,9,15,101,6,6,6,6,6,6,6,37,37,1900/1/18,32,32,32,32,32,32,32,6,32,6,32,6,32,6,32,"Our Terms and Conditions have changed. Please take a moment to review the new McDonald’s Terms and Conditions by selecting the link. These include updates 
to our age requirements and the arbitration and dispute resolution process. By continuing to use our website, you agree to the revised Terms & Conditions agreement.","Wheat, Soy, Egg",3,"Hotcakes: Water, Enriched Flour (wheat Flour, Niacin, Reduced Iron, Thiamine Mononitrate, Riboflavin, Folic Acid), Whey, Corn Flour, Soybean Oil, Sugar, Eggs, Leavening (baking Soda, Sodium Aluminum Phosphate, Monocalcium Phosphate), Dextrose, Emulsifier (mono And Diglycerides, Propylene Glycol Monoesters Of Fats And Fatty Acids, Sodium Stearoyl Lactylate), Salt, Xanthan Gum, Natural Flavors, Beta Carotene (color), Soy Lecithin. | Hotcake Syrup: Corn Syrup, Sugar, Water, Natural Flavors, Potassium Sorbate (preservative), Caramel Color. | Salted Whipped Butter: Sweet Cream, Salt.","Wheat (来源: Hotcakes, 等级: Contains) | Egg (来源: Hotcakes, 等级: Contains) | Soy (来源: Hotcakes, 等级: Contains)",https://www.mcdonalds.com/us/en-us/product/hotcakes.html,mcdonalds/images/hotcakes.jpg,2026-01-26,
McDonald's,hotcakes-and-sausage,Hotcakes and Sausage,,770,15,33,102,12,12,12,12,12,12,12,37,37,1900/2/10,62,62,62,62,62,62,62,12,62,12,62,12,62,12,62,"Our Terms and Conditions have changed. Please take a moment to review the new McDonald’s Terms and Conditions by selecting the link. These include updates 
to our age requirements and the arbitration and dispute resolution process. By continuing to use our website, you agree to the revised Terms & Conditions agreement.","Wheat, Soy, Egg",4,"Hotcakes: Water, Enriched Flour (wheat Flour, Niacin, Reduced Iron, Thiamine Mononitrate, Riboflavin, Folic Acid), Whey, Corn Flour, Soybean Oil, Sugar, Eggs, Leavening (baking Soda, Sodium Aluminum Phosphate, Monocalcium Phosphate), Dextrose, Emulsifier (mono And Diglycerides, Propylene Glycol Monoesters Of Fats And Fatty Acids, Sodium Stearoyl Lactylate), Salt, Xanthan Gum, Natural Flavors, Beta Carotene (color), Soy Lecithin. | Hotcake Syrup: Corn Syrup, Sugar, Water, Natural Flavors, Potassium Sorbate (preservative), Caramel Color. | Sausage Patty: Pork, Water, Salt, Spices, Dextrose, Sugar, Rosemary Extract, Natural Flavors. | Salted Whipped Butter: Sweet Cream, Salt.","Wheat (来源: Hotcakes, 等级: Contains) | Egg (来源: Hotcakes, 等级: Contains) | Soy (来源: Hotcakes, 等级: Contains)",https://www.mcdonalds.com/us/en-us/product/hotcakes-and-sausage.html,mcdonalds/images/hotcakes-and-sausage.jpg,2026-01-26,
McDonald's,hash-browns,Hash Browns,,140,2,8,18,1,1,1,1,1,1,1,6,6,1900/1/9,5,5,5,5,5,5,5,1,5,1,5,1,5,1,5,"Our Terms and Conditions have changed. Please take a moment to review the new McDonald’s Terms and Conditions by selecting the link. These include updates 
to our age requirements and the arbitration and dispute resolution process. By continuing to use our website, you agree to the revised Terms & Conditions agreement.","Wheat, Soy, Milk",1,"Hash Browns: Potatoes, Vegetable Oil (canola Oil, Soybean Oil, Hydrogenated Soybean Oil, Natural Beef Flavor [wheat And Milk Derivatives]*), Salt, Corn Flour, Dehydrated Potato, Dextrose, Sodium Acid Pyrophosphate (maintain Color), Extractives Of Black Pepper. *natural Beef Flavor Contains Hydrolyzed Wheat And Hydrolyzed Milk As Starting Ingredients","Wheat (来源: Hash Browns, 等级: Contains) | Milk (来源: Hash Browns, 等级: Contains) | Soy (来源: Hash Browns, 等级: Contains)",https://www.mcdonalds.com/us/en-us/product/hash-browns.html,mcdonalds/images/hash-browns.jpg,2026-01-26,
McDonald's,fruit-maple-oatmeal,Fruit & Maple Oatmeal,,320,6,4.5,64,1.5,1.5,1.5,1.5,1.5,1.5,1.5,23,23,1900/1/5,8,8,8,8,8,8,8,1.5,8,1.5,8,1.5,8,1.5,8,"Our Terms and Conditions have changed. Please take a moment to review the new McDonald’s Terms and Conditions by selecting the link. These include updates 
to our age requirements and the arbitration and dispute resolution process. By continuing to use our website, you agree to the revised Terms & Conditions agreement.","Barley, Milk",4,"Oatmeal: Water, Whole Grain Rolled Oats, Brown Sugar, Modified Food Starch, Salt, Natural Flavor, Barley Malt Extract, Caramel Color. | Diced Apples: Apples, Calcium Ascorbate (a Blend Of Calcium And Vitamin C To Maintain Color). | Cranberry Raisin Blend: Sweetened Dried Cranberries (sugar, Cranberries), California Raisins, Golden Raisins, Sunflower Oil, Sulfur Dioxide As A Preservative (contains Sulfites). | Light Cream: Milk, Cream, Sodium Phosphate, Datem, Sodium Stearoyl Lactylate, Sodium Citrate, Carrageenan, Magnesium Oxide.","Barley (来源: Oatmeal, 等级: Contains) | Milk (来源: Light Cream, 等级: Contains)",https://www.mcdonalds.com/us/en-us/product/fruit-maple-oatmeal.html,mcdonalds/images/fruit-maple-oatmeal.jpg,2026-01-26,
McDonald's,double-quarter-pounder-with-cheese,Double Quarter Pounder®* with Cheese,,740,48,42,43,20,20,20,20,20,20,20,16,16,1900/2/22,98,98,98,98,98,98,98,20,98,20,98,20,98,20,98,"Our Terms and Conditions have changed. Please take a moment to review the new McDonald’s Terms and Conditions by selecting the link. These include updates 
to our age requirements and the arbitration and dispute resolution process. By continuing to use our website, you agree to the revised Terms & Conditions agreement.","Sesame, Wheat, Barley, Soy, Milk",7,"Quarter Pound 100% Beef Patty*: 100% Pure Usda Inspected Beef; No Fillers, No Extenders. | Quarter Pound Bun: Enriched Flour (wheat Flour, Malted Barley Flour, Niacin, Reduced Iron, Thiamine Mononitrate, Riboflavin, Folic Acid), Water, Sugar, Yeast, Soybean Oil, Contains 2% Or Less: Sesame Seeds, Salt, Wheat Gluten, Dextrose, Guar Gum, Vinegar, Vegetable Proteins (pea, Potato, Rice), Sunflower And/or Canola Oil, Maltodextrin, Natural Flavors, May Contain One Or More Dough Conditioners (datem, Ascorbic Acid, Mono And Diglycerides, Enzymes), Modified Food Starch. | Pasteurized Process American Cheese: Milk, Cream, Water, Sodium Citrate, Salt, Cheese Cultures, Citric Acid, Enzymes, Soy Lecithin, Color Added. | Ketchup: Tomato Concentrate From Red Ripe Tomatoes, Distilled Vinegar, High Fructose Corn Syrup, Corn Syrup, Water, Salt, Natural Flavors. | Pickle Slices: Cucumbers, Water, Distilled Vinegar, Salt, Calcium Chloride, Alum, Potassium Sorbate (preservative), Natural Flavors, Polysorbate 80, Extractives Of Turmeric (color). | Onions: Onions. | Mustard: Distilled Vinegar, Water, Mustard Seed, Salt, Turmeric, Paprika, Spice Extractive.","Wheat (来源: Quarter Pound Bun, 等级: Contains) | Soy (来源: Quarter Pound Bun, 等级: Contains) | Sesame (来源: Quarter Pound Bun, 等级: Contains) | Barley (来源: Quarter Pound Bun, 等级: Contains) | Milk (来源: Pasteurized Process American Cheese, 等级: Contains) | Soy (来源: Pasteurized Process American Cheese, 等级: Contains)",https://www.mcdonalds.com/us/en-us/product/double-quarter-pounder-with-cheese.html,mcdonalds/images/double-quarter-pounder-with-cheese.jpg,2026-01-26,
McDonald's,deluxe-quarter-pounder-with-cheese,Quarter Pounder®* with Cheese Deluxe,,630,30,37,44,14,14,14,14,14,14,14,16,16,1900/2/15,71,71,71,71,71,71,71,14,71,14,71,14,71,14,71,"Our Terms and Conditions have changed. Please take a moment to review the new McDonald’s Terms and Conditions by selecting the link. These include updates 
to our age requirements and the arbitration and dispute resolution process. By continuing to use our website, you agree to the revised Terms & Conditions agreement.","Sesame, Wheat, Barley, Egg, Soy, Milk",10,"Quarter Pound 100% Beef Patty*: 100% Pure Usda Inspected Beef; No Fillers, No Extenders. | Quarter Pound Bun: Enriched Flour (wheat Flour, Malted Barley Flour, Niacin, Reduced Iron, Thiamine Mononitrate, Riboflavin, Folic Acid), Water, Sugar, Yeast, Soybean Oil, Contains 2% Or Less: Sesame Seeds, Salt, Wheat Gluten, Dextrose, Guar Gum, Vinegar, Vegetable Proteins (pea, Potato, Rice), Sunflower And/or Canola Oil, Maltodextrin, Natural Flavors, May Contain One Or More Dough Conditioners (datem, Ascorbic Acid, Mono And Diglycerides, Enzymes), Modified Food Starch. | Pasteurized Process American Cheese: Milk, Cream, Water, Sodium Citrate, Salt, Cheese Cultures, Citric Acid, Enzymes, Soy Lecithin, Color Added. | Roma Tomato: Tomato. | Ketchup: Tomato Concentrate From Red Ripe Tomatoes, Distilled Vinegar, High Fructose Corn Syrup, Corn Syrup, Water, Salt, Natural Flavors. | Shredded Lettuce: Lettuce. | Mayonnaise: Soybean Oil, Egg Yolk, Water, Distilled Vinegar, Salt, Sugar, Spice, Lemon Juice Concentrate. | Pickle Slices: Cucumbers, Water, Distilled Vinegar, Salt, Calcium Chloride, Alum, Potassium Sorbate (preservative), Natural Flavors, Polysorbate 80, Extractives Of Turmeric (color). | Onions: Onions. | Mustard: Distilled Vinegar, Water, Mustard Seed, Salt, Turmeric, Paprika, Spice Extractive.","Wheat (来源: Quarter Pound Bun, 等级: Contains) | Soy (来源: Quarter Pound Bun, 等级: Contains) | Sesame (来源: Quarter Pound Bun, 等级: Contains) | Barley (来源: Quarter Pound Bun, 等级: Contains) | Milk (来源: Pasteurized Process American Cheese, 等级: Contains) | Soy (来源: Pasteurized Process American Cheese, 等级: Contains) | Egg (来源: Mayonnaise, 等级: Contains) | Soy (来源: Mayonnaise, 等级: Contains)",https://www.mcdonalds.com/us/en-us/product/deluxe-quarter-pounder-with-cheese.html,mcdonalds/images/deluxe-quarter-pounder-with-cheese.jpg,2026-01-26,
McDonald's,mcdouble,McDouble®,,390,22,20,32,9,9,9,9,9,9,9,12,12,1900/1/24,45,45,45,45,45,45,45,9,45,9,45,9,45,9,45,"Our Terms and Conditions have changed. Please take a moment to review the new McDonald’s Terms and Conditions by selecting the link. These include updates 
to our age requirements and the arbitration and dispute resolution process. By continuing to use our website, you agree to the revised Terms & Conditions agreement.","Wheat, Soy, Barley, Milk",7,"100% Beef Patty: 100% Pure Usda Inspected Beef; No Fillers, No Extenders. | Regular Bun: Enriched Flour (wheat Flour, Malted Barley Flour, Niacin, Reduced Iron, Thiamine Mononitrate, Riboflavin, Folic Acid), Water, Sugar, Yeast, Soybean Oil, Contains 2% Or Less: Salt, Dextrose, Corn Starch, Modified Food Starch, Wheat Gluten, Vinegar, Vegetable Proteins (pea, Potato, Rice And/or Faba), Sunflower And/or Canola Oil, Maltodextrin, Natural Flavors, Dough Conditioners (enzymes, Ascorbic Acid, Monoglycerides). | Pasteurized Process American Cheese: Milk, Cream, Water, Sodium Citrate, Salt, Cheese Cultures, Citric Acid, Enzymes, Soy Lecithin, Color Added. | Pickle Slices: Cucumbers, Water, Distilled Vinegar, Salt, Calcium Chloride, Alum, Potassium Sorbate (preservative), Natural Flavors, Polysorbate 80, Extractives Of Turmeric (color). | Onions: Onions. | Ketchup: Tomato Concentrate From Red Ripe Tomatoes, Distilled Vinegar, High Fructose Corn Syrup, Corn Syrup, Water, Salt, Natural Flavors. | Mustard: Distilled Vinegar, Water, Mustard Seed, Salt, Turmeric, Paprika, Spice Extractive.","Wheat (来源: Regular Bun, 等级: Contains) | Soy (来源: Regular Bun, 等级: Contains) | Barley (来源: Regular Bun, 等级: Contains) | Milk (来源: Pasteurized Process American Cheese, 等级: Contains) | Soy (来源: Pasteurized Process American Cheese, 等级: Contains)",https://www.mcdonalds.com/us/en-us/product/mcdouble.html,mcdonalds/images/mcdouble.jpg,2026-01-26,
McDonald's,daily-double,Daily Double,,490,22,31,30,11,11,11,11,11,11,11,11,11,1900/2/7,53,53,53,53,53,53,53,11,53,11,53,11,53,11,53,"Our Terms and Conditions have changed. Please take a moment to review the new McDonald’s Terms and Conditions by selecting the link. These include updates 
to our age requirements and the arbitration and dispute resolution process. By continuing to use our website, you agree to the revised Terms & Conditions agreement.","Wheat, Barley, Egg, Soy, Milk",7,"100% Beef Patty: 100% Pure Usda Inspected Beef; No Fillers, No Extenders. | Regular Bun: Enriched Flour (wheat Flour, Malted Barley Flour, Niacin, Reduced Iron, Thiamine Mononitrate, Riboflavin, Folic Acid), Water, Sugar, Yeast, Soybean Oil, Contains 2% Or Less: Salt, Dextrose, Corn Starch, Modified Food Starch, Wheat Gluten, Vinegar, Vegetable Proteins (pea, Potato, Rice And/or Faba), Sunflower And/or Canola Oil, Maltodextrin, Natural Flavors, Dough Conditioners (enzymes, Ascorbic Acid, Monoglycerides). | Pasteurized Process American Cheese: Milk, Cream, Water, Sodium Citrate, Salt, Cheese Cultures, Citric Acid, Enzymes, Soy Lecithin, Color Added. | Mayonnaise: Soybean Oil, Egg Yolk, Water, Distilled Vinegar, Salt, Sugar, Spice, Lemon Juice Concentrate. | Roma Tomato: Tomato. | Onions: Onions. | Shredded Lettuce: Lettuce.","Wheat (来源: Regular Bun, 等级: Contains) | Soy (来源: Regular Bun, 等级: Contains) | Barley (来源: Regular Bun, 等级: Contains) | Milk (来源: Pasteurized Process American Cheese, 等级: Contains) | Soy (来源: Pasteurized Process American Cheese, 等级: Contains) | Egg (来源: Mayonnaise, 等级: Contains) | Soy (来源: Mayonnaise, 等级: Contains)",https://www.mcdonalds.com/us/en-us/product/daily-double.html,mcdonalds/images/daily-double.jpg,2026-01-26,
McDonald's,quarter-pounder-bacon,Bacon Quarter Pounder®* with Cheese,,630,36,35,43,15,15,15,15,15,15,15,16,16,1900/2/13,77,77,77,77,77,77,77,15,77,15,77,15,77,15,77,"Our Terms and Conditions have changed. Please take a moment to review the new McDonald’s Terms and Conditions by selecting the link. These include updates 
to our age requirements and the arbitration and dispute resolution process. By continuing to use our website, you agree to the revised Terms & Conditions agreement.","Sesame, Wheat, Barley, Soy, Milk",8,"Quarter Pound 100% Beef Patty*: 100% Pure Usda Inspected Beef; No Fillers, No Extenders. | Quarter Pound Bun: Enriched Flour (wheat Flour, Malted Barley Flour, Niacin, Reduced Iron, Thiamine Mononitrate, Riboflavin, Folic Acid), Water, Sugar, Yeast, Soybean Oil, Contains 2% Or Less: Sesame Seeds, Salt, Wheat Gluten, Dextrose, Guar Gum, Vinegar, Vegetable Proteins (pea, Potato, Rice), Sunflower And/or Canola Oil, Maltodextrin, Natural Flavors, May Contain One Or More Dough Conditioners (datem, Ascorbic Acid, Mono And Diglycerides, Enzymes), Modified Food Starch. | Pasteurized Process American Cheese: Milk, Cream, Water, Sodium Citrate, Salt, Cheese Cultures, Citric Acid, Enzymes, Soy Lecithin, Color Added. | Thick Cut Applewood Smoked Bacon: Pork Bellies Cured With Water, Salt, Sugar, Natural Smoke Flavor, Sodium Phosphate, Sodium Erythorbate, Sodium Nitrite. | Ketchup: Tomato Concentrate From Red Ripe Tomatoes, Distilled Vinegar, High Fructose Corn Syrup, Corn Syrup, Water, Salt, Natural Flavors. | Pickle Slices: Cucumbers, Water, Distilled Vinegar, Salt, Calcium Chloride, Alum, Potassium Sorbate (preservative), Natural Flavors, Polysorbate 80, Extractives Of Turmeric (color). | Onions: Onions. | Mustard: Distilled Vinegar, Water, Mustard Seed, Salt, Turmeric, Paprika, Spice Extractive.","Wheat (来源: Quarter Pound Bun, 等级: Contains) | Soy (来源: Quarter Pound Bun, 等级: Contains) | Sesame (来源: Quarter Pound Bun, 等级: Contains) | Barley (来源: Quarter Pound Bun, 等级: Contains) | Milk (来源: Pasteurized Process American Cheese, 等级: Contains) | Soy (来源: Pasteurized Process American Cheese, 等级: Contains)",https://www.mcdonalds.com/us/en-us/product/quarter-pounder-bacon.html,mcdonalds/images/quarter-pounder-bacon.jpg,2026-01-26,
McDonald's,cheeseburger,Cheeseburger,,300,15,13,31,6,6,6,6,6,6,6,11,11,1900/1/15,29,29,29,29,29,29,29,6,29,6,29,6,29,6,29,"Our Terms and Conditions have changed. Please take a moment to review the new McDonald’s Terms and Conditions by selecting the link. These include updates 
to our age requirements and the arbitration and dispute resolution process. By continuing to use our website, you agree to the revised Terms & Conditions agreement.","Wheat, Soy, Barley, Milk",7,"Regular Bun: Enriched Flour (wheat Flour, Malted Barley Flour, Niacin, Reduced Iron, Thiamine Mononitrate, Riboflavin, Folic Acid), Water, Sugar, Yeast, Soybean Oil, Contains 2% Or Less: Salt, Dextrose, Corn Starch, Modified Food Starch, Wheat Gluten, Vinegar, Vegetable Proteins (pea, Potato, Rice And/or Faba), Sunflower And/or Canola Oil, Maltodextrin, Natural Flavors, Dough Conditioners (enzymes, Ascorbic Acid, Monoglycerides). | 100% Beef Patty: 100% Pure Usda Inspected Beef; No Fillers, No Extenders. | Pasteurized Process American Cheese: Milk, Cream, Water, Sodium Citrate, Salt, Cheese Cultures, Citric Acid, Enzymes, Soy Lecithin, Color Added. | Ketchup: Tomato Concentrate From Red Ripe Tomatoes, Distilled Vinegar, High Fructose Corn Syrup, Corn Syrup, Water, Salt, Natural Flavors. | Pickle Slices: Cucumbers, Water, Distilled Vinegar, Salt, Calcium Chloride, Alum, Potassium Sorbate (preservative), Natural Flavors, Polysorbate 80, Extractives Of Turmeric (color). | Onions: Onions. | Mustard: Distilled Vinegar, Water, Mustard Seed, Salt, Turmeric, Paprika, Spice Extractive.","Wheat (来源: Regular Bun, 等级: Contains) | Soy (来源: Regular Bun, 等级: Contains) | Barley (来源: Regular Bun, 等级: Contains) | Milk (来源: Pasteurized Process American Cheese, 等级: Contains) | Soy (来源: Pasteurized Process American Cheese, 等级: Contains)",https://www.mcdonalds.com/us/en-us/product/cheeseburger.html,mcdonalds/images/cheeseburger.jpg,2026-01-26,
McDonald's,double-cheeseburger,Double Cheeseburger,,440,25,24,34,11,11,11,11,11,11,11,12,12,1900/1/29,57,57,57,57,57,57,57,11,57,11,57,11,57,11,57,"Our Terms and Conditions have changed. Please take a moment to review the new McDonald’s Terms and Conditions by selecting the link. These include updates 
to our age requirements and the arbitration and dispute resolution process. By continuing to use our website, you agree to the revised Terms & Conditions agreement.","Wheat, Soy, Barley, Milk",7,"100% Beef Patty: 100% Pure Usda Inspected Beef; No Fillers, No Extenders. | Regular Bun: Enriched Flour (wheat Flour, Malted Barley Flour, Niacin, Reduced Iron, Thiamine Mononitrate, Riboflavin, Folic Acid), Water, Sugar, Yeast, Soybean Oil, Contains 2% Or Less: Salt, Dextrose, Corn Starch, Modified Food Starch, Wheat Gluten, Vinegar, Vegetable Proteins (pea, Potato, Rice And/or Faba), Sunflower And/or Canola Oil, Maltodextrin, Natural Flavors, Dough Conditioners (enzymes, Ascorbic Acid, Monoglycerides). | Pasteurized Process American Cheese: Milk, Cream, Water, Sodium Citrate, Salt, Cheese Cultures, Citric Acid, Enzymes, Soy Lecithin, Color Added. | Pickle Slices: Cucumbers, Water, Distilled Vinegar, Salt, Calcium Chloride, Alum, Potassium Sorbate (preservative), Natural Flavors, Polysorbate 80, Extractives Of Turmeric (color). | Onions: Onions. | Ketchup: Tomato Concentrate From Red Ripe Tomatoes, Distilled Vinegar, High Fructose Corn Syrup, Corn Syrup, Water, Salt, Natural Flavors. | Mustard: Distilled Vinegar, Water, Mustard Seed, Salt, Turmeric, Paprika, Spice Extractive.","Wheat (来源: Regular Bun, 等级: Contains) | Soy (来源: Regular Bun, 等级: Contains) | Barley (来源: Regular Bun, 等级: Contains) | Milk (来源: Pasteurized Process American Cheese, 等级: Contains) | Soy (来源: Pasteurized Process American Cheese, 等级: Contains)",https://www.mcdonalds.com/us/en-us/product/double-cheeseburger.html,mcdonalds/images/double-cheeseburger.jpg,2026-01-26,
McDonald's,hamburger,Hamburger: The Classic McDonald's Burger,,250,12,9,30,3.5,3.5,3.5,3.5,3.5,3.5,3.5,11,11,1900/1/10,17,17,17,17,17,17,17,3.5,17,3.5,17,3.5,17,3.5,17,"Our Terms and Conditions have changed. Please take a moment to review the new McDonald’s Terms and Conditions by selecting the link. These include updates 
to our age requirements and the arbitration and dispute resolution process. By continuing to use our website, you agree to the revised Terms & Conditions agreement.","Wheat, Soy, Barley",6,"Regular Bun: Enriched Flour (wheat Flour, Malted Barley Flour, Niacin, Reduced Iron, Thiamine Mononitrate, Riboflavin, Folic Acid), Water, Sugar, Yeast, Soybean Oil, Contains 2% Or Less: Salt, Dextrose, Corn Starch, Modified Food Starch, Wheat Gluten, Vinegar, Vegetable Proteins (pea, Potato, Rice And/or Faba), Sunflower And/or Canola Oil, Maltodextrin, Natural Flavors, Dough Conditioners (enzymes, Ascorbic Acid, Monoglycerides). | 100% Beef Patty: 100% Pure Usda Inspected Beef; No Fillers, No Extenders. | Ketchup: Tomato Concentrate From Red Ripe Tomatoes, Distilled Vinegar, High Fructose Corn Syrup, Corn Syrup, Water, Salt, Natural Flavors. | Pickle Slices: Cucumbers, Water, Distilled Vinegar, Salt, Calcium Chloride, Alum, Potassium Sorbate (preservative), Natural Flavors, Polysorbate 80, Extractives Of Turmeric (color). | Onions: Onions. | Mustard: Distilled Vinegar, Water, Mustard Seed, Salt, Turmeric, Paprika, Spice Extractive.","Wheat (来源: Regular Bun, 等级: Contains) | Soy (来源: Regular Bun, 等级: Contains) | Barley (来源: Regular Bun, 等级: Contains)",https://www.mcdonalds.com/us/en-us/product/hamburger.html,mcdonalds/images/hamburger.jpg,2026-01-26,
McDonald's,deluxe-mccrispy-chicken-sandwich,Deluxe McCrispy®,,530,27,26,48,4,4,4,4,4,4,4,17,17,1900/2/1,21,21,21,21,21,21,21,4,21,4,21,4,21,4,21,"Our Terms and Conditions have changed. Please take a moment to review the new McDonald’s Terms and Conditions by selecting the link. These include updates 
to our age requirements and the arbitration and dispute resolution process. By continuing to use our website, you agree to the revised Terms & Conditions agreement.","Wheat, Soy, Barley, Egg",5,"Crispy Chicken Fillet: Chicken Breast Fillets With Rib Meat, Water, Wheat Flour, Vegetable Oil (Canola Oil, Corn Oil, Soybean Oil, Hydrogenated Soybean Oil), Sugar, Salt, Modified Food Starch, Leavening (Baking Soda, Sodium Aluminum Phosphate, Sodium Acid Pyrophosphate, Monocalcium Phosphate), Yellow Corn Flour, Modified Corn Starch, Sodium Phosphate, Spices, Wheat Gluten, Yeast Extract, Monosodium Glutamate, Extractives Of Paprika (Color), Natural Flavors, Gum Arabic, Maltodextrin. | Potato Roll: Enriched Flour (wheat Flour, Malted Barley, Niacin, Reduced Iron, Thiamine Mononitrate, Riboflavin, Folic Acid), Flour (wheat Flour, Malted Barley Flour), Water, Sugar, Yeast, Potato Flour, Wheat Gluten, Soybean Oil, Contains 2% Or Less: Honey, Salt, Vinegar, Ascorbic Acid, Enzymes, Inactive Yeast, Datem, Natural Flavors, Vegetable Proteins (pea, Potato, Faba Bean), Vegetable Oil (canola And Or Sunflower Oil), Wheat Starch, Dextrose, Colors (turmeric, Paprika), Dextrose, Acetic Acid, Maltodextrin, Wheat Protein. | Roma Tomato: Tomato. | Shredded Lettuce: Lettuce. | Mayonnaise: Soybean Oil, Egg Yolk, Water, Distilled Vinegar, Salt, Sugar, Spice, Lemon Juice Concentrate.","Wheat (来源: Crispy Chicken Fillet, 等级: Contains) | Soy (来源: Crispy Chicken Fillet, 等级: Contains) | Wheat (来源: Potato Roll, 等级: Contains) | Soy (来源: Potato Roll, 等级: Contains) | Barley (来源: Potato Roll, 等级: Contains) | Egg (来源: Mayonnaise, 等级: Contains) | Soy (来源: Mayonnaise, 等级: Contains)",https://www.mcdonalds.com/us/en-us/product/deluxe-mccrispy-chicken-sandwich.html,mcdonalds/images/deluxe-mccrispy-chicken-sandwich.jpg,2026-01-26,
McDonald's,spicy-mccrispy-chicken-sandwich,Spicy McCrispy®,,530,27,26,48,4,4,4,4,4,4,4,17,17,1900/2/1,21,21,21,21,21,21,21,4,21,4,21,4,21,4,21,"Our Terms and Conditions have changed. Please take a moment to review the new McDonald’s Terms and Conditions by selecting the link. These include updates 
to our age requirements and the arbitration and dispute resolution process. By continuing to use our website, you agree to the revised Terms & Conditions agreement.","Wheat, Soy, Barley, Egg",4,"Crispy Chicken Fillet: Chicken Breast Fillets With Rib Meat, Water, Wheat Flour, Vegetable Oil (Canola Oil, Corn Oil, Soybean Oil, Hydrogenated Soybean Oil), Sugar, Salt, Modified Food Starch, Leavening (Baking Soda, Sodium Aluminum Phosphate, Sodium Acid Pyrophosphate, Monocalcium Phosphate), Yellow Corn Flour, Modified Corn Starch, Sodium Phosphate, Spices, Wheat Gluten, Yeast Extract, Monosodium Glutamate, Extractives Of Paprika (Color), Natural Flavors, Gum Arabic, Maltodextrin. | Potato Roll: Enriched Flour (wheat Flour, Malted Barley, Niacin, Reduced Iron, Thiamine Mononitrate, Riboflavin, Folic Acid), Flour (wheat Flour, Malted Barley Flour), Water, Sugar, Yeast, Potato Flour, Wheat Gluten, Soybean Oil, Contains 2% Or Less: Honey, Salt, Vinegar, Ascorbic Acid, Enzymes, Inactive Yeast, Datem, Natural Flavors, Vegetable Proteins (pea, Potato, Faba Bean), Vegetable Oil (canola And Or Sunflower Oil), Wheat Starch, Dextrose, Colors (turmeric, Paprika), Dextrose, Acetic Acid, Maltodextrin, Wheat Protein. | Spicy Pepper Sauce: Soybean Oil, Water, Distilled Vinegar, Egg Yolk, Habanero Pepper, Salt, Sugar, Contains 2% Or Less: Mustard Seed, Garlic, Onion, Xantham Gum, Red Bell Pepper, Lactic Acid, Propylene Glycol Alginate, Spice, Natural Flavor, Oleoresin Paprika (color), Preservatives (sodium Benzoate, Potassium Sorbate), Paprika, Turmeric, Calcium Disodium Edta (protect Flavor). | Crinkle Cut Pickle: Cucumbers, Water, Salt, Distilled Vinegar, Contains 2% Or Less: Calcium Chloride, Natural Flavors, Sodium Benzoate (preservative), Polysorbate 80, Turmeric (color).","Wheat (来源: Crispy Chicken Fillet, 等级: Contains) | Soy (来源: Crispy Chicken Fillet, 等级: Contains) | Wheat (来源: Potato Roll, 等级: Contains) | Soy (来源: Potato Roll, 等级: Contains) | Barley (来源: Potato Roll, 等级: Contains) | Egg (来源: Spicy Pepper Sauce, 等级: Contains) | Soy (来源: Spicy Pepper Sauce, 等级: Contains)",https://www.mcdonalds.com/us/en-us/product/spicy-mccrispy-chicken-sandwich.html,mcdonalds/images/spicy-mccrispy-chicken-sandwich.jpg,2026-01-26,
McDonald's,spicy-deluxe-mccrispy-chicken-sandwich,Spicy Deluxe McCrispy®,,530,27,26,49,4,4,4,4,4,4,4,18,18,1900/2/1,21,21,21,21,21,21,21,4,21,4,21,4,21,4,21,"Our Terms and Conditions have changed. Please take a moment to review the new McDonald’s Terms and Conditions by selecting the link. These include updates 
to our age requirements and the arbitration and dispute resolution process. By continuing to use our website, you agree to the revised Terms & Conditions agreement.","Wheat, Soy, Barley, Egg",5,"Crispy Chicken Fillet: Chicken Breast Fillets With Rib Meat, Water, Wheat Flour, Vegetable Oil (Canola Oil, Corn Oil, Soybean Oil, Hydrogenated Soybean Oil), Sugar, Salt, Modified Food Starch, Leavening (Baking Soda, Sodium Aluminum Phosphate, Sodium Acid Pyrophosphate, Monocalcium Phosphate), Yellow Corn Flour, Modified Corn Starch, Sodium Phosphate, Spices, Wheat Gluten, Yeast Extract, Monosodium Glutamate, Extractives Of Paprika (Color), Natural Flavors, Gum Arabic, Maltodextrin. | Potato Roll: Enriched Flour (wheat Flour, Malted Barley, Niacin, Reduced Iron, Thiamine Mononitrate, Riboflavin, Folic Acid), Flour (wheat Flour, Malted Barley Flour), Water, Sugar, Yeast, Potato Flour, Wheat Gluten, Soybean Oil, Contains 2% Or Less: Honey, Salt, Vinegar, Ascorbic Acid, Enzymes, Inactive Yeast, Datem, Natural Flavors, Vegetable Proteins (pea, Potato, Faba Bean), Vegetable Oil (canola And Or Sunflower Oil), Wheat Starch, Dextrose, Colors (turmeric, Paprika), Dextrose, Acetic Acid, Maltodextrin, Wheat Protein. | Roma Tomato: Tomato. | Spicy Pepper Sauce: Soybean Oil, Water, Distilled Vinegar, Egg Yolk, Habanero Pepper, Salt, Sugar, Contains 2% Or Less: Mustard Seed, Garlic, Onion, Xantham Gum, Red Bell Pepper, Lactic Acid, Propylene Glycol Alginate, Spice, Natural Flavor, Oleoresin Paprika (color), Preservatives (sodium Benzoate, Potassium Sorbate), Paprika, Turmeric, Calcium Disodium Edta (protect Flavor). | Shredded Lettuce: Lettuce.","Wheat (来源: Crispy Chicken Fillet, 等级: Contains) | Soy (来源: Crispy Chicken Fillet, 等级: Contains) | Wheat (来源: Potato Roll, 等级: Contains) | Soy (来源: Potato Roll, 等级: Contains) | Barley (来源: Potato Roll, 等级: Contains) | Egg (来源: Spicy Pepper Sauce, 等级: Contains) | Soy (来源: Spicy Pepper Sauce, 等级: Contains)",https://www.mcdonalds.com/us/en-us/product/spicy-deluxe-mccrispy-chicken-sandwich.html,mcdonalds/images/spicy-deluxe-mccrispy-chicken-sandwich.jpg,2026-01-26,
McDonald's,filet-o-fish,Filet-O-Fish®,,380,16,19,38,4,4,4,4,4,4,4,14,14,1900/1/23,19,19,19,19,19,19,19,4,19,4,19,4,19,4,19,"Our Terms and Conditions have changed. Please take a moment to review the new McDonald’s Terms and Conditions by selecting the link. These include updates 
to our age requirements and the arbitration and dispute resolution process. By continuing to use our website, you agree to the revised Terms & Conditions agreement.","Wheat, Barley, Egg, Soy, Milk",4,"Fish Filet Patty: Pollock, Water, Vegetable Oil (canola Oil, Corn Oil, Soybean Oil, Hydrogenated Soybean Oil), Wheat Flour, Modified Food Starch, Contains 2% Or Less: Yellow Corn Flour, Bleached Wheat Flour, Salt, Whey (milk), Dextrose, Dried Yeast, Sugar, Cellulose Gum, Paprika And Turmeric Extract (color), Natural Flavors. | Regular Bun: Enriched Flour (wheat Flour, Malted Barley Flour, Niacin, Reduced Iron, Thiamine Mononitrate, Riboflavin, Folic Acid), Water, Sugar, Yeast, Soybean Oil, Contains 2% Or Less: Salt, Dextrose, Corn Starch, Modified Food Starch, Wheat Gluten, Vinegar, Vegetable Proteins (pea, Potato, Rice And/or Faba), Sunflower And/or Canola Oil, Maltodextrin, Natural Flavors, Dough Conditioners (enzymes, Ascorbic Acid, Monoglycerides). | Tartar Sauce: Soybean Oil, Pickle Relish (diced Pickles, Vinegar, Salt, Capers, Xanthan Gum, Potassium Sorbate [preservative], Calcium Chloride, Spice Extractives, Polysorbate 80), Egg Yolks, Water, Onions, Distilled Vinegar, Sugar, Spice, Salt, Xanthan Gum, Potassium Sorbate (preservative), Parsley. | Pasteurized Process American Cheese Half Slice: Milk, Cream, Water, Sodium Citrate, Salt, Cheese Cultures, Citric Acid, Enzymes, Soy Lecithin, Color Added.","Wheat (来源: Fish Filet Patty, 等级: Contains) | Milk (来源: Fish Filet Patty, 等级: Contains) | Soy (来源: Fish Filet Patty, 等级: Contains) | Wheat (来源: Regular Bun, 等级: Contains) | Soy (来源: Regular Bun, 等级: Contains) | Barley (来源: Regular Bun, 等级: Contains) | Egg (来源: Tartar Sauce, 等级: Contains) | Soy (来源: Tartar Sauce, 等级: Contains) | Milk (来源: Pasteurized Process American Cheese Half Slice, 等级: Contains) | Soy (来源: Pasteurized Process American Cheese Half Slice, 等级: Contains)",https://www.mcdonalds.com/us/en-us/product/filet-o-fish.html,mcdonalds/images/filet-o-fish.jpg,2026-01-26,
McDonald's,mcchicken,McChicken®,,390,14,21,38,3.5,3.5,3.5,3.5,3.5,3.5,3.5,14,14,1900/1/26,18,18,18,18,18,18,18,3.5,18,3.5,18,3.5,18,3.5,18,"Our Terms and Conditions have changed. Please take a moment to review the new McDonald’s Terms and Conditions by selecting the link. These include updates 
to our age requirements and the arbitration and dispute resolution process. By continuing to use our website, you agree to the revised Terms & Conditions agreement.","Wheat, Soy, Barley, Egg",4,"McChicken Patty: Boneless Chicken, Bleached Wheat Flour, Water, Vegetable Oil (canola Oil, Corn Oil, Soybean Oil, Hydrogenated Soybean Oil), Wheat Flour, Modified Corn Starch, Sea Salt, Spice, Potassium Chloride, Salt, Paprika, Dextrose, Sodium Phosphates, Leavening (ammonium Bicarbonate, Sodium Acid Pyrophosphate, Baking Soda, Monocalcium Phosphate), Wheat Gluten, Natural Flavors With Extractives Of Paprika, Yeast, Corn Starch, Garlic Powder. | Regular Bun: Enriched Flour (wheat Flour, Malted Barley Flour, Niacin, Reduced Iron, Thiamine Mononitrate, Riboflavin, Folic Acid), Water, Sugar, Yeast, Soybean Oil, Contains 2% Or Less: Salt, Dextrose, Corn Starch, Modified Food Starch, Wheat Gluten, Vinegar, Vegetable Proteins (pea, Potato, Rice And/or Faba), Sunflower And/or Canola Oil, Maltodextrin, Natural Flavors, Dough Conditioners (enzymes, Ascorbic Acid, Monoglycerides). | Shredded Lettuce: Lettuce. | Mayonnaise: Soybean Oil, Egg Yolk, Water, Distilled Vinegar, Salt, Sugar, Spice, Lemon Juice Concentrate.","Wheat (来源: McChicken Patty, 等级: Contains) | Soy (来源: McChicken Patty, 等级: Contains) | Wheat (来源: Regular Bun, 等级: Contains) | Soy (来源: Regular Bun, 等级: Contains) | Barley (来源: Regular Bun, 等级: Contains) | Egg (来源: Mayonnaise, 等级: Contains) | Soy (来源: Mayonnaise, 等级: Contains)",https://www.mcdonalds.com/us/en-us/product/mcchicken.html,mcdonalds/images/mcchicken.jpg,2026-01-26,
McDonald's,mccrispy-strips-3-piece,McCrispy® Strips,,350,30,17,18,2.5,2.5,2.5,2.5,2.5,2.5,2.5,7,7,1900/1/21,13,13,13,13,13,13,13,2.5,13,2.5,13,2.5,13,2.5,13,"Our Terms and Conditions have changed. Please take a moment to review the new McDonald’s Terms and Conditions by selecting the link. These include updates 
to our age requirements and the arbitration and dispute resolution process. By continuing to use our website, you agree to the revised Terms & Conditions agreement.","Wheat, Soy",1,"Chicken Strips: Chicken Breast Tender With Rib Meat, Water, Vegetable Oil (canola Oil, Corn Oil, Soybean Oil, Hydrogenated Soybean Oil), Seasoning [salt, Garlic Powder, Brown Sugar, Onion Powder, Monosodium Glutamate, Natural Flavors (including Extractives Of Black Pepper), Maltodextrin, Modified Food Starch, Sodium Phosphate]. Battered And Breaded With: Wheat Flour, Water, Modified Corn Starch, Salt, Leavening (sodium Bicarbonate, Sodium Acid Pyrophosphate, Sodium Aluminum Phosphate), Spices (including Celery Seed), Yellow Corn Flour, Onion Powder, Wheat Gluten, Sugar, Garlic Powder, Monosodium Glutamate, Yeast, Soybean Oil, Natural Flavors, Maltodextrin.","Wheat (来源: Chicken Strips, 等级: Contains) | Soy (来源: Chicken Strips, 等级: Contains)",https://www.mcdonalds.com/us/en-us/product/mccrispy-strips-3-piece.html,mcdonalds/images/mccrispy-strips-3-piece.jpg,2026-01-26,
McDonald's,small-french-fries,Small World Famous Fries®,,230,3,11,31,1.5,1.5,1.5,1.5,1.5,1.5,1.5,11,11,1900/1/13,7,7,7,7,7,7,7,1.5,7,1.5,7,1.5,7,1.5,7,"Our Terms and Conditions have changed. Please take a moment to review the new McDonald’s Terms and Conditions by selecting the link. These include updates 
to our age requirements and the arbitration and dispute resolution process. By continuing to use our website, you agree to the revised Terms & Conditions agreement.","Wheat, Soy, Milk",1,"French Fries: Potatoes, Vegetable Oil (canola Oil, Corn Oil, Soybean Oil, Hydrogenated Soybean Oil, Natural Beef Flavor [wheat And Milk Derivatives]*), Dextrose, Sodium Acid Pyrophosphate (maintain Color), Salt. *natural Beef Flavor Contains Hydrolyzed Wheat And Hydrolyzed Milk As Starting Ingredients.","Wheat (来源: French Fries, 等级: Contains) | Milk (来源: French Fries, 等级: Contains) | Soy (来源: French Fries, 等级: Contains)",https://www.mcdonalds.com/us/en-us/product/small-french-fries.html,mcdonalds/images/small-french-fries.jpg,2026-01-26,
McDonald's,apple-slices,Apple Slices,,15,15,15,4,15,15,15,15,15,15,15,1,1,1899/12/30,0,0,0,0,0,0,0,15,0,15,0,15,0,15,0,"Our Terms and Conditions have changed. Please take a moment to review the new McDonald’s Terms and Conditions by selecting the link. These include updates 
to our age requirements and the arbitration and dispute resolution process. By continuing to use our website, you agree to the revised Terms & Conditions agreement.",,1,"Apple Slices: Apples, Calcium Ascorbate (a Blend Of Calcium And Vitamin C To Maintain Freshness And Color).",,https://www.mcdonalds.com/us/en-us/product/apple-slices.html,mcdonalds/images/apple-slices.jpg,2026-01-26,
McDonald's,caramel-macchiato-small,McCafé® Caramel Macchiato,,260,9,6,41,4,4,4,4,4,4,4,15,15,1900/1/7,19,19,19,19,19,19,19,4,19,4,19,4,19,4,19,"Our Terms and Conditions have changed. Please take a moment to review the new McDonald’s Terms and Conditions by selecting the link. These include updates 
to our age requirements and the arbitration and dispute resolution process. By continuing to use our website, you agree to the revised Terms & Conditions agreement.",Milk,5,"Whole Milk: Milk, Vitamin D3 Added. | Caramel Syrup: Sugar, Sweetened Condensed Skim Milk (milk, Sugar), Water, Corn Syrup, Natural Flavors, Brown Sugar, Propylene Glycol, Sea Salt, Disodium Phosphate, Potassium Sorbate (preservative). | Water: Water. | Espresso: Espresso. | Caramel Drizzle: Corn Syrup, Sweetened Condensed Milk (milk, Sugar), Sugar, Water, Butter (cream, Salt), Salt, Disodium Phosphate, Natural Flavor (plant Source), Pectin, Caramel Color, Potassium Sorbate (preservative).","Milk (来源: Whole Milk, 等级: Contains) | Milk (来源: Caramel Syrup, 等级: Contains) | Milk (来源: Caramel Drizzle, 等级: Contains)",https://www.mcdonalds.com/us/en-us/product/caramel-macchiato-small.html,mcdonalds/images/caramel-macchiato-small.jpg,2026-01-26,
McDonald's,cappuccino-small,McCafé® Cappuccino,,110,6,5,10,3.5,3.5,3.5,3.5,3.5,3.5,3.5,4,4,1900/1/6,16,16,16,16,16,16,16,3.5,16,3.5,16,3.5,16,3.5,16,"Our Terms and Conditions have changed. Please take a moment to review the new McDonald’s Terms and Conditions by selecting the link. These include updates 
to our age requirements and the arbitration and dispute resolution process. By continuing to use our website, you agree to the revised Terms & Conditions agreement.",,2,Water: Water. | Espresso: Espresso.,,https://www.mcdonalds.com/us/en-us/product/cappuccino-small.html,mcdonalds/images/cappuccino-small.jpg,2026-01-26,
McDonald's,caramel-cappuccino-small,McCafé® Caramel Cappuccino,,210,7,4.5,35,3,3,3,3,3,3,3,13,13,1900/1/5,14,14,14,14,14,14,14,3,14,3,14,3,14,3,14,"Our Terms and Conditions have changed. Please take a moment to review the new McDonald’s Terms and Conditions by selecting the link. These include updates 
to our age requirements and the arbitration and dispute resolution process. By continuing to use our website, you agree to the revised Terms & Conditions agreement.",Milk,4,"Whole Milk: Milk, Vitamin D3 Added. | Caramel Syrup: Sugar, Sweetened Condensed Skim Milk (milk, Sugar), Water, Corn Syrup, Natural Flavors, Brown Sugar, Propylene Glycol, Sea Salt, Disodium Phosphate, Potassium Sorbate (preservative). | Water: Water. | Espresso: Espresso.","Milk (来源: Whole Milk, 等级: Contains) | Milk (来源: Caramel Syrup, 等级: Contains)",https://www.mcdonalds.com/us/en-us/product/caramel-cappuccino-small.html,mcdonalds/images/caramel-cappuccino-small.jpg,2026-01-26,
McDonald's,french-vanilla-cappuccino-small,McCafé® French Vanilla Cappuccino,,210,5,4.5,37,3,3,3,3,3,3,3,14,14,1900/1/5,14,14,14,14,14,14,14,3,14,3,14,3,14,3,14,"Our Terms and Conditions have changed. Please take a moment to review the new McDonald’s Terms and Conditions by selecting the link. These include updates 
to our age requirements and the arbitration and dispute resolution process. By continuing to use our website, you agree to the revised Terms & Conditions agreement.",Milk,4,"Whole Milk: Milk, Vitamin D3 Added. | French Vanilla Syrup: Sugar, Water, Corn Syrup, Glycerin, Contains 2% Or Less: Natural Flavor, Potassium Sorbate (preservative), Citric Acid, Caramel Color. | Water: Water. | Espresso: Espresso.","Milk (来源: Whole Milk, 等级: Contains)",https://www.mcdonalds.com/us/en-us/product/french-vanilla-cappuccino-small.html,mcdonalds/images/french-vanilla-cappuccino-small.jpg,2026-01-26,
McDonald's,mccaf-mocha-small,McCafé® Mocha Latte,,290,8,9,45,5,5,5,5,5,5,5,16,16,1900/1/10,27,27,27,27,27,27,27,5,27,5,27,5,27,5,27,"Our Terms and Conditions have changed. Please take a moment to review the new McDonald’s Terms and Conditions by selecting the link. These include updates 
to our age requirements and the arbitration and dispute resolution process. By continuing to use our website, you agree to the revised Terms & Conditions agreement.","Soy, Milk",6,"Whole Milk: Milk, Vitamin D3 Added. | Chocolate Syrup: Sugar, Water, Chocolate Liquor, Caramel Color, Contains 2% Or Less: Natural Flavors, Vanilla Extract, Salt, Gellan Gum, Citric Acid, Potassium Sorbate (preservative). | Water: Water. | Whipped Light Cream: Cream, Nonfat Milk, Milk, Liquid Sugar, Contains 2% Or Less: Mono And Diglycerides, Natural Flavors, Carrageenan. Whipping Propellant (nitrous Oxide). | Espresso: Espresso. | Chocolate Drizzle: Corn Syrup, Dextrose, Water, Sugar, Glycerin, Hydrogenated Coconut Oil, Cocoa (processed With Alkali), Modified Food Starch, Nonfat Milk, Natural Flavors, Salt, Gellan Gum, Disodium Phosphate, Potassium Sorbate (preservative), Soy Lecithin.","Milk (来源: Whole Milk, 等级: Contains) | Milk (来源: Whipped Light Cream, 等级: Contains) | Milk (来源: Chocolate Drizzle, 等级: Contains) | Soy (来源: Chocolate Drizzle, 等级: Contains)",https://www.mcdonalds.com/us/en-us/product/mccaf-mocha-small.html,mcdonalds/images/mccaf-mocha-small.jpg,2026-01-26,
McDonald's,espresso-americano-coffee-small-12-oz,Americano,,,,,1,,,,,,,,0,0,1899/12/30,0,0,0,0,0,0,0,,0,,0,,0,,0,"Our Terms and Conditions have changed. Please take a moment to review the new McDonald’s Terms and Conditions by selecting the link. These include updates 
to our age requirements and the arbitration and dispute resolution process. By continuing to use our website, you agree to the revised Terms & Conditions agreement.",,2,Water: Water. | Espresso: Espresso.,,https://www.mcdonalds.com/us/en-us/product/espresso-americano-coffee-small-12-oz.html,mcdonalds/images/espresso-americano-coffee-small-12-oz.jpg,2026-01-26,
McDonald's,coffee-small,McCafé® Premium Roast Coffee,,5,5,5,1,5,5,5,5,5,5,5,0,0,1899/12/30,0,0,0,0,0,0,0,5,0,5,0,5,0,5,0,"Our Terms and Conditions have changed. Please take a moment to review the new McDonald’s Terms and Conditions by selecting the link. These include updates 
to our age requirements and the arbitration and dispute resolution process. By continuing to use our website, you agree to the revised Terms & Conditions agreement.",,1,Brewed Coffee: Brewed Coffee,,https://www.mcdonalds.com/us/en-us/product/coffee-small.html,mcdonalds/images/coffee-small.jpg,2026-01-26,
McDonald's,iced-caramel-macchiato,McCafé® Iced Caramel Macchiato,,200,7,5,33,3,3,3,3,3,3,3,12,12,1900/1/5,15,15,15,15,15,15,15,3,15,3,15,3,15,3,15,"Our Terms and Conditions have changed. Please take a moment to review the new McDonald’s Terms and Conditions by selecting the link. These include updates 
to our age requirements and the arbitration and dispute resolution process. By continuing to use our website, you agree to the revised Terms & Conditions agreement.",Milk,6,"Whole Milk: Milk, Vitamin D3 Added. | Ice: Ice. | Caramel Syrup: Sugar, Sweetened Condensed Skim Milk (milk, Sugar), Water, Corn Syrup, Natural Flavors, Brown Sugar, Propylene Glycol, Sea Salt, Disodium Phosphate, Potassium Sorbate (preservative). | Water: Water. | Espresso: Espresso. | Caramel Drizzle: Corn Syrup, Sweetened Condensed Milk (milk, Sugar), Sugar, Water, Butter (cream, Salt), Salt, Disodium Phosphate, Natural Flavor (plant Source), Pectin, Caramel Color, Potassium Sorbate (preservative).","Milk (来源: Whole Milk, 等级: Contains) | Milk (来源: Caramel Syrup, 等级: Contains) | Milk (来源: Caramel Drizzle, 等级: Contains)",https://www.mcdonalds.com/us/en-us/product/iced-caramel-macchiato.html,mcdonalds/images/iced-caramel-macchiato.jpg,2026-01-26,
McDonald's,mccafe-iced-mocha-small,McCafé® Iced Mocha Latte,,270,7,10,39,6,6,6,6,6,6,6,14,14,1900/1/11,30,30,30,30,30,30,30,6,30,6,30,6,30,6,30,"Our Terms and Conditions have changed. Please take a moment to review the new McDonald’s Terms and Conditions by selecting the link. These include updates 
to our age requirements and the arbitration and dispute resolution process. By continuing to use our website, you agree to the revised Terms & Conditions agreement.","Soy, Milk",7,"Whole Milk: Milk, Vitamin D3 Added. | Ice: Ice. | Water: Water. | Chocolate Syrup: Sugar, Water, Chocolate Liquor, Caramel Color, Contains 2% Or Less: Natural Flavors, Vanilla Extract, Salt, Gellan Gum, Citric Acid, Potassium Sorbate (preservative). | Whipped Light Cream: Cream, Nonfat Milk, Milk, Liquid Sugar, Contains 2% Or Less: Mono And Diglycerides, Natural Flavors, Carrageenan. Whipping Propellant (nitrous Oxide). | Espresso: Espresso. | Chocolate Drizzle: Corn Syrup, Dextrose, Water, Sugar, Glycerin, Hydrogenated Coconut Oil, Cocoa (processed With Alkali), Modified Food Starch, Nonfat Milk, Natural Flavors, Salt, Gellan Gum, Disodium Phosphate, Potassium Sorbate (preservative), Soy Lecithin.","Milk (来源: Whole Milk, 等级: Contains) | Milk (来源: Whipped Light Cream, 等级: Contains) | Milk (来源: Chocolate Drizzle, 等级: Contains) | Soy (来源: Chocolate Drizzle, 等级: Contains)",https://www.mcdonalds.com/us/en-us/product/mccafe-iced-mocha-small.html,mcdonalds/images/mccafe-iced-mocha-small.jpg,2026-01-26,
McDonald's,iced-coffee-caramel-small,McCafé® Iced Caramel Coffee,,150,2,5,23,3,3,3,3,3,3,3,8,8,1900/1/5,16,16,16,16,16,16,16,3,16,3,16,3,16,3,16,"Our Terms and Conditions have changed. Please take a moment to review the new McDonald’s Terms and Conditions by selecting the link. These include updates 
to our age requirements and the arbitration and dispute resolution process. By continuing to use our website, you agree to the revised Terms & Conditions agreement.",Milk,4,"Brewed Coffee: Brewed Coffee | Ice: Ice. | Light Cream: Milk, Cream, Sodium Phosphate, Datem, Sodium Stearoyl Lactylate, Sodium Citrate, Carrageenan, Magnesium Oxide. | Caramel Syrup: Sugar, Sweetened Condensed Skim Milk (milk, Sugar), Water, Corn Syrup, Natural Flavors, Brown Sugar, Propylene Glycol, Sea Salt, Disodium Phosphate, Potassium Sorbate (preservative).","Milk (来源: Light Cream, 等级: Contains) | Milk (来源: Caramel Syrup, 等级: Contains)",https://www.mcdonalds.com/us/en-us/product/iced-coffee-caramel-small.html,mcdonalds/images/iced-coffee-caramel-small.jpg,2026-01-26,
McDonald's,iced-coffee-french-vanilla-small,McCafé® Iced French Vanilla Coffee,,150,1,5,25,3,3,3,3,3,3,3,9,9,1900/1/5,16,16,16,16,16,16,16,3,16,3,16,3,16,3,16,"Our Terms and Conditions have changed. Please take a moment to review the new McDonald’s Terms and Conditions by selecting the link. These include updates 
to our age requirements and the arbitration and dispute resolution process. By continuing to use our website, you agree to the revised Terms & Conditions agreement.",Milk,4,"Brewed Coffee: Brewed Coffee | Ice: Ice. | Light Cream: Milk, Cream, Sodium Phosphate, Datem, Sodium Stearoyl Lactylate, Sodium Citrate, Carrageenan, Magnesium Oxide. | French Vanilla Syrup: Sugar, Water, Corn Syrup, Glycerin, Contains 2% Or Less: Natural Flavor, Potassium Sorbate (preservative), Citric Acid, Caramel Color.","Milk (来源: Light Cream, 等级: Contains)",https://www.mcdonalds.com/us/en-us/product/iced-coffee-french-vanilla-small.html,mcdonalds/images/iced-coffee-french-vanilla-small.jpg,2026-01-26,
McDonald's,latte-small,McCafé® Latte,,140,8,7,13,4,4,4,4,4,4,4,5,5,1900/1/8,20,20,20,20,20,20,20,4,20,4,20,4,20,4,20,"Our Terms and Conditions have changed. Please take a moment to review the new McDonald’s Terms and Conditions by selecting the link. These include updates 
to our age requirements and the arbitration and dispute resolution process. By continuing to use our website, you agree to the revised Terms & Conditions agreement.",Milk,3,"Whole Milk: Milk, Vitamin D3 Added. | Water: Water. | Espresso: Espresso.","Milk (来源: Whole Milk, 等级: Contains)",https://www.mcdonalds.com/us/en-us/product/latte-small.html,mcdonalds/images/latte-small.jpg,2026-01-26,
McDonald's,mccaf-iced-latte-small,McCafé® Iced Latte,,80,5,4,8,2.5,2.5,2.5,2.5,2.5,2.5,2.5,3,3,1900/1/4,12,12,12,12,12,12,12,2.5,12,2.5,12,2.5,12,2.5,12,"Our Terms and Conditions have changed. Please take a moment to review the new McDonald’s Terms and Conditions by selecting the link. These include updates 
to our age requirements and the arbitration and dispute resolution process. By continuing to use our website, you agree to the revised Terms & Conditions agreement.",Milk,4,"Whole Milk: Milk, Vitamin D3 Added. | Ice: Ice. | Water: Water. | Espresso: Espresso.","Milk (来源: Whole Milk, 等级: Contains)",https://www.mcdonalds.com/us/en-us/product/mccaf-iced-latte-small.html,mcdonalds/images/mccaf-iced-latte-small.jpg,2026-01-26,
McDonald's,latte-caramel-small,McCafé® Caramel Latte,,250,9,7,39,4,4,4,4,4,4,4,14,14,1900/1/7,20,20,20,20,20,20,20,4,20,4,20,4,20,4,20,"Our Terms and Conditions have changed. Please take a moment to review the new McDonald’s Terms and Conditions by selecting the link. These include updates 
to our age requirements and the arbitration and dispute resolution process. By continuing to use our website, you agree to the revised Terms & Conditions agreement.",Milk,4,"Whole Milk: Milk, Vitamin D3 Added. | Caramel Syrup: Sugar, Sweetened Condensed Skim Milk (milk, Sugar), Water, Corn Syrup, Natural Flavors, Brown Sugar, Propylene Glycol, Sea Salt, Disodium Phosphate, Potassium Sorbate (preservative). | Water: Water. | Espresso: Espresso.","Milk (来源: Whole Milk, 等级: Contains) | Milk (来源: Caramel Syrup, 等级: Contains)",https://www.mcdonalds.com/us/en-us/product/latte-caramel-small.html,mcdonalds/images/latte-caramel-small.jpg,2026-01-26,
McDonald's,iced-caramel-latte-small,McCafé® Iced Caramel Latte,,180,6,4.5,28,2.5,2.5,2.5,2.5,2.5,2.5,2.5,10,10,1900/1/5,14,14,14,14,14,14,14,2.5,14,2.5,14,2.5,14,2.5,14,"Our Terms and Conditions have changed. Please take a moment to review the new McDonald’s Terms and Conditions by selecting the link. These include updates 
to our age requirements and the arbitration and dispute resolution process. By continuing to use our website, you agree to the revised Terms & Conditions agreement.",Milk,5,"Whole Milk: Milk, Vitamin D3 Added. | Ice: Ice. | Caramel Syrup: Sugar, Sweetened Condensed Skim Milk (milk, Sugar), Water, Corn Syrup, Natural Flavors, Brown Sugar, Propylene Glycol, Sea Salt, Disodium Phosphate, Potassium Sorbate (preservative). | Water: Water. | Espresso: Espresso.","Milk (来源: Whole Milk, 等级: Contains) | Milk (来源: Caramel Syrup, 等级: Contains)",https://www.mcdonalds.com/us/en-us/product/iced-caramel-latte-small.html,mcdonalds/images/iced-caramel-latte-small.jpg,2026-01-26,
McDonald's,latte-french-vanilla-small,McCafé® French Vanilla Latte,,250,8,6,41,4,4,4,4,4,4,4,15,15,1900/1/7,20,20,20,20,20,20,20,4,20,4,20,4,20,4,20,"Our Terms and Conditions have changed. Please take a moment to review the new McDonald’s Terms and Conditions by selecting the link. These include updates 
to our age requirements and the arbitration and dispute resolution process. By continuing to use our website, you agree to the revised Terms & Conditions agreement.",Milk,4,"Whole Milk: Milk, Vitamin D3 Added. | French Vanilla Syrup: Sugar, Water, Corn Syrup, Glycerin, Contains 2% Or Less: Natural Flavor, Potassium Sorbate (preservative), Citric Acid, Caramel Color. | Water: Water. | Espresso: Espresso.","Milk (来源: Whole Milk, 等级: Contains)",https://www.mcdonalds.com/us/en-us/product/latte-french-vanilla-small.html,mcdonalds/images/latte-french-vanilla-small.jpg,2026-01-26,
McDonald's,iced-french-vanilla-latte-small,McCafé® Iced French Vanilla Latte,,180,5,4.5,30,2.5,2.5,2.5,2.5,,2.5,2.5,11,11,1900/1/5,14,14,14,14,,14,14,2.5,14,2.5,14,2.5,14,2.5,14,"Our Terms and Conditions have changed. Please take a moment to review the new McDonald’s Terms and Conditions by selecting the link. These include updates 
to our age requirements and the arbitration and dispute resolution process. By continuing to use our website, you agree to the revised Terms & Conditions agreement.",Milk,5,"Whole Milk: Milk, Vitamin D3 Added. | Ice: Ice. | French Vanilla Syrup: Sugar, Water, Corn Syrup, Glycerin, Contains 2% Or Less: Natural Flavor, Potassium Sorbate (preservative), Citric Acid, Caramel Color. | Water: Water. | Espresso: Espresso.","Milk (来源: Whole Milk, 等级: Contains)",https://www.mcdonalds.com/us/en-us/product/iced-french-vanilla-latte-small.html,mcdonalds/images/iced-french-vanilla-latte-small.jpg,2026-01-26,
McDonald's,frappe-caramel-small,McCafé® Caramel Frappé,,420,7,17,60,11,11,11,11,11,11,11,22,22,1900/1/21,56,56,56,56,56,56,56,11,56,11,56,11,56,11,56,"Our Terms and Conditions have changed. Please take a moment to review the new McDonald’s Terms and Conditions by selecting the link. These include updates 
to our age requirements and the arbitration and dispute resolution process. By continuing to use our website, you agree to the revised Terms & Conditions agreement.",Milk,4,"Ice: Ice. | Caramel Coffee Frappe Base: Cream, Skim Milk, Sugar, Water, High Fructose Corn Syrup, Milk, Coffee Extract, Natural And Artificial Flavors, Mono & Diglycerides, Guar Gum, Potassium Citrate, Disodium Phosphate, Carrageenan, Locust Bean Gum. | Whipped Light Cream: Cream, Nonfat Milk, Milk, Liquid Sugar, Contains 2% Or Less: Mono And Diglycerides, Natural Flavors, Carrageenan. Whipping Propellant (nitrous Oxide). | Caramel Drizzle: Corn Syrup, Sweetened Condensed Milk (milk, Sugar), Sugar, Water, Butter (cream, Salt), Salt, Disodium Phosphate, Natural Flavor (plant Source), Pectin, Caramel Color, Potassium Sorbate (preservative).","Milk (来源: Caramel Coffee Frappe Base, 等级: Contains) | Milk (来源: Whipped Light Cream, 等级: Contains) | Milk (来源: Caramel Drizzle, 等级: Contains)",https://www.mcdonalds.com/us/en-us/product/frappe-caramel-small.html,mcdonalds/images/frappe-caramel-small.jpg,2026-01-26,
McDonald's,frappe-mocha-small,McCafé® Mocha Frappé,,430,7,17,61,11,11,11,11,11,11,11,22,22,1900/1/21,56,56,56,56,56,56,56,11,56,11,56,11,56,11,56,"Our Terms and Conditions have changed. Please take a moment to review the new McDonald’s Terms and Conditions by selecting the link. These include updates 
to our age requirements and the arbitration and dispute resolution process. By continuing to use our website, you agree to the revised Terms & Conditions agreement.","Soy, Milk",4,"Mocha Coffee Frappe Base: Cream, Water, Skim Milk, Sugar, High Fructose Corn Syrup, Coffee Extract, Milk, Natural & Artificial Flavors, Cocoa (processed With Alkali), Mono & Diglycerides, Guar Gum, Potassium Citrate, Disodium Phosphate, Carrageenan, Locust Bean Gum, Red 40, Yellow 5, Blue 1. | Ice: Ice. | Whipped Light Cream: Cream, Nonfat Milk, Milk, Liquid Sugar, Contains 2% Or Less: Mono And Diglycerides, Natural Flavors, Carrageenan. Whipping Propellant (nitrous Oxide). | Chocolate Drizzle: Corn Syrup, Dextrose, Water, Sugar, Glycerin, Hydrogenated Coconut Oil, Cocoa (processed With Alkali), Modified Food Starch, Nonfat Milk, Natural Flavors, Salt, Gellan Gum, Disodium Phosphate, Potassium Sorbate (preservative), Soy Lecithin.","Milk (来源: Mocha Coffee Frappe Base, 等级: Contains) | Milk (来源: Whipped Light Cream, 等级: Contains) | Milk (来源: Chocolate Drizzle, 等级: Contains) | Soy (来源: Chocolate Drizzle, 等级: Contains)",https://www.mcdonalds.com/us/en-us/product/frappe-mocha-small.html,mcdonalds/images/frappe-mocha-small.jpg,2026-01-26,
McDonald's,mcflurry-with-oreo-cookies,McFlurry® with OREO® Cookies,,410,10,13,64,7,7,7,7,7,7,7,23,23,1900/1/15,34,34,34,34,34,34,34,7,34,7,34,7,34,7,34,"Our Terms and Conditions have changed. Please take a moment to review the new McDonald’s Terms and Conditions by selecting the link. These include updates 
to our age requirements and the arbitration and dispute resolution process. By continuing to use our website, you agree to the revised Terms & Conditions agreement.","Wheat, Soy, Milk",2,"Vanilla Reduced Fat Ice Cream: Milk, Sugar, Cream, Corn Syrup, Natural Flavor, Mono And Diglycerides, Cellulose Gum, Guar Gum, Carrageenan, Vitamin A Palmitate. | OREO® Cookie Pieces: Unbleached Enriched Flour (wheat Flour, Niacin, Reduced Iron, Thiamine Mononitrate [vitamin B1], Riboflavin [vitamin B2], Folic Acid), Sugar, Palm Oil, Soybean And/or Canola Oil, Cocoa (processed With Alkali), Invert Sugar, Leavening (baking Soda And/or Calcium Phosphate), Soy Lecithin, Salt, Chocolate, Natural Flavor.","Milk (来源: Vanilla Reduced Fat Ice Cream, 等级: Contains) | Wheat (来源: OREO® Cookie Pieces, 等级: Contains) | Soy (来源: OREO® Cookie Pieces, 等级: Contains)",https://www.mcdonalds.com/us/en-us/product/mcflurry-with-oreo-cookies.html,mcdonalds/images/mcflurry-with-oreo-cookies.jpg,2026-01-26,
McDonald's,mm-candy-mcflurry,McFlurry® with M&M'S® Candies,,570,11,19,85,12,12,12,12,12,12,12,31,31,1900/1/24,61,61,61,61,61,61,61,12,61,12,61,12,61,12,61,"Our Terms and Conditions have changed. Please take a moment to review the new McDonald’s Terms and Conditions by selecting the link. These include updates 
to our age requirements and the arbitration and dispute resolution process. By continuing to use our website, you agree to the revised Terms & Conditions agreement.","Soy, Milk",2,"Vanilla Reduced Fat Ice Cream: Milk, Sugar, Cream, Corn Syrup, Natural Flavor, Mono And Diglycerides, Cellulose Gum, Guar Gum, Carrageenan, Vitamin A Palmitate. | M&M Mini Milk Chocolate Candies: Milk Chocolate (sugar, Chocolate, Skim Milk, Cocoa Butter, Lactose, Milkfat, Soy Lecithin, Salt, Artificial And Natural Flavors), Sugar, Contains 2% Or Less: Coloring (includes Blue 1 Lake, Red 40, Yellow 6, Yellow 5, Blue 1, Red 40 Lake, Yellow 6 Lake, Yellow 5 Lake, Blue 2 Lake, Blue 2), Corn Syrup, Dextrin, Corn Starch, Carnauba Wax.","Milk (来源: Vanilla Reduced Fat Ice Cream, 等级: Contains) | Milk (来源: M&M Mini Milk Chocolate Candies, 等级: Contains) | Soy (来源: M&M Mini Milk Chocolate Candies, 等级: Contains)",https://www.mcdonalds.com/us/en-us/product/mm-candy-mcflurry.html,mcdonalds/images/mm-candy-mcflurry.jpg,2026-01-26,
McDonald's,vanilla-cone,Vanilla Cone,,200,5,5,33,3,3,3,3,3,3,3,12,12,1900/1/5,16,16,16,16,16,16,16,3,16,3,16,3,16,3,16,"Our Terms and Conditions have changed. Please take a moment to review the new McDonald’s Terms and Conditions by selecting the link. These include updates 
to our age requirements and the arbitration and dispute resolution process. By continuing to use our website, you agree to the revised Terms & Conditions agreement.","Wheat, Milk",2,"Vanilla Reduced Fat Ice Cream: Milk, Sugar, Cream, Corn Syrup, Natural Flavor, Mono And Diglycerides, Cellulose Gum, Guar Gum, Carrageenan, Vitamin A Palmitate. | Ice Cream Cone: Enriched Wheat Flour (wheat Flour, Niacin, Reduced Iron, Thiamine Mononitrate, Riboflavin, Folic Acid), Tapioca Starch, Sugar, Contains 2% Or Less: Canola Oil, Leavening (baking Soda, Ammonium Bicarbonate), Salt, Annatto Extract (color), Natural Flavor, Corn Syrup.","Milk (来源: Vanilla Reduced Fat Ice Cream, 等级: Contains) | Wheat (来源: Ice Cream Cone, 等级: Contains)",https://www.mcdonalds.com/us/en-us/product/vanilla-cone.html,mcdonalds/images/vanilla-cone.jpg,2026-01-26,
McDonald's,chocolate-shake-small,Chocolate Shake,,520,12,14,85,9,9,9,9,,9,9,31,31,1900/1/17,46,46,46,46,,46,46,9,46,9,46,9,46,9,46,"Our Terms and Conditions have changed. Please take a moment to review the new McDonald’s Terms and Conditions by selecting the link. These include updates 
to our age requirements and the arbitration and dispute resolution process. By continuing to use our website, you agree to the revised Terms & Conditions agreement.",Milk,3,"Vanilla Reduced Fat Ice Cream: Milk, Sugar, Cream, Corn Syrup, Natural Flavor, Mono And Diglycerides, Cellulose Gum, Guar Gum, Carrageenan, Vitamin A Palmitate. | Chocolate Shake Syrup: Sugar, Corn Syrup, Water, Glycerin, Cocoa (processed With Alkali), Fruit And Vegetable Juice (color), Salt, Natural Flavors, Potassium Sorbate (preservative). | Whipped Light Cream: Cream, Nonfat Milk, Milk, Liquid Sugar, Contains 2% Or Less: Mono And Diglycerides, Natural Flavors, Carrageenan. Whipping Propellant (nitrous Oxide).","Milk (来源: Vanilla Reduced Fat Ice Cream, 等级: Contains) | Milk (来源: Whipped Light Cream, 等级: Contains)",https://www.mcdonalds.com/us/en-us/product/chocolate-shake-small.html,mcdonalds/images/chocolate-shake-small.jpg,2026-01-26,
McDonald's,vanilla-shake-small,Vanilla Shake,,480,10,13,80,8,8,8,8,8,8,8,29,29,1900/1/15,41,41,41,41,41,41,41,8,41,8,41,8,41,8,41,"Our Terms and Conditions have changed. Please take a moment to review the new McDonald’s Terms and Conditions by selecting the link. These include updates 
to our age requirements and the arbitration and dispute resolution process. By continuing to use our website, you agree to the revised Terms & Conditions agreement.",Milk,3,"Vanilla Reduced Fat Ice Cream: Milk, Sugar, Cream, Corn Syrup, Natural Flavor, Mono And Diglycerides, Cellulose Gum, Guar Gum, Carrageenan, Vitamin A Palmitate. | Vanilla Shake Syrup: Corn Syrup, Water, Glycerin, Caramel Color, Vanilla Extract, Natural Flavor, Salt, Potassium Sorbate (preservative). | Whipped Light Cream: Cream, Nonfat Milk, Milk, Liquid Sugar, Contains 2% Or Less: Mono And Diglycerides, Natural Flavors, Carrageenan. Whipping Propellant (nitrous Oxide).","Milk (来源: Vanilla Reduced Fat Ice Cream, 等级: Contains) | Milk (来源: Whipped Light Cream, 等级: Contains)",https://www.mcdonalds.com/us/en-us/product/vanilla-shake-small.html,mcdonalds/images/vanilla-shake-small.jpg,2026-01-26,
McDonald's,strawberry-shake-small,Strawberry Shake,,470,10,13,77,8,8,8,8,,8,8,28,28,1900/1/15,41,41,41,41,,41,41,8,41,8,41,8,41,8,41,"Our Terms and Conditions have changed. Please take a moment to review the new McDonald’s Terms and Conditions by selecting the link. These include updates 
to our age requirements and the arbitration and dispute resolution process. By continuing to use our website, you agree to the revised Terms & Conditions agreement.",Milk,3,"Vanilla Reduced Fat Ice Cream: Milk, Sugar, Cream, Corn Syrup, Natural Flavor, Mono And Diglycerides, Cellulose Gum, Guar Gum, Carrageenan, Vitamin A Palmitate. | Strawberry Shake Syrup: Sugar, Strawberries, Corn Syrup, Glycerin, Strawberry Puree Concentrate, Water, Contains 2% Or Less: Natural Flavor, Vegetable Juice And Beta Carotene (color), Citric Acid, Pectin, Salt, Potassium Sorbate (preservative), Calcium Chloride. | Whipped Light Cream: Cream, Nonfat Milk, Milk, Liquid Sugar, Contains 2% Or Less: Mono And Diglycerides, Natural Flavors, Carrageenan. Whipping Propellant (nitrous Oxide).","Milk (来源: Vanilla Reduced Fat Ice Cream, 等级: Contains) | Milk (来源: Whipped Light Cream, 等级: Contains)",https://www.mcdonalds.com/us/en-us/product/strawberry-shake-small.html,mcdonalds/images/strawberry-shake-small.jpg,2026-01-26,
McDonald's,hot-fudge-sundae,Hot Fudge Sundae,,330,8,10,51,7,7,7,7,7,7,7,19,19,1900/1/11,36,36,36,36,36,36,36,7,36,7,36,7,36,7,36,"Our Terms and Conditions have changed. Please take a moment to review the new McDonald’s Terms and Conditions by selecting the link. These include updates 
to our age requirements and the arbitration and dispute resolution process. By continuing to use our website, you agree to the revised Terms & Conditions agreement.","Soy, Milk",2,"Vanilla Reduced Fat Ice Cream: Milk, Sugar, Cream, Corn Syrup, Natural Flavor, Mono And Diglycerides, Cellulose Gum, Guar Gum, Carrageenan, Vitamin A Palmitate. | Hot Fudge Topping: Sugar, Water, Nonfat Milk, Hydrogenated Palm Kernel Oil, Cocoa (processed With Alkali), Corn Syrup, Salt, Disodium Phosphate, Soy Lecithin, Natural Flavor, Potassium Sorbate (preservative), Polyglycerol Esters Of Fatty Acids.","Milk (来源: Vanilla Reduced Fat Ice Cream, 等级: Contains) | Milk (来源: Hot Fudge Topping, 等级: Contains) | Soy (来源: Hot Fudge Topping, 等级: Contains)",https://www.mcdonalds.com/us/en-us/product/hot-fudge-sundae.html,mcdonalds/images/hot-fudge-sundae.jpg,2026-01-26,
McDonald's,hot-caramel-sundae,Hot Caramel Sundae,,,7,7,58,4.5,4.5,4.5,4.5,4.5,4.5,4.5,21,21,1900/1/8,24,24,24,24,24,24,24,4.5,24,4.5,24,4.5,24,4.5,24,"Our Terms and Conditions have changed. Please take a moment to review the new McDonald’s Terms and Conditions by selecting the link. These include updates 
to our age requirements and the arbitration and dispute resolution process. By continuing to use our website, you agree to the revised Terms & Conditions agreement.",Milk,2,"Vanilla Reduced Fat Ice Cream: Milk, Sugar, Cream, Corn Syrup, Natural Flavor, Mono And Diglycerides, Cellulose Gum, Guar Gum, Carrageenan, Vitamin A Palmitate. | Caramel Topping: Corn Syrup, Milk, Sugar, High Fructose Corn Syrup, Water, Butter (cream, Salt), Disodium Phosphate, Salt, Pectin, Natural Flavor.","Milk (来源: Vanilla Reduced Fat Ice Cream, 等级: Contains) | Milk (来源: Caramel Topping, 等级: Contains)",https://www.mcdonalds.com/us/en-us/product/hot-caramel-sundae.html,mcdonalds/images/hot-caramel-sundae.jpg,2026-01-26,
McDonald's,baked-hot-apple-pie,Baked Apple Pie,,230,2,11,33,6,6,6,6,6,6,6,12,12,1900/1/13,28,28,28,28,28,28,28,6,28,6,28,6,28,6,28,"Our Terms and Conditions have changed. Please take a moment to review the new McDonald’s Terms and Conditions by selecting the link. These include updates 
to our age requirements and the arbitration and dispute resolution process. By continuing to use our website, you agree to the revised Terms & Conditions agreement.",Wheat,1,"Baked Apple Pie: Apples (apples, Ascorbic Acid, Salt, Citric Acid), Enriched Flour (bleached Wheat Flour, Niacin, Reduced Iron, Thiamine Mononitrate, Riboflavin, Folic Acid), Sugar, Palm Oil, Water, Apple Juice Concentrate, Modified Food Starch, Invert Syrup, Contains 2% Or Less: Yeast, Salt, Cinnamon, Sunflower Lecithin, L-cysteine (dough Conditioner), Yeast Extract, Enzyme, Beta-carotene (color).","Wheat (来源: Baked Apple Pie, 等级: Contains)",https://www.mcdonalds.com/us/en-us/product/baked-hot-apple-pie.html,mcdonalds/images/baked-hot-apple-pie.jpg,2026-01-26,
McDonald's,chocolate-chip-cookie,Chocolate Chip Cookie,,170,2,8,22,4,4,4,4,4,4,4,8,8,1900/1/9,19,19,19,19,19,19,19,4,19,4,19,4,19,4,19,"Our Terms and Conditions have changed. Please take a moment to review the new McDonald’s Terms and Conditions by selecting the link. These include updates 
to our age requirements and the arbitration and dispute resolution process. By continuing to use our website, you agree to the revised Terms & Conditions agreement.","Wheat, Barley, Egg, Soy, Milk",1,"Chocolate Chip Cookie: Semi-sweet Chocolate Chips (sugar, Unsweetened Chocolate, Cocoa Butter, Milkfat, Soy Lecithin, Natural Flavor), Enriched Flour (bleached Wheat Flour, Malted Barley Flour, Niacin, Reduced Iron, Thiamine Mononitrate, Riboflavin, Folic Acid), Margarine (palm Oil, Water, Soybean Oil, Salt, Whey, Natural Flavor, Mono And Diglycerides, Soy Lecithin, Vitamin A Palmitate, Beta Carotene [color]), Sugar, Brown Sugar, Egg, Contains 2% Or Less: Leavening (baking Soda, Sodium Acid Pyrophosphate, Monocalcium Phosphate), Salt, Natural Flavor, Caramel Color.","Wheat (来源: Chocolate Chip Cookie, 等级: Contains) | Milk (来源: Chocolate Chip Cookie, 等级: Contains) | Egg (来源: Chocolate Chip Cookie, 等级: Contains) | Soy (来源: Chocolate Chip Cookie, 等级: Contains) | Barley (来源: Chocolate Chip Cookie, 等级: Contains)",https://www.mcdonalds.com/us/en-us/product/chocolate-chip-cookie.html,mcdonalds/images/chocolate-chip-cookie.jpg,2026-01-26,
McDonald's,coca-cola-small,Coca-Cola®,,200,200,200,53,200,200,200,200,200,200,200,19,19,1899/12/30,0,0,0,0,0,0,0,200,0,200,0,200,0,200,0,"Our Terms and Conditions have changed. Please take a moment to review the new McDonald’s Terms and Conditions by selecting the link. These include updates 
to our age requirements and the arbitration and dispute resolution process. By continuing to use our website, you agree to the revised Terms & Conditions agreement.",,1,"Coca-Cola: Carbonated Water, High Fructose Corn Syrup, Caramel Color, Natural Flavors, Caffeine.",,https://www.mcdonalds.com/us/en-us/product/coca-cola-small.html,mcdonalds/images/coca-cola-small.jpg,2026-01-26,
McDonald's,sprite-small,Sprite®,,190,190,190,49,190,190,190,190,190,190,190,18,18,1899/12/30,0,0,0,0,0,0,0,190,0,190,0,190,0,190,0,"Our Terms and Conditions have changed. Please take a moment to review the new McDonald’s Terms and Conditions by selecting the link. These include updates 
to our age requirements and the arbitration and dispute resolution process. By continuing to use our website, you agree to the revised Terms & Conditions agreement.",,1,"Sprite: Carbonated Water, High Fructose Corn Syrup, Citric Acid, Natural Flavors, Sodium Benzoate (to Protect Taste).",,https://www.mcdonalds.com/us/en-us/product/sprite-small.html,mcdonalds/images/sprite-small.jpg,2026-01-26,
McDonald's,dr-pepper-small,Dr Pepper®,,190,190,190,52,190,190,190,190,190,190,190,19,19,1899/12/30,0,0,0,0,0,0,0,190,0,190,0,190,0,190,0,"Our Terms and Conditions have changed. Please take a moment to review the new McDonald’s Terms and Conditions by selecting the link. These include updates 
to our age requirements and the arbitration and dispute resolution process. By continuing to use our website, you agree to the revised Terms & Conditions agreement.",,1,"Dr Pepper: Carbonated Water, High Fructose Corn Syrup, Water, Caramel Color, Phosphoric Acid, Caffeine, Sodium Benzoate (preservative), Natural And Artificial Flavors, Dimethypolysiloxane.",,https://www.mcdonalds.com/us/en-us/product/dr-pepper-small.html,mcdonalds/images/dr-pepper-small.jpg,2026-01-26,
McDonald's,fanta-orange-small,Fanta® Orange,,210,210,210,54,210,210,210,210,210,210,210,20,20,1899/12/30,0,0,0,0,0,0,0,210,0,210,0,210,0,210,0,"Our Terms and Conditions have changed. Please take a moment to review the new McDonald’s Terms and Conditions by selecting the link. These include updates 
to our age requirements and the arbitration and dispute resolution process. By continuing to use our website, you agree to the revised Terms & Conditions agreement.",,1,"Fanta Orange: Carbonated Water, High Fructose Corn Syrup, Citric Acid, Potassium Benzoate (to Protect Taste), Natural Flavors, Modified Food Starch, Glycerol Ester Of Rosin, Yellow 6, Sucrose Acetate Isobutyrate, Red 40.",,https://www.mcdonalds.com/us/en-us/product/fanta-orange-small.html,mcdonalds/images/fanta-orange-small.jpg,2026-01-26,
McDonald's,diet-coke-small,Diet Coke®,,,,,,,,,,,,,0,0,1899/12/30,0,0,0,0,,0,0,,0,,0,,0,,0,"Our Terms and Conditions have changed. Please take a moment to review the new McDonald’s Terms and Conditions by selecting the link. These include updates 
to our age requirements and the arbitration and dispute resolution process. By continuing to use our website, you agree to the revised Terms & Conditions agreement.",,2,"Diet Coke: Carbonated Water, Caramel Color, Phosphoric Acid, Sodium Saccharin, Potassium Benzoate (to Protect Taste), Natural Flavors, Citric Acid, Caffeine, Potassium Citrate, Aspartame | Ice: Ice.",,https://www.mcdonalds.com/us/en-us/product/diet-coke-small.html,mcdonalds/images/diet-coke-small.jpg,2026-01-26,
McDonald's,hi-c-orange-lavaburst-small,Hi-C® Orange Lavaburst®,,220,220,220,56,220,220,220,220,220,220,220,20,20,1899/12/30,0,0,0,0,0,0,0,220,0,220,0,220,0,220,0,"Our Terms and Conditions have changed. Please take a moment to review the new McDonald’s Terms and Conditions by selecting the link. These include updates 
to our age requirements and the arbitration and dispute resolution process. By continuing to use our website, you agree to the revised Terms & Conditions agreement.",,1,"Hi-C Orange Lavaburst: Water, High Fructose Corn Syrup, Citric Acid, Ascorbic Acid (vitamin C), Potassium Benzoate (to Protect Taste), Modified Food Starch, Natural Flavors, Glycerol Ester Of Wood Rosin, Yellow 6, Sucrose Acetate Isobutyrate, Red 40.",,https://www.mcdonalds.com/us/en-us/product/hi-c-orange-lavaburst-small.html,mcdonalds/images/hi-c-orange-lavaburst-small.jpg,2026-01-26,
McDonald's,frozen-fanta-blue-raspberry-small,Frozen Fanta® Blue Raspberry,,60,60,60,16,60,60,60,60,60,60,60,6,6,1899/12/30,0,0,0,0,0,0,0,60,0,60,0,60,0,60,0,"Our Terms and Conditions have changed. Please take a moment to review the new McDonald’s Terms and Conditions by selecting the link. These include updates 
to our age requirements and the arbitration and dispute resolution process. By continuing to use our website, you agree to the revised Terms & Conditions agreement.",,1,"Fanta Blue Raspberry: Carbonated Water, High Fructose Corn Syrup, Natural And Artificial Flavors, Citric Acid, Sodium Benzoate (to Protect Taste), Yucca Extract, Quillaia Extract, Blue 1.",,https://www.mcdonalds.com/us/en-us/product/frozen-fanta-blue-raspberry-small.html,mcdonalds/images/frozen-fanta-blue-raspberry-small.jpg,2026-01-26,
McDonald's,frozen-coke-small,Frozen Coca-Cola® Classic,,60,60,60,16,60,60,60,60,60,60,60,6,6,1899/12/30,0,0,0,0,0,0,0,60,0,60,0,60,0,60,0,"Our Terms and Conditions have changed. Please take a moment to review the new McDonald’s Terms and Conditions by selecting the link. These include updates 
to our age requirements and the arbitration and dispute resolution process. By continuing to use our website, you agree to the revised Terms & Conditions agreement.",,1,"Coca Cola Frozen: Carbonated Water, High Fructose Corn Syrup, Caramel Color, Phosphoric Acid, Natural Flavors, Caffeine, Quillaia Extract, Yucca Extract.",,https://www.mcdonalds.com/us/en-us/product/frozen-coke-small.html,mcdonalds/images/frozen-coke-small.jpg,2026-01-26,
McDonald's,strawberry-banana-smoothie-small,Strawberry Banana Smoothie,,190,2,0.5,44,190,190,190,190,190,190,190,16,16,1899/12/31,2,2,2,2,2,2,2,190,2,190,2,190,2,190,2,"Our Terms and Conditions have changed. Please take a moment to review the new McDonald’s Terms and Conditions by selecting the link. These include updates 
to our age requirements and the arbitration and dispute resolution process. By continuing to use our website, you agree to the revised Terms & Conditions agreement.",Milk,3,"Strawberry Banana Fruit Base: Strawberry Puree, Banana Puree, Water, Grape Juice Concentrate, Clarified Demineralized Pineapple Juice Concentrate, Sugar, Contains Less Than 1%: Natural And Artificial Flavors, Cellulose Powder, Pear Juice Concentrate, Peach Juice Concentrate, Xanthan Gum, Citric Acid, Pectin, Colored With Fruit And Vegetable Juice, Ascorbic Acid (preservative). | Ice: Ice. | Lowfat Smoothie Yogurt: Cultured Grade A Reduced Fat Milk, Sugar, Whey Protein Concentrate, Fructose, Corn Starch, Modified Food Starch, Gelatin. Contains Active Yogurt Cultures.","Milk (来源: Lowfat Smoothie Yogurt, 等级: Contains)",https://www.mcdonalds.com/us/en-us/product/strawberry-banana-smoothie-small.html,mcdonalds/images/strawberry-banana-smoothie-small.jpg,2026-01-26,
McDonald's,mango-pineapple-smoothie-small,Mango Pineapple Smoothie,,200,2,0.5,45,200,200,200,200,200,200,200,16,16,1899/12/31,2,2,2,2,2,2,2,200,2,200,2,200,2,200,2,"Our Terms and Conditions have changed. Please take a moment to review the new McDonald’s Terms and Conditions by selecting the link. These include updates 
to our age requirements and the arbitration and dispute resolution process. By continuing to use our website, you agree to the revised Terms & Conditions agreement.",Milk,3,"Mango Pineapple Fruit Base: Water, Clarified Demineralized Pineapple Juice Concentrate, Mango Puree Concentrate, Pineapple Juice Concentrate, Orange Juice Concentrate, Pineapple Puree (pineapple And Ascorbic Acid), Apple Juice Concentrate, Contains Less Than 1%: Cellulose Powder, Natural And Artificial Flavors, Xanthan Gum, Pectin, Citric Acid, Fruit And Vegetable Juice For Color, Turmeric Extract (color). | Ice: Ice. | Lowfat Smoothie Yogurt: Cultured Grade A Reduced Fat Milk, Sugar, Whey Protein Concentrate, Fructose, Corn Starch, Modified Food Starch, Gelatin. Contains Active Yogurt Cultures.","Milk (来源: Lowfat Smoothie Yogurt, 等级: Contains)",https://www.mcdonalds.com/us/en-us/product/mango-pineapple-smoothie-small.html,mcdonalds/images/mango-pineapple-smoothie-small.jpg,2026-01-26,
McDonald's,lemonade-small,Lemonade,,120,120,120,31,120,120,120,120,120,120,120,11,11,1899/12/30,0,0,0,0,0,0,0,120,0,120,0,120,0,120,0,"Our Terms and Conditions have changed. Please take a moment to review the new McDonald’s Terms and Conditions by selecting the link. These include updates 
to our age requirements and the arbitration and dispute resolution process. By continuing to use our website, you agree to the revised Terms & Conditions agreement.",,2,"Lemonade: Water, Cane Sugar, Lemon Juice From Concentrate, Lemon Pulp, Natural Flavors. | Ice: Ice.",,https://www.mcdonalds.com/us/en-us/product/lemonade-small.html,mcdonalds/images/lemonade-small.jpg,2026-01-26,
McDonald's,sweet-tea-small,Sweet Tea,,170,1,170,42,170,170,170,170,170,170,170,15,15,1899/12/30,0,0,0,0,0,0,0,170,0,170,0,170,0,170,0,"Our Terms and Conditions have changed. Please take a moment to review the new McDonald’s Terms and Conditions by selecting the link. These include updates 
to our age requirements and the arbitration and dispute resolution process. By continuing to use our website, you agree to the revised Terms & Conditions agreement.",,2,"Brewed Tea: Water, Orange Pekoe And Pekoe Cut Black Tea. | Medium Invert Sugar: Medium Invert Sugar, Water.",,https://www.mcdonalds.com/us/en-us/product/sweet-tea-small.html,mcdonalds/images/sweet-tea-small.jpg,2026-01-26,
McDonald's,iced-tea-small,Unsweetened Iced Tea,,,1,,,,,,,,,,1,0,1899/12/30,0,0,0,0,,0,0,,0,,0,,0,,0,"Our Terms and Conditions have changed. Please take a moment to review the new McDonald’s Terms and Conditions by selecting the link. These include updates 
to our age requirements and the arbitration and dispute resolution process. By continuing to use our website, you agree to the revised Terms & Conditions agreement.",,2,"Brewed Tea: Water, Orange Pekoe And Pekoe Cut Black Tea. | Ice: Ice.",,https://www.mcdonalds.com/us/en-us/product/iced-tea-small.html,mcdonalds/images/iced-tea-small.jpg,2026-01-26,
McDonald's,hot-tea-small,Hot Tea,,10,2,10,10,10,10,10,10,10,10,10,0,0,1899/12/30,0,0,0,0,0,0,0,10,0,10,0,10,0,10,0,"Our Terms and Conditions have changed. Please take a moment to review the new McDonald’s Terms and Conditions by selecting the link. These include updates 
to our age requirements and the arbitration and dispute resolution process. By continuing to use our website, you agree to the revised Terms & Conditions agreement.",,1,"BREWED HOT TEA: Water, Orange Pekoe And Pekoe Cut Black Tea.",,https://www.mcdonalds.com/us/en-us/product/hot-tea-small.html,mcdonalds/images/hot-tea-small.jpg,2026-01-26,
McDonald's,minute-maid-orange-juice-medium-201248,Minute Maid® Premium Orange Juice,,190,3,190,45,190,190,190,190,190,190,190,17,17,1899/12/30,0,0,0,0,0,0,0,190,0,190,0,190,0,190,0,"Our Terms and Conditions have changed. Please take a moment to review the new McDonald’s Terms and Conditions by selecting the link. These include updates 
to our age requirements and the arbitration and dispute resolution process. By continuing to use our website, you agree to the revised Terms & Conditions agreement.",,1,"Minute Maid 100% Orange Juice: Filtered Water, Orange Juice Concentrate.",,https://www.mcdonalds.com/us/en-us/product/minute-maid-orange-juice-medium-201248.html,mcdonalds/images/minute-maid-orange-juice-medium-201248.jpg,2026-01-26,
McDonald's,honest-kids-appley-ever-after-6-fl-oz-drink-box,Honest Kids® Appley Ever After® Organic Juice Drink,,35,35,35,8,35,35,35,35,35,35,35,3,3,1899/12/30,0,0,0,0,0,0,0,35,0,35,0,35,0,35,0,"Our Terms and Conditions have changed. Please take a moment to review the new McDonald’s Terms and Conditions by selecting the link. These include updates 
to our age requirements and the arbitration and dispute resolution process. By continuing to use our website, you agree to the revised Terms & Conditions agreement.",,1,"Appley Ever After: Filtered Water, Organic Apple Juice From Concentrate, Natural Flavors, Vitamin C (ascorbic Acid), Organic Natural Flavors, Citric Acid (provides Tartness).",,https://www.mcdonalds.com/us/en-us/product/honest-kids-appley-ever-after-6-fl-oz-drink-box.html,mcdonalds/images/honest-kids-appley-ever-after-6-fl-oz-drink-box.jpg,2026-01-26,
McDonald's,1-low-fat-milk-jug,% Low Fat Milk Jug,,100,8,2,12,1.5,1.5,1.5,1.5,1.5,1.5,1.5,4,4,1900/1/2,7,7,7,7,7,7,7,1.5,7,1.5,7,1.5,7,1.5,7,"Our Terms and Conditions have changed. Please take a moment to review the new McDonald’s Terms and Conditions by selecting the link. These include updates 
to our age requirements and the arbitration and dispute resolution process. By continuing to use our website, you agree to the revised Terms & Conditions agreement.",Milk,1,"1% Low Fat Milk Jug: Low Fat Milk, Vitamin A Palmitate, Vitamin D3.","Milk (来源: 1% Low Fat Milk Jug, 等级: Contains)",https://www.mcdonalds.com/us/en-us/product/1-low-fat-milk-jug.html,mcdonalds/images/1-low-fat-milk-jug.jpg,2026-01-26,
McDonald's,reduced-sugar-low-fat-chocolate-milk-jug,Reduced Sugar^ Low Fat Chocolate Milk Jug,,130,9,2.5,18,1.5,1.5,1.5,1.5,1.5,1.5,1.5,7,7,1900/1/2,8,8,8,8,8,8,8,1.5,8,1.5,8,1.5,8,1.5,8,"Our Terms and Conditions have changed. Please take a moment to review the new McDonald’s Terms and Conditions by selecting the link. These include updates 
to our age requirements and the arbitration and dispute resolution process. By continuing to use our website, you agree to the revised Terms & Conditions agreement.",Milk,1,"Reduced Sugar Low Fat Chocolate Milk: Low Fat Milk, Liquid Sugar (sugar, Water), Cocoa, Corn Starch, Nonfat Milk, Cocoa (processed With Alkali), Carrageenan, Natural Flavor, Monk Fruit Extract*, Vitamin A Palmitate, Vitamin D3.*ingredient Not In Regular Milk.","Milk (来源: Reduced Sugar Low Fat Chocolate Milk, 等级: Contains)",https://www.mcdonalds.com/us/en-us/product/reduced-sugar-low-fat-chocolate-milk-jug.html,mcdonalds/images/reduced-sugar-low-fat-chocolate-milk-jug.jpg,2026-01-26,
McDonald's,hot-chocolate-small,McCafé® Hot Chocolate,,360,11,12,51,8,8,8,8,8,8,8,18,18,1900/1/15,39,39,39,39,39,39,39,8,39,8,39,8,39,8,39,"Our Terms and Conditions have changed. Please take a moment to review the new McDonald’s Terms and Conditions by selecting the link. These include updates 
to our age requirements and the arbitration and dispute resolution process. By continuing to use our website, you agree to the revised Terms & Conditions agreement.","Soy, Milk",4,"Whole Milk: Milk, Vitamin D3 Added. | Chocolate Syrup: Sugar, Water, Chocolate Liquor, Caramel Color, Contains 2% Or Less: Natural Flavors, Vanilla Extract, Salt, Gellan Gum, Citric Acid, Potassium Sorbate (preservative). | Whipped Light Cream: Cream, Nonfat Milk, Milk, Liquid Sugar, Contains 2% Or Less: Mono And Diglycerides, Natural Flavors, Carrageenan. Whipping Propellant (nitrous Oxide). | Chocolate Drizzle: Corn Syrup, Dextrose, Water, Sugar, Glycerin, Hydrogenated Coconut Oil, Cocoa (processed With Alkali), Modified Food Starch, Nonfat Milk, Natural Flavors, Salt, Gellan Gum, Disodium Phosphate, Potassium Sorbate (preservative), Soy Lecithin.","Milk (来源: Whole Milk, 等级: Contains) | Milk (来源: Whipped Light Cream, 等级: Contains) | Milk (来源: Chocolate Drizzle, 等级: Contains) | Soy (来源: Chocolate Drizzle, 等级: Contains)",https://www.mcdonalds.com/us/en-us/product/hot-chocolate-small.html,mcdonalds/images/hot-chocolate-small.jpg,2026-01-26,
McDonald's,dasani-water,DASANI® Water,,,,,,,,,,,,,0,0,1899/12/30,0,0,0,0,0,0,0,,0,,0,,0,,0,"Our Terms and Conditions have changed. Please take a moment to review the new McDonald’s Terms and Conditions by selecting the link. These include updates 
to our age requirements and the arbitration and dispute resolution process. By continuing to use our website, you agree to the revised Terms & Conditions agreement.",,1,"Dasani Water: Purified Water, Magnesium Sulfate, Potassium Chloride, Salt. Salt Adds A Negligible Amount Of Sodium. Minerals Added For Taste.",,https://www.mcdonalds.com/us/en-us/product/dasani-water.html,mcdonalds/images/dasani-water.jpg,2026-01-26,
McDonald's,creamy-chili-sauce,Creamy Chili McCrispy® Strip Dip,,110,110,11,3,2,2,2,2,2,2,2,1,1,1900/1/13,9,9,9,9,9,9,9,2,9,2,9,2,9,2,9,"Our Terms and Conditions have changed. Please take a moment to review the new McDonald’s Terms and Conditions by selecting the link. These include updates 
to our age requirements and the arbitration and dispute resolution process. By continuing to use our website, you agree to the revised Terms & Conditions agreement.","Wheat, Sesame, Soy, Egg",1,"Mccrispy Signature Creamy Chili Sauce: Soybean Oil, Water, Sugar, Distilled Vinegar, Egg Yolks, Red Jalapeno Pepper, Soy Sauce (water, Wheat, Soybean, Salt, Sodium Benzoate ([preservative]), Salt, Contains 2% Or Less: Onion, Garlic, Red Bell Pepper, Spices, Sesame Oil, Acetic Acid, Lemon Juice Concentrate, Xanthan Gum, Sodium Benzoate And Potassium Sorbate (preservatives), Lactic Acid, Oleoresin Paprika (color), Propylene Glycol Alginate, Calcium Disodium Edta (to Protect Flavor).","Wheat (来源: Mccrispy Signature Creamy Chili Sauce, 等级: Contains) | Egg (来源: Mccrispy Signature Creamy Chili Sauce, 等级: Contains) | Soy (来源: Mccrispy Signature Creamy Chili Sauce, 等级: Contains) | Sesame (来源: Mccrispy Signature Creamy Chili Sauce, 等级: Contains)",https://www.mcdonalds.com/us/en-us/product/creamy-chili-sauce.html,mcdonalds/images/creamy-chili-sauce.jpg,2026-01-26,
McDonald's,tangy-barbeque-sauce,Tangy Barbeque Sauce,,45,45,45,11,45,45,45,45,45,45,45,4,4,1899/12/30,0,0,0,0,0,0,0,45,0,45,0,45,0,45,0,"Our Terms and Conditions have changed. Please take a moment to review the new McDonald’s Terms and Conditions by selecting the link. These include updates 
to our age requirements and the arbitration and dispute resolution process. By continuing to use our website, you agree to the revised Terms & Conditions agreement.","Wheat, Soy",1,"Tangy Barbeque Sauce: High Fructose Corn Syrup, Water, Tomato Paste, Red Wine Vinegar, Distilled Vinegar, Salt, Contains 2% Or Less: Modified Food Starch, Spices, Soy Sauce (water, Soybeans, Wheat, Salt), Soybean Oil, Dextrose, Xanthan Gum, Natural Smoke Flavor, Garlic Powder, Cellulose Gum, Chili Peppers, Caramel Color, Sodium Benzoate (preservative), Onion Powder, Sherry Wine Powder, Natural Flavors.","Wheat (来源: Tangy Barbeque Sauce, 等级: Contains) | Soy (来源: Tangy Barbeque Sauce, 等级: Contains)",https://www.mcdonalds.com/us/en-us/product/tangy-barbeque-sauce.html,mcdonalds/images/tangy-barbeque-sauce.jpg,2026-01-26,
McDonald's,spicy-buffalo-sauce,Spicy Buffalo Sauce,,30,30,3,1,30,30,30,30,30,30,30,0,0,1900/1/3,2,2,2,2,2,2,2,30,2,30,2,30,2,30,2,"Our Terms and Conditions have changed. Please take a moment to review the new McDonald’s Terms and Conditions by selecting the link. These include updates 
to our age requirements and the arbitration and dispute resolution process. By continuing to use our website, you agree to the revised Terms & Conditions agreement.",Soy,1,"Spicy Buffalo Sauce: Cayenne Pepper Sauce (cayenne Red Peppers, Distilled Vinegar, Water, Salt, Garlic Powder), Water, Soybean Oil, Modified Food Starch, Xanthan Gum, Beet Juice (color), Salt, Natural Flavor, Garlic, Calcium Disodium Etda (to Protect Flavor).","Soy (来源: Spicy Buffalo Sauce, 等级: Contains)",https://www.mcdonalds.com/us/en-us/product/spicy-buffalo-sauce.html,mcdonalds/images/spicy-buffalo-sauce.jpg,2026-01-26,
McDonald's,creamy-ranch-sauce,Creamy Ranch Sauce,,110,110,12,1,2,2,2,2,,2,2,0,0,1900/1/14,9,9,9,9,,9,9,2,9,2,9,2,9,2,9,"Our Terms and Conditions have changed. Please take a moment to review the new McDonald’s Terms and Conditions by selecting the link. These include updates 
to our age requirements and the arbitration and dispute resolution process. By continuing to use our website, you agree to the revised Terms & Conditions agreement.","Soy, Milk",1,"Creamy Ranch Sauce: Soybean Oil, Water, Cultured Low Fat Buttermilk, Distilled Vinegar, Sugar, Contains 2% Or Less: Sea Salt, Garlic Puree, Whey Protein Concentrate, Lactic Acid, Xanthan Gum, Modified Guar Gum, Black Pepper, Potassium Sorbate (preservative), Onion Powder, Natural Flavor, Autolyzed Yeast Extract, Salt, Parsley, Calcium Disodium Edta (protect Flavor).","Milk (来源: Creamy Ranch Sauce, 等级: Contains) | Soy (来源: Creamy Ranch Sauce, 等级: Contains)",https://www.mcdonalds.com/us/en-us/product/creamy-ranch-sauce.html,mcdonalds/images/creamy-ranch-sauce.jpg,2026-01-26,
McDonald's,honey-mustard-sauce,Honey Mustard Sauce,,60,60,3.5,6,0.5,0.5,0.5,0.5,0.5,0.5,0.5,2,2,1900/1/3,3,3,3,3,3,3,3,0.5,3,0.5,3,0.5,3,0.5,3,"Our Terms and Conditions have changed. Please take a moment to review the new McDonald’s Terms and Conditions by selecting the link. These include updates 
to our age requirements and the arbitration and dispute resolution process. By continuing to use our website, you agree to the revised Terms & Conditions agreement.","Soy, Egg",1,"Honey Mustard Sauce: Water, Sugar, Soybean Oil, Distilled Vinegar, Mustard Seed, Honey, Corn Syrup Solids, Egg Yolks, Contains 2% Or Less: Salt, Cellulose Gel, White Wine, Xanthan Gum, Spices, Turmeric And Paprika Extract (color), Sodium Benzoate (preservative), Yeast Extract, Cellulose Gum, Natural Flavor, Maltodextrin.","Egg (来源: Honey Mustard Sauce, 等级: Contains) | Soy (来源: Honey Mustard Sauce, 等级: Contains)",https://www.mcdonalds.com/us/en-us/product/honey-mustard-sauce.html,mcdonalds/images/honey-mustard-sauce.jpg,2026-01-26,
McDonald's,sweet-n-sour-sauce,Sweet 'N Sour Sauce,,50,50,50,11,50,50,50,50,50,50,50,4,4,1899/12/30,0,0,0,0,0,0,0,50,0,50,0,50,0,50,0,"Our Terms and Conditions have changed. Please take a moment to review the new McDonald’s Terms and Conditions by selecting the link. These include updates 
to our age requirements and the arbitration and dispute resolution process. By continuing to use our website, you agree to the revised Terms & Conditions agreement.","Wheat, Soy",1,"Sweet 'N Sour Sauce: High Fructose Corn Syrup, Water, Apricot Puree Concentrate And/or Peach Puree Concentrate, Distilled Vinegar, Contains 2% Or Less: Soy Sauce (water, Soybeans, Wheat, Salt), Salt, Modified Food Starch, Sherry Wine Powder, Dextrose, Soybean Oil, Xanthan Gum, Spices, Sodium Benzoate (preservative), Natural Flavors, Garlic Powder, Cellulose Gum, Dried Chili Peppers, Onion Powder, Caramel Color, Extractives Of Paprika (color).","Wheat (来源: Sweet 'N Sour Sauce, 等级: Contains) | Soy (来源: Sweet 'N Sour Sauce, 等级: Contains)",https://www.mcdonalds.com/us/en-us/product/sweet-n-sour-sauce.html,mcdonalds/images/sweet-n-sour-sauce.jpg,2026-01-26,
McDonald's,ketchup-packet,Ketchup Packet,,10,10,10,2,10,10,10,10,,10,10,1,1,1899/12/30,0,0,0,0,,0,0,10,0,10,0,10,0,10,0,"Our Terms and Conditions have changed. Please take a moment to review the new McDonald’s Terms and Conditions by selecting the link. These include updates 
to our age requirements and the arbitration and dispute resolution process. By continuing to use our website, you agree to the revised Terms & Conditions agreement.",,1,"Ketchup Packet: Tomato Concentrate From Red Ripe Tomatoes, Distilled Vinegar, High Fructose Corn Syrup, Corn Syrup, Water, Salt, Natural Flavors.",,https://www.mcdonalds.com/us/en-us/product/ketchup-packet.html,mcdonalds/images/ketchup-packet.jpg,2026-01-26,
McDonald's,mayonnaise-packet,Mayonnaise Packet,,90,90,10,90,1.5,1.5,1.5,1.5,1.5,1.5,1.5,0,0,1900/1/12,8,8,8,8,8,8,8,1.5,8,1.5,8,1.5,8,1.5,8,"Our Terms and Conditions have changed. Please take a moment to review the new McDonald’s Terms and Conditions by selecting the link. These include updates 
to our age requirements and the arbitration and dispute resolution process. By continuing to use our website, you agree to the revised Terms & Conditions agreement.","Soy, Egg",1,"Mayonnaise Packet: Soybean Oil, Water, Egg Yolks, Distilled Vinegar, Contains 2% Or Less: Salt, Sugar, Mustard Flour, Lemon Juice Concentrate, Calcium Disodium Edta (protect Flavor)","Egg (来源: Mayonnaise Packet, 等级: Contains) | Soy (来源: Mayonnaise Packet, 等级: Contains)",https://www.mcdonalds.com/us/en-us/product/mayonnaise-packet.html,mcdonalds/images/mayonnaise-packet.jpg,2026-01-26,
McDonald's,mustard-package,Mustard Packet,,,,,,,,,,,,,0,0,1899/12/30,0,0,0,0,0,0,0,,0,,0,,0,,0,"Our Terms and Conditions have changed. Please take a moment to review the new McDonald’s Terms and Conditions by selecting the link. These include updates 
to our age requirements and the arbitration and dispute resolution process. By continuing to use our website, you agree to the revised Terms & Conditions agreement.",,1,"Mustard: Distilled Vinegar, Water, Mustard Seed, Salt, Turmeric, Paprika, Spice Extractive.",,https://www.mcdonalds.com/us/en-us/product/mustard-package.html,mcdonalds/images/mustard-package.jpg,2026-01-26,
McDonald's,honey,Honey,,50,50,50,12,50,50,50,50,50,50,50,4,4,1899/12/30,0,0,0,0,0,0,0,50,0,50,0,50,0,50,0,"Our Terms and Conditions have changed. Please take a moment to review the new McDonald’s Terms and Conditions by selecting the link. These include updates 
to our age requirements and the arbitration and dispute resolution process. By continuing to use our website, you agree to the revised Terms & Conditions agreement.",,1,Honey: Grade A Pure Honey,,https://www.mcdonalds.com/us/en-us/product/honey.html,mcdonalds/images/honey.jpg,2026-01-26,
Shake Shack,burgers_single_shackburger,Single ShackBurger,,500,29,30,26,1250,12,1,105,0,6,,,,,,,,,,,,,,,,,,,,"ShackBurger®
A made-to-order quarter pound* per patty of 100% Angus beef with American cheese, lettuce, tomato, and ShackSauce on a toasted potato bun. (Contains: Milk, Egg, Wheat, Soy, Sesame) *Approximate weight per patty is 4oz before cooking
760 cals
Start Order","Milk, Egg, Wheat, Soy, Sesame",,,,,shakeshack/images/ShackBurger_2.jpg,2026-01-28,
Shake Shack,burgers_double_shackburger,Double ShackBurger,,760,51,48,27,2280,20,2,185,0,6,,,,,,,,,,,,,,,,,,,,"ShackBurger®
A made-to-order quarter pound* per patty of 100% Angus beef with American cheese, lettuce, tomato, and ShackSauce on a toasted potato bun. (Contains: Milk, Egg, Wheat, Soy, Sesame) *Approximate weight per patty is 4oz before cooking
760 cals
Start Order","Milk, Egg, Wheat, Soy, Sesame",,,,,shakeshack/images/ShackBurger_2.jpg,2026-01-28,
Shake Shack,burgers_triple_shackburger,Triple ShackBurger,,1020,73,67,27,3310,28,2.5,265,2,6,,,,,,,,,,,,,,,,,,,,"ShackBurger®
A made-to-order quarter pound* per patty of 100% Angus beef with American cheese, lettuce, tomato, and ShackSauce on a toasted potato bun. (Contains: Milk, Egg, Wheat, Soy, Sesame) *Approximate weight per patty is 4oz before cooking
760 cals
Start Order","Milk, Egg, Wheat, Soy, Sesame",,,,,shakeshack/images/ShackBurger_2.jpg,2026-01-28,
Shake Shack,burgers_single_hamburger,Single Hamburger,,370,23,18,24,850,8,1,75,0,5,,,,,,,,,,,,,,,,,,,,"Hamburger
A made-to-order quarter pound* per patty of 100% Angus beef and your choice of toppings on a toasted potato bun (Contains: Milk, Wheat, Sesame) *Approximate weight per patty is 4oz before cooking
560 cals
Start Order","Milk, Wheat, Sesame",,,,,shakeshack/images/Hamburger_2.jpg,2026-01-28,
Shake Shack,burgers_double_hamburger,Double Hamburger,,560,45,30,24,1540,12,1.5,140,0,5,,,,,,,,,,,,,,,,,,,,"Hamburger
A made-to-order quarter pound* per patty of 100% Angus beef and your choice of toppings on a toasted potato bun (Contains: Milk, Wheat, Sesame) *Approximate weight per patty is 4oz before cooking
560 cals
Start Order","Milk, Wheat, Sesame",,,,,shakeshack/images/Hamburger_2.jpg,2026-01-28,
Shake Shack,burgers_single_smokeshack,Single SmokeShack,,600,35,38,28,1880,15,1,120,2,7,,,,,,,,,,,,,,,,,,,,"SmokeShack®
A made-to-order quarter pound* per patty of 100% Angus beef with American cheese, applewood-smoked bacon, chopped cherry peppers, and ShackSauce on a toasted potato bun (Contains: Milk, Egg, Wheat, Soy, Sesame) *Approximate weight per patty is 4oz before cooking
830 cals
Start Order","Milk, Egg, Wheat, Soy, Sesame",,,,,shakeshack/images/SmokeShack_2.jpg,2026-01-28,
Shake Shack,burgers_double_smokeshack,Double SmokeShack,,860,58,56,28,2910,23,1.5,205,2,8,,,,,,,,,,,,,,,,,,,,"SmokeShack®
A made-to-order quarter pound* per patty of 100% Angus beef with American cheese, applewood-smoked bacon, chopped cherry peppers, and ShackSauce on a toasted potato bun (Contains: Milk, Egg, Wheat, Soy, Sesame) *Approximate weight per patty is 4oz before cooking
830 cals
Start Order","Milk, Egg, Wheat, Soy, Sesame",,,,,shakeshack/images/SmokeShack_2.jpg,2026-01-28,
Shake Shack,burgers_single_bacon_cheeseburger,Single Bacon Cheeseburger,,530,31,32,25,1350,14,1,110,2,5,,,,,,,,,,,,,,,,,,,,"Bacon Cheeseburger
A made-to-order quarter pound* per patty of 100% Angus beef topped with American cheese, applewood-smoked bacon on a toasted potato bun. (Contains: Milk, Wheat, Soy, Sesame) *Approximate weight per patty is 4oz before cooking
760 cals
Start Order","Milk, Wheat, Soy, Sesame",,,,,shakeshack/images/Bacon_Cheeseburger_2.jpg,2026-01-28,
Shake Shack,burgers_single_avocado_bacon_burger,Single Avocado Bacon Burger,,670,35,45,30,1410,16,1,120,5,6,,,,,,,,,,,,,,,,,,,,"Avocado Bacon Burger
A made-to-order quarter pound* per patty of 100% Angus beef with American cheese, topped with hand-sliced avocado, applewood-smoked bacon, and ShackSauce on a toasted potato bun (Contains: Milk, Egg, Wheat, Soy, Sesame) *Approximate weight per patty is 4oz before cooking
870 cals
Start Order","Milk, Egg, Wheat, Soy, Sesame",,,,,shakeshack/images/Avocado_Bacon_Burger_2.jpg,2026-01-28,
Shake Shack,burgers_shroom_burger,'Shroom Burger,,510,15,27,49,670,10,0.5,45,0,7,,,,,,,,,,,,,,,,,,,,"'Shroom Burger
*Vegetarian* Crisp-fried portobello mushroom filled with melted muenster and cheddar cheeses, topped with lettuce, tomato, and ShackSauce on a toasted potato bun (Contains: Milk, Egg, Wheat, Sesame)
510 cals","Milk, Egg, Wheat, Sesame",,,,,shakeshack/images/Shroom_Burger_Box_12_Servings.jpg,2026-01-28,
Shake Shack,burgers_shack_stack,Shack Stack,,770,37,45,50,1700,18,1.5,125,0,7,,,,,,,,,,,,,,,,,,,,"Shack Stack®
A made-to-order quarter pound* per patty of 100% Angus beef with American cheese, topped with a 'Shroom Burger with lettuce, tomato, and ShackSauce on a toasted potato bun (Contains: Milk, Egg, Wheat, Soy, Sesame) *Approximate weight per patty is 4oz before cooking
770 cals
Start Order","Milk, Egg, Wheat, Soy, Sesame",,,,,shakeshack/images/Shack_Stack_2.jpg,2026-01-28,
Shake Shack,chicken_chicken_shack,Chicken Shack,,550,33,31,34,1170,7,0,110,0,6,,,,,,,,,,,,,,,,,,,,"Chicken Shack™
Antibiotic-free, hand-breaded, white-meat chicken breast over lettuce, pickles, and buttermilk herb mayo on a toasted potato bun (Contains: Milk, Egg, Wheat, Sesame)
550 cals
Start Order","Milk, Egg, Wheat, Sesame",,,,,shakeshack/images/Chicken_Shack_2.jpg,2026-01-28,
Shake Shack,chicken_chicken_black,Chicken Black,,420,26,18,28,650,3.5,0,90,2,1,,,,,,,,,,,,,,,,,,,,,"Milk, Egg, Wheat, Sesame",,,,,shakeshack/images/Chocolate_Blackout_Pudding_Shake_2.jpg,2026-01-28,
Shake Shack,chicken_chicken_bites_6_piece,Chicken Bites (6 piece),,350,18,18,28,980,3.5,0,45,2,1,,,,,,,,,,,,,,,,,,,,,Wheat,,,,,shakeshack/images/Chicken_Bites.jpg,2026-01-28,
Shake Shack,chicken_chicken_bites_10_piece,Chicken Bites (10 piece),,580,31,30,47,1640,6,0,75,3,2,,,,,,,,,,,,,,,,,,,,,Wheat,,,,,shakeshack/images/Chicken_Bites.jpg,2026-01-28,
Shake Shack,chicken_avocado_bacon_chicken,Avocado Bacon Chicken,,670,40,41,35,1350,10,0,130,3,6,,,,,,,,,,,,,,,,,,,,"Avocado Bacon Chicken
Antibiotic-free, hand-breaded, white-meat chicken breast with hand-sliced avocado, applewood-smoked bacon, shredded lettuce, pickles, and buttermilk herb mayo on a toasted potato bun (Contains: Milk, Egg, Wheat, Sesame)
680 cals
Start Order","Milk, Egg, Wheat, Sesame",,,,,shakeshack/images/Avocado_Bacon_Chicken_2.jpg,2026-01-28,
Shake Shack,breakfast_egg_and_cheese_sandwich,Egg and Cheese Sandwich,,340,17,19,25,850,9,0,215,0,5,,,,,,,,,,,,,,,,,,,,,"Milk, Egg, Wheat, Soy, Sesame",,,,,generated_images/0000_Shake_Shack_Egg_and_Cheese_Sandwich_20260131_144858.png,2026-01-28,
Shake Shack,breakfast_bacon_egg_and_cheese_sandwich,Bacon Egg and Cheese Sandwich,,430,23,26,26,1010,12,0,230,2,6,,,,,,,,,,,,,,,,,,,,,"Milk, Egg, Wheat, Soy, Sesame",,,,,shakeshack/images/Bacon_Cheeseburger_1.jpg,2026-01-28,
Shake Shack,breakfast_sausage_breakfast_sandwich,Sausage Breakfast Sandwich,,530,30,32,28,1220,14,0,260,0,8,,,,,,,,,,,,,,,,,,,,,"Milk, Egg, Wheat, Soy, Sesame",,,,,generated_images/0001_Shake_Shack_Sausage_Breakfast_Sandwich_20260131_144859.png,2026-01-28,
Shake Shack,breakfast_wake_up_shack,Wake up Shack,,670,24,47,38,1420,14,0,255,3,10,,,,,,,,,,,,,,,,,,,,,"Milk, Egg, Wheat, Soy, Sesame",,,,,generated_images/0002_Shake_Shack_Wake_up_Shack_20260131_144859.png,2026-01-28,
Shake Shack,breakfast_hashbrowns_with_sauce,Hashbrowns with Sauce,,740,6,54,58,990,8,0,25,5,3,,,,,,,,,,,,,,,,,,,,,Egg,,,,,generated_images/0003_Shake_Shack_Hashbrowns_with_Sauce_20260131_144900.png,2026-01-28,
Shake Shack,breakfast_croissant,Croissant,,420,7,26,39,480,15,0,75,1,6,,,,,,,,,,,,,,,,,,,,,"Egg, Milk, Wheat",,,,,generated_images/0004_Shake_Shack_Croissant_20260131_144900.png,2026-01-28,
Shake Shack,hot_dogs_hot_dog,Hot Dog,,350,16,22,29,800,10,0,50,0,6,,,,,,,,,,,,,,,,,,,,"Hot Dog
100% beef from the pros at Vienna® Beef in Chicago (Contains: Milk, Wheat, Sesame)
350 cals
Start Order
Crispy Onion Cheese Dog
100% Vienna® Beef hot dog topped with melted cheddar and American cheese and crispy onions on a toasted potato bun. (Contains: Milk, Wheat, Sesame)
560 cals
Start Order
Bacon Cheese Dog
100% Vienna® Beef hot dog topped with melted cheddar and American cheese and chopped applewood-smoked bacon on a toasted potato bun. (Contains: Milk, Wheat, Sesame)
540 cals
Start Order
Cheese Dog
100% Vienna® Beef hot dog topped with melted cheddar and American cheese on a toa","Milk, Wheat, Sesame",,,,,shakeshack/images/Hot_Dog_1.jpg,2026-01-28,
Shake Shack,hot_dogs_shackcago_dog,Shack-Cago Dog,,390,17,22,32,1490,10,0,50,0,12,,,,,,,,,,,,,,,,,,,,,"Milk, Wheat, Sesame",,,,,generated_images/0005_Shake_Shack_Shack-Cago_Dog_20260131_144900.png,2026-01-28,
Shake Shack,hot_dogs_cheese_dog,Cheese Dog,,450,19,31,25,910,15,0,85,2,6,,,,,,,,,,,,,,,,,,,,"Cheese Dog
100% Vienna® Beef hot dog topped with melted cheddar and American cheese on a toasted potato bun. (Contains: Milk, Wheat, Sesame)
450 cals
Start Order","Milk, Wheat, Sesame",,,,,shakeshack/images/Cheese_Dog_1.jpg,2026-01-28,
Shake Shack,hot_dogs_bacon_cheese_dog,Bacon Cheese Dog,,540,25,38,26,1070,18,0,105,2,7,,,,,,,,,,,,,,,,,,,,"Bacon Cheese Dog
100% Vienna® Beef hot dog topped with melted cheddar and American cheese and chopped applewood-smoked bacon on a toasted potato bun. (Contains: Milk, Wheat, Sesame)
540 cals
Start Order","Milk, Wheat, Sesame",,,,,shakeshack/images/Bacon_Cheese_Dog_1.jpg,2026-01-28,
Shake Shack,fries_and_sides_regular_fries,Regular Fries,,470,6,22,63,740,4.5,0,15,7,1,,,,,,,,,,,,,,,,,,,,,,,,,,shakeshack/images/Fries.jpg,2026-01-28,
Shake Shack,fries_and_sides_cheese_fries,Cheese Fries,,710,12,44,64,1020,19,0,95,7,1,,,,,,,,,,,,,,,,,,,,"Cheese Fries
Crispy, crinkle cut fries topped with melted cheddar and American cheese (Contains: Milk)
710 cals
Start Order",Milk,,,,,shakeshack/images/Cheese_Fries_2.jpg,2026-01-28,
Shake Shack,fries_and_sides_bacon_cheese_fries,Bacon Cheese Fries,,850,21,55,65,1260,23,0.5,125,6,1,,,,,,,,,,,,,,,,,,,,"Bacon Cheese Fries
Fries: Crispy, crinkle cut fries topped with melted cheddar and American cheese and applewood-smoked bacon (Contains: Milk)
840 cals
Start Order",Milk,,,,,shakeshack/images/Bacon_Cheese_Fries_2.jpg,2026-01-28,
Shake Shack,fries_and_sides_beer_battered_onion_rings,Beer Battered Onion Rings,,570,6,33,64,670,6,0,0,4,7,,,,,,,,,,,,,,,,,,,,,"Milk, Wheat",,,,,shakeshack/images/Onion_Rings.jpg,2026-01-28,
Shake Shack,shakes_vanilla_shake,Vanilla Shake,,680,18,36,71,430,22,0,235,0,71,,,,,,,,,,,,,,,,,,,,"Vanilla Shake
House-made vanilla frozen custard with real vanilla (contains milk and egg)
680 cals","Milk, Egg",,,,,shakeshack/images/Vanilla_Shake_1.jpg,2026-01-28,
Shake Shack,shakes_chocolate_shake,Chocolate Shake,,750,18,45,78,310,27,1.5,245,2,71,,,,,,,,,,,,,,,,,,,,"Chocolate Shake
House-made chocolate frozen custard (contains milk and egg)
750 cals","Milk, Egg",,,,,shakeshack/images/Vanilla_Chocolate_Shake_1.jpg,2026-01-28,
Shake Shack,shakes_strawberry_shake,Strawberry Shake,,690,17,35,77,430,21,0,230,0,85,,,,,,,,,,,,,,,,,,,,"Strawberry Shake
Real strawberry hand spun with our house-made vanilla frozen custard (contains milk and egg)
690 cals","Milk, Egg",,,,,shakeshack/images/Strawberry_Shake_2.jpg,2026-01-28,
Shake Shack,shakes_black__white_shake,Black & White Shake,,770,19,42,80,460,26,0,245,0,85,,,,,,,,,,,,,,,,,,,,"Black & White Shake
Chocolate fudge sauce hand spun with our house-made vanilla frozen custard (contains milk and egg)
770 cals","Milk, Egg",,,,,shakeshack/images/Black_White_Shake.jpg,2026-01-28,
Shake Shack,shakes_coffee_shake,Coffee Shake,,700,19,36,76,430,22,0,240,0,82,,,,,,,,,,,,,,,,,,,,"Coffee Shake
Dark roast coffee hand-spun with our house-made vanilla frozen custard.
700 cals","Milk, Egg",,,,,shakeshack/images/Coffee_Shake_2.jpg,2026-01-28,
Shake Shack,floats_and_cups_root_beer_float,Root Beer Float,,470,7,15,75,250,9,0,105,0,75,,,,,,,,,,,,,,,,,,,,,"Milk, Egg",,,,,generated_images/0006_Shake_Shack_Root_Beer_Float_20260131_144901.png,2026-01-28,
Shake Shack,floats_and_cups_creamsicle_float,Creamsicle Float,,440,7,15,75,240,9,0,100,0,74,,,,,,,,,,,,,,,,,,,,,"Milk, Egg",,,,,shakeshack/images/Floats.jpg,2026-01-28,
Shake Shack,floats_and_cups_single_chocolate_cup,Single Chocolate Cup,,310,6,19,32,120,11,0.5,110,0,29,,,,,,,,,,,,,,,,,,,,,"Milk, Egg",,,,,shakeshack/images/Chocolate_Blackout_Pudding_Shake_2.jpg,2026-01-28,
Shake Shack,floats_and_cups_single_vanilla_cup,Single Vanilla Cup,,280,7,15,30,180,9,0,100,0,30,,,,,,,,,,,,,,,,,,,,,"Milk, Egg",,,,,shakeshack/images/Vanilla_Shake.jpg,2026-01-28,
Shake Shack,drinks_lemonade_small,Lemonade Small,,160,0,0,43,10,0,0,0,0,40,,,,,,,,,,,,,,,,,,,,,,,,,,shakeshack/images/Strawberry_Lemonade.jpg,2026-01-28,
Shake Shack,drinks_lemonade_large,Lemonade Large,,270,0,0,70,15,0,0,0,0,66,,,,,,,,,,,,,,,,,,,,,,,,,,shakeshack/images/Strawberry_Lemonade.jpg,2026-01-28,
Shake Shack,drinks_fiftyfifty_small,Fifty-Fifty Small,,80,0,0,22,10,0,0,0,0,20,,,,,,,,,,,,,,,,,,,,,,,,,,shakeshack/images/FiftyFifty_Lemonades_1.jpg,2026-01-28,
Shake Shack,drinks_coke_small,Coke Small,,140,0,0,39,45,0,0,0,0,39,,,,,,,,,,,,,,,,,,,,,,,,,,generated_images/0007_Shake_Shack_Coke_Small_20260131_144901.png,2026-01-28,
Taco Bell,,Bell Sauce Dipping Sauce,,210,<1,21,5,210,3,0,10,1,4,,,,,,,,,,,,,,,,,,,,,,,,,,generated_images/0008_Taco_Bell_Bell_Sauce_Dipping_Sauce_20260131_144902.png,,
Taco Bell,,Chicken Nuggets - 5 Piece,,320,25,13,25,1050,1.5,0,55,3,0,,,,,,,,,,,,,,,,,,,,,,,,,,generated_images/0009_Taco_Bell_Chicken_Nuggets_-_5_Piece_20260131_144902.png,,
Taco Bell,,Chicken Nuggets - 10 Piece,,630,51,26,49,2110,3,0,105,5,0,,,,,,,,,,,,,,,,,,,,,,,,,,generated_images/0010_Taco_Bell_Chicken_Nuggets_-_10_Piece_20260131_144903.png,,
Taco Bell,,Dragonfruit Freeze® (16 oz),,160,0,0,41,45,0,0,0,0,41,,,,,,,,,,,,,,,,,,,,,,,,,,generated_images/0011_Taco_Bell_Dragonfruit_Freeze_16_oz_20260131_144903.png,,
Taco Bell,,Dragonfruit Freeze® (20 oz),,200,0,0,52,60,0,0,0,0,51,,,,,,,,,,,,,,,,,,,,,,,,,,generated_images/0012_Taco_Bell_Dragonfruit_Freeze_20_oz_20260131_144903.png,,
Taco Bell,,Dragonfruit Freeze® with Dragonfruit Syrup (16 oz),,170,0,0,46,50,0,0,0,0,44,,,,,,,,,,,,,,,,,,,,,,,,,,generated_images/0013_Taco_Bell_Dragonfruit_Freeze_with_Dragonfruit_Syrup_16_oz_20260131_144904.png,,
Taco Bell,,Dragonfruit Freeze® with Dragonfruit Syrup (20 oz),,210,0,0,56,60,0,0,0,0,55,,,,,,,,,,,,,,,,,,,,,,,,,,generated_images/0014_Taco_Bell_Dragonfruit_Freeze_with_Dragonfruit_Syrup_20_oz_20260131_144904.png,,
Taco Bell,,Dragonfruit Strawberry Limonada,,200,0,0,52,160,0,0,0,0,50,,,,,,,,,,,,,,,,,,,,,,,,,,generated_images/0015_Taco_Bell_Dragonfruit_Strawberry_Limonada_20260131_144905.png,,
Taco Bell,,Hidden Valley™ Diablo Ranch Dipping Sauce,,210,<1,22,3,210,3.5,0,15,0,2,,,,,,,,,,,,,,,,,,,,,,,,,,generated_images/0016_Taco_Bell_Hidden_Valley_Diablo_Ranch_Dipping_Sauce_20260131_144905.png,,
Taco Bell,,Jalapeno Honey Mustard Dipping Sauce,,200,<1,19,8,160,2.5,0,5,<1,7,,,,,,,,,,,,,,,,,,,,,,,,,,generated_images/0017_Taco_Bell_Jalapeno_Honey_Mustard_Dipping_Sauce_20260131_144906.png,,
Taco Bell,,Loaded Taco Fries,,590,12,38,51,1160,7,0,30,7,2,,,,,,,,,,,,,,,,,,,,,,,,,,generated_images/0018_Taco_Bell_Loaded_Taco_Fries_20260131_144906.png,,
Taco Bell,,Mango Peach Limonada,,210,0,0,56,190,0,0,0,0,56,,,,,,,,,,,,,,,,,,,,,,,,,,generated_images/0019_Taco_Bell_Mango_Peach_Limonada_20260131_144907.png,,
Taco Bell,,Orange Vanilla Cream Soda Freeze™ (16 oz),,210,0,1,53,75,0.5,0,<5,0,50,,,,,,,,,,,,,,,,,,,,,,,,,,generated_images/0020_Taco_Bell_Orange_Vanilla_Cream_Soda_Freeze_16_oz_20260131_144907.png,,
Taco Bell,,Orange Vanilla Cream Soda Freeze™ (20 oz),,250,0,1,64,90,0.5,0,<5,0,60,,,,,,,,,,,,,,,,,,,,,,,,,,generated_images/0021_Taco_Bell_Orange_Vanilla_Cream_Soda_Freeze_20_oz_20260131_144908.png,,
Taco Bell,,Pineapple Dream Refresca,,220,0,1,55,170,0.5,0,<5,0,53,,,,,,,,,,,,,,,,,,,,,,,,,,generated_images/0022_Taco_Bell_Pineapple_Dream_Refresca_20260131_144908.png,,
Taco Bell,,Strawberry Dream Refresca,,220,0,1,57,170,0.5,0,<5,0,54,,,,,,,,,,,,,,,,,,,,,,,,,,generated_images/0023_Taco_Bell_Strawberry_Dream_Refresca_20260131_144909.png,,
Taco Bell,,Strawberry Passionfruit Limonada,,210,0,0,56,190,0,0,0,0,55,,,,,,,,,,,,,,,,,,,,,,,,,,generated_images/0024_Taco_Bell_Strawberry_Passionfruit_Limonada_20260131_144909.png,,
Taco Bell,,Supreme Nacho Fries,,550,13,35,45,1240,7,0,35,6,3,,,,,,,,,,,,,,,,,,,,,,,,,,generated_images/0025_Taco_Bell_Supreme_Nacho_Fries_20260131_144910.png,,
Taco Bell,,Vanilla Cream Soda Freeze™ (16 oz),,200,0,1,49,70,0.5,0,<5,0,47,,,,,,,,,,,,,,,,,,,,,,,,,,generated_images/0026_Taco_Bell_Vanilla_Cream_Soda_Freeze_16_oz_20260131_144910.png,,
Taco Bell,,Vanilla Cream Soda Freeze™ (20 oz),,240,0,1,60,90,0.5,0,<5,0,58,,,,,,,,,,,,,,,,,,,,,,,,,,generated_images/0027_Taco_Bell_Vanilla_Cream_Soda_Freeze_20_oz_20260131_144910.png,,
Taco Bell,,Avocado Salsa Verde Packet,,50,0,5,<1,70,1,0,0,0,0,,,,,,,,,,,,,,,,,,,,,,,,,,generated_images/0028_Taco_Bell_Avocado_Salsa_Verde_Packet_20260131_144911.png,,
Taco Bell,,Cantina Chicken Bowl,,480,24,23,44,1170,7,0,75,10,3,,,,,,,,,,,,,,,,,,,,,,,,,,,,
Taco Bell,,Cantina Chicken Burrito,,530,24,28,44,1190,9,0,80,5,4,,,,,,,,,,,,,,,,,,,,,,,,,,generated_images/0030_Taco_Bell_Cantina_Chicken_Burrito_20260131_144911.png,,
Taco Bell,,Cantina Chicken Crispy Taco,,270,15,15,19,520,6,0,50,4,<1,,,,,,,,,,,,,,,,,,,,,,,,,,generated_images/0031_Taco_Bell_Cantina_Chicken_Crispy_Taco_20260131_144912.png,,
Taco Bell,,Cantina Chicken Quesadilla,,550,29,28,46,1310,14,0,90,5,3,,,,,,,,,,,,,,,,,,,,,,,,,,generated_images/0032_Taco_Bell_Cantina_Chicken_Quesadilla_20260131_144912.png,,
Taco Bell,,Cantina Chicken Soft Taco,,210,12,10,19,530,3.5,0,35,3,2,,,,,,,,,,,,,,,,,,,,,,,,,,generated_images/0033_Taco_Bell_Cantina_Chicken_Soft_Taco_20260131_144913.png,,
Taco Bell,,Black Bean Chalupa Supreme® (V),,340,10,17,36,450,3.5,0,10,7,4,,,,,,,,,,,,,,,,,,,,,,,,,,generated_images/0034_Taco_Bell_Black_Bean_Chalupa_Supreme_V_20260131_144913.png,,
Taco Bell,,Chalupa Supreme® - Beef,,350,12,20,32,570,5,0,25,4,3,,,,,,,,,,,,,,,,,,,,,,,,,,generated_images/0035_Taco_Bell_Chalupa_Supreme_-_Beef_20260131_144914.png,,
Taco Bell,,Chalupa Supreme® - Chicken,,330,15,17,30,580,3.5,0,35,3,3,,,,,,,,,,,,,,,,,,,,,,,,,,generated_images/0036_Taco_Bell_Chalupa_Supreme_-_Chicken_20260131_144914.png,,
Taco Bell,,Chalupa Supreme® - Steak,,340,15,18,30,590,4.5,0,30,3,4,,,,,,,,,,,,,,,,,,,,,,,,,,generated_images/0037_Taco_Bell_Chalupa_Supreme_-_Steak_20260131_144914.png,,
Taco Bell,,Cheesy Gordita Crunch,,480,20,26,44,830,10,0,50,6,4,,,,,,,,,,,,,,,,,,,,,,,,,,,,
Taco Bell,,Crunchy Taco,,170,7,9,13,310,4,0,25,3,0,,,,,,,,,,,,,,,,,,,,,,,,,,generated_images/0039_Taco_Bell_Crunchy_Taco_20260131_144915.png,,
Taco Bell,,Crunchy Taco Supreme®,,190,8,10,16,320,4.5,0,25,3,1,,,,,,,,,,,,,,,,,,,,,,,,,,generated_images/0040_Taco_Bell_Crunchy_Taco_Supreme_20260131_144915.png,,
Taco Bell,,Doritos® Cheesy Gordita Crunch - Nacho Cheese,,480,20,26,43,890,10,0,50,5,4,,,,,,,,,,,,,,,,,,,,,,,,,,generated_images/0041_Taco_Bell_Doritos_Cheesy_Gordita_Crunch_-_Nacho_Cheese_20260131_144916.png,,
Taco Bell,,Double Stacked Taco,,320,10,16,34,610,5,0,25,4,2,,,,,,,,,,,,,,,,,,,,,,,,,,generated_images/0042_Taco_Bell_Double_Stacked_Taco_20260131_144916.png,,
Taco Bell,,Nacho Cheese Doritos® Locos Taco,,170,7,10,13,370,4,0,25,3,<1,,,,,,,,,,,,,,,,,,,,,,,,,,,,
Taco Bell,,Nacho Cheese Doritos® Locos Taco Supreme®,,190,8,11,15,380,4.5,0,30,3,2,,,,,,,,,,,,,,,,,,,,,,,,,,generated_images/0044_Taco_Bell_Nacho_Cheese_Doritos_Locos_Taco_Supreme_20260131_144916.png,,
Taco Bell,,Soft Taco - Beef,,180,9,8,18,500,4,0,25,3,1,,,,,,,,,,,,,,,,,,,,,,,,,,generated_images/0045_Taco_Bell_Soft_Taco_-_Beef_20260131_144917.png,,
Taco Bell,,Soft Taco - Chicken,,160,12,5,16,510,2.5,0,35,1,1,,,,,,,,,,,,,,,,,,,,,,,,,,generated_images/0046_Taco_Bell_Soft_Taco_-_Chicken_20260131_144917.png,,
Taco Bell,,Soft Taco Supreme® - Beef,,200,9,9,21,520,5,0,25,3,2,,,,,,,,,,,,,,,,,,,,,,,,,,generated_images/0047_Taco_Bell_Soft_Taco_Supreme_-_Beef_20260131_144918.png,,
Taco Bell,,Soft Taco Supreme® - Chicken,,180,12,6,19,520,3.5,0,35,2,2,,,,,,,,,,,,,,,,,,,,,,,,,,generated_images/0048_Taco_Bell_Soft_Taco_Supreme_-_Chicken_20260131_144918.png,,
Taco Bell,,Spicy Potato Soft Taco (V),,240,5,11,28,470,3,0,10,2,1,,,,,,,,,,,,,,,,,,,,,,,,,,generated_images/0049_Taco_Bell_Spicy_Potato_Soft_Taco_V_20260131_144919.png,,
Taco Bell,,Bean Burrito (V),,360,13,10,54,1080,4.5,0,5,8,3,,,,,,,,,,,,,,,,,,,,,,,,,,generated_images/0050_Taco_Bell_Bean_Burrito_V_20260131_144919.png,,
Taco Bell,,Beefy 5-Layer Burrito,,490,17,18,65,1290,8,0,30,7,4,,,,,,,,,,,,,,,,,,,,,,,,,,generated_images/0051_Taco_Bell_Beefy_5-Layer_Burrito_20260131_144920.png,,
Taco Bell,,Black Bean Grilled Cheese Burrito,,680,23,33,72,1360,13,0,55,9,5,,,,,,,,,,,,,,,,,,,,,,,,,,generated_images/0052_Taco_Bell_Black_Bean_Grilled_Cheese_Burrito_20260131_144920.png,,
Taco Bell,,Burrito Supreme® - Beef,,390,16,14,52,1160,6,0,25,8,4,,,,,,,,,,,,,,,,,,,,,,,,,,generated_images/0053_Taco_Bell_Burrito_Supreme_-_Beef_20260131_144920.png,,
Taco Bell,,Burrito Supreme® - Chicken,,370,19,11,49,1170,5,0,35,6,4,,,,,,,,,,,,,,,,,,,,,,,,,,generated_images/0054_Taco_Bell_Burrito_Supreme_-_Chicken_20260131_144921.png,,
Taco Bell,,Burrito Supreme® - Steak,,380,19,12,50,1180,6,0,30,6,5,,,,,,,,,,,,,,,,,,,,,,,,,,generated_images/0055_Taco_Bell_Burrito_Supreme_-_Steak_20260131_144921.png,,
Taco Bell,,Cheesy Bean & Rice Burrito (V),,400,9,16,56,950,3.5,0,<5,6,3,,,,,,,,,,,,,,,,,,,,,,,,,,generated_images/0056_Taco_Bell_Cheesy_Bean_Rice_Burrito_V_20260131_144922.png,,
Taco Bell,,Cheesy Double Beef Burrito,,560,20,25,64,1340,9,0,50,7,3,,,,,,,,,,,,,,,,,,,,,,,,,,generated_images/0057_Taco_Bell_Cheesy_Double_Beef_Burrito_20260131_144922.png,,
Taco Bell,,Chicken Enchilada Burrito,,370,18,11,50,1150,5,0,40,4,3,,,,,,,,,,,,,,,,,,,,,,,,,,generated_images/0058_Taco_Bell_Chicken_Enchilada_Burrito_20260131_144923.png,,
Taco Bell,,Chili Cheese Burrito (regional),,380,15,17,41,970,9,0,40,4,2,,,,,,,,,,,,,,,,,,,,,,,,,,generated_images/0059_Taco_Bell_Chili_Cheese_Burrito_regional_20260131_144923.png,,
Taco Bell,,Grilled Cheese Burrito,,690,25,36,68,1480,15,0,70,7,4,,,,,,,,,,,,,,,,,,,,,,,,,,generated_images/0060_Taco_Bell_Grilled_Cheese_Burrito_20260131_144923.png,,
Taco Bell,,Grilled Cheese Burrito - Chicken,,670,28,33,66,1490,13,0,80,6,4,,,,,,,,,,,,,,,,,,,,,,,,,,generated_images/0061_Taco_Bell_Grilled_Cheese_Burrito_-_Chicken_20260131_144924.png,,
Taco Bell,,Grilled Cheese Burrito - Steak,,680,28,34,66,1500,14,0,75,6,5,,,,,,,,,,,,,,,,,,,,,,,,,,generated_images/0062_Taco_Bell_Grilled_Cheese_Burrito_-_Steak_20260131_144924.png,,
Taco Bell,,Chips and Nacho Cheese Sauce (V),,220,3,13,24,280,1.5,0,0,2,1,,,,,,,,,,,,,,,,,,,,,,,,,,generated_images/0063_Taco_Bell_Chips_and_Nacho_Cheese_Sauce_V_20260131_144925.png,,
Taco Bell,,Loaded Beef Nachos,,450,12,24,45,930,5,0,20,9,2,,,,,,,,,,,,,,,,,,,,,,,,,,generated_images/0064_Taco_Bell_Loaded_Beef_Nachos_20260131_144925.png,,
Taco Bell,,Nachos BellGrande® - Beef,,730,17,38,81,1180,6,0,20,13,4,,,,,,,,,,,,,,,,,,,,,,,,,,generated_images/0065_Taco_Bell_Nachos_BellGrande_-_Beef_20260131_144926.png,,
Taco Bell,,Nachos BellGrande® - Chicken,,710,20,35,79,1190,5,0,30,12,4,,,,,,,,,,,,,,,,,,,,,,,,,,generated_images/0066_Taco_Bell_Nachos_BellGrande_-_Chicken_20260131_144926.png,,
Taco Bell,,Nachos BellGrande® - Steak,,720,20,36,79,1200,5,0,25,12,5,,,,,,,,,,,,,,,,,,,,,,,,,,generated_images/0067_Taco_Bell_Nachos_BellGrande_-_Steak_20260131_144927.png,,
Taco Bell,,Quesadilla - Cheese (V),,440,18,22,43,980,11,0,50,4,3,,,,,,,,,,,,,,,,,,,,,,,,,,generated_images/0068_Taco_Bell_Quesadilla_-_Cheese_V_20260131_144927.png,,
Taco Bell,,Quesadilla - Chicken,,490,26,23,44,1240,11,0,75,4,3,,,,,,,,,,,,,,,,,,,,,,,,,,,,
Taco Bell,,Quesadilla - Steak,,500,26,24,44,1260,12,0,70,4,4,,,,,,,,,,,,,,,,,,,,,,,,,,generated_images/0070_Taco_Bell_Quesadilla_-_Steak_20260131_144928.png,,
Taco Bell,,3-Cheese Chicken Flatbread Melt,,320,20,14,30,750,6,0,50,3,4,,,,,,,,,,,,,,,,,,,,,,,,,,generated_images/0071_Taco_Bell_3-Cheese_Chicken_Flatbread_Melt_20260131_144928.png,,
Taco Bell,,Black Bean Crunchwrap Supreme® (V),,520,13,17,78,1090,5,0,<5,8,6,,,,,,,,,,,,,,,,,,,,,,,,,,generated_images/0072_Taco_Bell_Black_Bean_Crunchwrap_Supreme_V_20260131_144929.png,,
Taco Bell,,Cheesy Roll Up (V),,170,8,8,18,420,5,0,25,1,1,,,,,,,,,,,,,,,,,,,,,,,,,,generated_images/0073_Taco_Bell_Cheesy_Roll_Up_V_20260131_144929.png,,
Taco Bell,,Crunchwrap Supreme®,,530,15,20,74,1210,7,0,20,6,6,,,,,,,,,,,,,,,,,,,,,,,,,,generated_images/0074_Taco_Bell_Crunchwrap_Supreme_20260131_144930.png,,
Taco Bell,,Mexican Pizza,,530,19,27,51,1000,8,0,40,8,3,,,,,,,,,,,,,,,,,,,,,,,,,,generated_images/0075_Taco_Bell_Mexican_Pizza_20260131_144930.png,,
Taco Bell,,Stacker,,390,17,17,43,1060,8,0,40,4,3,,,,,,,,,,,,,,,,,,,,,,,,,,generated_images/0076_Taco_Bell_Stacker_20260131_144931.png,,
Taco Bell,,Veggie Mexican Pizza (V),,460,14,23,48,740,6,0,25,7,3,,,,,,,,,,,,,,,,,,,,,,,,,,generated_images/0077_Taco_Bell_Veggie_Mexican_Pizza_V_20260131_144931.png,,
Taco Bell,,Black Beans & Rice (V),,160,4,4.5,25,370,0,0,0,5,<1,,,,,,,,,,,,,,,,,,,,,,,,,,generated_images/0078_Taco_Bell_Black_Beans_Rice_V_20260131_144932.png,,
Taco Bell,,Black Beans (V),,50,3,1.5,7,140,0,0,0,4,0,,,,,,,,,,,,,,,,,,,,,,,,,,generated_images/0079_Taco_Bell_Black_Beans_V_20260131_144932.png,,
Taco Bell,,Cheesy Fiesta Potatoes (V),,240,3,12,29,520,1.5,0,<5,3,1,,,,,,,,,,,,,,,,,,,,,,,,,,generated_images/0080_Taco_Bell_Cheesy_Fiesta_Potatoes_V_20260131_144933.png,,
Taco Bell,,Cinnabon® Delights™ (2 Pk) (V),,170,2,11,15,70,3.5,0,5,<1,9,,,,,,,,,,,,,,,,,,,,,,,,,,generated_images/0081_Taco_Bell_Cinnabon_Delights_2_Pk_V_20260131_144933.png,,
Taco Bell,,Cinnabon® Delights™ (12 Pk - Serves 4) (V),,1010,11,68,88,430,22,0,40,5,52,,,,,,,,,,,,,,,,,,,,,,,,,,generated_images/0082_Taco_Bell_Cinnabon_Delights_12_Pk_-_Serves_4_V_20260131_144934.png,,
Taco Bell,,Cinnamon Twists (V),,170,1,6,27,115,0.5,0,0,<1,10,,,,,,,,,,,,,,,,,,,,,,,,,,generated_images/0083_Taco_Bell_Cinnamon_Twists_V_20260131_144934.png,,
Taco Bell,,Diablo Sauce Packet (V),,0,0,0,0,35,0,0,0,0,0,,,,,,,,,,,,,,,,,,,,,,,,,,generated_images/0084_Taco_Bell_Diablo_Sauce_Packet_V_20260131_144935.png,,
Taco Bell,,Fire Sauce Packet (V),,0,0,0,0,55,0,0,0,0,0,,,,,,,,,,,,,,,,,,,,,,,,,,generated_images/0085_Taco_Bell_Fire_Sauce_Packet_V_20260131_144935.png,,
Taco Bell,,Hot Sauce Packet (V),,0,0,0,0,45,0,0,0,0,0,,,,,,,,,,,,,,,,,,,,,,,,,,generated_images/0086_Taco_Bell_Hot_Sauce_Packet_V_20260131_144936.png,,
Taco Bell,,Large Nacho Fries,,500,6,29,52,1090,2.5,0,0,5,1,,,,,,,,,,,,,,,,,,,,,,,,,,generated_images/0087_Taco_Bell_Large_Nacho_Fries_20260131_144936.png,,
Taco Bell,,Mild Sauce Packet (V),,0,0,0,0,30,0,0,0,0,0,,,,,,,,,,,,,,,,,,,,,,,,,,generated_images/0088_Taco_Bell_Mild_Sauce_Packet_V_20260131_144937.png,,
Taco Bell,,Nacho Fries,,350,4,21,36,790,2,0,0,3,1,,,,,,,,,,,,,,,,,,,,,,,,,,generated_images/0089_Taco_Bell_Nacho_Fries_20260131_144937.png,,
Taco Bell,,Pintos N Cheese (V),,170,9,6,19,680,3,0,10,7,1,,,,,,,,,,,,,,,,,,,,,,,,,,generated_images/0090_Taco_Bell_Pintos_N_Cheese_V_20260131_144938.png,,
Taco Bell,,Blue Raspberry Freeze™ (16 oz),,120,0,0,30,35,0,0,0,0,30,,,,,,,,,,,,,,,,,,,,,,,,,,generated_images/0091_Taco_Bell_Blue_Raspberry_Freeze_16_oz_20260131_144938.png,,
Taco Bell,,Blue Raspberry Freeze™ (20 oz),,150,0,0,38,40,0,0,0,0,38,,,,,,,,,,,,,,,,,,,,,,,,,,generated_images/0092_Taco_Bell_Blue_Raspberry_Freeze_20_oz_20260131_144939.png,,
Taco Bell,,Caramel Dulce Churro Chiller (16 oz),,500,7,19,78,350,12,0.5,<5,0,77,,,,,,,,,,,,,,,,,,,,,,,,,,generated_images/0093_Taco_Bell_Caramel_Dulce_Churro_Chiller_16_oz_20260131_144939.png,,
Taco Bell,,Caramel Dulce Churro Chiller (20 oz),,680,10,25,106,470,16,1,10,0,103,,,,,,,,,,,,,,,,,,,,,,,,,,generated_images/0094_Taco_Bell_Caramel_Dulce_Churro_Chiller_20_oz_20260131_144940.png,,
Taco Bell,,Cinnabon® Caramel Coffee - Hot,,170,2,2,35,65,1.5,0,5,0,22,,,,,,,,,,,,,,,,,,,,,,,,,,generated_images/0095_Taco_Bell_Cinnabon_Caramel_Coffee_-_Hot_20260131_144940.png,,
Taco Bell,,Cinnabon® Caramel Coffee - Iced (16 oz),,240,3,9,35,150,6,0,0,0,23,,,,,,,,,,,,,,,,,,,,,,,,,,generated_images/0096_Taco_Bell_Cinnabon_Caramel_Coffee_-_Iced_16_oz_20260131_144941.png,,
Taco Bell,,Cinnabon® Caramel Coffee - Iced (20 oz),,240,3,9,35,150,6,0,0,0,23,,,,,,,,,,,,,,,,,,,,,,,,,,generated_images/0097_Taco_Bell_Cinnabon_Caramel_Coffee_-_Iced_20_oz_20260131_144941.png,,
Taco Bell,,Cinnabon® Caramel Latte Chiller (16 oz),,410,5,16,59,240,10,0,<5,0,45,,,,,,,,,,,,,,,,,,,,,,,,,,generated_images/0098_Taco_Bell_Cinnabon_Caramel_Latte_Chiller_16_oz_20260131_144942.png,,
Taco Bell,,Cinnabon® Caramel Latte Chiller (19 oz),,530,8,22,75,340,13,0.5,<5,0,60,,,,,,,,,,,,,,,,,,,,,,,,,,generated_images/0099_Taco_Bell_Cinnabon_Caramel_Latte_Chiller_19_oz_20260131_144942.png,,
Taco Bell,,Cinnabon® Delights™ Coffee - Hot,,160,1,2,34,75,1.5,0,5,0,22,,,,,,,,,,,,,,,,,,,,,,,,,,generated_images/0100_Taco_Bell_Cinnabon_Delights_Coffee_-_Hot_20260131_144953.png,,
Taco Bell,,Cinnabon® Delights™ Coffee - Iced,,160,1,2,34,85,1.5,0,5,0,22,,,,,,,,,,,,,,,,,,,,,,,,,,,,
Taco Bell,,Confetti Cookie Freeze™ (16 oz),,220,0,1,55,80,0.5,0,<5,0,53,,,,,,,,,,,,,,,,,,,,,,,,,,generated_images/0102_Taco_Bell_Confetti_Cookie_Freeze_16_oz_20260131_144954.png,,
Taco Bell,,Confetti Cookie Freeze™ (20 oz),,260,0,1,66,95,0.5,0,<5,0,63,,,,,,,,,,,,,,,,,,,,,,,,,,generated_images/0103_Taco_Bell_Confetti_Cookie_Freeze_20_oz_20260131_144954.png,,
Taco Bell,,Dragonfruit Berry Agua Refresca,,170,0,0,43,40,0,0,0,0,41,,,,,,,,,,,,,,,,,,,,,,,,,,generated_images/0104_Taco_Bell_Dragonfruit_Berry_Agua_Refresca_20260131_144954.png,,
Taco Bell,,Hot Coffee with Creamer,,45,<1,1,8,10,0.5,0,<5,0,7,,,,,,,,,,,,,,,,,,,,,,,,,,generated_images/0105_Taco_Bell_Hot_Coffee_with_Creamer_20260131_144955.png,,
Taco Bell,,Iced Coffee with Creamer,,45,<1,1,8,15,0.5,0,<5,0,7,,,,,,,,,,,,,,,,,,,,,,,,,,generated_images/0106_Taco_Bell_Iced_Coffee_with_Creamer_20260131_144955.png,,
Taco Bell,,Lowfat Milk - CA (Regional),,100,9,2,13,130,1.5,0,10,0,12,,,,,,,,,,,,,,,,,,,,,,,,,,,,
Taco Bell,,Lowfat Milk - Federal (Regional),,80,7,2,10,100,1.5,0,10,0,9,,,,,,,,,,,,,,,,,,,,,,,,,,generated_images/0108_Taco_Bell_Lowfat_Milk_-_Federal_Regional_20260131_144956.png,,
Taco Bell,,Mango Peach Agua Refresca,,170,0,0,43,40,0,0,0,0,42,,,,,,,,,,,,,,,,,,,,,,,,,,generated_images/0109_Taco_Bell_Mango_Peach_Agua_Refresca_20260131_144956.png,,
Taco Bell,,Mexican Chocolate Churro Chiller (16 oz),,430,7,18,63,330,11,0.5,0,0,58,,,,,,,,,,,,,,,,,,,,,,,,,,generated_images/0110_Taco_Bell_Mexican_Chocolate_Churro_Chiller_16_oz_20260131_144957.png,,
Taco Bell,,Mexican Chocolate Churro Chiller (20 oz),,570,9,24,82,440,15,1,0,0,75,,,,,,,,,,,,,,,,,,,,,,,,,,generated_images/0111_Taco_Bell_Mexican_Chocolate_Churro_Chiller_20_oz_20260131_144957.png,,
Taco Bell,,Mexican Mocha Coffee - Hot,,160,2,2.5,32,55,1.5,0,5,0,20,,,,,,,,,,,,,,,,,,,,,,,,,,generated_images/0112_Taco_Bell_Mexican_Mocha_Coffee_-_Hot_20260131_144958.png,,
Taco Bell,,Mexican Mocha Coffee - Iced (16 oz),,260,3,11,37,125,6,0,<5,0,26,,,,,,,,,,,,,,,,,,,,,,,,,,generated_images/0113_Taco_Bell_Mexican_Mocha_Coffee_-_Iced_16_oz_20260131_144958.png,,
Taco Bell,,Mexican Mocha Coffee - Iced (20 oz),,280,4,11,42,140,6,0,<5,0,28,,,,,,,,,,,,,,,,,,,,,,,,,,generated_images/0114_Taco_Bell_Mexican_Mocha_Coffee_-_Iced_20_oz_20260131_144959.png,,
Taco Bell,,Mexican Mocha Latte Chiller (16 oz),,430,6,17,61,220,10,0.5,5,0,48,,,,,,,,,,,,,,,,,,,,,,,,,,generated_images/0115_Taco_Bell_Mexican_Mocha_Latte_Chiller_16_oz_20260131_144959.png,,
Taco Bell,,Mexican Mocha Latte Chiller (20 oz),,550,8,23,77,320,14,0.5,5,0,64,,,,,,,,,,,,,,,,,,,,,,,,,,generated_images/0116_Taco_Bell_Mexican_Mocha_Latte_Chiller_20_oz_20260131_145000.png,,
Taco Bell,,Mtn Dew® Baja Blast Freeze™ (16 oz),,150,0,0,41,45,0,0,0,0,41,,,,,,,,,,,,,,,,,,,,,,,,,,generated_images/0117_Taco_Bell_Mtn_Dew_Baja_Blast_Freeze_16_oz_20260131_145000.png,,
Taco Bell,,Mtn Dew® Baja Blast Freeze™ (20 oz),,190,0,0,51,55,0,0,0,0,51,,,,,,,,,,,,,,,,,,,,,,,,,,generated_images/0118_Taco_Bell_Mtn_Dew_Baja_Blast_Freeze_20_oz_20260131_145001.png,,
Taco Bell,,Orange Juice,,140,2,0,33,20,0,0,0,<1,28,,,,,,,,,,,,,,,,,,,,,,,,,,generated_images/0119_Taco_Bell_Orange_Juice_20260131_145001.png,,
Taco Bell,,Pineapple Lime Rockstar Refresca,,50,0,0,12,30,0,0,0,0,11,,,,,,,,,,,,,,,,,,,,,,,,,,,,
Taco Bell,,Pink Lemonade Frost (16 oz),,190,<1,1.5,47,135,1,0,0,0,47,,,,,,,,,,,,,,,,,,,,,,,,,,generated_images/0121_Taco_Bell_Pink_Lemonade_Frost_16_oz_20260131_145002.png,,
Taco Bell,,Pink Lemonade Frost (20 oz),,270,1,3,66,190,2,0,0,0,65,,,,,,,,,,,,,,,,,,,,,,,,,,generated_images/0122_Taco_Bell_Pink_Lemonade_Frost_20_oz_20260131_145002.png,,
Taco Bell,,Premium Roast Coffee - Hot,,0,0,0,0,5,0,0,0,0,0,,,,,,,,,,,,,,,,,,,,,,,,,,generated_images/0123_Taco_Bell_Premium_Roast_Coffee_-_Hot_20260131_145003.png,,
Taco Bell,,Premium Roast Coffee - Iced,,0,0,0,0,20,0,0,0,0,0,,,,,,,,,,,,,,,,,,,,,,,,,,generated_images/0124_Taco_Bell_Premium_Roast_Coffee_-_Iced_20260131_145004.png,,
Taco Bell,,Strawberry Matcha Chiller (16 oz),,510,6,21,74,290,13,0.5,0,0,61,,,,,,,,,,,,,,,,,,,,,,,,,,generated_images/0125_Taco_Bell_Strawberry_Matcha_Chiller_16_oz_20260131_145004.png,,
Taco Bell,,Strawberry Matcha Chiller (20 oz),,680,8,27,100,390,16,1,0,0,82,,,,,,,,,,,,,,,,,,,,,,,,,,generated_images/0126_Taco_Bell_Strawberry_Matcha_Chiller_20_oz_20260131_145005.png,,
Taco Bell,,Strawberry Passionfruit Agua Refresca,,170,0,0,43,40,0,0,0,0,41,,,,,,,,,,,,,,,,,,,,,,,,,,generated_images/0127_Taco_Bell_Strawberry_Passionfruit_Agua_Refresca_20260131_145005.png,,
Taco Bell,,Tropical Punch Rockstar Refresca,,80,0,0,20,65,0,0,0,0,19,,,,,,,,,,,,,,,,,,,,,,,,,,generated_images/0128_Taco_Bell_Tropical_Punch_Rockstar_Refresca_20260131_145006.png,,
Taco Bell,,Vanilla Crema Coffee - Hot,,100,2,2,20,10,1,0,5,0,14,,,,,,,,,,,,,,,,,,,,,,,,,,generated_images/0129_Taco_Bell_Vanilla_Crema_Coffee_-_Hot_20260131_145006.png,,
Taco Bell,,Vanilla Crema Coffee - Iced (16 oz),,220,3,10,28,95,6,0,<5,0,22,,,,,,,,,,,,,,,,,,,,,,,,,,generated_images/0130_Taco_Bell_Vanilla_Crema_Coffee_-_Iced_16_oz_20260131_145007.png,,
Taco Bell,,Vanilla Crema Coffee - Iced (20 oz),,220,3,10,29,95,6,0,<5,0,22,,,,,,,,,,,,,,,,,,,,,,,,,,generated_images/0131_Taco_Bell_Vanilla_Crema_Coffee_-_Iced_20_oz_20260131_145007.png,,
Taco Bell,,Vanilla Crema Latte Chiller (16 oz),,390,5,17,53,190,10,0.5,5,0,44,,,,,,,,,,,,,,,,,,,,,,,,,,generated_images/0132_Taco_Bell_Vanilla_Crema_Latte_Chiller_16_oz_20260131_145008.png,,
Taco Bell,,Vanilla Crema Latte Chiller (20 oz),,510,8,23,69,290,14,0.5,5,0,60,,,,,,,,,,,,,,,,,,,,,,,,,,generated_images/0133_Taco_Bell_Vanilla_Crema_Latte_Chiller_20_oz_20260131_145009.png,,
Taco Bell,,Water,,0,0,0,0,0,0,0,0,0,0,,,,,,,,,,,,,,,,,,,,,,,,,,generated_images/0134_Taco_Bell_Water_20260131_145009.png,,
Taco Bell,,Wild Strawberry Churro Chiller (16 oz),,440,6,17,64,310,11,0.5,0,0,60,,,,,,,,,,,,,,,,,,,,,,,,,,generated_images/0135_Taco_Bell_Wild_Strawberry_Churro_Chiller_16_oz_20260131_145010.png,,
Taco Bell,,Wild Strawberry Churro Chiller (20 oz),,580,8,23,85,400,15,1,0,0,78,,,,,,,,,,,,,,,,,,,,,,,,,,,,
Taco Bell,,3-Cheese Chicken Flatbread Melt - Value Menu,,320,20,14,30,750,6,0,50,3,4,,,,,,,,,,,,,,,,,,,,,,,,,,generated_images/0137_Taco_Bell_3-Cheese_Chicken_Flatbread_Melt_-_Value_Menu_20260131_145010.png,,
Taco Bell,,Avocado Ranch Chicken Stacker,,350,16,15,40,890,4.5,0,35,3,3,,,,,,,,,,,,,,,,,,,,,,,,,,generated_images/0138_Taco_Bell_Avocado_Ranch_Chicken_Stacker_20260131_145011.png,,
Taco Bell,,Beefy Potato Loaded Griller,,480,12,23,56,1120,6,0,25,5,3,,,,,,,,,,,,,,,,,,,,,,,,,,generated_images/0139_Taco_Bell_Beefy_Potato_Loaded_Griller_20260131_145011.png,,
Taco Bell,,Cheesy Bean & Rice Burrito - Value Menu,,400,9,16,56,950,3.5,0,<5,6,3,,,,,,,,,,,,,,,,,,,,,,,,,,generated_images/0140_Taco_Bell_Cheesy_Bean_Rice_Burrito_-_Value_Menu_20260131_145012.png,,
Taco Bell,,Cheesy Double Beef Burrito - Value Menu,,560,20,25,64,1340,9,0,50,7,3,,,,,,,,,,,,,,,,,,,,,,,,,,generated_images/0141_Taco_Bell_Cheesy_Double_Beef_Burrito_-_Value_Menu_20260131_145012.png,,
Taco Bell,,Cheesy Fiesta Potatoes - Value Menu,,240,3,12,29,520,1.5,0,<5,3,1,,,,,,,,,,,,,,,,,,,,,,,,,,generated_images/0142_Taco_Bell_Cheesy_Fiesta_Potatoes_-_Value_Menu_20260131_145013.png,,
Taco Bell,,Cheesy Roll Up - Value Menu,,170,8,8,18,420,5,0,25,1,1,,,,,,,,,,,,,,,,,,,,,,,,,,generated_images/0143_Taco_Bell_Cheesy_Roll_Up_-_Value_Menu_20260131_145013.png,,
Taco Bell,,Chicken Enchilada Burrito - Value Menu,,370,18,11,50,1150,5,0,40,4,3,,,,,,,,,,,,,,,,,,,,,,,,,,,,
Taco Bell,,Chips and Nacho Supreme Dip,,360,10,19,37,720,4.5,0,20,7,3,,,,,,,,,,,,,,,,,,,,,,,,,,generated_images/0145_Taco_Bell_Chips_and_Nacho_Supreme_Dip_20260131_145014.png,,
Taco Bell,,Double Stacked Taco - Value Menu,,320,10,16,34,610,5,0,25,4,2,,,,,,,,,,,,,,,,,,,,,,,,,,generated_images/0146_Taco_Bell_Double_Stacked_Taco_-_Value_Menu_20260131_145014.png,,
Taco Bell,,Loaded Beef Nachos - Value Menu,,450,12,24,45,930,5,0,20,9,2,,,,,,,,,,,,,,,,,,,,,,,,,,generated_images/0147_Taco_Bell_Loaded_Beef_Nachos_-_Value_Menu_20260131_145015.png,,
Taco Bell,,Mini Taco Salad,,280,9,15,27,490,4,0,20,6,2,,,,,,,,,,,,,,,,,,,,,,,,,,generated_images/0148_Taco_Bell_Mini_Taco_Salad_20260131_145015.png,,
Taco Bell,,Spicy Potato Soft Taco - Value Menu,,240,5,11,28,470,3,0,10,2,1,,,,,,,,,,,,,,,,,,,,,,,,,,generated_images/0149_Taco_Bell_Spicy_Potato_Soft_Taco_-_Value_Menu_20260131_145016.png,,
Taco Bell,,Bean Burrito,,360,13,10,54,1080,4.5,0,5,8,3,,,,,,,,,,,,,,,,,,,,,,,,,,generated_images/0150_Taco_Bell_Bean_Burrito_20260131_145016.png,,
Taco Bell,,Black Bean Chalupa Supreme®,,340,10,17,36,450,3.5,0,10,7,4,,,,,,,,,,,,,,,,,,,,,,,,,,generated_images/0151_Taco_Bell_Black_Bean_Chalupa_Supreme_20260131_145017.png,,
Taco Bell,,Black Bean Crunchwrap Supreme®,,520,13,17,78,1090,5,0,<5,8,6,,,,,,,,,,,,,,,,,,,,,,,,,,generated_images/0152_Taco_Bell_Black_Bean_Crunchwrap_Supreme_20260131_145017.png,,
Taco Bell,,Black Beans,,50,3,1.5,7,140,0,0,0,4,0,,,,,,,,,,,,,,,,,,,,,,,,,,generated_images/0153_Taco_Bell_Black_Beans_20260131_145018.png,,
Taco Bell,,Black Beans & Rice,,160,4,4.5,25,370,0,0,0,5,<1,,,,,,,,,,,,,,,,,,,,,,,,,,generated_images/0154_Taco_Bell_Black_Beans_Rice_20260131_145018.png,,
Taco Bell,,Cheese Quesadilla,,440,18,22,43,980,11,0,50,4,3,,,,,,,,,,,,,,,,,,,,,,,,,,generated_images/0155_Taco_Bell_Cheese_Quesadilla_20260131_145019.png,,
Taco Bell,,Cheesy Bean & Rice Burrito,,400,9,16,56,950,3.5,0,<5,6,3,,,,,,,,,,,,,,,,,,,,,,,,,,generated_images/0156_Taco_Bell_Cheesy_Bean_Rice_Burrito_20260131_145019.png,,
Taco Bell,,Cheesy Fiesta Potatoes,,240,3,12,29,520,1.5,0,<5,3,1,,,,,,,,,,,,,,,,,,,,,,,,,,generated_images/0157_Taco_Bell_Cheesy_Fiesta_Potatoes_20260131_145020.png,,
Taco Bell,,Cheesy Roll Up,,170,8,8,18,420,5,0,25,1,1,,,,,,,,,,,,,,,,,,,,,,,,,,generated_images/0158_Taco_Bell_Cheesy_Roll_Up_20260131_145020.png,,
Taco Bell,,Chips and Nacho Cheese Sauce,,220,3,13,24,280,1.5,0,0,2,1,,,,,,,,,,,,,,,,,,,,,,,,,,generated_images/0159_Taco_Bell_Chips_and_Nacho_Cheese_Sauce_20260131_145021.png,,
Taco Bell,,Cinnabon® Delights™ (2 Pack),,170,2,11,15,70,3.5,0,5,<1,9,,,,,,,,,,,,,,,,,,,,,,,,,,generated_images/0160_Taco_Bell_Cinnabon_Delights_2_Pack_20260131_145022.png,,
Taco Bell,,Cinnabon® Delights™ (12 Pack - Serves 4),,1010,11,68,88,430,22,0,40,5,52,,,,,,,,,,,,,,,,,,,,,,,,,,generated_images/0161_Taco_Bell_Cinnabon_Delights_12_Pack_-_Serves_4_20260131_145022.png,,
Taco Bell,,Cinnamon Twists,,170,1,6,27,115,0.5,0,0,<1,10,,,,,,,,,,,,,,,,,,,,,,,,,,generated_images/0162_Taco_Bell_Cinnamon_Twists_20260131_145023.png,,
Taco Bell,,Hash Brown,,170,2,11,14,330,1,0,0,2,<1,,,,,,,,,,,,,,,,,,,,,,,,,,,,
Taco Bell,,Pintos N Cheese,,170,9,6,19,680,3,0,10,7,1,,,,,,,,,,,,,,,,,,,,,,,,,,generated_images/0164_Taco_Bell_Pintos_N_Cheese_20260131_145023.png,,
Taco Bell,,Spicy Potato Soft Taco,,240,5,11,28,470,3,0,10,2,1,,,,,,,,,,,,,,,,,,,,,,,,,,generated_images/0165_Taco_Bell_Spicy_Potato_Soft_Taco_20260131_145024.png,,
Taco Bell,,Veggie Bowl,,410,12,20,48,850,6,0,20,11,3,,,,,,,,,,,,,,,,,,,,,,,,,,generated_images/0166_Taco_Bell_Veggie_Bowl_20260131_145024.png,,
Taco Bell,,Veggie Mexican Pizza,,460,14,23,48,740,6,0,25,7,3,,,,,,,,,,,,,,,,,,,,,,,,,,,,
Taco Bell,,Breakfast California Crunchwrap - Bacon,,640,21,38,54,1390,12,0,135,5,4,,,,,,,,,,,,,,,,,,,,,,,,,,generated_images/0168_Taco_Bell_Breakfast_California_Crunchwrap_-_Bacon_20260131_145025.png,,
Taco Bell,,Breakfast California Crunchwrap - Sausage,,700,20,45,54,1360,15,0,140,6,3,,,,,,,,,,,,,,,,,,,,,,,,,,generated_images/0169_Taco_Bell_Breakfast_California_Crunchwrap_-_Sausage_20260131_145025.png,,
Taco Bell,,Breakfast Crunchwrap - Bacon,,660,21,40,54,1370,13,0,140,5,3,,,,,,,,,,,,,,,,,,,,,,,,,,generated_images/0170_Taco_Bell_Breakfast_Crunchwrap_-_Bacon_20260131_145026.png,,
Taco Bell,,Breakfast Crunchwrap - Sausage Patty,,740,21,49,55,1270,16,0,150,5,4,,,,,,,,,,,,,,,,,,,,,,,,,,generated_images/0171_Taco_Bell_Breakfast_Crunchwrap_-_Sausage_Patty_20260131_145026.png,,
Taco Bell,,Breakfast Crunchwrap - Steak,,650,24,38,55,1410,12,0,145,5,4,,,,,,,,,,,,,,,,,,,,,,,,,,generated_images/0172_Taco_Bell_Breakfast_Crunchwrap_-_Steak_20260131_145027.png,,
Taco Bell,,Breakfast Quesadilla - Bacon,,500,25,26,42,1240,13,0,155,3,3,,,,,,,,,,,,,,,,,,,,,,,,,,generated_images/0173_Taco_Bell_Breakfast_Quesadilla_-_Bacon_20260131_145027.png,,
Taco Bell,,Breakfast Quesadilla - Sausage,,500,23,27,42,1110,13,0,150,3,3,,,,,,,,,,,,,,,,,,,,,,,,,,generated_images/0174_Taco_Bell_Breakfast_Quesadilla_-_Sausage_20260131_145028.png,,
Taco Bell,,Breakfast Quesadilla - Steak,,500,28,23,43,1290,12,0,160,3,4,,,,,,,,,,,,,,,,,,,,,,,,,,generated_images/0175_Taco_Bell_Breakfast_Quesadilla_-_Steak_20260131_145028.png,,
Taco Bell,,Breakfast Salsa Packet (V),,0,0,0,<1,50,0,0,0,0,0,,,,,,,,,,,,,,,,,,,,,,,,,,generated_images/0176_Taco_Bell_Breakfast_Salsa_Packet_V_20260131_145029.png,,
Taco Bell,,Cheesy Toasted Breakfast Burrito - Bacon,,350,13,16,38,900,5,0,110,2,3,,,,,,,,,,,,,,,,,,,,,,,,,,generated_images/0177_Taco_Bell_Cheesy_Toasted_Breakfast_Burrito_-_Bacon_20260131_145029.png,,
Taco Bell,,Cheesy Toasted Breakfast Burrito - Fiesta Potato (V),,340,9,14,44,770,3.5,0,95,3,3,,,,,,,,,,,,,,,,,,,,,,,,,,generated_images/0178_Taco_Bell_Cheesy_Toasted_Breakfast_Burrito_-_Fiesta_Potato_V_20260131_145029.png,,
Taco Bell,,Cheesy Toasted Breakfast Burrito - Sausage,,350,10,17,38,770,6,0,105,2,3,,,,,,,,,,,,,,,,,,,,,,,,,,generated_images/0179_Taco_Bell_Cheesy_Toasted_Breakfast_Burrito_-_Sausage_20260131_145030.png,,
Taco Bell,,Cinnabon® Delights™ (2 Pack) (V),,170,2,11,15,70,3.5,0,5,<1,9,,,,,,,,,,,,,,,,,,,,,,,,,,generated_images/0180_Taco_Bell_Cinnabon_Delights_2_Pack_V_20260131_145031.png,,
Taco Bell,,Cinnabon® Delights™ (12 Pack - Serves 4) (V),,1010,11,68,88,430,22,0,40,5,52,,,,,,,,,,,,,,,,,,,,,,,,,,generated_images/0181_Taco_Bell_Cinnabon_Delights_12_Pack_-_Serves_4_V_20260131_145031.png,,
Taco Bell,,Cinnabon® Delights™ Coffee - Hot,,160,1,2,34,75,1.5,0,5,0,22,,,,,,,,,,,,,,,,,,,,,,,,,,generated_images/0182_Taco_Bell_Cinnabon_Delights_Coffee_-_Hot_20260131_145032.png,,
Taco Bell,,Cinnabon® Delights™ Coffee - Iced,,160,1,2,34,85,1.5,0,5,0,22,,,,,,,,,,,,,,,,,,,,,,,,,,generated_images/0183_Taco_Bell_Cinnabon_Delights_Coffee_-_Iced_20260131_145032.png,,
Taco Bell,,Grande Toasted Breakfast Burrito - Bacon,,570,23,29,52,1310,11,0,225,4,3,,,,,,,,,,,,,,,,,,,,,,,,,,generated_images/0184_Taco_Bell_Grande_Toasted_Breakfast_Burrito_-_Bacon_20260131_145033.png,,
Taco Bell,,Grande Toasted Breakfast Burrito - Sausage,,570,21,30,52,1180,11,0,220,4,3,,,,,,,,,,,,,,,,,,,,,,,,,,generated_images/0185_Taco_Bell_Grande_Toasted_Breakfast_Burrito_-_Sausage_20260131_145033.png,,
Taco Bell,,Grande Toasted Breakfast Burrito - Steak,,560,26,27,53,1360,10,0,230,4,4,,,,,,,,,,,,,,,,,,,,,,,,,,generated_images/0186_Taco_Bell_Grande_Toasted_Breakfast_Burrito_-_Steak_20260131_145034.png,,
Taco Bell,,Hash Brown (V),,170,2,11,14,330,1,0,0,2,<1,,,,,,,,,,,,,,,,,,,,,,,,,,generated_images/0187_Taco_Bell_Hash_Brown_V_20260131_145034.png,,
Taco Bell,,Hash Brown Toasted Breakfast Burrito - Bacon,,580,20,31,53,1350,10,0,130,4,3,,,,,,,,,,,,,,,,,,,,,,,,,,generated_images/0188_Taco_Bell_Hash_Brown_Toasted_Breakfast_Burrito_-_Bacon_20260131_145034.png,,
Taco Bell,,Hash Brown Toasted Breakfast Burrito - Sausage,,580,18,32,53,1220,10,0,125,4,3,,,,,,,,,,,,,,,,,,,,,,,,,,generated_images/0189_Taco_Bell_Hash_Brown_Toasted_Breakfast_Burrito_-_Sausage_20260131_145035.png,,
Taco Bell,,Hash Brown Toasted Breakfast Burrito - Steak,,570,24,29,54,1400,9,0,135,4,4,,,,,,,,,,,,,,,,,,,,,,,,,,generated_images/0190_Taco_Bell_Hash_Brown_Toasted_Breakfast_Burrito_-_Steak_20260131_145035.png,,
Taco Bell,,Hot Coffee with Creamer,,45,<1,1,8,10,0.5,0,<5,0,7,,,,,,,,,,,,,,,,,,,,,,,,,,generated_images/0191_Taco_Bell_Hot_Coffee_with_Creamer_20260131_145036.png,,
Taco Bell,,Iced Coffee with Creamer,,45,<1,1,8,15,0.5,0,<5,0,7,,,,,,,,,,,,,,,,,,,,,,,,,,generated_images/0192_Taco_Bell_Iced_Coffee_with_Creamer_20260131_145036.png,,
Taco Bell,,Orange Juice,,140,2,0,33,20,0,0,0,<1,28,,,,,,,,,,,,,,,,,,,,,,,,,,generated_images/0193_Taco_Bell_Orange_Juice_20260131_145037.png,,
Taco Bell,,Premium Roast Coffee - Hot,,0,0,0,0,5,0,0,0,0,0,,,,,,,,,,,,,,,,,,,,,,,,,,generated_images/0194_Taco_Bell_Premium_Roast_Coffee_-_Hot_20260131_145038.png,,
Taco Bell,,Premium Roast Coffee - Iced,,0,0,0,0,20,0,0,0,0,0,,,,,,,,,,,,,,,,,,,,,,,,,,generated_images/0195_Taco_Bell_Premium_Roast_Coffee_-_Iced_20260131_145038.png,,
Taco Bell,,Vanilla Creamer,,20,0,0,4,0,0,0,0,0,3,,,,,,,,,,,,,,,,,,,,,,,,,,generated_images/0196_Taco_Bell_Vanilla_Creamer_20260131_145039.png,,
Taco Bell,,Mad Tasty Grapefruit Sparkling Water,,5,0,0,0,0,0,0,0,0,0,,,,,,,,,,,,,,,,,,,,,,,,,,generated_images/0197_Taco_Bell_Mad_Tasty_Grapefruit_Sparkling_Water_20260131_145039.png,,
Taco Bell,,Mad Tasty Unicorn Tears Sparkling Water,,5,0,0,0,0,0,0,0,0,0,,,,,,,,,,,,,,,,,,,,,,,,,,generated_images/0198_Taco_Bell_Mad_Tasty_Unicorn_Tears_Sparkling_Water_20260131_145040.png,,
Taco Bell,,Mad Tasty Watermelon Kiwi Sparkling Water,,15,0,0,2,0,0,0,0,0,0,,,,,,,,,,,,,,,,,,,,,,,,,,generated_images/0199_Taco_Bell_Mad_Tasty_Watermelon_Kiwi_Sparkling_Water_20260131_145040.png,,
Taco Bell,,Mad Tasty Yuzu Citrus Sparkling Water,,5,0,0,0,55,0,0,0,0,0,,,,,,,,,,,,,,,,,,,,,,,,,,generated_images/0200_Taco_Bell_Mad_Tasty_Yuzu_Citrus_Sparkling_Water_20260131_145052.png,,
Taco Bell,,Mtn Dew® Baja Blast Freeze™ (16 oz),,150,0,0,41,45,0,0,0,0,41,,,,,,,,,,,,,,,,,,,,,,,,,,generated_images/0201_Taco_Bell_Mtn_Dew_Baja_Blast_Freeze_16_oz_20260131_145053.png,,
Taco Bell,,Mtn Dew® Baja Blast Freeze™ (20 oz),,190,0,0,51,55,0,0,0,0,51,,,,,,,,,,,,,,,,,,,,,,,,,,,,
Taco Bell,,Prosecco Sparkling Wine (350 mL),,280,0,0,9,15,0,0,0,0,3,,,,,,,,,,,,,,,,,,,,,,,,,,generated_images/0203_Taco_Bell_Prosecco_Sparkling_Wine_350_mL_20260131_145053.png,,
Taco Bell,,Red Wine (6.3 fl oz),,160,0,0,5,5,0,0,0,0,1,,,,,,,,,,,,,,,,,,,,,,,,,,generated_images/0204_Taco_Bell_Red_Wine_63_fl_oz_20260131_145053.png,,
Taco Bell,,Rum (80 proof),,70,0,0,0,0,0,0,0,0,0,,,,,,,,,,,,,,,,,,,,,,,,,,generated_images/0205_Taco_Bell_Rum_80_proof_20260131_145054.png,,
Taco Bell,,Tequila (80 proof),,70,0,0,0,0,0,0,0,0,0,,,,,,,,,,,,,,,,,,,,,,,,,,generated_images/0206_Taco_Bell_Tequila_80_proof_20260131_145054.png,,
Taco Bell,,Vodka (80 proof),,70,0,0,0,0,0,0,0,0,0,,,,,,,,,,,,,,,,,,,,,,,,,,generated_images/0207_Taco_Bell_Vodka_80_proof_20260131_145055.png,,
Taco Bell,,Anchor Steam (16 oz),,200,0,0,0,0,0,0,0,0,0,,,,,,,,,,,,,,,,,,,,,,,,,,generated_images/0208_Taco_Bell_Anchor_Steam_16_oz_20260131_145055.png,,
Taco Bell,,Angel Island IPA (12 oz),,190,1,0,14,0,0,0,0,0,0,,,,,,,,,,,,,,,,,,,,,,,,,,generated_images/0209_Taco_Bell_Angel_Island_IPA_12_oz_20260131_145055.png,,
Taco Bell,,Angel Island IPA (16 oz),,250,2,0,19,0,0,0,0,0,0,,,,,,,,,,,,,,,,,,,,,,,,,,generated_images/0210_Taco_Bell_Angel_Island_IPA_16_oz_20260131_145056.png,,
Taco Bell,,Angry Orchard (16 oz),,260,0,0,0,0,0,0,0,0,0,,,,,,,,,,,,,,,,,,,,,,,,,,generated_images/0211_Taco_Bell_Angry_Orchard_16_oz_20260131_145056.png,,
Taco Bell,,Angry Orchard - Crisp Apple (12 oz),,200,0,0,25,0,0,0,0,0,20,,,,,,,,,,,,,,,,,,,,,,,,,,generated_images/0212_Taco_Bell_Angry_Orchard_-_Crisp_Apple_12_oz_20260131_145057.png,,
Taco Bell,,Angry Orchard - Crisp Apple (16 oz),,260,0,0,33,0,0,0,0,0,27,,,,,,,,,,,,,,,,,,,,,,,,,,generated_images/0213_Taco_Bell_Angry_Orchard_-_Crisp_Apple_16_oz_20260131_145057.png,,
Taco Bell,,Barrio Blonde (12 oz),,160,0,0,10,0,0,0,0,0,0,,,,,,,,,,,,,,,,,,,,,,,,,,generated_images/0214_Taco_Bell_Barrio_Blonde_12_oz_20260131_145057.png,,
Taco Bell,,Barrio Blonde (16 oz),,210,0,0,13,0,0,0,0,0,0,,,,,,,,,,,,,,,,,,,,,,,,,,generated_images/0215_Taco_Bell_Barrio_Blonde_16_oz_20260131_145058.png,,
Taco Bell,,Beach Bell Beer (12 oz),,180,0,0,14,0,0,0,0,0,0,,,,,,,,,,,,,,,,,,,,,,,,,,generated_images/0216_Taco_Bell_Beach_Bell_Beer_12_oz_20260131_145059.png,,
Taco Bell,,Beach Bell Beer (16 oz),,240,0,0,19,0,0,0,0,0,0,,,,,,,,,,,,,,,,,,,,,,,,,,generated_images/0217_Taco_Bell_Beach_Bell_Beer_16_oz_20260131_145059.png,,
Taco Bell,,Beer - General (12 oz),,150,2,0,13,15,0,0,0,0,0,,,,,,,,,,,,,,,,,,,,,,,,,,generated_images/0218_Taco_Bell_Beer_-_General_12_oz_20260131_145100.png,,
Taco Bell,,Beer - General (16 oz),,200,2,0,17,20,0,0,0,0,0,,,,,,,,,,,,,,,,,,,,,,,,,,generated_images/0219_Taco_Bell_Beer_-_General_16_oz_20260131_145100.png,,
Taco Bell,,Bell's Two Hearted Ale (12 oz),,210,0,0,17,0,0,0,0,0,0,,,,,,,,,,,,,,,,,,,,,,,,,,generated_images/0220_Taco_Bell_Bells_Two_Hearted_Ale_12_oz_20260131_145101.png,,
Taco Bell,,Bell's Two Hearted Ale (16 oz),,280,0,0,22,0,0,0,0,0,0,,,,,,,,,,,,,,,,,,,,,,,,,,generated_images/0221_Taco_Bell_Bells_Two_Hearted_Ale_16_oz_20260131_145101.png,,
Taco Bell,,Bell Tower Cerveza (12 oz),,110,2,0,11,0,0,0,0,0,0,,,,,,,,,,,,,,,,,,,,,,,,,,generated_images/0222_Taco_Bell_Bell_Tower_Cerveza_12_oz_20260131_145102.png,,
Taco Bell,,Bell Tower Cerveza (16 oz),,140,2,0,15,0,0,0,0,0,0,,,,,,,,,,,,,,,,,,,,,,,,,,generated_images/0223_Taco_Bell_Bell_Tower_Cerveza_16_oz_20260131_145102.png,,
Taco Bell,,Black Abbey - The Rose (12 oz),,160,0,0,12,0,0,0,0,0,0,,,,,,,,,,,,,,,,,,,,,,,,,,generated_images/0224_Taco_Bell_Black_Abbey_-_The_Rose_12_oz_20260131_145103.png,,
Taco Bell,,Black Abbey - The Rose (16 oz),,220,0,0,17,0,0,0,0,0,0,,,,,,,,,,,,,,,,,,,,,,,,,,generated_images/0225_Taco_Bell_Black_Abbey_-_The_Rose_16_oz_20260131_145103.png,,
Taco Bell,,Blue Moon Belgian White (12 oz),,170,2,0,14,15,0,0,0,0,0,,,,,,,,,,,,,,,,,,,,,,,,,,generated_images/0226_Taco_Bell_Blue_Moon_Belgian_White_12_oz_20260131_145104.png,,
Taco Bell,,Blue Moon Belgian White (16 oz),,220,3,0,19,20,0,0,0,0,0,,,,,,,,,,,,,,,,,,,,,,,,,,generated_images/0227_Taco_Bell_Blue_Moon_Belgian_White_16_oz_20260131_145104.png,,
Taco Bell,,Blue Moon Belgian White (24 oz),,340,4,0,28,30,0,0,0,0,0,,,,,,,,,,,,,,,,,,,,,,,,,,generated_images/0228_Taco_Bell_Blue_Moon_Belgian_White_24_oz_20260131_145105.png,,
Taco Bell,,Blue Moon Belgian White Bottle (12 oz),,170,2,0,14,0,0,0,0,0,0,,,,,,,,,,,,,,,,,,,,,,,,,,generated_images/0229_Taco_Bell_Blue_Moon_Belgian_White_Bottle_12_oz_20260131_145105.png,,
Taco Bell,,Blue Moon Mango Wheat (12 oz),,180,2,0,16,0,0,0,0,0,0,,,,,,,,,,,,,,,,,,,,,,,,,,generated_images/0230_Taco_Bell_Blue_Moon_Mango_Wheat_12_oz_20260131_145106.png,,
Taco Bell,,Blue Moon Mango Wheat (16 oz),,230,3,0,21,0,0,0,0,0,0,,,,,,,,,,,,,,,,,,,,,,,,,,generated_images/0231_Taco_Bell_Blue_Moon_Mango_Wheat_16_oz_20260131_145107.png,,
Taco Bell,,Blue Point Big City Bells Pilsner (12 oz),,160,2,0,10,0,0,0,0,0,0,,,,,,,,,,,,,,,,,,,,,,,,,,generated_images/0232_Taco_Bell_Blue_Point_Big_City_Bells_Pilsner_12_oz_20260131_145107.png,,
Taco Bell,,Blue Point Big City Bells Pilsner (16 oz),,210,2,0,14,0,0,0,0,0,0,,,,,,,,,,,,,,,,,,,,,,,,,,generated_images/0233_Taco_Bell_Blue_Point_Big_City_Bells_Pilsner_16_oz_20260131_145108.png,,
Taco Bell,,Blue Point Hoptical Illusion IPA (12 oz),,220,3,0,18,20,0,0,0,0,0,,,,,,,,,,,,,,,,,,,,,,,,,,generated_images/0234_Taco_Bell_Blue_Point_Hoptical_Illusion_IPA_12_oz_20260131_145108.png,,
Taco Bell,,Blue Point Hoptical Illusion IPA (16 oz),,290,4,0,24,25,0,0,0,0,0,,,,,,,,,,,,,,,,,,,,,,,,,,generated_images/0235_Taco_Bell_Blue_Point_Hoptical_Illusion_IPA_16_oz_20260131_145109.png,,
Taco Bell,,Blue Point Toasted Lager (12 oz),,150,2,0,15,15,0,0,0,0,0,,,,,,,,,,,,,,,,,,,,,,,,,,generated_images/0236_Taco_Bell_Blue_Point_Toasted_Lager_12_oz_20260131_145109.png,,
Taco Bell,,Blue Point Toasted Lager (16 oz),,200,3,0,20,20,0,0,0,0,0,,,,,,,,,,,,,,,,,,,,,,,,,,generated_images/0237_Taco_Bell_Blue_Point_Toasted_Lager_16_oz_20260131_145110.png,,
Taco Bell,,Boulevard Cherry Blossom and Lime (12 oz),,90,0,0,3,0,0,0,0,0,0,,,,,,,,,,,,,,,,,,,,,,,,,,,,
Taco Bell,,Boulevard Cherry Blossom and Lime (16 oz),,120,0,0,4,0,0,0,0,0,0,,,,,,,,,,,,,,,,,,,,,,,,,,generated_images/0239_Taco_Bell_Boulevard_Cherry_Blossom_and_Lime_16_oz_20260131_145110.png,,
Taco Bell,,Boulevard Space Camper Cosmic IPA (12 oz),,180,0,0,14,0,0,0,0,0,0,,,,,,,,,,,,,,,,,,,,,,,,,,generated_images/0240_Taco_Bell_Boulevard_Space_Camper_Cosmic_IPA_12_oz_20260131_145111.png,,
Taco Bell,,Boulevard Space Camper Cosmic IPA (16 oz),,230,0,0,19,0,0,0,0,0,0,,,,,,,,,,,,,,,,,,,,,,,,,,generated_images/0241_Taco_Bell_Boulevard_Space_Camper_Cosmic_IPA_16_oz_20260131_145111.png,,
Taco Bell,,Boulevard Unfiltered Wheat Beer (12 oz),,150,0,0,15,0,0,0,0,0,0,,,,,,,,,,,,,,,,,,,,,,,,,,generated_images/0242_Taco_Bell_Boulevard_Unfiltered_Wheat_Beer_12_oz_20260131_145112.png,,
Taco Bell,,Boulevard Unfiltered Wheat Beer (16 oz),,200,0,0,20,0,0,0,0,0,0,,,,,,,,,,,,,,,,,,,,,,,,,,generated_images/0243_Taco_Bell_Boulevard_Unfiltered_Wheat_Beer_16_oz_20260131_145112.png,,
Taco Bell,,Boulevard Unfiltered Wheat Beer 100 (12 oz),,100,0,0,5,0,0,0,0,0,0,,,,,,,,,,,,,,,,,,,,,,,,,,generated_images/0244_Taco_Bell_Boulevard_Unfiltered_Wheat_Beer_100_12_oz_20260131_145113.png,,
Taco Bell,,Boulevard Unfiltered Wheat Beer 100 (16 oz),,130,0,0,7,0,0,0,0,0,0,,,,,,,,,,,,,,,,,,,,,,,,,,,,
Taco Bell,,Breaking Bud (12 oz),,180,2,0,11,0,0,0,0,0,0,,,,,,,,,,,,,,,,,,,,,,,,,,generated_images/0246_Taco_Bell_Breaking_Bud_12_oz_20260131_145113.png,,
Taco Bell,,Breaking Bud (16 oz),,240,3,0,15,0,0,0,0,0,0,,,,,,,,,,,,,,,,,,,,,,,,,,generated_images/0247_Taco_Bell_Breaking_Bud_16_oz_20260131_145114.png,,
Taco Bell,,Brooklyn Lager (12 oz),,170,0,0,13,0,0,0,0,0,13,,,,,,,,,,,,,,,,,,,,,,,,,,generated_images/0248_Taco_Bell_Brooklyn_Lager_12_oz_20260131_145114.png,,
Taco Bell,,Brooklyn Lager (16 oz),,230,0,0,18,0,0,0,0,0,18,,,,,,,,,,,,,,,,,,,,,,,,,,generated_images/0249_Taco_Bell_Brooklyn_Lager_16_oz_20260131_145115.png,,
Taco Bell,,Bud Light (12 oz),,110,<1,0,7,0,0,0,0,0,0,,,,,,,,,,,,,,,,,,,,,,,,,,generated_images/0250_Taco_Bell_Bud_Light_12_oz_20260131_145115.png,,
Taco Bell,,Bud Light (16 oz),,150,1,0,9,0,0,0,0,0,0,,,,,,,,,,,,,,,,,,,,,,,,,,generated_images/0251_Taco_Bell_Bud_Light_16_oz_20260131_145116.png,,
Taco Bell,,Bud Light Bottle (16 oz),,110,<1,0,7,0,0,0,0,0,0,,,,,,,,,,,,,,,,,,,,,,,,,,generated_images/0252_Taco_Bell_Bud_Light_Bottle_16_oz_20260131_145116.png,,
Taco Bell,,Budweiser (12 oz),,150,1,0,11,0,0,0,0,0,0,,,,,,,,,,,,,,,,,,,,,,,,,,generated_images/0253_Taco_Bell_Budweiser_12_oz_20260131_145117.png,,
Taco Bell,,Budweiser (16 oz),,190,2,0,14,0,0,0,0,0,0,,,,,,,,,,,,,,,,,,,,,,,,,,generated_images/0254_Taco_Bell_Budweiser_16_oz_20260131_145117.png,,
Taco Bell,,Budweiser Bottle (16 oz),,180,2,0,14,15,0,0,0,0,0,,,,,,,,,,,,,,,,,,,,,,,,,,generated_images/0255_Taco_Bell_Budweiser_Bottle_16_oz_20260131_145118.png,,
Taco Bell,,Busch Light (16 oz),,130,<1,0,4,0,0,0,0,0,0,,,,,,,,,,,,,,,,,,,,,,,,,,generated_images/0256_Taco_Bell_Busch_Light_16_oz_20260131_145118.png,,
Taco Bell,,Calicraft Coast (12 oz),,130,0,0,11,0,0,0,0,0,0,,,,,,,,,,,,,,,,,,,,,,,,,,generated_images/0257_Taco_Bell_Calicraft_Coast_12_oz_20260131_145119.png,,
Taco Bell,,Calicraft Coast (16 oz),,170,0,0,15,0,0,0,0,0,0,,,,,,,,,,,,,,,,,,,,,,,,,,generated_images/0258_Taco_Bell_Calicraft_Coast_16_oz_20260131_145119.png,,
Taco Bell,,Captain Lawrence Hop Commander (12 oz),,200,2,0,15,0,0,0,0,0,0,,,,,,,,,,,,,,,,,,,,,,,,,,generated_images/0259_Taco_Bell_Captain_Lawrence_Hop_Commander_12_oz_20260131_145120.png,,
Taco Bell,,Cool Kidz IPA (16 oz),,220,0,0,0,0,0,0,0,0,0,,,,,,,,,,,,,,,,,,,,,,,,,,generated_images/0260_Taco_Bell_Cool_Kidz_IPA_16_oz_20260131_145120.png,,
Taco Bell,,Coors (Coors Banquet) (12 oz),,150,1,0,12,15,0,0,0,0,0,,,,,,,,,,,,,,,,,,,,,,,,,,generated_images/0261_Taco_Bell_Coors_Coors_Banquet_12_oz_20260131_145121.png,,
Taco Bell,,Coors (Coors Banquet) (16 oz),,200,1,0,16,20,0,0,0,0,0,,,,,,,,,,,,,,,,,,,,,,,,,,generated_images/0262_Taco_Bell_Coors_Coors_Banquet_16_oz_20260131_145121.png,,
Taco Bell,,Coors Light (12 oz),,100,0,0,5,10,0,0,0,0,1,,,,,,,,,,,,,,,,,,,,,,,,,,generated_images/0263_Taco_Bell_Coors_Light_12_oz_20260131_145122.png,,
Taco Bell,,Coors Light (16 oz),,140,0,0,7,15,0,0,0,0,1,,,,,,,,,,,,,,,,,,,,,,,,,,generated_images/0264_Taco_Bell_Coors_Light_16_oz_20260131_145122.png,,
Taco Bell,,Coors Light (24 oz),,200,0,0,10,20,0,0,0,0,2,,,,,,,,,,,,,,,,,,,,,,,,,,generated_images/0265_Taco_Bell_Coors_Light_24_oz_20260131_145123.png,,
Taco Bell,,Copperhead Red (12 oz),,180,2,0,19,0,0,0,0,0,0,,,,,,,,,,,,,,,,,,,,,,,,,,generated_images/0266_Taco_Bell_Copperhead_Red_12_oz_20260131_145123.png,,
Taco Bell,,Copperhead Red (16 oz),,240,3,0,25,0,0,0,0,0,0,,,,,,,,,,,,,,,,,,,,,,,,,,generated_images/0267_Taco_Bell_Copperhead_Red_16_oz_20260131_145124.png,,
Taco Bell,,Corona Extra (12 oz),,150,1,0,14,20,0,0,0,0,0,,,,,,,,,,,,,,,,,,,,,,,,,,generated_images/0268_Taco_Bell_Corona_Extra_12_oz_20260131_145125.png,,
Taco Bell,,Corona Extra (16 oz),,200,2,0,19,25,0,0,0,0,0,,,,,,,,,,,,,,,,,,,,,,,,,,generated_images/0269_Taco_Bell_Corona_Extra_16_oz_20260131_145125.png,,
Taco Bell,,Corona Light (12 oz),,100,<1,0,5,0,0,0,0,0,0,,,,,,,,,,,,,,,,,,,,,,,,,,generated_images/0270_Taco_Bell_Corona_Light_12_oz_20260131_145126.png,,
Taco Bell,,Corona Light (16 oz),,130,1,0,7,0,0,0,0,0,0,,,,,,,,,,,,,,,,,,,,,,,,,,generated_images/0271_Taco_Bell_Corona_Light_16_oz_20260131_145126.png,,
Taco Bell,,Corona Premier (12 oz),,90,0,0,3,0,0,0,0,0,2,,,,,,,,,,,,,,,,,,,,,,,,,,generated_images/0272_Taco_Bell_Corona_Premier_12_oz_20260131_145127.png,,
Taco Bell,,Corona Premier (16 oz),,120,<1,0,3,0,0,0,0,0,2,,,,,,,,,,,,,,,,,,,,,,,,,,generated_images/0273_Taco_Bell_Corona_Premier_16_oz_20260131_145127.png,,
Taco Bell,,Dos Equis Lager Especial (12 oz),,130,0,0,11,0,0,0,0,0,0,,,,,,,,,,,,,,,,,,,,,,,,,,generated_images/0274_Taco_Bell_Dos_Equis_Lager_Especial_12_oz_20260131_145128.png,,
Taco Bell,,Dos Equis Lager Especial (16 oz),,170,0,0,15,0,0,0,0,0,0,,,,,,,,,,,,,,,,,,,,,,,,,,generated_images/0275_Taco_Bell_Dos_Equis_Lager_Especial_16_oz_20260131_145128.png,,
Taco Bell,,Dos Equis Mexican Pale Ale (12 oz),,180,2,0,15,0,0,0,0,0,0,,,,,,,,,,,,,,,,,,,,,,,,,,,,
Taco Bell,,Dos Equis Mexican Pale Ale (16 oz),,230,3,0,20,0,0,0,0,0,0,,,,,,,,,,,,,,,,,,,,,,,,,,generated_images/0277_Taco_Bell_Dos_Equis_Mexican_Pale_Ale_16_oz_20260131_145129.png,,
Taco Bell,,Elysian Space Dust IPA (16 oz),,310,3,0,15,0,0,0,0,0,0,,,,,,,,,,,,,,,,,,,,,,,,,,generated_images/0278_Taco_Bell_Elysian_Space_Dust_IPA_16_oz_20260131_145129.png,,
Taco Bell,,Elysian Space Dust IPA (24 oz),,470,5,0,23,0,0,0,0,0,0,,,,,,,,,,,,,,,,,,,,,,,,,,generated_images/0279_Taco_Bell_Elysian_Space_Dust_IPA_24_oz_20260131_145130.png,,
Taco Bell,,Estrella Jalisco (12 oz),,190,1,0,14,70,0,0,0,0,1,,,,,,,,,,,,,,,,,,,,,,,,,,,,
Taco Bell,,Estrella Jalisco (16 oz),,250,1,0,19,95,0,0,0,0,1,,,,,,,,,,,,,,,,,,,,,,,,,,generated_images/0281_Taco_Bell_Estrella_Jalisco_16_oz_20260131_145130.png,,
Taco Bell,,Fair Winds® Howling Gail (12 oz),,220,0,0,0,0,0,0,0,0,0,,,,,,,,,,,,,,,,,,,,,,,,,,generated_images/0282_Taco_Bell_Fair_Winds_Howling_Gail_12_oz_20260131_145131.png,,
Taco Bell,,Fair Winds® Howling Gail (16 oz),,300,0,0,0,0,0,0,0,0,0,,,,,,,,,,,,,,,,,,,,,,,,,,generated_images/0283_Taco_Bell_Fair_Winds_Howling_Gail_16_oz_20260131_145131.png,,
Taco Bell,,Fat Tire Amber Ale (12 oz),,160,0,0,0,0,0,0,0,0,0,,,,,,,,,,,,,,,,,,,,,,,,,,generated_images/0284_Taco_Bell_Fat_Tire_Amber_Ale_12_oz_20260131_145132.png,,
Taco Bell,,Fat Tire Amber Ale (16 oz),,210,0,0,0,0,0,0,0,0,0,,,,,,,,,,,,,,,,,,,,,,,,,,generated_images/0285_Taco_Bell_Fat_Tire_Amber_Ale_16_oz_20260131_145132.png,,
Taco Bell,,Firestone 805 (12 oz),,150,2,0,14,5,0,0,0,0,7,,,,,,,,,,,,,,,,,,,,,,,,,,generated_images/0286_Taco_Bell_Firestone_805_12_oz_20260131_145133.png,,
Taco Bell,,Firestone 805 (16 oz),,200,2,0,18,5,0,0,0,0,9,,,,,,,,,,,,,,,,,,,,,,,,,,generated_images/0287_Taco_Bell_Firestone_805_16_oz_20260131_145133.png,,
Taco Bell,,Firestone 805 (24 oz),,300,3,0,27,10,0,0,0,0,14,,,,,,,,,,,,,,,,,,,,,,,,,,generated_images/0288_Taco_Bell_Firestone_805_24_oz_20260131_145134.png,,
Taco Bell,,Flybird Lime Margarita,,190,0,0,15,0,0,0,0,0,13,,,,,,,,,,,,,,,,,,,,,,,,,,generated_images/0289_Taco_Bell_Flybird_Lime_Margarita_20260131_145134.png,,
Taco Bell,,Flybird Lime Margarita (Can),,240,0,0,25,90,0,0,0,0,25,,,,,,,,,,,,,,,,,,,,,,,,,,generated_images/0290_Taco_Bell_Flybird_Lime_Margarita_Can_20260131_145135.png,,
Taco Bell,,Flybird Mangonada,,160,0,0,13,0,0,0,0,0,11,,,,,,,,,,,,,,,,,,,,,,,,,,generated_images/0291_Taco_Bell_Flybird_Mangonada_20260131_145135.png,,
Taco Bell,,Flybird Mojito,,190,0,0,16,70,0,0,0,0,16,,,,,,,,,,,,,,,,,,,,,,,,,,generated_images/0292_Taco_Bell_Flybird_Mojito_20260131_145136.png,,
Taco Bell,,Flybird Pina Colada,,190,0,0,16,55,0,0,0,0,16,,,,,,,,,,,,,,,,,,,,,,,,,,generated_images/0293_Taco_Bell_Flybird_Pina_Colada_20260131_145136.png,,
Taco Bell,,Flybird Prickly Pear Margarita,,190,0,0,15,70,0,0,0,0,15,,,,,,,,,,,,,,,,,,,,,,,,,,generated_images/0294_Taco_Bell_Flybird_Prickly_Pear_Margarita_20260131_145137.png,,
Taco Bell,,Flybird Strawberry Margarita,,190,0,0,17,0,0,0,0,0,14,,,,,,,,,,,,,,,,,,,,,,,,,,generated_images/0295_Taco_Bell_Flybird_Strawberry_Margarita_20260131_145137.png,,
Taco Bell,,Flybird Strawberry Margarita (Can),,250,0,0,27,115,0,0,0,0,27,,,,,,,,,,,,,,,,,,,,,,,,,,generated_images/0296_Taco_Bell_Flybird_Strawberry_Margarita_Can_20260131_145138.png,,
Taco Bell,,Four Peaks Kilt Lifter (12 oz),,180,2,0,14,10,0,0,0,0,0,,,,,,,,,,,,,,,,,,,,,,,,,,generated_images/0297_Taco_Bell_Four_Peaks_Kilt_Lifter_12_oz_20260131_145138.png,,
Taco Bell,,Four Peaks Kilt Lifter (16 oz),,240,3,0,19,15,0,0,0,0,0,,,,,,,,,,,,,,,,,,,,,,,,,,generated_images/0298_Taco_Bell_Four_Peaks_Kilt_Lifter_16_oz_20260131_145139.png,,
Taco Bell,,Goose Island IPA (12 oz),,190,2,0,15,0,0,0,0,0,0,,,,,,,,,,,,,,,,,,,,,,,,,,generated_images/0299_Taco_Bell_Goose_Island_IPA_12_oz_20260131_145139.png,,
Taco Bell,,Goose Island IPA (16 oz),,250,3,0,20,0,0,0,0,0,0,,,,,,,,,,,,,,,,,,,,,,,,,,generated_images/0300_Taco_Bell_Goose_Island_IPA_16_oz_20260131_145247.png,,
Taco Bell,,Hard Mtn Dew - Baja Blast (12 oz),,100,0,0,2,0,0,0,0,0,1,,,,,,,,,,,,,,,,,,,,,,,,,,generated_images/0301_Taco_Bell_Hard_Mtn_Dew_-_Baja_Blast_12_oz_20260131_145247.png,,
Taco Bell,,Hard Mtn Dew - Baja Blast (24 oz),,200,0,0,4,0,0,0,0,0,2,,,,,,,,,,,,,,,,,,,,,,,,,,generated_images/0302_Taco_Bell_Hard_Mtn_Dew_-_Baja_Blast_24_oz_20260131_145248.png,,
Taco Bell,,Hard Mtn Dew - Black Cherry (12 oz),,100,0,0,2,0,0,0,0,0,1,,,,,,,,,,,,,,,,,,,,,,,,,,generated_images/0303_Taco_Bell_Hard_Mtn_Dew_-_Black_Cherry_12_oz_20260131_145248.png,,
Taco Bell,,Hard Mtn Dew - Black Cherry (24 oz),,200,0,0,4,0,0,0,0,0,2,,,,,,,,,,,,,,,,,,,,,,,,,,generated_images/0304_Taco_Bell_Hard_Mtn_Dew_-_Black_Cherry_24_oz_20260131_145248.png,,
Taco Bell,,Hard Mtn Dew - Original (12 oz),,100,0,0,2,0,0,0,0,0,1,,,,,,,,,,,,,,,,,,,,,,,,,,generated_images/0305_Taco_Bell_Hard_Mtn_Dew_-_Original_12_oz_20260131_145249.png,,
Taco Bell,,Hard Mtn Dew - Original (24 oz),,200,0,0,4,0,0,0,0,0,2,,,,,,,,,,,,,,,,,,,,,,,,,,generated_images/0306_Taco_Bell_Hard_Mtn_Dew_-_Original_24_oz_20260131_145249.png,,
Taco Bell,,Hard Mtn Dew - Watermelon (12 oz),,100,0,0,2,0,0,0,0,0,1,,,,,,,,,,,,,,,,,,,,,,,,,,generated_images/0307_Taco_Bell_Hard_Mtn_Dew_-_Watermelon_12_oz_20260131_145250.png,,
Taco Bell,,Hard Mtn Dew - Watermelon (24 oz),,200,0,0,4,0,0,0,0,0,2,,,,,,,,,,,,,,,,,,,,,,,,,,generated_images/0308_Taco_Bell_Hard_Mtn_Dew_-_Watermelon_24_oz_20260131_145250.png,,
Taco Bell,,Harpoon IPA (12 oz),,180,2,0,14,0,0,0,0,0,0,,,,,,,,,,,,,,,,,,,,,,,,,,generated_images/0309_Taco_Bell_Harpoon_IPA_12_oz_20260131_145251.png,,
Taco Bell,,Harpoon IPA (16 oz),,240,3,0,18,0,0,0,0,0,0,,,,,,,,,,,,,,,,,,,,,,,,,,generated_images/0310_Taco_Bell_Harpoon_IPA_16_oz_20260131_145251.png,,
Taco Bell,,Heineken (12 oz),,140,2,0,11,0,0,0,0,0,0,,,,,,,,,,,,,,,,,,,,,,,,,,generated_images/0311_Taco_Bell_Heineken_12_oz_20260131_145252.png,,
Taco Bell,,Heineken (16 oz),,190,3,0,15,0,0,0,0,0,0,,,,,,,,,,,,,,,,,,,,,,,,,,generated_images/0312_Taco_Bell_Heineken_16_oz_20260131_145252.png,,
Taco Bell,,Heineken 0.0 (12 oz),,70,1,0,17,0,0,0,0,0,5,,,,,,,,,,,,,,,,,,,,,,,,,,generated_images/0313_Taco_Bell_Heineken_00_12_oz_20260131_145253.png,,
Taco Bell,,Heineken 0.0 (16 oz),,100,2,0,23,0,0,0,0,0,6,,,,,,,,,,,,,,,,,,,,,,,,,,generated_images/0314_Taco_Bell_Heineken_00_16_oz_20260131_145253.png,,
Taco Bell,,Heineken Bottle (12 oz),,140,2,0,11,0,0,0,0,0,0,,,,,,,,,,,,,,,,,,,,,,,,,,generated_images/0315_Taco_Bell_Heineken_Bottle_12_oz_20260131_145254.png,,
Taco Bell,,Heineken Light (12 oz),,100,1,0,7,0,0,0,0,0,0,,,,,,,,,,,,,,,,,,,,,,,,,,,,
Taco Bell,,Heineken Light (16 oz),,130,1,0,9,0,0,0,0,0,0,,,,,,,,,,,,,,,,,,,,,,,,,,generated_images/0317_Taco_Bell_Heineken_Light_16_oz_20260131_145254.png,,
Taco Bell,,Hop Commander IPA (12 oz),,210,0,0,0,0,0,0,0,0,0,,,,,,,,,,,,,,,,,,,,,,,,,,generated_images/0318_Taco_Bell_Hop_Commander_IPA_12_oz_20260131_145255.png,,
Taco Bell,,Hop Commander IPA (16 oz),,280,0,0,0,0,0,0,0,0,0,,,,,,,,,,,,,,,,,,,,,,,,,,generated_images/0319_Taco_Bell_Hop_Commander_IPA_16_oz_20260131_145255.png,,
Taco Bell,,Kansas City Dunkel (12 oz),,180,2,0,13,0,0,0,0,0,0,,,,,,,,,,,,,,,,,,,,,,,,,,generated_images/0320_Taco_Bell_Kansas_City_Dunkel_12_oz_20260131_145256.png,,
Taco Bell,,Kansas City Dunkel (16 oz),,230,3,0,18,0,0,0,0,0,0,,,,,,,,,,,,,,,,,,,,,,,,,,generated_images/0321_Taco_Bell_Kansas_City_Dunkel_16_oz_20260131_145256.png,,
Taco Bell,,Kansas City Helles (12 oz),,180,2,0,12,0,0,0,0,0,0,,,,,,,,,,,,,,,,,,,,,,,,,,generated_images/0322_Taco_Bell_Kansas_City_Helles_12_oz_20260131_145257.png,,
Taco Bell,,Kansas City Helles (16 oz),,230,3,0,16,0,0,0,0,0,0,,,,,,,,,,,,,,,,,,,,,,,,,,generated_images/0323_Taco_Bell_Kansas_City_Helles_16_oz_20260131_145257.png,,
Taco Bell,,Kona Big Wave Golden Ale (12 oz),,130,1,0,10,10,0,0,0,0,0,,,,,,,,,,,,,,,,,,,,,,,,,,generated_images/0324_Taco_Bell_Kona_Big_Wave_Golden_Ale_12_oz_20260131_145258.png,,
Taco Bell,,Kona Big Wave Golden Ale (16 oz),,180,2,0,13,10,0,0,0,0,0,,,,,,,,,,,,,,,,,,,,,,,,,,generated_images/0325_Taco_Bell_Kona_Big_Wave_Golden_Ale_16_oz_20260131_145258.png,,
Taco Bell,,Lagunitas IPA (12 oz),,190,3,0,14,15,0,0,0,0,2,,,,,,,,,,,,,,,,,,,,,,,,,,generated_images/0326_Taco_Bell_Lagunitas_IPA_12_oz_20260131_145259.png,,
Taco Bell,,Lagunitas IPA (16 oz),,250,4,0,19,20,0,0,0,0,3,,,,,,,,,,,,,,,,,,,,,,,,,,generated_images/0327_Taco_Bell_Lagunitas_IPA_16_oz_20260131_145259.png,,
Taco Bell,,Landshark Lager (12 oz),,150,1,0,13,0,0,0,0,0,0,,,,,,,,,,,,,,,,,,,,,,,,,,generated_images/0328_Taco_Bell_Landshark_Lager_12_oz_20260131_145300.png,,
Taco Bell,,Landshark Lager (16 oz),,200,2,0,18,0,0,0,0,0,0,,,,,,,,,,,,,,,,,,,,,,,,,,generated_images/0329_Taco_Bell_Landshark_Lager_16_oz_20260131_145300.png,,
Taco Bell,,Loose Cannon IPA (12 oz),,220,3,0,19,10,0,0,0,0,0,,,,,,,,,,,,,,,,,,,,,,,,,,generated_images/0330_Taco_Bell_Loose_Cannon_IPA_12_oz_20260131_145301.png,,
Taco Bell,,Loose Cannon IPA (16 oz),,290,4,0,25,15,0,0,0,0,0,,,,,,,,,,,,,,,,,,,,,,,,,,generated_images/0331_Taco_Bell_Loose_Cannon_IPA_16_oz_20260131_145301.png,,
Taco Bell,,Michelob Original Lager (12 oz),,160,2,0,14,0,0,0,0,0,0,,,,,,,,,,,,,,,,,,,,,,,,,,generated_images/0332_Taco_Bell_Michelob_Original_Lager_12_oz_20260131_145302.png,,
Taco Bell,,Michelob Original Lager (16 oz),,210,3,0,19,0,0,0,0,0,0,,,,,,,,,,,,,,,,,,,,,,,,,,generated_images/0333_Taco_Bell_Michelob_Original_Lager_16_oz_20260131_145302.png,,
Taco Bell,,Michelob Ultra (12 oz),,100,<1,0,3,0,0,0,0,0,0,,,,,,,,,,,,,,,,,,,,,,,,,,generated_images/0334_Taco_Bell_Michelob_Ultra_12_oz_20260131_145303.png,,
Taco Bell,,Michelob Ultra (16 oz),,130,<1,0,3,0,0,0,0,0,0,,,,,,,,,,,,,,,,,,,,,,,,,,generated_images/0335_Taco_Bell_Michelob_Ultra_16_oz_20260131_145303.png,,
Taco Bell,,Michelob Ultra Bottle (16 oz),,100,0,0,3,0,0,0,0,0,0,,,,,,,,,,,,,,,,,,,,,,,,,,generated_images/0336_Taco_Bell_Michelob_Ultra_Bottle_16_oz_20260131_145304.png,,
Taco Bell,,Miller Genuine Draft (12 oz),,140,0,0,12,10,0,0,0,0,0,,,,,,,,,,,,,,,,,,,,,,,,,,generated_images/0337_Taco_Bell_Miller_Genuine_Draft_12_oz_20260131_145304.png,,
Taco Bell,,Miller Genuine Draft (16 oz),,190,0,0,16,15,0,0,0,0,0,,,,,,,,,,,,,,,,,,,,,,,,,,generated_images/0338_Taco_Bell_Miller_Genuine_Draft_16_oz_20260131_145305.png,,
Taco Bell,,Miller High Life (12 oz),,140,0,0,12,10,0,0,0,0,0,,,,,,,,,,,,,,,,,,,,,,,,,,generated_images/0339_Taco_Bell_Miller_High_Life_12_oz_20260131_145305.png,,
Taco Bell,,Miller High Life (16 oz),,190,0,0,16,15,0,0,0,0,0,,,,,,,,,,,,,,,,,,,,,,,,,,generated_images/0340_Taco_Bell_Miller_High_Life_16_oz_20260131_145306.png,,
Taco Bell,,Miller Lite (12 oz),,100,0,0,3,5,0,0,0,0,0,,,,,,,,,,,,,,,,,,,,,,,,,,generated_images/0341_Taco_Bell_Miller_Lite_12_oz_20260131_145306.png,,
Taco Bell,,Miller Lite (16 oz),,130,0,0,4,5,0,0,0,0,0,,,,,,,,,,,,,,,,,,,,,,,,,,generated_images/0342_Taco_Bell_Miller_Lite_16_oz_20260131_145307.png,,
Taco Bell,,Modelo Chelada (16 oz),,190,2,0,24,590,0,0,0,0,0,,,,,,,,,,,,,,,,,,,,,,,,,,generated_images/0343_Taco_Bell_Modelo_Chelada_16_oz_20260131_145307.png,,
Taco Bell,,Modelo Especial (12 oz),,150,1,0,14,20,0,0,0,0,0,,,,,,,,,,,,,,,,,,,,,,,,,,,,
Taco Bell,,Modelo Especial (16 oz),,200,1,0,19,25,0,0,0,0,0,,,,,,,,,,,,,,,,,,,,,,,,,,generated_images/0345_Taco_Bell_Modelo_Especial_16_oz_20260131_145308.png,,
Taco Bell,,Modelo Especial (24 oz),,300,2,0,28,40,0,0,0,0,0,,,,,,,,,,,,,,,,,,,,,,,,,,generated_images/0346_Taco_Bell_Modelo_Especial_24_oz_20260131_145308.png,,
Taco Bell,,Modelo Negra (12 oz),,180,2,0,16,15,0,0,0,0,0,,,,,,,,,,,,,,,,,,,,,,,,,,generated_images/0347_Taco_Bell_Modelo_Negra_12_oz_20260131_145309.png,,
Taco Bell,,Modelo Negra (16 oz),,240,2,0,21,20,0,0,0,0,0,,,,,,,,,,,,,,,,,,,,,,,,,,generated_images/0348_Taco_Bell_Modelo_Negra_16_oz_20260131_145309.png,,
Taco Bell,,Motorworks Intellectual Property IPA (12 oz),,220,4,0,18,0,0,0,0,0,11,,,,,,,,,,,,,,,,,,,,,,,,,,generated_images/0349_Taco_Bell_Motorworks_Intellectual_Property_IPA_12_oz_20260131_145310.png,,
Taco Bell,,Motorworks Intellectual Property IPA (16 oz),,290,5,0,24,0,0,0,0,0,15,,,,,,,,,,,,,,,,,,,,,,,,,,generated_images/0350_Taco_Bell_Motorworks_Intellectual_Property_IPA_16_oz_20260131_145310.png,,
Taco Bell,,Motorworks Pulp Fiction IPA (12 oz),,220,4,0,18,0,0,0,0,0,11,,,,,,,,,,,,,,,,,,,,,,,,,,generated_images/0351_Taco_Bell_Motorworks_Pulp_Fiction_IPA_12_oz_20260131_145311.png,,
Taco Bell,,Motorworks Pulp Fiction IPA (16 oz),,300,5,0,24,0,0,0,0,0,15,,,,,,,,,,,,,,,,,,,,,,,,,,generated_images/0352_Taco_Bell_Motorworks_Pulp_Fiction_IPA_16_oz_20260131_145311.png,,
Taco Bell,,Newcastle Brown Ale (12 oz),,130,1,0,10,0,0,0,0,0,0,,,,,,,,,,,,,,,,,,,,,,,,,,generated_images/0353_Taco_Bell_Newcastle_Brown_Ale_12_oz_20260131_145312.png,,
Taco Bell,,Newcastle Brown Ale (16 oz),,170,1,0,13,0,0,0,0,0,0,,,,,,,,,,,,,,,,,,,,,,,,,,generated_images/0354_Taco_Bell_Newcastle_Brown_Ale_16_oz_20260131_145312.png,,
Taco Bell,,Old Elephant IPA (12 oz),,180,3,0,17,10,0,0,0,0,0,,,,,,,,,,,,,,,,,,,,,,,,,,generated_images/0355_Taco_Bell_Old_Elephant_IPA_12_oz_20260131_145313.png,,
Taco Bell,,Old Elephant IPA (16 oz),,230,4,0,22,15,0,0,0,0,0,,,,,,,,,,,,,,,,,,,,,,,,,,generated_images/0356_Taco_Bell_Old_Elephant_IPA_16_oz_20260131_145313.png,,
Taco Bell,,Pabst Blue Ribbon Original (12 oz),,140,1,0,12,10,0,0,0,0,4,,,,,,,,,,,,,,,,,,,,,,,,,,,,
Taco Bell,,Pabst Blue Ribbon Original (16 oz),,190,2,0,16,15,0,0,0,0,5,,,,,,,,,,,,,,,,,,,,,,,,,,generated_images/0358_Taco_Bell_Pabst_Blue_Ribbon_Original_16_oz_20260131_145314.png,,
Taco Bell,,Pacifico (12 oz),,140,1,0,14,0,0,0,0,0,0,,,,,,,,,,,,,,,,,,,,,,,,,,generated_images/0359_Taco_Bell_Pacifico_12_oz_20260131_145314.png,,
Taco Bell,,Pacifico (16 oz),,190,1,0,19,0,0,0,0,0,0,,,,,,,,,,,,,,,,,,,,,,,,,,generated_images/0360_Taco_Bell_Pacifico_16_oz_20260131_145315.png,,
Taco Bell,,Patriot Ale (12 oz),,170,<1,0,14,0,0,0,0,0,0,,,,,,,,,,,,,,,,,,,,,,,,,,generated_images/0361_Taco_Bell_Patriot_Ale_12_oz_20260131_145315.png,,
Taco Bell,,Patriot Ale (16 oz),,230,<1,0,19,0,0,0,0,0,0,,,,,,,,,,,,,,,,,,,,,,,,,,generated_images/0362_Taco_Bell_Patriot_Ale_16_oz_20260131_145316.png,,
Taco Bell,,Revolution Anti Hero (12 oz),,220,3,0,20,10,0,0,0,1,1,,,,,,,,,,,,,,,,,,,,,,,,,,generated_images/0363_Taco_Bell_Revolution_Anti_Hero_12_oz_20260131_145316.png,,
Taco Bell,,Revolution Anti Hero (16 oz),,290,4,0,27,15,0,0,0,1,1,,,,,,,,,,,,,,,,,,,,,,,,,,generated_images/0364_Taco_Bell_Revolution_Anti_Hero_16_oz_20260131_145317.png,,
Taco Bell,,Road 2 Ruin Double IPA (12 oz),,220,3,0,14,10,0,0,0,1,0,,,,,,,,,,,,,,,,,,,,,,,,,,generated_images/0365_Taco_Bell_Road_2_Ruin_Double_IPA_12_oz_20260131_145317.png,,
Taco Bell,,Road 2 Ruin Double IPA (16 oz),,290,4,0,19,15,0,0,0,1,0,,,,,,,,,,,,,,,,,,,,,,,,,,generated_images/0366_Taco_Bell_Road_2_Ruin_Double_IPA_16_oz_20260131_145318.png,,
Taco Bell,,Samuel Adams '76 (12 oz),,130,0,0,8,0,0,0,0,0,0,,,,,,,,,,,,,,,,,,,,,,,,,,generated_images/0367_Taco_Bell_Samuel_Adams_76_12_oz_20260131_145318.png,,
Taco Bell,,Samuel Adams® Winter Lager (12 oz),,190,0,0,0,0,0,0,0,0,0,,,,,,,,,,,,,,,,,,,,,,,,,,generated_images/0368_Taco_Bell_Samuel_Adams_Winter_Lager_12_oz_20260131_145319.png,,
Taco Bell,,Samuel Adams® Winter Lager (16 oz),,260,0,0,0,0,0,0,0,0,0,,,,,,,,,,,,,,,,,,,,,,,,,,generated_images/0369_Taco_Bell_Samuel_Adams_Winter_Lager_16_oz_20260131_145319.png,,
Taco Bell,,Sea Hag IPA (12 oz),,190,3,0,15,10,0,0,0,1,0,,,,,,,,,,,,,,,,,,,,,,,,,,generated_images/0370_Taco_Bell_Sea_Hag_IPA_12_oz_20260131_145320.png,,
Taco Bell,,Sea Hag IPA (16 oz),,250,4,0,20,15,0,0,0,1,0,,,,,,,,,,,,,,,,,,,,,,,,,,generated_images/0371_Taco_Bell_Sea_Hag_IPA_16_oz_20260131_145320.png,,
Taco Bell,,Shock Top Belgian White (12 oz),,170,2,0,15,0,0,0,0,0,0,,,,,,,,,,,,,,,,,,,,,,,,,,generated_images/0372_Taco_Bell_Shock_Top_Belgian_White_12_oz_20260131_145321.png,,
Taco Bell,,Shock Top Belgian White (16 oz),,220,3,0,19,0,0,0,0,0,0,,,,,,,,,,,,,,,,,,,,,,,,,,generated_images/0373_Taco_Bell_Shock_Top_Belgian_White_16_oz_20260131_145321.png,,
Taco Bell,,Sierra Nevada Hazy Little Thing IPA (12 oz),,210,2,0,21,0,0,0,0,0,0,,,,,,,,,,,,,,,,,,,,,,,,,,generated_images/0374_Taco_Bell_Sierra_Nevada_Hazy_Little_Thing_IPA_12_oz_20260131_145322.png,,
Taco Bell,,Sierra Nevada Hazy Little Thing IPA (16 oz),,290,3,0,27,0,0,0,0,0,0,,,,,,,,,,,,,,,,,,,,,,,,,,generated_images/0375_Taco_Bell_Sierra_Nevada_Hazy_Little_Thing_IPA_16_oz_20260131_145322.png,,
Taco Bell,,Sol Cervesa (12 oz),,140,0,0,12,0,0,0,0,0,0,,,,,,,,,,,,,,,,,,,,,,,,,,generated_images/0376_Taco_Bell_Sol_Cervesa_12_oz_20260131_145323.png,,
Taco Bell,,Sol Cervesa (16 oz),,180,0,0,15,0,0,0,0,0,0,,,,,,,,,,,,,,,,,,,,,,,,,,generated_images/0377_Taco_Bell_Sol_Cervesa_16_oz_20260131_145323.png,,
Taco Bell,,St. Archer (16 oz),,200,0,0,0,0,0,0,0,0,0,,,,,,,,,,,,,,,,,,,,,,,,,,generated_images/0378_Taco_Bell_St_Archer_16_oz_20260131_145324.png,,
Taco Bell,,Stella Artois (12 oz),,140,0,0,11,0,0,0,0,0,0,,,,,,,,,,,,,,,,,,,,,,,,,,generated_images/0379_Taco_Bell_Stella_Artois_12_oz_20260131_145324.png,,
Taco Bell,,Stella Artois (16 oz),,190,0,0,15,0,0,0,0,0,0,,,,,,,,,,,,,,,,,,,,,,,,,,generated_images/0380_Taco_Bell_Stella_Artois_16_oz_20260131_145325.png,,
Taco Bell,,Stella Artois (24 oz),,280,0,0,22,0,0,0,0,0,0,,,,,,,,,,,,,,,,,,,,,,,,,,generated_images/0381_Taco_Bell_Stella_Artois_24_oz_20260131_145325.png,,
Taco Bell,,Sweetwater 420 Extra Pale Ale (12 oz),,170,2,0,13,0,0,0,0,0,0,,,,,,,,,,,,,,,,,,,,,,,,,,generated_images/0382_Taco_Bell_Sweetwater_420_Extra_Pale_Ale_12_oz_20260131_145326.png,,
Taco Bell,,Sweetwater 420 Extra Pale Ale (16 oz),,220,3,0,17,0,0,0,0,0,0,,,,,,,,,,,,,,,,,,,,,,,,,,generated_images/0383_Taco_Bell_Sweetwater_420_Extra_Pale_Ale_16_oz_20260131_145326.png,,
Taco Bell,,Tampa Bay Reef Donkey (16 oz),,240,2,0,14,15,0,0,0,1,0,,,,,,,,,,,,,,,,,,,,,,,,,,generated_images/0384_Taco_Bell_Tampa_Bay_Reef_Donkey_16_oz_20260131_145327.png,,
Taco Bell,,Tecate Light (12 oz),,110,1,0,7,0,0,0,0,0,0,,,,,,,,,,,,,,,,,,,,,,,,,,generated_images/0385_Taco_Bell_Tecate_Light_12_oz_20260131_145327.png,,
Taco Bell,,Tecate Light (16 oz),,140,1,0,9,0,0,0,0,0,0,,,,,,,,,,,,,,,,,,,,,,,,,,generated_images/0386_Taco_Bell_Tecate_Light_16_oz_20260131_145328.png,,
Taco Bell,,Tecate Original (12 oz),,140,1,0,14,0,0,0,0,0,0,,,,,,,,,,,,,,,,,,,,,,,,,,generated_images/0387_Taco_Bell_Tecate_Original_12_oz_20260131_145328.png,,
Taco Bell,,Tecate Original (16 oz),,190,1,0,19,0,0,0,0,0,0,,,,,,,,,,,,,,,,,,,,,,,,,,generated_images/0388_Taco_Bell_Tecate_Original_16_oz_20260131_145329.png,,
Taco Bell,,Victoria (12 oz),,140,0,0,13,0,0,0,0,0,0,,,,,,,,,,,,,,,,,,,,,,,,,,generated_images/0389_Taco_Bell_Victoria_12_oz_20260131_145329.png,,
Taco Bell,,Victoria (16 oz),,180,0,0,18,0,0,0,0,0,0,,,,,,,,,,,,,,,,,,,,,,,,,,generated_images/0390_Taco_Bell_Victoria_16_oz_20260131_145330.png,,
Taco Bell,,Voodoo Ranger Juicy Haze IPA (12 oz),,230,0,0,16,0,0,0,0,0,0,,,,,,,,,,,,,,,,,,,,,,,,,,generated_images/0391_Taco_Bell_Voodoo_Ranger_Juicy_Haze_IPA_12_oz_20260131_145330.png,,
Taco Bell,,Voodoo Ranger Juicy Haze IPA (16 oz),,310,0,0,21,0,0,0,0,0,0,,,,,,,,,,,,,,,,,,,,,,,,,,generated_images/0392_Taco_Bell_Voodoo_Ranger_Juicy_Haze_IPA_16_oz_20260131_145330.png,,
Taco Bell,,White Claw Hard Seltzer (12 oz),,100,0,0,2,0,0,0,0,0,2,,,,,,,,,,,,,,,,,,,,,,,,,,generated_images/0393_Taco_Bell_White_Claw_Hard_Seltzer_12_oz_20260131_145331.png,,
Taco Bell,,Yuengling - Black and Tan (12 oz),,150,0,0,15,15,0,0,0,0,0,,,,,,,,,,,,,,,,,,,,,,,,,,generated_images/0394_Taco_Bell_Yuengling_-_Black_and_Tan_12_oz_20260131_145331.png,,
Taco Bell,,Yuengling - Black and Tan (16 oz),,200,0,0,20,20,0,0,0,0,0,,,,,,,,,,,,,,,,,,,,,,,,,,generated_images/0395_Taco_Bell_Yuengling_-_Black_and_Tan_16_oz_20260131_145332.png,,
Taco Bell,,Yuengling - Golden Pilsner (12 oz),,140,0,0,9,0,0,0,0,0,0,,,,,,,,,,,,,,,,,,,,,,,,,,generated_images/0396_Taco_Bell_Yuengling_-_Golden_Pilsner_12_oz_20260131_145332.png,,
Taco Bell,,Yuengling - Golden Pilsner (16 oz),,180,0,0,12,0,0,0,0,0,0,,,,,,,,,,,,,,,,,,,,,,,,,,generated_images/0397_Taco_Bell_Yuengling_-_Golden_Pilsner_16_oz_20260131_145333.png,,
Taco Bell,,Yuengling - Lager (12 oz),,140,0,0,12,15,0,0,0,0,0,,,,,,,,,,,,,,,,,,,,,,,,,,generated_images/0398_Taco_Bell_Yuengling_-_Lager_12_oz_20260131_145333.png,,
Taco Bell,,Yuengling - Lager (16 oz),,190,0,0,16,20,0,0,0,0,0,,,,,,,,,,,,,,,,,,,,,,,,,,generated_images/0399_Taco_Bell_Yuengling_-_Lager_16_oz_20260131_145334.png,,
Taco Bell,,Yuengling - Light Lager (12 oz),,100,0,0,9,10,0,0,0,0,0,,,,,,,,,,,,,,,,,,,,,,,,,,,,
Taco Bell,,Yuengling - Light Lager (16 oz),,130,0,0,12,15,0,0,0,0,0,,,,,,,,,,,,,,,,,,,,,,,,,,generated_images/0401_Taco_Bell_Yuengling_-_Light_Lager_16_oz_20260131_145415.png,,
Taco Bell,,Yuengling - Porter (12 oz),,160,0,0,15,15,0,0,0,0,0,,,,,,,,,,,,,,,,,,,,,,,,,,generated_images/0402_Taco_Bell_Yuengling_-_Porter_12_oz_20260131_145416.png,,
Taco Bell,,Yuengling - Porter (16 oz),,220,0,0,20,25,0,0,0,0,0,,,,,,,,,,,,,,,,,,,,,,,,,,generated_images/0403_Taco_Bell_Yuengling_-_Porter_16_oz_20260131_145416.png,,
Taco Bell,,Yuengling - Premium (12 oz),,140,0,0,12,20,0,0,0,0,0,,,,,,,,,,,,,,,,,,,,,,,,,,generated_images/0404_Taco_Bell_Yuengling_-_Premium_12_oz_20260131_145417.png,,
Taco Bell,,Yuengling - Premium (16 oz),,190,0,0,16,25,0,0,0,0,0,,,,,,,,,,,,,,,,,,,,,,,,,,generated_images/0405_Taco_Bell_Yuengling_-_Premium_16_oz_20260131_145417.png,,
Taco Bell,,Yuengling - Premium Light (12 oz),,100,0,0,7,10,0,0,0,0,0,,,,,,,,,,,,,,,,,,,,,,,,,,generated_images/0406_Taco_Bell_Yuengling_-_Premium_Light_12_oz_20260131_145417.png,,
Taco Bell,,Yuengling - Premium Light (16 oz),,130,0,0,9,15,0,0,0,0,0,,,,,,,,,,,,,,,,,,,,,,,,,,generated_images/0407_Taco_Bell_Yuengling_-_Premium_Light_16_oz_20260131_145418.png,,
Taco Bell,,Mtn Dew® Baja Blast Freeze™ (16 oz),,150,0,0,41,45,0,0,0,0,41,,,,,,,,,,,,,,,,,,,,,,,,,,generated_images/0408_Taco_Bell_Mtn_Dew_Baja_Blast_Freeze_16_oz_20260131_145418.png,,
Taco Bell,,Mtn Dew® Baja Blast Freeze™ (20 oz),,190,0,0,51,55,0,0,0,0,51,,,,,,,,,,,,,,,,,,,,,,,,,,generated_images/0409_Taco_Bell_Mtn_Dew_Baja_Blast_Freeze_20_oz_20260131_145419.png,,
Taco Bell,,Mtn Dew® Baja Blast Freeze™ (32 oz),,310,0,0,82,85,0,0,0,0,82,,,,,,,,,,,,,,,,,,,,,,,,,,generated_images/0410_Taco_Bell_Mtn_Dew_Baja_Blast_Freeze_32_oz_20260131_145419.png,,
Taco Bell,,Red Sangria - LV,,330,0,0,28,35,0,0,0,0,24,,,,,,,,,,,,,,,,,,,,,,,,,,generated_images/0411_Taco_Bell_Red_Sangria_-_LV_20260131_145420.png,,
Taco Bell,,Rum (80 proof) - Double - LV,,250,0,0,0,0,0,0,0,0,0,,,,,,,,,,,,,,,,,,,,,,,,,,generated_images/0412_Taco_Bell_Rum_80_proof_-_Double_-_LV_20260131_145420.png,,
Taco Bell,,Rum (80 proof) - Single - LV,,120,0,0,0,0,0,0,0,0,0,,,,,,,,,,,,,,,,,,,,,,,,,,generated_images/0413_Taco_Bell_Rum_80_proof_-_Single_-_LV_20260131_145421.png,,
Taco Bell,,Tequila (80 proof) - Double - LV,,250,0,0,0,0,0,0,0,0,0,,,,,,,,,,,,,,,,,,,,,,,,,,generated_images/0414_Taco_Bell_Tequila_80_proof_-_Double_-_LV_20260131_145422.png,,
Taco Bell,,Tequila (80 proof) - Single - LV,,120,0,0,0,0,0,0,0,0,0,,,,,,,,,,,,,,,,,,,,,,,,,,generated_images/0415_Taco_Bell_Tequila_80_proof_-_Single_-_LV_20260131_145422.png,,
Taco Bell,,Vodka (80 proof) - Double - LV,,250,0,0,0,0,0,0,0,0,0,,,,,,,,,,,,,,,,,,,,,,,,,,generated_images/0416_Taco_Bell_Vodka_80_proof_-_Double_-_LV_20260131_145423.png,,
Taco Bell,,Vodka (80 proof) - Single - LV,,120,0,0,0,0,0,0,0,0,0,,,,,,,,,,,,,,,,,,,,,,,,,,generated_images/0417_Taco_Bell_Vodka_80_proof_-_Single_-_LV_20260131_145423.png,,
Taco Bell,,Whiskey (80 proof) - Double - LV,,250,0,0,0,0,0,0,0,0,0,,,,,,,,,,,,,,,,,,,,,,,,,,generated_images/0418_Taco_Bell_Whiskey_80_proof_-_Double_-_LV_20260131_145424.png,,
Taco Bell,,Whiskey (80 proof) - Single - LV,,120,0,0,0,0,0,0,0,0,0,,,,,,,,,,,,,,,,,,,,,,,,,,generated_images/0419_Taco_Bell_Whiskey_80_proof_-_Single_-_LV_20260131_145424.png,,
Taco Bell,,Brisk® Dragon Paradise Sparkling Iced Tea (16 fl oz),,60,0,0,17,80,0,0,0,0,16,,,,,,,,,,,,,,,,,,,,,,,,,,generated_images/0420_Taco_Bell_Brisk_Dragon_Paradise_Sparkling_Iced_Tea_16_fl_oz_20260131_145425.png,,
Taco Bell,,Brisk® Mango Iced Tea (16 fl oz),,90,0,0,24,50,0,0,0,0,24,,,,,,,,,,,,,,,,,,,,,,,,,,generated_images/0421_Taco_Bell_Brisk_Mango_Iced_Tea_16_fl_oz_20260131_145425.png,,
Taco Bell,,Diet Dr Pepper® (16 fl oz),,0,0,0,0,95,0,0,0,0,0,,,,,,,,,,,,,,,,,,,,,,,,,,generated_images/0422_Taco_Bell_Diet_Dr_Pepper_16_fl_oz_20260131_145426.png,,
Taco Bell,,Diet Pepsi® (16 fl oz),,0,0,0,0,75,0,0,0,0,0,,,,,,,,,,,,,,,,,,,,,,,,,,generated_images/0423_Taco_Bell_Diet_Pepsi_16_fl_oz_20260131_145426.png,,
Taco Bell,,Dr Pepper® (16 fl oz),,190,0,0,52,60,0,0,0,0,51,,,,,,,,,,,,,,,,,,,,,,,,,,generated_images/0424_Taco_Bell_Dr_Pepper_16_fl_oz_20260131_145427.png,,
Taco Bell,,G2 - Fruit Punch (16 fl oz),,45,0,0,10,220,0,0,0,0,9,,,,,,,,,,,,,,,,,,,,,,,,,,generated_images/0425_Taco_Bell_G2_-_Fruit_Punch_16_fl_oz_20260131_145427.png,,
Taco Bell,,Lipton Unsweetened Iced Tea (16 fl oz),,0,0,0,0,140,0,0,0,0,0,,,,,,,,,,,,,,,,,,,,,,,,,,generated_images/0426_Taco_Bell_Lipton_Unsweetened_Iced_Tea_16_fl_oz_20260131_145428.png,,
Taco Bell,,Midnight Mtn Dew® Baja Blast™ (16 fl oz),,220,0,0,59,65,0,0,0,0,59,,,,,,,,,,,,,,,,,,,,,,,,,,generated_images/0427_Taco_Bell_Midnight_Mtn_Dew_Baja_Blast_16_fl_oz_20260131_145428.png,,
Taco Bell,,Mtn Dew® (16 fl oz),,220,0,0,59,70,0,0,0,0,58,,,,,,,,,,,,,,,,,,,,,,,,,,generated_images/0428_Taco_Bell_Mtn_Dew_16_fl_oz_20260131_145429.png,,
Taco Bell,,Mtn Dew® Baja Blast™ (16 fl oz),,220,0,0,59,65,0,0,0,0,59,,,,,,,,,,,,,,,,,,,,,,,,,,generated_images/0429_Taco_Bell_Mtn_Dew_Baja_Blast_16_fl_oz_20260131_145429.png,,
Taco Bell,,Mtn Dew® Baja Blast Zero Sugar (16 fl oz),,5,0,0,0,70,0,0,0,0,0,,,,,,,,,,,,,,,,,,,,,,,,,,generated_images/0430_Taco_Bell_Mtn_Dew_Baja_Blast_Zero_Sugar_16_fl_oz_20260131_145430.png,,
Taco Bell,,Mtn Dew® Zero Sugar (16 fl oz),,0,0,0,0,65,0,0,0,0,0,,,,,,,,,,,,,,,,,,,,,,,,,,generated_images/0431_Taco_Bell_Mtn_Dew_Zero_Sugar_16_fl_oz_20260131_145430.png,,
Taco Bell,,Mug® Root Beer (16 fl oz),,190,0,0,51,75,0,0,0,0,51,,,,,,,,,,,,,,,,,,,,,,,,,,generated_images/0432_Taco_Bell_Mug_Root_Beer_16_fl_oz_20260131_145431.png,,
Taco Bell,,Pepsi® (16 fl oz),,200,0,0,55,40,0,0,0,0,55,,,,,,,,,,,,,,,,,,,,,,,,,,generated_images/0433_Taco_Bell_Pepsi_16_fl_oz_20260131_145431.png,,
Taco Bell,,Pepsi® Wild Cherry (16 fl oz),,210,0,0,56,45,0,0,0,0,56,,,,,,,,,,,,,,,,,,,,,,,,,,generated_images/0434_Taco_Bell_Pepsi_Wild_Cherry_16_fl_oz_20260131_145432.png,,
Taco Bell,,Pepsi® Zero Sugar (16 fl oz),,0,0,0,0,85,0,0,0,0,0,,,,,,,,,,,,,,,,,,,,,,,,,,generated_images/0435_Taco_Bell_Pepsi_Zero_Sugar_16_fl_oz_20260131_145432.png,,
Taco Bell,,Starry® (16 fl oz),,200,0,0,52,45,0,0,0,0,52,,,,,,,,,,,,,,,,,,,,,,,,,,,,
Taco Bell,,Tropicana Original Lemonade (16 oz),,70,0,0,16,210,0,0,0,0,16,,,,,,,,,,,,,,,,,,,,,,,,,,generated_images/0437_Taco_Bell_Tropicana_Original_Lemonade_16_oz_20260131_145433.png,,
Taco Bell,,Brisk® Dragon Paradise Sparkling Iced Tea (20 fl oz),,80,0,0,20,100,0,0,0,0,20,,,,,,,,,,,,,,,,,,,,,,,,,,generated_images/0438_Taco_Bell_Brisk_Dragon_Paradise_Sparkling_Iced_Tea_20_fl_oz_20260131_145434.png,,
Taco Bell,,Brisk® Mango Iced Tea (20 fl oz),,110,0,0,30,65,0,0,0,0,30,,,,,,,,,,,,,,,,,,,,,,,,,,generated_images/0439_Taco_Bell_Brisk_Mango_Iced_Tea_20_fl_oz_20260131_145434.png,,
Taco Bell,,Diet Dr Pepper® (20 fl oz),,0,0,0,0,120,0,0,0,0,0,,,,,,,,,,,,,,,,,,,,,,,,,,generated_images/0440_Taco_Bell_Diet_Dr_Pepper_20_fl_oz_20260131_145435.png,,
Taco Bell,,Diet Pepsi® (20 fl oz),,0,0,0,0,95,0,0,0,0,0,,,,,,,,,,,,,,,,,,,,,,,,,,generated_images/0441_Taco_Bell_Diet_Pepsi_20_fl_oz_20260131_145435.png,,
Taco Bell,,Dr Pepper® (20 fl oz),,240,0,0,65,75,0,0,0,0,64,,,,,,,,,,,,,,,,,,,,,,,,,,generated_images/0442_Taco_Bell_Dr_Pepper_20_fl_oz_20260131_145436.png,,
Taco Bell,,G2 - Fruit Punch (20 fl oz),,50,0,0,13,270,0,0,0,0,12,,,,,,,,,,,,,,,,,,,,,,,,,,generated_images/0443_Taco_Bell_G2_-_Fruit_Punch_20_fl_oz_20260131_145436.png,,
Taco Bell,,Lipton Unsweetened Iced Tea (20 fl oz),,0,0,0,0,180,0,0,0,0,0,,,,,,,,,,,,,,,,,,,,,,,,,,generated_images/0444_Taco_Bell_Lipton_Unsweetened_Iced_Tea_20_fl_oz_20260131_145437.png,,
Taco Bell,,Midnight Mtn Dew® Baja Blast™ (20 fl oz),,280,0,0,74,85,0,0,0,0,74,,,,,,,,,,,,,,,,,,,,,,,,,,generated_images/0445_Taco_Bell_Midnight_Mtn_Dew_Baja_Blast_20_fl_oz_20260131_145437.png,,
Taco Bell,,Mtn Dew® (20 fl oz),,280,0,0,73,85,0,0,0,0,73,,,,,,,,,,,,,,,,,,,,,,,,,,generated_images/0446_Taco_Bell_Mtn_Dew_20_fl_oz_20260131_145438.png,,
Taco Bell,,Mtn Dew® Baja Blast™ (20 fl oz),,280,0,0,74,80,0,0,0,0,74,,,,,,,,,,,,,,,,,,,,,,,,,,generated_images/0447_Taco_Bell_Mtn_Dew_Baja_Blast_20_fl_oz_20260131_145438.png,,
Taco Bell,,Mtn Dew® Baja Blast Zero Sugar (20 fl oz),,10,0,0,0,85,0,0,0,0,0,,,,,,,,,,,,,,,,,,,,,,,,,,generated_images/0448_Taco_Bell_Mtn_Dew_Baja_Blast_Zero_Sugar_20_fl_oz_20260131_145439.png,,
Taco Bell,,Mtn Dew® Zero Sugar (20 fl oz),,0,0,0,0,80,0,0,0,0,0,,,,,,,,,,,,,,,,,,,,,,,,,,generated_images/0449_Taco_Bell_Mtn_Dew_Zero_Sugar_20_fl_oz_20260131_145439.png,,
Taco Bell,,Mug® Root Beer (20 fl oz),,240,0,0,64,95,0,0,0,0,63,,,,,,,,,,,,,,,,,,,,,,,,,,generated_images/0450_Taco_Bell_Mug_Root_Beer_20_fl_oz_20260131_145440.png,,
Taco Bell,,Pepsi® (20 fl oz),,250,0,0,69,50,0,0,0,0,69,,,,,,,,,,,,,,,,,,,,,,,,,,generated_images/0451_Taco_Bell_Pepsi_20_fl_oz_20260131_145440.png,,
Taco Bell,,Pepsi® Wild Cherry (20 fl oz),,260,0,0,70,55,0,0,0,0,70,,,,,,,,,,,,,,,,,,,,,,,,,,generated_images/0452_Taco_Bell_Pepsi_Wild_Cherry_20_fl_oz_20260131_145441.png,,
Taco Bell,,Pepsi® Zero Sugar (20 fl oz),,0,0,0,0,105,0,0,0,0,0,,,,,,,,,,,,,,,,,,,,,,,,,,generated_images/0453_Taco_Bell_Pepsi_Zero_Sugar_20_fl_oz_20260131_145441.png,,
Taco Bell,,Starry® (20 fl oz),,240,0,0,65,55,0,0,0,0,65,,,,,,,,,,,,,,,,,,,,,,,,,,generated_images/0454_Taco_Bell_Starry_20_fl_oz_20260131_145442.png,,
Taco Bell,,Tropicana Original Lemonade (20 oz),,80,0,0,21,270,0,0,0,0,20,,,,,,,,,,,,,,,,,,,,,,,,,,generated_images/0455_Taco_Bell_Tropicana_Original_Lemonade_20_oz_20260131_145442.png,,
Taco Bell,,Brisk® Dragon Paradise Sparkling Iced Tea (30 fl oz),,120,0,0,30,150,0,0,0,0,30,,,,,,,,,,,,,,,,,,,,,,,,,,generated_images/0456_Taco_Bell_Brisk_Dragon_Paradise_Sparkling_Iced_Tea_30_fl_oz_20260131_145443.png,,
Taco Bell,,Brisk® Mango Iced Tea (30 fl oz),,170,0,0,45,95,0,0,0,0,45,,,,,,,,,,,,,,,,,,,,,,,,,,generated_images/0457_Taco_Bell_Brisk_Mango_Iced_Tea_30_fl_oz_20260131_145443.png,,
Taco Bell,,Diet Dr Pepper® (30 fl oz),,0,0,0,<1,180,0,0,0,0,0,,,,,,,,,,,,,,,,,,,,,,,,,,generated_images/0458_Taco_Bell_Diet_Dr_Pepper_30_fl_oz_20260131_145444.png,,
Taco Bell,,Diet Pepsi® (30 fl oz),,0,0,0,0,140,0,0,0,0,0,,,,,,,,,,,,,,,,,,,,,,,,,,generated_images/0459_Taco_Bell_Diet_Pepsi_30_fl_oz_20260131_145444.png,,
Taco Bell,,Dr Pepper® (30 fl oz),,360,0,0,98,110,0,0,0,0,96,,,,,,,,,,,,,,,,,,,,,,,,,,generated_images/0460_Taco_Bell_Dr_Pepper_30_fl_oz_20260131_145445.png,,
Taco Bell,,G2 - Fruit Punch (30 fl oz),,80,0,0,19,410,0,0,0,0,17,,,,,,,,,,,,,,,,,,,,,,,,,,generated_images/0461_Taco_Bell_G2_-_Fruit_Punch_30_fl_oz_20260131_145445.png,,
Taco Bell,,Lipton Unsweetened Iced Tea (30 fl oz),,0,0,0,0,270,0,0,0,0,0,,,,,,,,,,,,,,,,,,,,,,,,,,generated_images/0462_Taco_Bell_Lipton_Unsweetened_Iced_Tea_30_fl_oz_20260131_145446.png,,
Taco Bell,,Midnight Mtn Dew® Baja Blast™ (30 fl oz),,420,0,0,111,125,0,0,0,0,111,,,,,,,,,,,,,,,,,,,,,,,,,,generated_images/0463_Taco_Bell_Midnight_Mtn_Dew_Baja_Blast_30_fl_oz_20260131_145447.png,,
Taco Bell,,Mtn Dew® (30 fl oz),,420,0,0,110,130,0,0,0,0,110,,,,,,,,,,,,,,,,,,,,,,,,,,generated_images/0464_Taco_Bell_Mtn_Dew_30_fl_oz_20260131_145448.png,,
Taco Bell,,Mtn Dew® Baja Blast™ (30 fl oz),,420,0,0,111,120,0,0,0,0,111,,,,,,,,,,,,,,,,,,,,,,,,,,generated_images/0465_Taco_Bell_Mtn_Dew_Baja_Blast_30_fl_oz_20260131_145449.png,,
Taco Bell,,Mtn Dew® Baja Blast Zero Sugar (30 fl oz),,15,0,0,0,125,0,0,0,0,0,,,,,,,,,,,,,,,,,,,,,,,,,,generated_images/0466_Taco_Bell_Mtn_Dew_Baja_Blast_Zero_Sugar_30_fl_oz_20260131_145450.png,,
Taco Bell,,Mtn Dew® Zero Sugar (30 fl oz),,5,0,0,<1,115,0,0,0,0,0,,,,,,,,,,,,,,,,,,,,,,,,,,generated_images/0467_Taco_Bell_Mtn_Dew_Zero_Sugar_30_fl_oz_20260131_145450.png,,
Taco Bell,,Mug® Root Beer (30 fl oz),,360,0,0,96,140,0,0,0,0,95,,,,,,,,,,,,,,,,,,,,,,,,,,generated_images/0468_Taco_Bell_Mug_Root_Beer_30_fl_oz_20260131_145451.png,,
Taco Bell,,Pepsi® (30 fl oz),,380,0,0,103,80,0,0,0,0,103,,,,,,,,,,,,,,,,,,,,,,,,,,generated_images/0469_Taco_Bell_Pepsi_30_fl_oz_20260131_145451.png,,
Taco Bell,,Pepsi® Wild Cherry (30 fl oz),,390,0,0,106,80,0,0,0,0,105,,,,,,,,,,,,,,,,,,,,,,,,,,generated_images/0470_Taco_Bell_Pepsi_Wild_Cherry_30_fl_oz_20260131_145452.png,,
Taco Bell,,Pepsi® Zero Sugar (30 fl oz),,0,0,0,<1,160,0,0,0,0,0,,,,,,,,,,,,,,,,,,,,,,,,,,generated_images/0471_Taco_Bell_Pepsi_Zero_Sugar_30_fl_oz_20260131_145452.png,,
Taco Bell,,Starry® (30 fl oz),,370,0,0,97,85,0,0,0,0,97,,,,,,,,,,,,,,,,,,,,,,,,,,generated_images/0472_Taco_Bell_Starry_30_fl_oz_20260131_145454.png,,
Taco Bell,,Tropicana Original Lemonade (30oz),,120,0,0,31,400,0,0,0,0,30,,,,,,,,,,,,,,,,,,,,,,,,,,generated_images/0473_Taco_Bell_Tropicana_Original_Lemonade_30oz_20260131_145455.png,,
,,,,,,,,,,,,,,,,,,,,,,,,,,,,,,,,,,,,,,,,,
restaurant_name,food_id,food_name,food_name_cn,calories,protein_g,total_fat_g,total_carbs_g,sodium_mg,saturated_fat_g,trans_fat_g,cholesterol_mg,fiber_g,sugars_g,added_sugars_g,protein_dv,total_carbs_dv,total_fat_dv,saturated_fat_dv,trans_fat_dv,cholesterol_dv,sodium_dv,dietary_fiber_dv,total_sugars_dv,added_sugars_dv,vitamin_d_mcg,vitamin_d_dv,calcium_mg,calcium_dv,iron_mg,iron_dv,potassium_mg,potassium_dv,description,allergens,ingredient_count,ingredients_full,allergens_full,product_url,local_image_path,scraped_date,
Wendy's,,Dave's Single,,524,28,29,37,880,10,,,1.7,8.2,,,,,,,,,,,,,,,,,2026/2/4,,,,,,,,,,,
Wendy's,,Dave's Double,,879,54,56,39,1760,22,,,1.7,9.7,,,,,,,,,,,,,,,,,2026/2/4,,,,,,,,,,,
Wendy's,,Dave's Triple,,1195,77,80,41,2440,33,,,1.7,10,,,,,,,,,,,,,,,,,2026/2/4,,,,,,,,,,,
Wendy's,,Baconator,,1001,63,66,38,2320,26,,,1.7,8.5,,,,,,,,,,,,,,,,,2026/2/4,,,,,,,,,,,
Wendy's,,Curry Bean Burger,,535,17,25,57,1120,7,,,7,9,,,,,,,,,,,,,,,,,2026/2/4,,,,,,,,,,,
Wendy's,,Spicy Chicken,,400,20,15,45,880,2.4,,,2.4,6.3,,,,,,,,,,,,,,,,,2026/2/4,,,,,,,,,,,
Wendy's,,Classic Chicken,,404,20,15,46,1000,2.5,,,2.5,6.4,,,,,,,,,,,,,,,,,2026/2/4,,,,,,,,,,,
Wendy's,,Grilled Chicken,,337,26,10,35,640,1.2,,,1.7,6.4,,,,,,,,,,,,,,,,,2026/2/4,,,,,,,,,,,
Wendy's,,Avocado Chicken Club,,583,30,30,47,1360,8.7,,,2.4,6.5,,,,,,,,,,,,,,,,,2026/2/4,,,,,,,,,,,
Wendy's,,4 Pc Chicken Nuggets,,114,11,5.6,4.9,372,1.4,,,0,0,,,,,,,,,,,,,,,,,2026/2/4,,,,,,,,,,,
Wendy's,,6 Pc Chicken Nuggets,,173,17,8.4,7.4,560,2.1,,,0,0,,,,,,,,,,,,,,,,,2026/2/4,,,,,,,,,,,
Wendy's,,10 Pc Chicken Nuggets,,286,28,14,12,920,3.4,,,0,0,,,,,,,,,,,,,,,,,2026/2/4,,,,,,,,,,,
Wendy's,,20 Pc Chicken Nuggets,,572,55,28,25,1840,6.9,,,0,0,,,,,,,,,,,,,,,,,2026/2/4,,,,,,,,,,,
Wendy's,,4 Pc Spicy Chicken Nuggets,,99,12,2.8,6.5,148,0.5,,,0,0,,,,,,,,,,,,,,,,,2026/2/4,,,,,,,,,,,
Wendy's,,6 Pc Spicy Chicken Nuggets,,152,19,4.1,9.8,220,0.8,,,0,0,,,,,,,,,,,,,,,,,2026/2/4,,,,,,,,,,,
Wendy's,,10 Pc Spicy Chicken Nuggets,,250,31,6.8,16,368,1.3,,,0.6,0,,,,,,,,,,,,,,,,,2026/2/4,,,,,,,,,,,
Wendy's,,20 Pc Spicy Chicken Nuggets,,499,62,13,33,720,2.6,,,1.2,0,,,,,,,,,,,,,,,,,2026/2/4,,,,,,,,,,,
Wendy's,,Spicy Chicken Mayo Wrap,,341,12,20,27,520,4.9,,,2.3,1.5,,,,,,,,,,,,,,,,,2026/2/4,,,,,,,,,,,
Wendy's,,Spicy Chicken Avocado Wrap,,252,10,11,27,440,2.9,,,2.3,2.1,,,,,,,,,,,,,,,,,2026/2/4,,,,,,,,,,,
Wendy's,,Crispy Chicken Curry Mayo Wrap,,301,10,16,28,480,3.1,,,2.5,2.6,,,,,,,,,,,,,,,,,2026/2/4,,,,,,,,,,,
Wendy's,,Spicy Chicken BBQ Wrap,,268,12,9.7,32,560,4.1,,,2.3,5.8,,,,,,,,,,,,,,,,,2026/2/4,,,,,,,,,,,
Wendy's,,Cheeseburger Deluxe,,366,17,19,31,760,6.3,,,1.4,7.3,,,,,,,,,,,,,,,,,2026/2/4,,,,,,,,,,,
Wendy's,,Bacon Cheeseburger,,410,20,23,30,920,7.4,,,1.4,5.9,,,,,,,,,,,,,,,,,2026/2/4,,,,,,,,,,,
Wendy's,,Caesar Chicken Salad,,411,28,31,4.2,840,6.6,,,1.4,3.7,,,,,,,,,,,,,,,,,2026/2/4,,,,,,,,,,,
Wendy's,,Avocado Chicken Salad,,485,32,36,7.5,880,9.5,,,1.4,5.2,,,,,,,,,,,,,,,,,2026/2/4,,,,,,,,,,,
Wendy's,,Value Fries,,142,1.6,6.7,18,840,0.5,,,1.5,3.5,,,,,,,,,,,,,,,,,2026/2/4,,,,,,,,,,,
Wendy's,,Medium Fries,,176,2,8.5,22,840,0.6,,,1.9,3.7,,,,,,,,,,,,,,,,,2026/2/4,,,,,,,,,,,
Wendy's,,Large Fries,,239,2.7,11,31,960,0.8,,,2.6,6.8,,,,,,,,,,,,,,,,,2026/2/4,,,,,,,,,,,
Wendy's,,Baconator Fries,,459,12,34,25,680,9.3,,,2.3,2.6,,,,,,,,,,,,,,,,,2026/2/4,,,,,,,,,,,
Wendy's,,Cheesy Topped Fries,,351,7.5,24,25,1040,7.1,,,2.3,2.5,,,,,,,,,,,,,,,,,2026/2/4,,,,,,,,,,,
Wendy's,,Plain Potato,,232,4.4,5.4,39,760,3.4,,,4.7,2.4,,,,,,,,,,,,,,,,,2026/2/4,,,,,,,,,,,
Wendy's,,Bacon & Cheese Potato,,405,14,20,40,640,8.4,,,4.3,3.8,,,,,,,,,,,,,,,,,2026/2/4,,,,,,,,,,,
Wendy's,,Sour Cream and Chives Potato,,233,4.9,5.4,39,16,3.3,,,4.4,3.4,,,,,,,,,,,,,,,,,2026/2/4,,,,,,,,,,,
Wendy's,,Chili,,253,19,13,14,600,5.5,,,1.9,3.5,,,,,,,,,,,,,,,,,2026/2/4,,,,,,,,,,,
Wendy's,,Chili Cheese Fries,,481,17,31,32,680,9.8,,,3.2,4.2,,,,,,,,,,,,,,,,,2026/2/4,,,,,,,,,,,
Wendy's,,Chili Cheese Baked Potato,,428,19,17,47,640,9,,,5.3,5.5,,,,,,,,,,,,,,,,,2026/2/4,,,,,,,,,,,
Wendy's,,Kid's Cheeseburger,,317,17,14,30,720,5.8,,,1.4,6.3,,,,,,,,,,,,,,,,,2026/2/4,,,,,,,,,,,
Wendy's,,Kid's Hamburger,,278,15,11,29,520,4.3,,,1.4,5.5,,,,,,,,,,,,,,,,,2026/2/4,,,,,,,,,,,
Wendy's,,Espresso,,0,0,0,0,0,0,,,0,0,,,,,,,,,,,,,,,,,2026/2/4,,,,,,,,,,,
Wendy's,,Americano,,0,0,0,0,8,0,,,0,0,,,,,,,,,,,,,,,,,2026/2/4,,,,,,,,,,,
Wendy's,,Flat White,,153,11,5,16,188,3.1,,,0,16,,,,,,,,,,,,,,,,,2026/2/4,,,,,,,,,,,
Wendy's,,Cappuccino,,95,6.7,3.2,9.9,120,2,,,0,9.9,,,,,,,,,,,,,,,,,2026/2/4,,,,,,,,,,,
Wendy's,,Latte,,153,11,5,16,188,3.1,,,0,16,,,,,,,,,,,,,,,,,2026/2/4,,,,,,,,,,,
Wendy's,,Mocha,,190,7.3,3.5,31,164,2.2,,,2.4,30,,,,,,,,,,,,,,,,,2026/2/4,,,,,,,,,,,
Wendy's,,Tea,,0,0,0,0,0,0,,,0,0,,,,,,,,,,,,,,,,,2026/2/4,,,,,,,,,,,
Wendy's,,Hot Chocolate,,245,8.9,4.3,41,204,2.7,,,3.2,39,,,,,,,,,,,,,,,,,2026/2/4,,,,,,,,,,,
Wendy's,,Jr. Vanilla Frosty,,179,3.5,6.3,27,136,5.5,,,0,19,,,,,,,,,,,,,,,,,2026/2/4,,,,,,,,,,,
Wendy's,,Regular Vanilla Frosty,,311,6.1,11,47,240,9.6,,,0,34,,,,,,,,,,,,,,,,,2026/2/4,,,,,,,,,,,
Wendy's,,Large Vanilla Frosty,,424,8.2,15,64,320,13,,,0,45,,,,,,,,,,,,,,,,,2026/2/4,,,,,,,,,,,
Wendy's,,Jr. Chocolate Frosty,,174,5.2,4.6,28,80,0.5,,,0,23,,,,,,,,,,,,,,,,,2026/2/4,,,,,,,,,,,
Wendy's,,Regular Chocolate Frosty,,299,8.9,7.9,48,140,0.9,,,0,40,,,,,,,,,,,,,,,,,2026/2/4,,,,,,,,,,,
Wendy's,,Large Chocolate Frosty,,407,12,11,65,192,1.2,,,0,55,,,,,,,,,,,,,,,,,2026/2/4,,,,,,,,,,,
Wendy's,,"Sausage, Egg, & Cheese Croissant",,492,20,33,28,440,13,,,1.5,4.9,,,,,,,,,,,,,,,,,2026/2/4,,,,,,,,,,,
Wendy's,,"Bacon, Egg, & Cheese Croissant",,403,17,25,27,560,10,,,1,4.3,,,,,,,,,,,,,,,,,2026/2/4,,,,,,,,,,,
Wendy's,,Breakfast Baconator,,704,37,44,39,1560,15,,,2.1,8,,,,,,,,,,,,,,,,,2026/2/4,,,,,,,,,,,
Wendy's,,Egg & Cheese Muffin,,319,14,16,27,400,4.5,,,5.5,2.5,,,,,,,,,,,,,,,,,2026/2/4,,,,,,,,,,,
Wendy's,,Sausage & Cheese Muffin,,477,23,29,28,560,9.1,,,6,3.2,,,,,,,,,,,,,,,,,2026/2/4,,,,,,,,,,,
Wendy's,,Bacon & Cheese Muffin,,384,19,21,27,680,6.3,,,5.5,2.6,,,,,,,,,,,,,,,,,2026/2/4,,,,,,,,,,,
Wendy's,,Small Breakfast Potatoes,,132,2.3,3.4,22,184,0.3,,,2.3,0,,,,,,,,,,,,,,,,,2026/2/4,,,,,,,,,,,
Wendy's,,Med Breakfast Potatoes,,186,3.2,4.8,31,264,0.5,,,3.2,0.5,,,,,,,,,,,,,,,,,2026/2/4,,,,,,,,,,,
Wendy's,,Large Breakfast Potatoes,,236,4.1,6.1,39,332,0.6,,,4.1,0.7,,,,,,,,,,,,,,,,,2026/2/4,,,,,,,,,,,
Wendy's,,Pain au Chocolat,,206,4.1,10,24,128,6.2,,,1.6,7.3,,,,,,,,,,,,,,,,,2026/2/4,,,,,,,,,,,
Wendy's,,Apple Slices,,42,0,0,9.3,0,0,,,2.2,9.3,,,,,,,,,,,,,,,,,2026/2/4,,,,,,,,,,,
Wendy's,,Can Coke,,140,0,0,35,0,0,,,0,35,,,,,,,,,,,,,,,,,2026/2/4,,,,,,,,,,,
Wendy's,,Can Diet Coke,,0,0,0,0,0,0,,,0,0,,,,,,,,,,,,,,,,,2026/2/4,,,,,,,,,,,
Wendy's,,Can Coke Zero,,0,0,0,0,28,0,,,0,0,,,,,,,,,,,,,,,,,2026/2/4,,,,,,,,,,,
Wendy's,,Can Sprite,,44,0,0,11,12,0,,,0,11,,,,,,,,,,,,,,,,,2026/2/4,,,,,,,,,,,
Wendy's,,Coke Small Drink 12 oz,,152,0,0,38,0,0,,,0,38,,,,,,,,,,,,,,,,,2026/2/4,,,,,,,,,,,
Wendy's,,Diet Coke Small Drink 12 oz,,0,0,0,0,0,0,,,0,0,,,,,,,,,,,,,,,,,2026/2/4,,,,,,,,,,,
Wendy's,,Coke Zero Small Drink 12 oz,,0,0,0,0,28,0,,,0,0,,,,,,,,,,,,,,,,,2026/2/4,,,,,,,,,,,
Wendy's,,Orange Fanta Small Drink 12 oz,,64,0,0,16,28,0,,,0,16,,,,,,,,,,,,,,,,,2026/2/4,,,,,,,,,,,
Wendy's,,Sprite Zero Small Drink 12 oz,,0,0,0,0,100,0,,,0,0,,,,,,,,,,,,,,,,,2026/2/4,,,,,,,,,,,
Wendy's,,Coke Medium Drink 16 oz,,200,0,0,50,0,0,,,0,50,,,,,,,,,,,,,,,,,2026/2/4,,,,,,,,,,,
Wendy's,,Diet Coke Medium Drink 16 oz,,0,0,0,0,0,0,,,0,0,,,,,,,,,,,,,,,,,2026/2/4,,,,,,,,,,,
Wendy's,,Coke Zero Medium Drink 16 oz,,0,0,0,0,36,0,,,0,0,,,,,,,,,,,,,,,,,2026/2/4,,,,,,,,,,,
Wendy's,,Orange Fanta Medium Drink 16 oz,,84,0,0,21,36,0,,,0,21,,,,,,,,,,,,,,,,,2026/2/4,,,,,,,,,,,
Wendy's,,Sprite Zero Medium Drink 16 oz,,0,0,0,0,132,0,,,0,0,,,,,,,,,,,,,,,,,2026/2/4,,,,,,,,,,,
Wendy's,,Coke Large Drink 20 oz,,252,0,0,63,0,0,,,0,63,,,,,,,,,,,,,,,,,2026/2/4,,,,,,,,,,,
Wendy's,,Diet Coke Large Drink 20 oz,,0,0,0,0,0,0,,,0,0,,,,,,,,,,,,,,,,,2026/2/4,,,,,,,,,,,
Wendy's,,Coke Zero Large Drink 20 oz,,0,0,0,0,48,0,,,0,0,,,,,,,,,,,,,,,,,2026/2/4,,,,,,,,,,,
Wendy's,,Orange Fanta Large Drink 20 oz,,108,0,0,27,48,0,,,0,27,,,,,,,,,,,,,,,,,2026/2/4,,,,,,,,,,,
Wendy's,,Sprite Zero Large Drink 20 oz,,0,0,0,0,164,0,,,0,0,,,,,,,,,,,,,,,,,2026/2/4,,,,,,,,,,,
Wendy's,,Premium Bun,,183,6.6,2.3,33,300,0.3,,,1.7,5.2,,,,,,,,,,,,,,,,,2026/2/4,,,,,,,,,,,
Wendy's,,Value Bun,,149,5.3,1.9,27,244,0.2,,,1.4,4.2,,,,,,,,,,,,,,,,,2026/2/4,,,,,,,,,,,
Wendy's,,Lettuce As Bun,,0,0,0,0,0,0,,,0,0,,,,,,,,,,,,,,,,,2026/2/4,,,,,,,,,,,
Wendy's,,Strawberry Jam,,38,0,0,9.6,0,0,,,0,9.6,,,,,,,,,,,,,,,,,2026/2/4,,,,,,,,,,,
Wendy's,,Cranberries,,41,0,0,10,0,0,,,0.6,8.3,,,,,,,,,,,,,,,,,2026/2/4,,,,,,,,,,,
Wendy's,,Brown Sugar,,16,0,0,4,0,0,,,0,4,,,,,,,,,,,,,,,,,2026/2/4,,,,,,,,,,,
Wendy's,,Small Patty,,122,9.5,9.3,0,24,4.1,,,0,0,,,,,,,,,,,,,,,,,2026/2/4,,,,,,,,,,,
Wendy's,,Large Patty,,273,21,21,0,52,9.2,,,0,0,,,,,,,,,,,,,,,,,2026/2/4,,,,,,,,,,,
Wendy's,,Bacon 2 Pieces,,42,3.3,3.2,0,192,1.2,,,0,0,,,,,,,,,,,,,,,,,2026/2/4,,,,,,,,,,,
Wendy's,,Bacon 3 Pieces,,63,4.9,4.8,0,288,1.8,,,0,0,,,,,,,,,,,,,,,,,2026/2/4,,,,,,,,,,,
Wendy's,,Sub Classic Chicken,,162,13,6.7,12,560,1.7,,,0.7,0,,,,,,,,,,,,,,,,,2026/2/4,,,,,,,,,,,
Wendy's,,Sub Grilled,,93,19,1.9,0,308,0.4,,,0,0,,,,,,,,,,,,,,,,,2026/2/4,,,,,,,,,,,
Wendy's,,Sausage,,158,8.8,13,1.5,156,4.6,,,0,0.7,,,,,,,,,,,,,,,,,2026/2/4,,,,,,,,,,,
Wendy's,,Sub Spicy,,156,13,6.5,11,560,1.6,,,0.7,0,,,,,,,,,,,,,,,,,2026/2/4,,,,,,,,,,,
Wendy's,,Shredded Cheese,,36,2.2,3,0,68,1.9,,,0,0,,,,,,,,,,,,,,,,,2026/2/4,,,,,,,,,,,
Wendy's,,Cream Crackers,,71,1.6,2.1,11,76,1,,,0.6,0,,,,,,,,,,,,,,,,,2026/2/4,,,,,,,,,,,
Wendy's,,Ketchup Packet,,11,0,0,2.8,88,0,,,0,2.7,,,,,,,,,,,,,,,,,2026/2/4,,,,,,,,,,,
Wendy's,,Sour Cream,,52,0.7,5,1.1,16,3.1,,,0,1.1,,,,,,,,,,,,,,,,,2026/2/4,,,,,,,,,,,
Wendy's,,Tomato Sliced,,3,0,0,0.8,0,0,,,0,0.8,,,,,,,,,,,,,,,,,2026/2/4,,,,,,,,,,,
Wendy's,,Tomato Diced,,5,0,0,1.3,0,0,,,0,1.3,,,,,,,,,,,,,,,,,2026/2/4,,,,,,,,,,,
Wendy's,,Monterey Jack Cheese,,93,5.8,7.8,0,180,4.8,,,0,0,,,,,,,,,,,,,,,,,2026/2/4,,,,,,,,,,,
Wendy's,,American Cheese,,42,1.9,3.2,1.3,196,1.5,,,0,0.8,,,,,,,,,,,,,,,,,2026/2/4,,,,,,,,,,,
Wendy's,,Emmental Cheese,,152,11,12,0,204,8.2,,,0,0,,,,,,,,,,,,,,,,,2026/2/4,,,,,,,,,,,
Wendy's,,Italian Cheese,,82,7,6,0,0,4.4,,,0,0,,,,,,,,,,,,,,,,,2026/2/4,,,,,,,,,,,
Wendy's,,Grana Padano PDO Cheese flakes,,83,7,6.1,0,128,3.8,,,0,0,,,,,,,,,,,,,,,,,2026/2/4,,,,,,,,,,,
Wendy's,,Cheese Shredded Cheddar - Salad,,105,6.5,8.8,0,196,5.5,,,0,0,,,,,,,,,,,,,,,,,2026/2/4,,,,,,,,,,,
Wendy's,,Cheese Shredded Cheddar - topped side,,36,2.2,3,0,68,1.9,,,0,0,,,,,,,,,,,,,,,,,2026/2/4,,,,,,,,,,,
Wendy's,,Cheddar Cheese Sauce,,81,3.2,6.5,2.3,292,4.2,,,0,1.5,,,,,,,,,,,,,,,,,2026/2/4,,,,,,,,,,,
Wendy's,,Breakfast Cheese Sauce,,34,1,2.9,0.9,96,1.9,,,0,0.6,,,,,,,,,,,,,,,,,2026/2/4,,,,,,,,,,,
Wendy's,,Creamer,,0,0,0,0,4,0,,,0,0,,,,,,,,,,,,,,,,,2026/2/4,,,,,,,,,,,
Wendy's,,Kid's Milk,,94,7,3,9.8,80,2,,,0,9.8,,,,,,,,,,,,,,,,,2026/2/4,,,,,,,,,,,
Wendy's,,Sugar,,16,0,0,4,0,0,,,0,4,,,,,,,,,,,,,,,,,2026/2/4,,,,,,,,,,,
Wendy's,,Sweetener Packets,,14,0,0,3.6,0,0,,,0,3.6,,,,,,,,,,,,,,,,,2026/2/4,,,,,,,,,,,
Wendy's,,BBQ Dip Pot,,32,0,0,8,120,0,,,0,7,,,,,,,,,,,,,,,,,2026/2/4,,,,,,,,,,,
Wendy's,,Garlic Sauce Dip Pot,,100,0,9.8,3,172,0.8,,,0,2.2,,,,,,,,,,,,,,,,,2026/2/4,,,,,,,,,,,
Wendy's,,Sweet Chili Dip Pot,,48,0,0,12,152,0,,,0,11,,,,,,,,,,,,,,,,,2026/2/4,,,,,,,,,,,
Wendy's,,Caesar Salad Dressing,,209,1.3,22,1.5,480,2,,,0,1.1,,,,,,,,,,,,,,,,,2026/2/4,,,,,,,,,,,
Wendy's,,Pomegranate Vinaigrette,,100,0.6,3.3,17,20,0.3,,,0,16,,,,,,,,,,,,,,,,,2026/2/4,,,,,,,,,,,
Wendy's,,Kids Carton Juice,,54,1,0,12,0,0,,,0.8,11,,,,,,,,,,,,,,,,,2026/2/4,,,,,,,,,,,
Wendy's,,Chives,,0,0,0,0,0,0,,,0,0,,,,,,,,,,,,,,,,,2026/2/4,,,,,,,,,,,
Wendy's,,Mayonnaise Bulk - Premium Sandwich,,50,0,5.6,0,40,0.5,,,0,0,,,,,,,,,,,,,,,,,2026/2/4,,,,,,,,,,,
Wendy's,,Mayonnaise Bulk - Value Sandwich,,45,0,5,0,32,0.4,,,0,0,,,,,,,,,,,,,,,,,2026/2/4,,,,,,,,,,,
Wendy's,,Sea Salt Packet,,0,0,0,0,1000,0,,,0,0,,,,,,,,,,,,,,,,,2026/2/4,,,,,,,,,,,
Wendy's,,Ketchup Bulk - Premium Sandwich,,6,0,0,1.6,48,0,,,0,1.5,,,,,,,,,,,,,,,,,2026/2/4,,,,,,,,,,,
Wendy's,,Ketchup Bulk - Value Sandwich,,5,0,0,1.3,40,0,,,0,1.2,,,,,,,,,,,,,,,,,2026/2/4,,,,,,,,,,,
Wendy's,,Romaine Lettuce Whole,,0,0,0,0,0,0,,,0,0,,,,,,,,,,,,,,,,,2026/2/4,,,,,,,,,,,
Wendy's,,White Onion Bulk - Premium Sandwich,,0,0,0,0,0,0,,,0,0,,,,,,,,,,,,,,,,,2026/2/4,,,,,,,,,,,
Wendy's,,White Onion Bulk - Value Sandwich,,0,0,0,0,0,0,,,0,0,,,,,,,,,,,,,,,,,2026/2/4,,,,,,,,,,,
Wendy's,,Pickle Slice - Premium Sandwich,,0,0,0,0,88,0,,,0,0,,,,,,,,,,,,,,,,,2026/2/4,,,,,,,,,,,
Wendy's,,Pickle Slice - Value Sandwich,,0,0,0,0,56,0,,,0,0,,,,,,,,,,,,,,,,,2026/2/4,,,,,,,,,,,
Wendy's,,Frozen Avocado - Sandwich,,45,0.6,4.5,0.6,40,0.7,,,0,0,,,,,,,,,,,,,,,,,2026/2/4,,,,,,,,,,,
Wendy's,,Frozen Avocado - Salad,,90,1.2,8.9,1.2,76,1.3,,,0,0,,,,,,,,,,,,,,,,,2026/2/4,,,,,,,,,,,
Wendy's,,Southwest Ranch Salad Dressing,,131,1.1,13,2.3,84,1.1,,,0,1.7,,,,,,,,,,,,,,,,,2026/2/4,,,,,,,,,,,
Wendy's,,Curry Powder,,0,0,0,0,16,0,,,0,0,,,,,,,,,,,,,,,,,2026/2/4,,,,,,,,,,,
Wendy's,,Wheat Flour Tortilla,,131,3.2,3.4,21,120,1.4,,,2,1.1,,,,,,,,,,,,,,,,,2026/2/4,,,,,,,,,,,
Wendy's,,BBQ Sauce,,22,0,0,5.4,76,0,,,0,4.6,,,,,,,,,,,,,,,,,2026/2/4,,,,,,,,,,,
,,,,,,,,,,,,,,,,,,,,,,,,,,,,,,,,,,,,,,,,,
Subway,6-black-forest-ham,"6"" Black Forest Ham",,280,20,4,42,860,1,0,30,5,7,4,,,,,,,,,,,,,,,,,,,Source: Subway U.S. Nutrition Information January 2024.,,,,,,,2024/1/29,
Subway,6-buffalo-chicken-(with-grilled-chicken),"6"" Buffalo Chicken (with Grilled Chicken)",,380,25,12,42,1380,3,0,55,3,6,3,,,,,,,,,,,,,,,,,,,Source: Subway U.S. Nutrition Information January 2024.,,,,,,,2024/1/29,
Subway,6-cold-cut-combo,"6"" Cold Cut Combo®",,320,17,10,41,1000,3,0,45,3,6,3,,,,,,,,,,,,,,,,,,,Source: Subway U.S. Nutrition Information January 2024.,,,,,,,2024/1/29,
Subway,6-grilled-chicken,"6"" Grilled Chicken",,290,27,4,40,580,1,0,50,5,6,3,,,,,,,,,,,,,,,,,,,Source: Subway U.S. Nutrition Information January 2024.,,,,,,,2024/1/29,
Subway,6-meatball-marinara,"6"" Meatball Marinara",,460,20,20,50,1110,8,0,40,4,8,4,,,,,,,,,,,,,,,,,,,Source: Subway U.S. Nutrition Information January 2024.,,,,,,,2024/1/29,
Subway,6-oven-roasted-turkey,"6"" Oven Roasted Turkey",,270,21,4,40,820,1,0,25,5,6,4,,,,,,,,,,,,,,,,,,,Source: Subway U.S. Nutrition Information January 2024.,,,,,,,2024/1/29,
Subway,6-roast-beef,"6"" Roast Beef",,310,25,5,42,790,2,0,40,5,8,5,,,,,,,,,,,,,,,,,,,Source: Subway U.S. Nutrition Information January 2024.,,,,,,,2024/1/29,
Subway,6-rotisserie-style-chicken,"6"" Rotisserie-Style Chicken",,310,25,6,40,760,2,0,50,5,6,4,,,,,,,,,,,,,,,,,,,Source: Subway U.S. Nutrition Information January 2024.,,,,,,,2024/1/29,
Subway,6-steak-(includes-american-cheese),"6"" Steak (Includes American Cheese)",,360,26,10,40,1040,5,0,65,2,5,3,,,,,,,,,,,,,,,,,,,Source: Subway U.S. Nutrition Information January 2024.,,,,,,,2024/1/29,
Subway,6-tuna,"6"" Tuna",,470,20,25,40,690,5,0,40,2,5,2,,,,,,,,,,,,,,,,,,,Source: Subway U.S. Nutrition Information January 2024.,,,,,,,2024/1/29,
Subway,6-veggie-delite,"6"" Veggie Delite®",,210,10,3,39,370,0,0,0,5,6,3,,,,,,,,,,,,,,,,,,,Source: Subway U.S. Nutrition Information January 2024.,,,,,,,2024/1/29,
Subway,black-forest-ham-wrap,Black Forest Ham Wrap,,440,28,11,58,1570,2,0,55,3,6,0,,,,,,,,,,,,,,,,,,,Source: Subway U.S. Nutrition Information January 2024.,,,,,,,2024/1/29,
Subway,buffalo-chicken-wrap,Buffalo Chicken Wrap,,560,42,19,56,1800,4,0,110,3,5,2,,,,,,,,,,,,,,,,,,,Source: Subway U.S. Nutrition Information January 2024.,,,,,,,2024/1/29,
Subway,cold-cut-combo-wrap,Cold Cut Combo® Wrap,,530,27,23,55,1820,5,0,95,3,5,2,,,,,,,,,,,,,,,,,,,Source: Subway U.S. Nutrition Information January 2024.,,,,,,,2024/1/29,
Subway,grilled-chicken-wrap,Grilled Chicken Wrap,,470,42,11,54,1010,2,0,100,3,5,1,,,,,,,,,,,,,,,,,,,Source: Subway U.S. Nutrition Information January 2024.,,,,,,,2024/1/29,
Subway,meatball-marinara-wrap,Meatball Marinara Wrap,,810,32,43,76,2040,15,0,75,7,11,5,,,,,,,,,,,,,,,,,,,Source: Subway U.S. Nutrition Information January 2024.,,,,,,,2024/1/29,
Subway,oven-roasted-turkey-wrap,Oven Roasted Turkey Wrap,,420,30,10,54,1500,2,1,55,4,5,0,,,,,,,,,,,,,,,,,,,Source: Subway U.S. Nutrition Information January 2024.,,,,,,,2024/1/29,
Subway,roast-beef-wrap,Roast Beef Wrap,,500,38,14,58,1440,3,0,75,3,7,0,,,,,,,,,,,,,,,,,,,Source: Subway U.S. Nutrition Information January 2024.,,,,,,,2024/1/29,
Subway,rotisserie-style-chicken-wrap,Rotisserie-Style Chicken Wrap,,500,38,15,54,1380,3,0,105,4,4,0,,,,,,,,,,,,,,,,,,,Source: Subway U.S. Nutrition Information January 2024.,,,,,,,2024/1/29,
Subway,steak-wrap-(includes-american-cheese),Steak Wrap (Includes American Cheese),,570,43,20,55,1700,7,0,120,3,4,3,,,,,,,,,,,,,,,,,,,Source: Subway U.S. Nutrition Information January 2024.,,,,,,,2024/1/29,
Subway,tuna-wrap,Tuna Wrap,,820,33,54,53,1210,8,1,75,3,4,1,,,,,,,,,,,,,,,,,,,Source: Subway U.S. Nutrition Information January 2024.,,,,,,,2024/1/29,
Subway,veggie-delite-wrap,Veggie Delite® Wrap,,330,10,8,57,600,1,0,0,4,6,1,,,,,,,,,,,,,,,,,,,Source: Subway U.S. Nutrition Information January 2024.,,,,,,,2024/1/29,
Subway,black-forest-ham-salad,Black Forest Ham Salad,,120,13,3,12,570,1,0,30,4,6,1,,,,,,,,,,,,,,,,,,,Source: Subway U.S. Nutrition Information January 2024.,,,,,,,2024/1/29,
Subway,grilled-chicken-salad,Grilled Chicken Salad,,130,19,3,10,280,1,0,50,4,5,0,,,,,,,,,,,,,,,,,,,Source: Subway U.S. Nutrition Information January 2024.,,,,,,,2024/1/29,
Subway,tuna-salad,Tuna Salad,,310,15,24,10,390,4,0,40,4,5,0,,,,,,,,,,,,,,,,,,,Source: Subway U.S. Nutrition Information January 2024.,,,,,,,2024/1/29,
Subway,6-egg-&-cheese-flatbread,"6"" Egg & Cheese Flatbread",,360,16,21,27,650,6,0,250,1,2,1,,,,,,,,,,,,,,,,,,,Source: Subway U.S. Nutrition Information January 2024.,,,,,,,2024/1/29,
Subway,"6-bacon,-egg-&-cheese","6"" Bacon, Egg & Cheese",,500,24,26,40,970,8,0,270,2,5,3,,,,,,,,,,,,,,,,,,,Source: Subway U.S. Nutrition Information January 2024.,,,,,,,2024/1/29,
Subway,8-cheese-pizza,"8"" Cheese Pizza",,700,29,22,95,1370,9,1,50,4,8,3,,,,,,,,,,,,,,,,,,,Source: Subway U.S. Nutrition Information January 2024.,,,,,,,2024/1/29,
Subway,8-pepperoni-pizza,"8"" Pepperoni Pizza",,780,33,29,96,1660,12,1,70,5,8,3,,,,,,,,,,,,,,,,,,,Source: Subway U.S. Nutrition Information January 2024.,,,,,,,2024/1/29,
Subway,ham-&-jack-slider,Ham & Jack Slider,,160,10,4,20,540,2,0,20,0,2,2,,,,,,,,,,,,,,,,,,,Source: Subway U.S. Nutrition Information January 2024.,,,,,,,2024/1/29,
Subway,little-cheesesteak-slider,Little Cheesesteak Slider,,180,8,7,20,440,3,0,20,1,3,2,,,,,,,,,,,,,,,,,,,Source: Subway U.S. Nutrition Information January 2024.,,,,,,,2024/1/29,
Subway,chocolate-chip-cookie,Chocolate Chip Cookie,,210,2,10,30,120,5,0,10,0,18,18,,,,,,,,,,,,,,,,,,,Source: Subway U.S. Nutrition Information January 2024.,,,,,,,2024/1/29,
Subway,oatmeal-raisin-cookie,Oatmeal Raisin Cookie,,200,3,8,30,110,4,0,15,1,16,10,,,,,,,,,,,,,,,,,,,Source: Subway U.S. Nutrition Information January 2024.,,,,,,,2024/1/29,
Subway,white-chip-macadamia-nut-cookie,White Chip Macadamia Nut Cookie,,210,2,10,28,125,5,0,15,0,17,17,,,,,,,,,,,,,,,,,,,Source: Subway U.S. Nutrition Information January 2024.,,,,,,,2024/1/29,
Subway,broccoli-cheddar-soup-(8-oz),Broccoli Cheddar Soup (8 oz),,200,9,13,16,960,8,0,45,0,7,0,,,,,,,,,,,,,,,,,,,Source: Subway U.S. Nutrition Information January 2024.,,,,,,,2024/1/29,
Subway,chicken-noodle-soup-(8-oz),Chicken Noodle Soup (8 oz),,70,7,3,6,1160,1,0,15,0,1,0,,,,,,,,,,,,,,,,,,,Source: Subway U.S. Nutrition Information January 2024.,,,,,,,2024/1/29,
restaurant_name,food_id,food_name,food_name_cn,calories,protein_g,total_fat_g,total_carbs_g,sodium_mg,saturated_fat_g,trans_fat_g,cholesterol_mg,fiber_g,sugars_g,added_sugars_g,protein_dv,total_carbs_dv,total_fat_dv,saturated_fat_dv,trans_fat_dv,cholesterol_dv,sodium_dv,dietary_fiber_dv,total_sugars_dv,added_sugars_dv,vitamin_d_mcg,vitamin_d_dv,calcium_mg,calcium_dv,iron_mg,iron_dv,potassium_mg,potassium_dv,description,allergens,ingredient_count,ingredients_full,allergens_full,product_url,local_image_path,scraped_date,
Chick-fil-A,spicy-chicken-sandwich,Spicy Chicken Sandwich,,450,28,19,45,1730,4,0,65,1,6,,,,,,,,,,,,,,,,,,,,,Official Nutrition Data,,,,,,,2026/2/6
Chick-fil-A,nuggets,Chick-fil-A Nuggets,,250,27,11,11,1210,2.5,0,85,0,1,,,,,,,,,,,,,,,,,,,,,Official Nutrition Data,,,,,,,2026/2/6
Chick-fil-A,waffle-potato-fries,Waffle Potato Fries,,420,5,24,45,240,4,0,0,5,1,,,,,,,,,,,,,,,,,,,,,Official Nutrition Data,,,,,,,2026/2/6
Chick-fil-A,egg-white-grill,Egg White Grill,,300,27,8,29,990,4,0,65,1,2,,,,,,,,,,,,,,,,,,,,,Official Nutrition Data,,,,,,,2026/2/6
Chick-fil-A,spicy-chicken-biscuit,Spicy Chicken Biscuit,,450,19,22,44,1570,8,0,40,3,5,,,,,,,,,,,,,,,,,,,,,Official Nutrition Data,,,,,,,2026/2/6
Chick-fil-A,chick-n-minis,Chick-fil-A Chick-n-Minis,,360,20,13,41,1060,4,0,60,2,8,,,,,,,,,,,,,,,,,,,,,Official Nutrition Data,,,,,,,2026/2/6
Chick-fil-A,hash-brown-scramble-burrito,Hash Brown Scramble Burrito,,700,34,40,51,1770,12,0.5,415,3,2,,,,,,,,,,,,,,,,,,,,,Official Nutrition Data,,,,,,,2026/2/6
Chick-fil-A,hash-brown-scramble-bowl,Hash Brown Scramble Bowl,,470,29,30,19,1350,9,0,415,2,2,,,,,,,,,,,,,,,,,,,,,Official Nutrition Data,,,,,,,2026/2/6
Chick-fil-A,fruit-cup,Fruit Cup,,70,1,0,16,0,0,0,0,2,12,,,,,,,,,,,,,,,,,,,,,Official Nutrition Data,,,,,,,2026/2/6
Chick-fil-A,berry-parfait,Berry Parfait,,270,13,9,35,85,3.5,0,20,1,26,,,,,,,,,,,,,,,,,,,,,Official Nutrition Data,,,,,,,2026/2/6
Starbucks,americano-tall,Americano Tall,,7,0.4,0.1,0.9,0,0,,,0.3,0.1,,,,,,,,,,,,,,,,,,,,Winter FY26 UK/IRE beverage nutritionals (from PDF),,,,,,,2026/2/7,
Starbucks,americano-grande,Americano Grande,,11,0.6,0.2,1.3,0,0.1,,,0.4,0.1,,,,,,,,,,,,,,,,,,,,Winter FY26 UK/IRE beverage nutritionals (from PDF),,,,,,,2026/2/7,
Starbucks,americano-venti,Americano Venti,,14,0.8,0.3,1.8,0,0.1,,,0.5,0.2,,,,,,,,,,,,,,,,,,,,Winter FY26 UK/IRE beverage nutritionals (from PDF),,,,,,,2026/2/7,
Starbucks,caffe-latte-semi-skimmed-milk-tall,Caffe Latte - semi skimmed milk Tall,,124,8.9,4.3,12.3,104,2.7,,,0.3,11.5,,,,,,,,,,,,,,,,,,,,Winter FY26 UK/IRE beverage nutritionals (from PDF),,,,,,,2026/2/7,
Starbucks,caffe-latte-semi-skimmed-milk-grande,Caffe Latte - semi skimmed milk Grande,,151,10.9,5.2,15,128,3.4,,,0.3,14.2,,,,,,,,,,,,,,,,,,,,Winter FY26 UK/IRE beverage nutritionals (from PDF),,,,,,,2026/2/7,
Starbucks,caffe-latte-semi-skimmed-milk-venti,Caffe Latte - semi skimmed milk Venti,,204,14.7,7.1,20.3,172,4.5,,,0.4,19.1,,,,,,,,,,,,,,,,,,,,Winter FY26 UK/IRE beverage nutritionals (from PDF),,,,,,,2026/2/7,
Starbucks,caffe-latte-whole-milk-tall,Caffe Latte - whole milk Tall,,162,8.6,8.9,12.1,104,5.6,,,0.3,11.2,,,,,,,,,,,,,,,,,,,,Winter FY26 UK/IRE beverage nutritionals (from PDF),,,,,,,2026/2/7,
Starbucks,caffe-latte-whole-milk-grande,Caffe Latte - whole milk Grande,,200,10.6,11,14.7,128,6.9,,,0.3,13.9,,,,,,,,,,,,,,,,,,,,Winter FY26 UK/IRE beverage nutritionals (from PDF),,,,,,,2026/2/7,
Starbucks,caffe-latte-whole-milk-venti,Caffe Latte - whole milk Venti,,269,14.3,14.7,19.9,168,9.3,,,0.4,18.7,,,,,,,,,,,,,,,,,,,,Winter FY26 UK/IRE beverage nutritionals (from PDF),,,,,,,2026/2/7,
Starbucks,caffe-latte-skimmed-milk-tall,Caffe Latte - skimmed milk Tall,,94,8.9,0.9,12.5,108,0.4,,,0.3,11.7,,,,,,,,,,,,,,,,,,,,Winter FY26 UK/IRE beverage nutritionals (from PDF),,,,,,,2026/2/7,
Starbucks,caffe-latte-skimmed-milk-grande,Caffe Latte - skimmed milk Grande,,115,10.9,1,15.3,132,0.4,,,0.3,14.5,,,,,,,,,,,,,,,,,,,,Winter FY26 UK/IRE beverage nutritionals (from PDF),,,,,,,2026/2/7,
Starbucks,caffe-latte-skimmed-milk-venti,Caffe Latte - skimmed milk Venti,,156,14.7,1.4,20.7,180,0.6,,,0.4,19.5,,,,,,,,,,,,,,,,,,,,Winter FY26 UK/IRE beverage nutritionals (from PDF),,,,,,,2026/2/7,
Starbucks,caffe-latte-almond-drink-tall,Caffe Latte - almond drink Tall,,68,1.6,3,6.9,72,0.3,,,0.7,6,,,,,,,,,,,,,,,,,,,,Winter FY26 UK/IRE beverage nutritionals (from PDF),,,,,,,2026/2/7,
Starbucks,caffe-latte-almond-drink-grande,Caffe Latte - almond drink Grande,,82,1.9,3.7,8.3,88,0.3,,,0.9,7.5,,,,,,,,,,,,,,,,,,,,Winter FY26 UK/IRE beverage nutritionals (from PDF),,,,,,,2026/2/7,
Starbucks,caffe-latte-almond-drink-venti,Caffe Latte - almond drink Venti,,112,2.6,5,11.3,116,0.5,,,1.2,10,,,,,,,,,,,,,,,,,,,,Winter FY26 UK/IRE beverage nutritionals (from PDF),,,,,,,2026/2/7,
Starbucks,caffe-latte-soya-drink-tall,Caffe Latte - soya drink Tall,,107,8.2,4.6,7.1,84,0.7,,,1.7,6,,,,,,,,,,,,,,,,,,,,Winter FY26 UK/IRE beverage nutritionals (from PDF),,,,,,,2026/2/7,
Starbucks,caffe-latte-soya-drink-grande,Caffe Latte - soya drink Grande,,130,10.1,5.7,8.5,104,0.9,,,2,7.4,,,,,,,,,,,,,,,,,,,,Winter FY26 UK/IRE beverage nutritionals (from PDF),,,,,,,2026/2/7,
Starbucks,caffe-latte-soya-drink-venti,Caffe Latte - soya drink Venti,,176,13.6,7.7,11.6,140,1.2,,,2.8,10,,,,,,,,,,,,,,,,,,,,Winter FY26 UK/IRE beverage nutritionals (from PDF),,,,,,,2026/2/7,
Starbucks,caffe-latte-oat-drink-tall,Caffe Latte - oat drink Tall,,145,2.3,7.2,16.7,120,0.7,,,2.6,7.8,,,,,,,,,,,,,,,,,,,,Winter FY26 UK/IRE beverage nutritionals (from PDF),,,,,,,2026/2/7,
Starbucks,caffe-latte-oat-drink-grande,Caffe Latte - oat drink Grande,,178,2.7,8.9,20.4,152,0.9,,,3.2,9.7,,,,,,,,,,,,,,,,,,,,Winter FY26 UK/IRE beverage nutritionals (from PDF),,,,,,,2026/2/7,
Starbucks,caffe-latte-oat-drink-venti,Caffe Latte - oat drink Venti,,241,3.8,11.9,27.5,204,1.2,,,4.3,13,,,,,,,,,,,,,,,,,,,,Winter FY26 UK/IRE beverage nutritionals (from PDF),,,,,,,2026/2/7,
Starbucks,caffe-latte-coconut-drink-tall,Caffe Latte - coconut drink Tall,,114,2.8,6.2,9.4,44,5.6,,,3.9,8.6,,,,,,,,,,,,,,,,,,,,Winter FY26 UK/IRE beverage nutritionals (from PDF),,,,,,,2026/2/7,
Starbucks,caffe-latte-coconut-drink-grande,Caffe Latte - coconut drink Grande,,139,3.4,7.6,11.4,56,7,,,4.8,10.6,,,,,,,,,,,,,,,,,,,,Winter FY26 UK/IRE beverage nutritionals (from PDF),,,,,,,2026/2/7,
Starbucks,caffe-latte-coconut-drink-venti,Caffe Latte - coconut drink Venti,,188,4.6,10.3,15.5,72,9.3,,,6.5,14.2,,,,,,,,,,,,,,,,,,,,Winter FY26 UK/IRE beverage nutritionals (from PDF),,,,,,,2026/2/7,
Starbucks,latte-macchiato-semi-skimmed-milk-tall,Latte Macchiato - semi skimmed milk Tall,,113,8.1,3.9,11.3,96,2.5,,,0.3,10.5,,,,,,,,,,,,,,,,,,,,Winter FY26 UK/IRE beverage nutritionals (from PDF),,,,,,,2026/2/7,
Starbucks,latte-macchiato-semi-skimmed-milk-grande,Latte Macchiato - semi skimmed milk Grande,,147,10.6,5.1,14.6,124,3.2,,,0.3,13.7,,,,,,,,,,,,,,,,,,,,Winter FY26 UK/IRE beverage nutritionals (from PDF),,,,,,,2026/2/7,
Starbucks,latte-macchiato-semi-skimmed-milk-venti,Latte Macchiato - semi skimmed milk Venti,,194,14,6.7,19.3,164,4.3,,,0.4,18.1,,,,,,,,,,,,,,,,,,,,Winter FY26 UK/IRE beverage nutritionals (from PDF),,,,,,,2026/2/7,
Starbucks,latte-macchiato-whole-milk-tall,Latte Macchiato - whole milk Tall,,149,7.9,8.1,11.1,92,5.1,,,0.3,10.3,,,,,,,,,,,,,,,,,,,,Winter FY26 UK/IRE beverage nutritionals (from PDF),,,,,,,2026/2/7,
Starbucks,latte-macchiato-whole-milk-grande,Latte Macchiato - whole milk Grande,,193,10.3,10.6,14.3,124,6.7,,,0.3,13.5,,,,,,,,,,,,,,,,,,,,Winter FY26 UK/IRE beverage nutritionals (from PDF),,,,,,,2026/2/7,
Starbucks,latte-macchiato-whole-milk-venti,Latte Macchiato - whole milk Venti,,255,13.6,13.9,18.9,160,8.8,,,0.4,17.7,,,,,,,,,,,,,,,,,,,,Winter FY26 UK/IRE beverage nutritionals (from PDF),,,,,,,2026/2/7,
Starbucks,latte-macchiato-skimmed-milk-tall,Latte Macchiato - skimmed milk Tall,,87,8.1,0.8,11.5,96,0.3,,,0.3,10.7,,,,,,,,,,,,,,,,,,,,Winter FY26 UK/IRE beverage nutritionals (from PDF),,,,,,,2026/2/7,
Starbucks,latte-macchiato-skimmed-milk-grande,Latte Macchiato - skimmed milk Grande,,112,10.6,1,14.8,128,0.4,,,0.3,14,,,,,,,,,,,,,,,,,,,,Winter FY26 UK/IRE beverage nutritionals (from PDF),,,,,,,2026/2/7,
Starbucks,latte-macchiato-skimmed-milk-venti,Latte Macchiato - skimmed milk Venti,,148,14,1.3,19.7,168,0.6,,,0.4,18.5,,,,,,,,,,,,,,,,,,,,Winter FY26 UK/IRE beverage nutritionals (from PDF),,,,,,,2026/2/7,
Starbucks,latte-macchiato-almond-drink-tall,Latte Macchiato - almond drink Tall,,62,1.5,2.7,6.3,64,0.3,,,0.7,5.5,,,,,,,,,,,,,,,,,,,,Winter FY26 UK/IRE beverage nutritionals (from PDF),,,,,,,2026/2/7,
Starbucks,latte-macchiato-almond-drink-grande,Latte Macchiato - almond drink Grande,,80,1.8,3.6,8,84,0.3,,,0.8,7.2,,,,,,,,,,,,,,,,,,,,Winter FY26 UK/IRE beverage nutritionals (from PDF),,,,,,,2026/2/7,
Starbucks,latte-macchiato-almond-drink-venti,Latte Macchiato - almond drink Venti,,106,2.5,4.7,10.7,112,0.4,,,1.2,9.5,,,,,,,,,,,,,,,,,,,,Winter FY26 UK/IRE beverage nutritionals (from PDF),,,,,,,2026/2/7,
Starbucks,latte-macchiato-soya-drink-tall,Latte Macchiato - soya drink Tall,,98,7.5,4.2,6.5,76,0.7,,,1.6,5.5,,,,,,,,,,,,,,,,,,,,Winter FY26 UK/IRE beverage nutritionals (from PDF),,,,,,,2026/2/7,
Starbucks,latte-macchiato-soya-drink-grande,Latte Macchiato - soya drink Grande,,126,9.8,5.5,8.3,104,0.9,,,2,7.2,,,,,,,,,,,,,,,,,,,,Winter FY26 UK/IRE beverage nutritionals (from PDF),,,,,,,2026/2/7,
Starbucks,latte-macchiato-soya-drink-venti,Latte Macchiato - soya drink Venti,,167,12.9,7.3,11,136,1.2,,,2.7,9.4,,,,,,,,,,,,,,,,,,,,Winter FY26 UK/IRE beverage nutritionals (from PDF),,,,,,,2026/2/7,
Starbucks,latte-macchiato-oat-drink-tall,Latte Macchiato - oat drink Tall,,133,2.1,6.6,15.3,112,0.7,,,2.4,7.2,,,,,,,,,,,,,,,,,,,,Winter FY26 UK/IRE beverage nutritionals (from PDF),,,,,,,2026/2/7,
Starbucks,latte-macchiato-oat-drink-grande,Latte Macchiato - oat drink Grande,,173,2.7,8.6,19.8,144,0.9,,,3.1,9.4,,,,,,,,,,,,,,,,,,,,Winter FY26 UK/IRE beverage nutritionals (from PDF),,,,,,,2026/2/7,
Starbucks,latte-macchiato-oat-drink-venti,Latte Macchiato - oat drink Venti,,228,3.6,11.3,26.2,192,1.2,,,4.1,12.4,,,,,,,,,,,,,,,,,,,,Winter FY26 UK/IRE beverage nutritionals (from PDF),,,,,,,2026/2/7,
Starbucks,latte-macchiato-coconut-drink-tall,Latte Macchiato - coconut drink Tall,,104,2.6,5.7,8.6,40,5.1,,,3.6,7.8,,,,,,,,,,,,,,,,,,,,Winter FY26 UK/IRE beverage nutritionals (from PDF),,,,,,,2026/2/7,
Starbucks,latte-macchiato-coconut-drink-grande,Latte Macchiato - coconut drink Grande,,135,3.3,7.4,11.1,52,6.7,,,4.6,10.3,,,,,,,,,,,,,,,,,,,,Winter FY26 UK/IRE beverage nutritionals (from PDF),,,,,,,2026/2/7,
Starbucks,freshly-brewed-coffee-tall,Freshly Brewed Coffee Tall,,25,1.1,1.1,2.2,4,0.4,,,1.8,0.4,,,,,,,,,,,,,,,,,,,,Winter FY26 UK/IRE beverage nutritionals (from PDF),,,,,,,2026/2/7,
Starbucks,freshly-brewed-coffee-grande,Freshly Brewed Coffee Grande,,31,1.3,1.3,2.6,4,0.4,,,2.2,0.4,,,,,,,,,,,,,,,,,,,,Winter FY26 UK/IRE beverage nutritionals (from PDF),,,,,,,2026/2/7,
Starbucks,freshly-brewed-coffee-venti,Freshly Brewed Coffee Venti,,39,1.7,1.7,3.4,4,0.6,,,2.8,0.6,,,,,,,,,,,,,,,,,,,,Winter FY26 UK/IRE beverage nutritionals (from PDF),,,,,,,2026/2/7,
Starbucks,espresso-single,Espresso Single,,4,0.2,0.1,0.4,0,0,,,0.1,0,,,,,,,,,,,,,,,,,,,,Winter FY26 UK/IRE beverage nutritionals (from PDF),,,,,,,2026/2/7,
Starbucks,espresso-doppio-doppio,Espresso Doppio Doppio,,7,0.4,0.1,0.9,0,0,,,0.3,0.1,,,,,,,,,,,,,,,,,,,,Winter FY26 UK/IRE beverage nutritionals (from PDF),,,,,,,2026/2/7,
Starbucks,espresso-macchiato-semi-skimmed-milk-single,Espresso Macchiato - semi skimmed milk Single,,6,0.4,0.2,0.7,4,0.1,,,0.1,0.3,,,,,,,,,,,,,,,,,,,,Winter FY26 UK/IRE beverage nutritionals (from PDF),,,,,,,2026/2/7,
Starbucks,espresso-macchiato-whole-milk-single,Espresso Macchiato - whole milk Single,,7,0.4,0.3,0.7,4,0.1,,,0.1,0.3,,,,,,,,,,,,,,,,,,,,Winter FY26 UK/IRE beverage nutritionals (from PDF),,,,,,,2026/2/7,
Starbucks,espresso-macchiato-skimmed-milk-single,Espresso Macchiato - skimmed milk Single,,6,0.4,0.1,0.7,4,0,,,0.1,0.3,,,,,,,,,,,,,,,,,,,,Winter FY26 UK/IRE beverage nutritionals (from PDF),,,,,,,2026/2/7,
Starbucks,espresso-macchiato-almond-drink-single,Espresso Macchiato - almond drink Single,,5,0.2,0.1,0.6,0,0,,,0.1,0.2,,,,,,,,,,,,,,,,,,,,Winter FY26 UK/IRE beverage nutritionals (from PDF),,,,,,,2026/2/7,
Starbucks,espresso-macchiato-soya-drink-single,Espresso Macchiato - soya drink Single,,6,0.4,0.2,0.6,4,0,,,0.2,0.2,,,,,,,,,,,,,,,,,,,,Winter FY26 UK/IRE beverage nutritionals (from PDF),,,,,,,2026/2/7,
Starbucks,espresso-macchiato-oat-drink-single,Espresso Macchiato - oat drink Single,,7,0.2,0.2,0.8,4,0,,,0.2,0.2,,,,,,,,,,,,,,,,,,,,Winter FY26 UK/IRE beverage nutritionals (from PDF),,,,,,,2026/2/7,
Starbucks,espresso-macchiato-coconut-drink-single,Espresso Macchiato - coconut drink Single,,6,0.3,0.2,0.6,0,0.1,,,0.2,0.2,,,,,,,,,,,,,,,,,,,,Winter FY26 UK/IRE beverage nutritionals (from PDF),,,,,,,2026/2/7,
Starbucks,espresso-macchiato-doppio-semi-skimmed-milk-double,Espresso Macchiato - Doppio - semi skimmed milk Double,,15,1,0.4,1.7,8,0.2,,,0.3,0.9,,,,,,,,,,,,,,,,,,,,Winter FY26 UK/IRE beverage nutritionals (from PDF),,,,,,,2026/2/7,
Starbucks,espresso-macchiato-doppio-whole-milk-double,Espresso Macchiato - Doppio - whole milk Double,,18,1,0.7,1.6,8,0.4,,,0.3,0.8,,,,,,,,,,,,,,,,,,,,Winter FY26 UK/IRE beverage nutritionals (from PDF),,,,,,,2026/2/7,
Starbucks,espresso-macchiato-doppio-skimmed-milk-double,Espresso Macchiato - Doppio - skimmed milk Double,,13,1,0.2,1.7,8,0.1,,,0.3,0.9,,,,,,,,,,,,,,,,,,,,Winter FY26 UK/IRE beverage nutritionals (from PDF),,,,,,,2026/2/7,
Starbucks,espresso-macchiato-doppio-almond-drink-double,Espresso Macchiato - Doppio - almond drink Double,,11,0.5,0.3,1.3,4,0.1,,,0.3,0.5,,,,,,,,,,,,,,,,,,,,Winter FY26 UK/IRE beverage nutritionals (from PDF),,,,,,,2026/2/7,
Starbucks,espresso-macchiato-doppio-soya-drink-double,Espresso Macchiato - Doppio - soya drink Double,,14,0.9,0.4,1.3,8,0.1,,,0.4,0.5,,,,,,,,,,,,,,,,,,,,Winter FY26 UK/IRE beverage nutritionals (from PDF),,,,,,,2026/2/7,
Starbucks,espresso-macchiato-doppio-oat-drink-double,Espresso Macchiato - Doppio - oat drink Double,,16,0.5,0.6,2,8,0.1,,,0.4,0.6,,,,,,,,,,,,,,,,,,,,Winter FY26 UK/IRE beverage nutritionals (from PDF),,,,,,,2026/2/7,
Starbucks,espresso-macchiato-doppio-coconut-drink-double,Espresso Macchiato - Doppio - coconut drink Double,,14,0.6,0.5,1.5,4,0.4,,,0.5,0.7,,,,,,,,,,,,,,,,,,,,Winter FY26 UK/IRE beverage nutritionals (from PDF),,,,,,,2026/2/7,
Starbucks,cortado-semi-skimmed-milk-short,Cortado - semi skimmed milk Short,,49,3.5,1.6,5.3,40,1,,,0,4.3,,,,,,,,,,,,,,,,,,,,Winter FY26 UK/IRE beverage nutritionals (from PDF),,,,,,,2026/2/7,
Starbucks,cortado-whole-milk-short,Cortado - whole milk Short,,64,3.4,3.3,5.2,40,2.1,,,0,4.2,,,,,,,,,,,,,,,,,,,,Winter FY26 UK/IRE beverage nutritionals (from PDF),,,,,,,2026/2/7,
Starbucks,cortado-skimmed-milk-short,Cortado - skimmed milk Short,,38,3.5,0.3,5.4,40,0.2,,,0,4.4,,,,,,,,,,,,,,,,,,,,Winter FY26 UK/IRE beverage nutritionals (from PDF),,,,,,,2026/2/7,
Starbucks,cortado-almond-drink-short,Cortado - almond drink Short,,28,0.8,1.1,3.2,28,0.1,,,0.2,2.3,,,,,,,,,,,,,,,,,,,,Winter FY26 UK/IRE beverage nutritionals (from PDF),,,,,,,2026/2/7,
Starbucks,cortado-soya-drink-short,Cortado - soya drink Short,,43,3.3,1.7,3.3,32,0.3,,,0.5,2.3,,,,,,,,,,,,,,,,,,,,Winter FY26 UK/IRE beverage nutritionals (from PDF),,,,,,,2026/2/7,
Starbucks,cortado-oat-drink-short,Cortado - oat drink Short,,57,1,2.7,6.9,48,0.3,,,0.9,3,,,,,,,,,,,,,,,,,,,,Winter FY26 UK/IRE beverage nutritionals (from PDF),,,,,,,2026/2/7,
Starbucks,cortado-coconut-drink-short,Cortado - coconut drink Short,,45,1.2,2.3,4.2,16,2.1,,,1.4,3.2,,,,,,,,,,,,,,,,,,,,Winter FY26 UK/IRE beverage nutritionals (from PDF),,,,,,,2026/2/7,
Starbucks,cappuccino-semi-skimmed-milk-tall,Cappuccino - semi skimmed milk Tall,,103,7.4,3.5,10.3,88,2.2,,,0.3,9.5,,,,,,,,,,,,,,,,,,,,Winter FY26 UK/IRE beverage nutritionals (from PDF),,,,,,,2026/2/7,
Starbucks,cappuccino-semi-skimmed-milk-grande,Cappuccino - semi skimmed milk Grande,,130,9.4,4.5,12.9,112,2.9,,,0.3,12.1,,,,,,,,,,,,,,,,,,,,Winter FY26 UK/IRE beverage nutritionals (from PDF),,,,,,,2026/2/7,
Starbucks,cappuccino-semi-skimmed-milk-venti,Cappuccino - semi skimmed milk Venti,,169,12.1,5.8,16.8,144,3.7,,,0.4,15.6,,,,,,,,,,,,,,,,,,,,Winter FY26 UK/IRE beverage nutritionals (from PDF),,,,,,,2026/2/7,
Starbucks,cappuccino-whole-milk-tall,Cappuccino - whole milk Tall,,135,7.2,7.3,10.1,84,4.6,,,0.3,9.3,,,,,,,,,,,,,,,,,,,,Winter FY26 UK/IRE beverage nutritionals (from PDF),,,,,,,2026/2/7,
Starbucks,cappuccino-whole-milk-grande,Cappuccino - whole milk Grande,,171,9.1,9.3,12.7,108,5.9,,,0.3,11.8,,,,,,,,,,,,,,,,,,,,Winter FY26 UK/IRE beverage nutritionals (from PDF),,,,,,,2026/2/7,
Starbucks,cappuccino-whole-milk-venti,Cappuccino - whole milk Venti,,221,11.8,12,16.5,140,7.6,,,0.4,15.3,,,,,,,,,,,,,,,,,,,,Winter FY26 UK/IRE beverage nutritionals (from PDF),,,,,,,2026/2/7,
Starbucks,cappuccino-skimmed-milk-tall,Cappuccino - skimmed milk Tall,,79,7.4,0.7,10.5,88,0.3,,,0.3,9.7,,,,,,,,,,,,,,,,,,,,Winter FY26 UK/IRE beverage nutritionals (from PDF),,,,,,,2026/2/7,
Starbucks,cappuccino-skimmed-milk-grande,Cappuccino - skimmed milk Grande,,99,9.4,0.9,13.2,112,0.4,,,0.3,12.4,,,,,,,,,,,,,,,,,,,,Winter FY26 UK/IRE beverage nutritionals (from PDF),,,,,,,2026/2/7,
Starbucks,cappuccino-skimmed-milk-venti,Cappuccino - skimmed milk Venti,,129,12.1,1.2,17.1,144,0.5,,,0.4,15.9,,,,,,,,,,,,,,,,,,,,Winter FY26 UK/IRE beverage nutritionals (from PDF),,,,,,,2026/2/7,
Starbucks,cappuccino-almond-drink-tall,Cappuccino - almond drink Tall,,57,1.4,2.5,5.8,60,0.2,,,0.7,5,,,,,,,,,,,,,,,,,,,,Winter FY26 UK/IRE beverage nutritionals (from PDF),,,,,,,2026/2/7,
Starbucks,cappuccino-almond-drink-grande,Cappuccino - almond drink Grande,,71,1.7,3.2,7.2,76,0.3,,,0.8,6.4,,,,,,,,,,,,,,,,,,,,Winter FY26 UK/IRE beverage nutritionals (from PDF),,,,,,,2026/2/7,
Starbucks,cappuccino-almond-drink-venti,Cappuccino - almond drink Venti,,93,2.2,4.1,9.4,96,0.4,,,1.1,8.2,,,,,,,,,,,,,,,,,,,,Winter FY26 UK/IRE beverage nutritionals (from PDF),,,,,,,2026/2/7,
Starbucks,cappuccino-soya-drink-tall,Cappuccino - soya drink Tall,,89,6.8,3.8,6,72,0.6,,,1.4,5,,,,,,,,,,,,,,,,,,,,Winter FY26 UK/IRE beverage nutritionals (from PDF),,,,,,,2026/2/7,
Starbucks,cappuccino-soya-drink-grande,Cappuccino - soya drink Grande,,112,8.6,4.9,7.4,88,0.8,,,1.8,6.3,,,,,,,,,,,,,,,,,,,,Winter FY26 UK/IRE beverage nutritionals (from PDF),,,,,,,2026/2/7,
Starbucks,cappuccino-soya-drink-venti,Cappuccino - soya drink Venti,,146,11.2,6.3,9.7,116,1,,,2.3,8.2,,,,,,,,,,,,,,,,,,,,Winter FY26 UK/IRE beverage nutritionals (from PDF),,,,,,,2026/2/7,
Starbucks,cappuccino-oat-drink-tall,Cappuccino - oat drink Tall,,121,2,5.9,13.9,100,0.6,,,2.2,6.5,,,,,,,,,,,,,,,,,,,,Winter FY26 UK/IRE beverage nutritionals (from PDF),,,,,,,2026/2/7,
Starbucks,cappuccino-oat-drink-grande,Cappuccino - oat drink Grande,,153,2.4,7.6,17.5,128,0.8,,,2.7,8.3,,,,,,,,,,,,,,,,,,,,Winter FY26 UK/IRE beverage nutritionals (from PDF),,,,,,,2026/2/7,
Starbucks,cappuccino-oat-drink-venti,Cappuccino - oat drink Venti,,198,3.2,9.8,22.7,164,1,,,3.6,10.7,,,,,,,,,,,,,,,,,,,,Winter FY26 UK/IRE beverage nutritionals (from PDF),,,,,,,2026/2/7,
Starbucks,cappuccino-coconut-drink-tall,Cappuccino - coconut drink Tall,,95,2.4,5.1,7.9,36,4.6,,,3.3,7.1,,,,,,,,,,,,,,,,,,,,Winter FY26 UK/IRE beverage nutritionals (from PDF),,,,,,,2026/2/7,
Starbucks,cappuccino-coconut-drink-grande,Cappuccino - coconut drink Grande,,120,3,6.5,9.8,48,5.9,,,4.1,9,,,,,,,,,,,,,,,,,,,,Winter FY26 UK/IRE beverage nutritionals (from PDF),,,,,,,2026/2/7,
Starbucks,cappuccino-coconut-drink-venti,Cappuccino - coconut drink Venti,,156,3.9,8.4,12.9,60,7.6,,,5.3,11.7,,,,,,,,,,,,,,,,,,,,Winter FY26 UK/IRE beverage nutritionals (from PDF),,,,,,,2026/2/7,
Starbucks,flat-white-semi-skimmed-milk-short,Flat White - semi skimmed milk Short,,59,4.2,2,6,48,1.2,,,0.3,5.1,,,,,,,,,,,,,,,,,,,,Winter FY26 UK/IRE beverage nutritionals (from PDF),,,,,,,2026/2/7,
Starbucks,flat-white-whole-milk-short,Flat White - whole milk Short,,76,4.1,4,5.8,44,2.5,,,0.3,5,,,,,,,,,,,,,,,,,,,,Winter FY26 UK/IRE beverage nutritionals (from PDF),,,,,,,2026/2/7,
Starbucks,flat-white-skimmed-milk-short,Flat White - skimmed milk Short,,46,4.2,0.5,6.1,48,0.2,,,0.3,5.2,,,,,,,,,,,,,,,,,,,,Winter FY26 UK/IRE beverage nutritionals (from PDF),,,,,,,2026/2/7,
Starbucks,flat-white-almond-drink-short,Flat White - almond drink Short,,34,0.9,1.4,3.5,32,0.2,,,0.5,2.7,,,,,,,,,,,,,,,,,,,,Winter FY26 UK/IRE beverage nutritionals (from PDF),,,,,,,2026/2/7,
Starbucks,flat-white-soya-drink-short,Flat White - soya drink Short,,51,3.9,2.1,3.6,40,0.4,,,0.9,2.7,,,,,,,,,,,,,,,,,,,,Winter FY26 UK/IRE beverage nutritionals (from PDF),,,,,,,2026/2/7,
Starbucks,flat-white-oat-drink-short,Flat White - oat drink Short,,68,1.2,3.3,7.9,56,0.4,,,1.3,3.5,,,,,,,,,,,,,,,,,,,,Winter FY26 UK/IRE beverage nutritionals (from PDF),,,,,,,2026/2/7,
Starbucks,flat-white-coconut-drink-short,Flat White - coconut drink Short,,54,1.5,2.8,4.7,20,2.5,,,1.9,3.9,,,,,,,,,,,,,,,,,,,,Winter FY26 UK/IRE beverage nutritionals (from PDF),,,,,,,2026/2/7,
Starbucks,caramel-macchiato-semi-skimmed-milk-tall,Caramel Macchiato - semi skimmed milk Tall,,167,8.5,4.9,22.2,108,3.1,,,0.3,21,,,,,,,,,,,,,,,,,,,,Winter FY26 UK/IRE beverage nutritionals (from PDF),,,,,,,2026/2/7,
Starbucks,caramel-macchiato-semi-skimmed-milk-grande,Caramel Macchiato - semi skimmed milk Grande,,214,10.9,6,28.9,140,3.8,,,0.3,27.6,,,,,,,,,,,,,,,,,,,,Winter FY26 UK/IRE beverage nutritionals (from PDF),,,,,,,2026/2/7,
Starbucks,caramel-macchiato-semi-skimmed-milk-venti,Caramel Macchiato - semi skimmed milk Venti,,272,14,7.5,37,176,4.8,,,0.4,35.2,,,,,,,,,,,,,,,,,,,,Winter FY26 UK/IRE beverage nutritionals (from PDF),,,,,,,2026/2/7,
Starbucks,caramel-macchiato-whole-milk-tall,Caramel Macchiato - whole milk Tall,,204,8.3,9.3,21.9,108,5.8,,,0.3,20.7,,,,,,,,,,,,,,,,,,,,Winter FY26 UK/IRE beverage nutritionals (from PDF),,,,,,,2026/2/7,
Starbucks,caramel-macchiato-whole-milk-grande,Caramel Macchiato - whole milk Grande,,261,10.6,11.7,28.6,136,7.4,,,0.3,27.3,,,,,,,,,,,,,,,,,,,,Winter FY26 UK/IRE beverage nutritionals (from PDF),,,,,,,2026/2/7,
Starbucks,caramel-macchiato-whole-milk-venti,Caramel Macchiato - whole milk Venti,,333,13.7,14.8,36.6,172,9.3,,,0.4,34.8,,,,,,,,,,,,,,,,,,,,Winter FY26 UK/IRE beverage nutritionals (from PDF),,,,,,,2026/2/7,
Starbucks,caramel-macchiato-skimmed-milk-tall,Caramel Macchiato - skimmed milk Tall,,140,8.5,1.7,22.4,112,0.9,,,0.3,21.2,,,,,,,,,,,,,,,,,,,,Winter FY26 UK/IRE beverage nutritionals (from PDF),,,,,,,2026/2/7,
Starbucks,caramel-macchiato-skimmed-milk-grande,Caramel Macchiato - skimmed milk Grande,,178,10.9,1.9,29.2,140,1,,,0.3,27.9,,,,,,,,,,,,,,,,,,,,Winter FY26 UK/IRE beverage nutritionals (from PDF),,,,,,,2026/2/7,
Starbucks,caramel-macchiato-skimmed-milk-venti,Caramel Macchiato - skimmed milk Venti,,227,14,2.2,37.3,180,1.1,,,0.4,35.6,,,,,,,,,,,,,,,,,,,,Winter FY26 UK/IRE beverage nutritionals (from PDF),,,,,,,2026/2/7,
Starbucks,caramel-macchiato-almond-drink-tall,Caramel Macchiato - almond drink Tall,,114,1.6,3.7,17,76,0.8,,,0.7,15.8,,,,,,,,,,,,,,,,,,,,Winter FY26 UK/IRE beverage nutritionals (from PDF),,,,,,,2026/2/7,
Starbucks,caramel-macchiato-almond-drink-grande,Caramel Macchiato - almond drink Grande,,145,1.9,4.5,22.3,96,0.9,,,0.9,21,,,,,,,,,,,,,,,,,,,,Winter FY26 UK/IRE beverage nutritionals (from PDF),,,,,,,2026/2/7,
Starbucks,caramel-macchiato-almond-drink-venti,Caramel Macchiato - almond drink Venti,,185,2.6,5.6,28.4,124,1,,,1.2,26.6,,,,,,,,,,,,,,,,,,,,Winter FY26 UK/IRE beverage nutritionals (from PDF),,,,,,,2026/2/7,
Starbucks,caramel-macchiato-soya-drink-tall,Caramel Macchiato - soya drink Tall,,151,7.9,5.2,17.2,92,1.2,,,1.6,15.8,,,,,,,,,,,,,,,,,,,,Winter FY26 UK/IRE beverage nutritionals (from PDF),,,,,,,2026/2/7,
Starbucks,caramel-macchiato-soya-drink-grande,Caramel Macchiato - soya drink Grande,,193,10,6.5,22.5,116,1.4,,,2,20.9,,,,,,,,,,,,,,,,,,,,Winter FY26 UK/IRE beverage nutritionals (from PDF),,,,,,,2026/2/7,
Starbucks,caramel-macchiato-soya-drink-venti,Caramel Macchiato - soya drink Venti,,246,13,8.1,28.7,144,1.7,,,2.7,26.6,,,,,,,,,,,,,,,,,,,,Winter FY26 UK/IRE beverage nutritionals (from PDF),,,,,,,2026/2/7,
Starbucks,caramel-macchiato-oat-drink-tall,Caramel Macchiato - oat drink Tall,,188,2.3,7.7,26.3,124,1.2,,,2.5,17.5,,,,,,,,,,,,,,,,,,,,Winter FY26 UK/IRE beverage nutritionals (from PDF),,,,,,,2026/2/7,
Starbucks,caramel-macchiato-oat-drink-grande,Caramel Macchiato - oat drink Grande,,240,2.8,9.6,34.3,160,1.4,,,3.1,23.2,,,,,,,,,,,,,,,,,,,,Winter FY26 UK/IRE beverage nutritionals (from PDF),,,,,,,2026/2/7,
Starbucks,caramel-macchiato-oat-drink-venti,Caramel Macchiato - oat drink Venti,,307,3.7,12.2,43.8,204,1.7,,,4.1,29.5,,,,,,,,,,,,,,,,,,,,Winter FY26 UK/IRE beverage nutritionals (from PDF),,,,,,,2026/2/7,
Starbucks,caramel-macchiato-coconut-drink-tall,Caramel Macchiato - coconut drink Tall,,158,2.8,6.7,19.4,52,5.9,,,3.7,18.2,,,,,,,,,,,,,,,,,,,,Winter FY26 UK/IRE beverage nutritionals (from PDF),,,,,,,2026/2/7,
Starbucks,caramel-macchiato-coconut-drink-grande,Caramel Macchiato - coconut drink Grande,,202,3.4,8.4,25.4,64,7.4,,,4.7,24.1,,,,,,,,,,,,,,,,,,,,Winter FY26 UK/IRE beverage nutritionals (from PDF),,,,,,,2026/2/7,
Starbucks,caramel-macchiato-coconut-drink-venti,Caramel Macchiato - coconut drink Venti,,257,4.5,10.6,32.4,80,9.4,,,6.1,30.6,,,,,,,,,,,,,,,,,,,,Winter FY26 UK/IRE beverage nutritionals (from PDF),,,,,,,2026/2/7,
Starbucks,mocha-semi-skimmed-milk-tall,Mocha - semi skimmed milk Tall,,230,9.4,9.7,25,80,6.6,,,2.2,23.2,,,,,,,,,,,,,,,,,,,,Winter FY26 UK/IRE beverage nutritionals (from PDF),,,,,,,2026/2/7,
Starbucks,mocha-semi-skimmed-milk-grande,Mocha - semi skimmed milk Grande,,283,12,11.2,32.2,104,7.5,,,2.8,30.1,,,,,,,,,,,,,,,,,,,,Winter FY26 UK/IRE beverage nutritionals (from PDF),,,,,,,2026/2/7,
Starbucks,mocha-semi-skimmed-milk-venti,Mocha - semi skimmed milk Venti,,360,16.1,13.6,41.7,140,9,,,3.6,38.8,,,,,,,,,,,,,,,,,,,,Winter FY26 UK/IRE beverage nutritionals (from PDF),,,,,,,2026/2/7,
Starbucks,mocha-whole-milk-tall,Mocha - whole milk Tall,,257,9.3,13,24.9,80,8.6,,,2.2,23,,,,,,,,,,,,,,,,,,,,Winter FY26 UK/IRE beverage nutritionals (from PDF),,,,,,,2026/2/7,
Starbucks,mocha-whole-milk-grande,Mocha - whole milk Grande,,318,11.8,15.3,32,100,10.1,,,2.8,29.9,,,,,,,,,,,,,,,,,,,,Winter FY26 UK/IRE beverage nutritionals (from PDF),,,,,,,2026/2/7,
Starbucks,mocha-whole-milk-venti,Mocha - whole milk Venti,,409,15.8,19.3,41.4,136,12.6,,,3.6,38.5,,,,,,,,,,,,,,,,,,,,Winter FY26 UK/IRE beverage nutritionals (from PDF),,,,,,,2026/2/7,
Starbucks,mocha-skimmed-milk-tall,Mocha - skimmed milk Tall,,209,9.4,7.3,25.2,84,4.9,,,2.2,23.4,,,,,,,,,,,,,,,,,,,,Winter FY26 UK/IRE beverage nutritionals (from PDF),,,,,,,2026/2/7,
Starbucks,mocha-skimmed-milk-grande,Mocha - skimmed milk Grande,,257,12,8.1,32.5,104,5.3,,,2.8,30.3,,,,,,,,,,,,,,,,,,,,Winter FY26 UK/IRE beverage nutritionals (from PDF),,,,,,,2026/2/7,
Starbucks,mocha-skimmed-milk-venti,Mocha - skimmed milk Venti,,324,16.1,9.3,42,144,6.1,,,3.6,39.1,,,,,,,,,,,,,,,,,,,,Winter FY26 UK/IRE beverage nutritionals (from PDF),,,,,,,2026/2/7,
Starbucks,mocha-almond-drink-tall,Mocha - almond drink Tall,,190,4.3,8.8,21.2,56,4.8,,,2.5,19.4,,,,,,,,,,,,,,,,,,,,Winter FY26 UK/IRE beverage nutritionals (from PDF),,,,,,,2026/2/7,
Starbucks,mocha-almond-drink-grande,Mocha - almond drink Grande,,232,5.4,10,27.3,72,5.3,,,3.2,25.2,,,,,,,,,,,,,,,,,,,,Winter FY26 UK/IRE beverage nutritionals (from PDF),,,,,,,2026/2/7,
Starbucks,mocha-almond-drink-venti,Mocha - almond drink Venti,,290,7,12,34.8,96,6,,,4.2,32,,,,,,,,,,,,,,,,,,,,Winter FY26 UK/IRE beverage nutritionals (from PDF),,,,,,,2026/2/7,
Starbucks,mocha-soya-drink-tall,Mocha - soya drink Tall,,218,8.9,10,21.3,68,5.2,,,3.2,19.3,,,,,,,,,,,,,,,,,,,,Winter FY26 UK/IRE beverage nutritionals (from PDF),,,,,,,2026/2/7,
Starbucks,mocha-soya-drink-grande,Mocha - soya drink Grande,,268,11.4,11.5,27.5,84,5.7,,,4.1,25.1,,,,,,,,,,,,,,,,,,,,Winter FY26 UK/IRE beverage nutritionals (from PDF),,,,,,,2026/2/7,
Starbucks,mocha-soya-drink-venti,Mocha - soya drink Venti,,339,15.3,14,35.1,116,6.6,,,5.4,31.9,,,,,,,,,,,,,,,,,,,,Winter FY26 UK/IRE beverage nutritionals (from PDF),,,,,,,2026/2/7,
Starbucks,mocha-oat-drink-tall,Mocha - oat drink Tall,,245,4.8,11.8,28.1,92,5.2,,,3.8,20.6,,,,,,,,,,,,,,,,,,,,Winter FY26 UK/IRE beverage nutritionals (from PDF),,,,,,,2026/2/7,
Starbucks,mocha-oat-drink-grande,Mocha - oat drink Grande,,303,6.1,13.8,36.2,120,5.7,,,4.9,26.8,,,,,,,,,,,,,,,,,,,,Winter FY26 UK/IRE beverage nutritionals (from PDF),,,,,,,2026/2/7,
Starbucks,mocha-oat-drink-venti,Mocha - oat drink Venti,,388,7.8,17.2,47.1,160,6.6,,,6.5,34.2,,,,,,,,,,,,,,,,,,,,Winter FY26 UK/IRE beverage nutritionals (from PDF),,,,,,,2026/2/7,
Starbucks,mocha-coconut-drink-tall,Mocha - coconut drink Tall,,223,5.2,11.1,23,40,8.6,,,4.7,21.2,,,,,,,,,,,,,,,,,,,,Winter FY26 UK/IRE beverage nutritionals (from PDF),,,,,,,2026/2/7,
Starbucks,mocha-coconut-drink-grande,Mocha - coconut drink Grande,,274,6.5,12.9,29.6,48,10.1,,,6.1,27.5,,,,,,,,,,,,,,,,,,,,Winter FY26 UK/IRE beverage nutritionals (from PDF),,,,,,,2026/2/7,
Starbucks,mocha-coconut-drink-venti,Mocha - coconut drink Venti,,348,8.5,16,38,64,12.7,,,8.1,35.1,,,,,,,,,,,,,,,,,,,,Winter FY26 UK/IRE beverage nutritionals (from PDF),,,,,,,2026/2/7,
Starbucks,white-mocha-semi-skimmed-milk-tall,White Mocha - semi skimmed milk Tall,,265,8.1,10.5,34.4,144,7.5,,,0.3,33.6,,,,,,,,,,,,,,,,,,,,Winter FY26 UK/IRE beverage nutritionals (from PDF),,,,,,,2026/2/7,
Starbucks,white-mocha-semi-skimmed-milk-grande,White Mocha - semi skimmed milk Grande,,345,11.3,12.7,46.2,200,9.1,,,0.3,45.4,,,,,,,,,,,,,,,,,,,,Winter FY26 UK/IRE beverage nutritionals (from PDF),,,,,,,2026/2/7,
Starbucks,white-mocha-semi-skimmed-milk-venti,White Mocha - semi skimmed milk Venti,,417,13.7,14.7,57.1,244,10.6,,,0.5,55.9,,,,,,,,,,,,,,,,,,,,Winter FY26 UK/IRE beverage nutritionals (from PDF),,,,,,,2026/2/7,
Starbucks,white-mocha-whole-milk-tall,White Mocha - whole milk Tall,,290,7.9,13.5,34.3,144,9.4,,,0.3,33.5,,,,,,,,,,,,,,,,,,,,Winter FY26 UK/IRE beverage nutritionals (from PDF),,,,,,,2026/2/7,
Starbucks,white-mocha-whole-milk-grande,White Mocha - whole milk Grande,,382,11.1,17.1,46,196,11.8,,,0.3,45.1,,,,,,,,,,,,,,,,,,,,Winter FY26 UK/IRE beverage nutritionals (from PDF),,,,,,,2026/2/7,
Starbucks,white-mocha-whole-milk-venti,White Mocha - whole milk Venti,,461,13.4,20,56.8,240,13.8,,,0.5,55.6,,,,,,,,,,,,,,,,,,,,Winter FY26 UK/IRE beverage nutritionals (from PDF),,,,,,,2026/2/7,
Starbucks,white-mocha-skimmed-milk-tall,White Mocha - skimmed milk Tall,,246,8.1,8.3,34.6,144,6,,,0.3,33.8,,,,,,,,,,,,,,,,,,,,Winter FY26 UK/IRE beverage nutritionals (from PDF),,,,,,,2026/2/7,
Starbucks,white-mocha-skimmed-milk-grande,White Mocha - skimmed milk Grande,,317,11.3,9.4,46.4,204,6.8,,,0.3,45.6,,,,,,,,,,,,,,,,,,,,Winter FY26 UK/IRE beverage nutritionals (from PDF),,,,,,,2026/2/7,
Starbucks,white-mocha-skimmed-milk-venti,White Mocha - skimmed milk Venti,,384,13.7,10.9,57.3,248,7.9,,,0.5,56.1,,,,,,,,,,,,,,,,,,,,Winter FY26 UK/IRE beverage nutritionals (from PDF),,,,,,,2026/2/7,
Starbucks,white-mocha-almond-drink-tall,White Mocha - almond drink Tall,,229,3.4,9.7,30.9,124,5.9,,,0.6,30.1,,,,,,,,,,,,,,,,,,,,Winter FY26 UK/IRE beverage nutritionals (from PDF),,,,,,,2026/2/7,
Starbucks,white-mocha-almond-drink-grande,White Mocha - almond drink Grande,,292,4.4,11.5,41,168,6.8,,,0.8,40.2,,,,,,,,,,,,,,,,,,,,Winter FY26 UK/IRE beverage nutritionals (from PDF),,,,,,,2026/2/7,
Starbucks,white-mocha-almond-drink-venti,White Mocha - almond drink Venti,,353,5.4,13.3,50.9,204,7.8,,,1,49.7,,,,,,,,,,,,,,,,,,,,Winter FY26 UK/IRE beverage nutritionals (from PDF),,,,,,,2026/2/7,
Starbucks,white-mocha-soya-drink-tall,White Mocha - soya drink Tall,,254,7.7,10.7,31,132,6.3,,,1.2,30.1,,,,,,,,,,,,,,,,,,,,Winter FY26 UK/IRE beverage nutritionals (from PDF),,,,,,,2026/2/7,
Starbucks,white-mocha-soya-drink-grande,White Mocha - soya drink Grande,,329,10.7,13,41.2,180,7.2,,,1.7,40.1,,,,,,,,,,,,,,,,,,,,Winter FY26 UK/IRE beverage nutritionals (from PDF),,,,,,,2026/2/7,
Starbucks,white-mocha-soya-drink-venti,White Mocha - soya drink Venti,,398,12.9,15.1,51.1,220,8.3,,,2.1,49.6,,,,,,,,,,,,,,,,,,,,Winter FY26 UK/IRE beverage nutritionals (from PDF),,,,,,,2026/2/7,
Starbucks,white-mocha-oat-drink-tall,White Mocha - oat drink Tall,,279,3.8,12.4,37.2,156,6.3,,,1.8,31.3,,,,,,,,,,,,,,,,,,,,Winter FY26 UK/IRE beverage nutritionals (from PDF),,,,,,,2026/2/7,
Starbucks,white-mocha-oat-drink-grande,White Mocha - oat drink Grande,,366,5,15.5,50.4,216,7.2,,,2.6,41.9,,,,,,,,,,,,,,,,,,,,Winter FY26 UK/IRE beverage nutritionals (from PDF),,,,,,,2026/2/7,
Starbucks,white-mocha-oat-drink-venti,White Mocha - oat drink Venti,,442,6.2,18.1,62,264,8.3,,,3.2,51.7,,,,,,,,,,,,,,,,,,,,Winter FY26 UK/IRE beverage nutritionals (from PDF),,,,,,,2026/2/7,
Starbucks,white-mocha-coconut-drink-tall,White Mocha - coconut drink Tall,,259,4.2,11.7,32.5,104,9.4,,,2.7,31.7,,,,,,,,,,,,,,,,,,,,Winter FY26 UK/IRE beverage nutritionals (from PDF),,,,,,,2026/2/7,
Starbucks,white-mocha-coconut-drink-grande,White Mocha - coconut drink Grande,,336,5.5,14.5,43.4,144,11.9,,,3.8,42.6,,,,,,,,,,,,,,,,,,,,Winter FY26 UK/IRE beverage nutritionals (from PDF),,,,,,,2026/2/7,
Starbucks,white-mocha-coconut-drink-venti,White Mocha - coconut drink Venti,,406,6.8,16.9,53.8,176,13.9,,,4.6,52.5,,,,,,,,,,,,,,,,,,,,Winter FY26 UK/IRE beverage nutritionals (from PDF),,,,,,,2026/2/7,
Starbucks,cold-brew-tall,Cold Brew Tall,,16,0.8,0.6,1.6,4,0.2,,,1,0.1,,,,,,,,,,,,,,,,,,,,Winter FY26 UK/IRE beverage nutritionals (from PDF),,,,,,,2026/2/7,
Starbucks,cold-brew-grande,Cold Brew Grande,,22,1.1,0.8,2.2,4,0.3,,,1.4,0.1,,,,,,,,,,,,,,,,,,,,Winter FY26 UK/IRE beverage nutritionals (from PDF),,,,,,,2026/2/7,
Starbucks,cold-brew-venti,Cold Brew Venti,,28,1.4,1.1,2.8,8,0.4,,,1.8,0.2,,,,,,,,,,,,,,,,,,,,Winter FY26 UK/IRE beverage nutritionals (from PDF),,,,,,,2026/2/7,
Starbucks,cold-brew-latte-semi-skimmed-milk-tall,Cold Brew Latte - semi skimmed milk Tall,,88,6.4,3.1,8.6,72,1.9,,,0.5,7.7,,,,,,,,,,,,,,,,,,,,Winter FY26 UK/IRE beverage nutritionals (from PDF),,,,,,,2026/2/7,
Starbucks,cold-brew-latte-semi-skimmed-milk-grande,Cold Brew Latte - semi skimmed milk Grande,,123,8.9,4.3,12,104,2.7,,,0.6,11.1,,,,,,,,,,,,,,,,,,,,Winter FY26 UK/IRE beverage nutritionals (from PDF),,,,,,,2026/2/7,
Starbucks,cold-brew-latte-semi-skimmed-milk-venti,Cold Brew Latte - semi skimmed milk Venti,,142,10.3,5,13.8,120,3.1,,,0.7,12.7,,,,,,,,,,,,,,,,,,,,Winter FY26 UK/IRE beverage nutritionals (from PDF),,,,,,,2026/2/7,
Starbucks,cold-brew-latte-whole-milk-tall,Cold Brew Latte - whole milk Tall,,114,6.2,6.2,8.4,72,3.9,,,0.5,7.6,,,,,,,,,,,,,,,,,,,,Winter FY26 UK/IRE beverage nutritionals (from PDF),,,,,,,2026/2/7,
Starbucks,cold-brew-latte-whole-milk-grande,Cold Brew Latte - whole milk Grande,,161,8.7,8.8,11.7,100,5.5,,,0.6,10.9,,,,,,,,,,,,,,,,,,,,Winter FY26 UK/IRE beverage nutritionals (from PDF),,,,,,,2026/2/7,
Starbucks,cold-brew-latte-whole-milk-venti,Cold Brew Latte - whole milk Venti,,185,10,10.1,13.5,116,6.3,,,0.7,12.4,,,,,,,,,,,,,,,,,,,,Winter FY26 UK/IRE beverage nutritionals (from PDF),,,,,,,2026/2/7,
Starbucks,cold-brew-latte-skimmed-milk-tall,Cold Brew Latte - skimmed milk Tall,,69,6.4,0.8,8.7,76,0.3,,,0.5,7.9,,,,,,,,,,,,,,,,,,,,Winter FY26 UK/IRE beverage nutritionals (from PDF),,,,,,,2026/2/7,
Starbucks,cold-brew-latte-skimmed-milk-grande,Cold Brew Latte - skimmed milk Grande,,95,8.9,1.1,12.2,104,0.4,,,0.6,11.3,,,,,,,,,,,,,,,,,,,,Winter FY26 UK/IRE beverage nutritionals (from PDF),,,,,,,2026/2/7,
Starbucks,cold-brew-latte-skimmed-milk-venti,Cold Brew Latte - skimmed milk Venti,,110,10.3,1.2,14,120,0.5,,,0.7,13,,,,,,,,,,,,,,,,,,,,Winter FY26 UK/IRE beverage nutritionals (from PDF),,,,,,,2026/2/7,
Starbucks,cold-brew-latte-almond-drink-tall,Cold Brew Latte - almond drink Tall,,51,1.5,2.3,4.9,48,0.3,,,0.9,4.1,,,,,,,,,,,,,,,,,,,,Winter FY26 UK/IRE beverage nutritionals (from PDF),,,,,,,2026/2/7,
Starbucks,cold-brew-latte-almond-drink-grande,Cold Brew Latte - almond drink Grande,,69,1.8,3.1,6.7,72,0.3,,,1,5.8,,,,,,,,,,,,,,,,,,,,Winter FY26 UK/IRE beverage nutritionals (from PDF),,,,,,,2026/2/7,
Starbucks,cold-brew-latte-almond-drink-venti,Cold Brew Latte - almond drink Venti,,80,2.2,3.6,7.7,80,0.4,,,1.2,6.7,,,,,,,,,,,,,,,,,,,,Winter FY26 UK/IRE beverage nutritionals (from PDF),,,,,,,2026/2/7,
Starbucks,cold-brew-latte-soya-drink-tall,Cold Brew Latte - soya drink Tall,,77,5.9,3.4,5,60,0.6,,,1.5,4,,,,,,,,,,,,,,,,,,,,Winter FY26 UK/IRE beverage nutritionals (from PDF),,,,,,,2026/2/7,
Starbucks,cold-brew-latte-soya-drink-grande,Cold Brew Latte - soya drink Grande,,107,8.3,4.7,6.9,84,0.8,,,2,5.8,,,,,,,,,,,,,,,,,,,,Winter FY26 UK/IRE beverage nutritionals (from PDF),,,,,,,2026/2/7,
Starbucks,cold-brew-latte-soya-drink-venti,Cold Brew Latte - soya drink Venti,,123,9.5,5.4,8,96,0.9,,,2.3,6.6,,,,,,,,,,,,,,,,,,,,Winter FY26 UK/IRE beverage nutritionals (from PDF),,,,,,,2026/2/7,
Starbucks,cold-brew-latte-oat-drink-tall,Cold Brew Latte - oat drink Tall,,103,1.9,5.1,11.5,84,0.6,,,2.1,5.3,,,,,,,,,,,,,,,,,,,,Winter FY26 UK/IRE beverage nutritionals (from PDF),,,,,,,2026/2/7,
Starbucks,cold-brew-latte-oat-drink-grande,Cold Brew Latte - oat drink Grande,,144,2.5,7.2,16.2,120,0.8,,,2.9,7.6,,,,,,,,,,,,,,,,,,,,Winter FY26 UK/IRE beverage nutritionals (from PDF),,,,,,,2026/2/7,
Starbucks,cold-brew-latte-oat-drink-venti,Cold Brew Latte - oat drink Venti,,166,2.9,8.2,18.6,136,0.9,,,3.3,8.7,,,,,,,,,,,,,,,,,,,,Winter FY26 UK/IRE beverage nutritionals (from PDF),,,,,,,2026/2/7,
Starbucks,cold-brew-latte-coconut-drink-tall,Cold Brew Latte - coconut drink Tall,,82,2.3,4.4,6.6,32,3.9,,,3,5.8,,,,,,,,,,,,,,,,,,,,Winter FY26 UK/IRE beverage nutritionals (from PDF),,,,,,,2026/2/7,
Starbucks,cold-brew-latte-coconut-drink-grande,Cold Brew Latte - coconut drink Grande,,114,3,6.2,9.2,44,5.5,,,4.1,8.3,,,,,,,,,,,,,,,,,,,,Winter FY26 UK/IRE beverage nutritionals (from PDF),,,,,,,2026/2/7,
Starbucks,cold-brew-latte-coconut-drink-venti,Cold Brew Latte - coconut drink Venti,,131,3.5,7.1,10.5,52,6.3,,,4.7,9.5,,,,,,,,,,,,,,,,,,,,Winter FY26 UK/IRE beverage nutritionals (from PDF),,,,,,,2026/2/7,
Starbucks,iced-americano-tall,Iced Americano Tall,,7,0.4,0.1,0.9,0,0,,,0.3,0.1,,,,,,,,,,,,,,,,,,,,Winter FY26 UK/IRE beverage nutritionals (from PDF),,,,,,,2026/2/7,
Starbucks,iced-americano-grande,Iced Americano Grande,,11,0.6,0.2,1.3,0,0.1,,,0.4,0.1,,,,,,,,,,,,,,,,,,,,Winter FY26 UK/IRE beverage nutritionals (from PDF),,,,,,,2026/2/7,
Starbucks,iced-americano-venti,Iced Americano Venti,,14,0.8,0.3,1.8,0,0.1,,,0.5,0.2,,,,,,,,,,,,,,,,,,,,Winter FY26 UK/IRE beverage nutritionals (from PDF),,,,,,,2026/2/7,
Starbucks,iced-latte-semi-skimmed-milk-tall,Iced Latte - semi skimmed milk Tall,,83,5.9,2.8,8.3,68,1.8,,,0.3,7.5,,,,,,,,,,,,,,,,,,,,Winter FY26 UK/IRE beverage nutritionals (from PDF),,,,,,,2026/2/7,
Starbucks,iced-latte-semi-skimmed-milk-grande,Iced Latte - semi skimmed milk Grande,,128,9.2,4.4,12.7,108,2.8,,,0.3,11.9,,,,,,,,,,,,,,,,,,,,Winter FY26 UK/IRE beverage nutritionals (from PDF),,,,,,,2026/2/7,
Starbucks,iced-latte-semi-skimmed-milk-venti,Iced Latte - semi skimmed milk Venti,,130,9.3,4.4,13,108,2.8,,,0.4,11.8,,,,,,,,,,,,,,,,,,,,Winter FY26 UK/IRE beverage nutritionals (from PDF),,,,,,,2026/2/7,
Starbucks,iced-latte-whole-milk-tall,Iced Latte - whole milk Tall,,108,5.7,5.8,8.1,68,3.6,,,0.3,7.3,,,,,,,,,,,,,,,,,,,,Winter FY26 UK/IRE beverage nutritionals (from PDF),,,,,,,2026/2/7,
Starbucks,iced-latte-whole-milk-grande,Iced Latte - whole milk Grande,,168,8.9,9.2,12.4,104,5.8,,,0.3,11.6,,,,,,,,,,,,,,,,,,,,Winter FY26 UK/IRE beverage nutritionals (from PDF),,,,,,,2026/2/7,
Starbucks,iced-latte-whole-milk-venti,Iced Latte - whole milk Venti,,170,9,9.1,12.8,104,5.7,,,0.4,11.5,,,,,,,,,,,,,,,,,,,,Winter FY26 UK/IRE beverage nutritionals (from PDF),,,,,,,2026/2/7,
Starbucks,iced-latte-skimmed-milk-tall,Iced Latte - skimmed milk Tall,,64,5.9,0.6,8.4,68,0.2,,,0.3,7.6,,,,,,,,,,,,,,,,,,,,Winter FY26 UK/IRE beverage nutritionals (from PDF),,,,,,,2026/2/7,
Starbucks,iced-latte-skimmed-milk-grande,Iced Latte - skimmed milk Grande,,97,9.2,0.9,12.9,112,0.4,,,0.3,12.1,,,,,,,,,,,,,,,,,,,,Winter FY26 UK/IRE beverage nutritionals (from PDF),,,,,,,2026/2/7,
Starbucks,iced-latte-skimmed-milk-venti,Iced Latte - skimmed milk Venti,,100,9.3,0.9,13.3,108,0.4,,,0.4,12,,,,,,,,,,,,,,,,,,,,Winter FY26 UK/IRE beverage nutritionals (from PDF),,,,,,,2026/2/7,
Starbucks,iced-latte-almond-drink-tall,Iced Latte - almond drink Tall,,46,1.2,2,4.8,44,0.2,,,0.6,3.9,,,,,,,,,,,,,,,,,,,,Winter FY26 UK/IRE beverage nutritionals (from PDF),,,,,,,2026/2/7,
Starbucks,iced-latte-almond-drink-grande,Iced Latte - almond drink Grande,,70,1.6,3.1,7.1,72,0.3,,,0.8,6.3,,,,,,,,,,,,,,,,,,,,Winter FY26 UK/IRE beverage nutritionals (from PDF),,,,,,,2026/2/7,
Starbucks,iced-latte-almond-drink-venti,Iced Latte - almond drink Venti,,73,1.8,3.1,7.4,72,0.3,,,0.9,6.2,,,,,,,,,,,,,,,,,,,,Winter FY26 UK/IRE beverage nutritionals (from PDF),,,,,,,2026/2/7,
Starbucks,iced-latte-soya-drink-tall,Iced Latte - soya drink Tall,,72,5.5,3,4.9,56,0.5,,,1.2,3.9,,,,,,,,,,,,,,,,,,,,Winter FY26 UK/IRE beverage nutritionals (from PDF),,,,,,,2026/2/7,
Starbucks,iced-latte-soya-drink-grande,Iced Latte - soya drink Grande,,110,8.5,4.8,7.3,88,0.8,,,1.7,6.2,,,,,,,,,,,,,,,,,,,,Winter FY26 UK/IRE beverage nutritionals (from PDF),,,,,,,2026/2/7,
Starbucks,iced-latte-soya-drink-venti,Iced Latte - soya drink Venti,,112,8.6,4.8,7.6,88,0.8,,,1.9,6.2,,,,,,,,,,,,,,,,,,,,Winter FY26 UK/IRE beverage nutritionals (from PDF),,,,,,,2026/2/7,
Starbucks,iced-latte-oat-drink-tall,Iced Latte - oat drink Tall,,97,1.6,4.7,11.1,80,0.5,,,1.8,5.1,,,,,,,,,,,,,,,,,,,,Winter FY26 UK/IRE beverage nutritionals (from PDF),,,,,,,2026/2/7,
Starbucks,iced-latte-oat-drink-grande,Iced Latte - oat drink Grande,,150,2.4,7.4,17.2,124,0.8,,,2.7,8.1,,,,,,,,,,,,,,,,,,,,Winter FY26 UK/IRE beverage nutritionals (from PDF),,,,,,,2026/2/7,
Starbucks,iced-latte-oat-drink-venti,Iced Latte - oat drink Venti,,152,2.5,7.4,17.5,124,0.8,,,2.8,8.1,,,,,,,,,,,,,,,,,,,,Winter FY26 UK/IRE beverage nutritionals (from PDF),,,,,,,2026/2/7,
Starbucks,iced-latte-coconut-drink-tall,Iced Latte - coconut drink Tall,,76,2,4.1,6.4,28,3.7,,,2.6,5.6,,,,,,,,,,,,,,,,,,,,Winter FY26 UK/IRE beverage nutritionals (from PDF),,,,,,,2026/2/7,
Starbucks,iced-latte-coconut-drink-grande,Iced Latte - coconut drink Grande,,118,2.9,6.4,9.7,44,5.8,,,4,8.9,,,,,,,,,,,,,,,,,,,,Winter FY26 UK/IRE beverage nutritionals (from PDF),,,,,,,2026/2/7,
Starbucks,iced-latte-coconut-drink-venti,Iced Latte - coconut drink Venti,,120,3.1,6.4,10,44,5.8,,,4.1,8.8,,,,,,,,,,,,,,,,,,,,Winter FY26 UK/IRE beverage nutritionals (from PDF),,,,,,,2026/2/7,
Starbucks,classic-iced-cappuccino-semi-skimmed-milk-tall,Classic Iced Cappuccino - semi skimmed milk Tall,,71,5,2.4,7.1,56,1.5,,,0.3,6.3,,,,,,,,,,,,,,,,,,,,Winter FY26 UK/IRE beverage nutritionals (from PDF),,,,,,,2026/2/7,
Starbucks,classic-iced-cappuccino-semi-skimmed-milk-grande,Classic Iced Cappuccino - semi skimmed milk Grande,,106,7.6,3.6,10.6,88,2.3,,,0.3,9.8,,,,,,,,,,,,,,,,,,,,Winter FY26 UK/IRE beverage nutritionals (from PDF),,,,,,,2026/2/7,
Starbucks,classic-iced-cappuccino-semi-skimmed-milk-venti,Classic Iced Cappuccino - semi skimmed milk Venti,,115,8.2,3.9,11.6,96,2.5,,,0.4,10.4,,,,,,,,,,,,,,,,,,,,Winter FY26 UK/IRE beverage nutritionals (from PDF),,,,,,,2026/2/7,
Starbucks,classic-iced-cappuccino-whole-milk-tall,Classic Iced Cappuccino - whole milk Tall,,92,4.9,4.9,7,56,3.1,,,0.3,6.2,,,,,,,,,,,,,,,,,,,,Winter FY26 UK/IRE beverage nutritionals (from PDF),,,,,,,2026/2/7,
Starbucks,classic-iced-cappuccino-whole-milk-grande,Classic Iced Cappuccino - whole milk Grande,,139,7.4,7.6,10.4,88,4.8,,,0.3,9.6,,,,,,,,,,,,,,,,,,,,Winter FY26 UK/IRE beverage nutritionals (from PDF),,,,,,,2026/2/7,
Starbucks,classic-iced-cappuccino-whole-milk-venti,Classic Iced Cappuccino - whole milk Venti,,150,8,8,11.4,92,5.1,,,0.4,10.2,,,,,,,,,,,,,,,,,,,,Winter FY26 UK/IRE beverage nutritionals (from PDF),,,,,,,2026/2/7,
Starbucks,classic-iced-cappuccino-skimmed-milk-tall,Classic Iced Cappuccino - skimmed milk Tall,,55,5,0.5,7.3,60,0.2,,,0.3,6.4,,,,,,,,,,,,,,,,,,,,Winter FY26 UK/IRE beverage nutritionals (from PDF),,,,,,,2026/2/7,
Starbucks,classic-iced-cappuccino-skimmed-milk-grande,Classic Iced Cappuccino - skimmed milk Grande,,81,7.6,0.8,10.8,92,0.3,,,0.3,10,,,,,,,,,,,,,,,,,,,,Winter FY26 UK/IRE beverage nutritionals (from PDF),,,,,,,2026/2/7,
Starbucks,classic-iced-cappuccino-skimmed-milk-venti,Classic Iced Cappuccino - skimmed milk Venti,,89,8.2,0.9,11.8,96,0.4,,,0.4,10.6,,,,,,,,,,,,,,,,,,,,Winter FY26 UK/IRE beverage nutritionals (from PDF),,,,,,,2026/2/7,
Starbucks,classic-iced-cappuccino-almond-drink-tall,Classic Iced Cappuccino - almond drink Tall,,40,1.1,1.7,4.2,40,0.2,,,0.5,3.3,,,,,,,,,,,,,,,,,,,,Winter FY26 UK/IRE beverage nutritionals (from PDF),,,,,,,2026/2/7,
Starbucks,classic-iced-cappuccino-almond-drink-grande,Classic Iced Cappuccino - almond drink Grande,,59,1.4,2.6,6,60,0.2,,,0.7,5.2,,,,,,,,,,,,,,,,,,,,Winter FY26 UK/IRE beverage nutritionals (from PDF),,,,,,,2026/2/7,
Starbucks,classic-iced-cappuccino-almond-drink-venti,Classic Iced Cappuccino - almond drink Venti,,65,1.7,2.8,6.7,64,0.3,,,0.8,5.5,,,,,,,,,,,,,,,,,,,,Winter FY26 UK/IRE beverage nutritionals (from PDF),,,,,,,2026/2/7,
Starbucks,classic-iced-cappuccino-soya-drink-tall,Classic Iced Cappuccino - soya drink Tall,,62,4.7,2.6,4.3,48,0.4,,,1.1,3.3,,,,,,,,,,,,,,,,,,,,Winter FY26 UK/IRE beverage nutritionals (from PDF),,,,,,,2026/2/7,
Starbucks,classic-iced-cappuccino-soya-drink-grande,Classic Iced Cappuccino - soya drink Grande,,92,7,3.9,6.1,72,0.6,,,1.5,5.1,,,,,,,,,,,,,,,,,,,,Winter FY26 UK/IRE beverage nutritionals (from PDF),,,,,,,2026/2/7,
Starbucks,classic-iced-cappuccino-soya-drink-venti,Classic Iced Cappuccino - soya drink Venti,,100,7.6,4.2,6.9,76,0.7,,,1.7,5.5,,,,,,,,,,,,,,,,,,,,Winter FY26 UK/IRE beverage nutritionals (from PDF),,,,,,,2026/2/7,
Starbucks,classic-iced-cappuccino-oat-drink-tall,Classic Iced Cappuccino - oat drink Tall,,83,1.4,4,9.5,68,0.4,,,1.6,4.3,,,,,,,,,,,,,,,,,,,,Winter FY26 UK/IRE beverage nutritionals (from PDF),,,,,,,2026/2/7,
Starbucks,classic-iced-cappuccino-oat-drink-grande,Classic Iced Cappuccino - oat drink Grande,,125,2,6.1,14.3,104,0.6,,,2.3,6.7,,,,,,,,,,,,,,,,,,,,Winter FY26 UK/IRE beverage nutritionals (from PDF),,,,,,,2026/2/7,
Starbucks,classic-iced-cappuccino-oat-drink-venti,Classic Iced Cappuccino - oat drink Venti,,135,2.3,6.5,15.5,108,0.7,,,2.5,7.1,,,,,,,,,,,,,,,,,,,,Winter FY26 UK/IRE beverage nutritionals (from PDF),,,,,,,2026/2/7,
Starbucks,classic-iced-cappuccino-coconut-drink-tall,Classic Iced Cappuccino - coconut drink Tall,,65,1.7,3.4,5.5,24,3.1,,,2.3,4.7,,,,,,,,,,,,,,,,,,,,Winter FY26 UK/IRE beverage nutritionals (from PDF),,,,,,,2026/2/7,
Starbucks,classic-iced-cappuccino-coconut-drink-grande,Classic Iced Cappuccino - coconut drink Grande,,98,2.5,5.3,8.1,36,4.8,,,3.4,7.3,,,,,,,,,,,,,,,,,,,,Winter FY26 UK/IRE beverage nutritionals (from PDF),,,,,,,2026/2/7,
Starbucks,classic-iced-cappuccino-coconut-drink-venti,Classic Iced Cappuccino - coconut drink Venti,,107,2.8,5.6,9,40,5.1,,,3.7,7.8,,,,,,,,,,,,,,,,,,,,Winter FY26 UK/IRE beverage nutritionals (from PDF),,,,,,,2026/2/7,
Starbucks,iced-latte-macchiato-semi-skimmed-milk-tall,Iced Latte Macchiato - semi skimmed milk Tall,,91,6.5,3.1,9.1,76,2,,,0.3,8.3,,,,,,,,,,,,,,,,,,,,Winter FY26 UK/IRE beverage nutritionals (from PDF),,,,,,,2026/2/7,
Starbucks,iced-latte-macchiato-semi-skimmed-milk-grande,Iced Latte Macchiato - semi skimmed milk Grande,,132,9.5,4.5,13.1,112,2.9,,,0.3,12.3,,,,,,,,,,,,,,,,,,,,Winter FY26 UK/IRE beverage nutritionals (from PDF),,,,,,,2026/2/7,
Starbucks,iced-latte-macchiato-semi-skimmed-milk-venti,Iced Latte Macchiato - semi skimmed milk Venti,,138,9.9,4.7,13.8,116,3,,,0.4,12.6,,,,,,,,,,,,,,,,,,,,Winter FY26 UK/IRE beverage nutritionals (from PDF),,,,,,,2026/2/7,
Starbucks,iced-latte-macchiato-whole-milk-tall,Iced Latte Macchiato - whole milk Tall,,119,6.4,6.4,8.9,72,4.1,,,0.3,8.1,,,,,,,,,,,,,,,,,,,,Winter FY26 UK/IRE beverage nutritionals (from PDF),,,,,,,2026/2/7,
Starbucks,iced-latte-macchiato-whole-milk-grande,Iced Latte Macchiato - whole milk Grande,,173,9.2,9.5,12.8,108,6,,,0.3,12,,,,,,,,,,,,,,,,,,,,Winter FY26 UK/IRE beverage nutritionals (from PDF),,,,,,,2026/2/7,
Starbucks,iced-latte-macchiato-whole-milk-venti,Iced Latte Macchiato - whole milk Venti,,180,9.6,9.7,13.5,112,6.1,,,0.4,12.3,,,,,,,,,,,,,,,,,,,,Winter FY26 UK/IRE beverage nutritionals (from PDF),,,,,,,2026/2/7,
Starbucks,iced-latte-macchiato-skimmed-milk-tall,Iced Latte Macchiato - skimmed milk Tall,,70,6.5,0.7,9.3,76,0.3,,,0.3,8.5,,,,,,,,,,,,,,,,,,,,Winter FY26 UK/IRE beverage nutritionals (from PDF),,,,,,,2026/2/7,
Starbucks,iced-latte-macchiato-skimmed-milk-grande,Iced Latte Macchiato - skimmed milk Grande,,100,9.5,0.9,13.3,116,0.4,,,0.3,12.5,,,,,,,,,,,,,,,,,,,,Winter FY26 UK/IRE beverage nutritionals (from PDF),,,,,,,2026/2/7,
Starbucks,iced-latte-macchiato-skimmed-milk-venti,Iced Latte Macchiato - skimmed milk Venti,,106,9.9,1,14,116,0.4,,,0.4,12.8,,,,,,,,,,,,,,,,,,,,Winter FY26 UK/IRE beverage nutritionals (from PDF),,,,,,,2026/2/7,
Starbucks,iced-latte-macchiato-almond-drink-tall,Iced Latte Macchiato - almond drink Tall,,51,1.3,2.2,5.2,52,0.2,,,0.6,4.4,,,,,,,,,,,,,,,,,,,,Winter FY26 UK/IRE beverage nutritionals (from PDF),,,,,,,2026/2/7,
Starbucks,iced-latte-macchiato-almond-drink-grande,Iced Latte Macchiato - almond drink Grande,,72,1.7,3.2,7.3,76,0.3,,,0.8,6.5,,,,,,,,,,,,,,,,,,,,Winter FY26 UK/IRE beverage nutritionals (from PDF),,,,,,,2026/2/7,
Starbucks,iced-latte-macchiato-almond-drink-venti,Iced Latte Macchiato - almond drink Venti,,77,1.9,3.3,7.9,76,0.3,,,0.9,6.6,,,,,,,,,,,,,,,,,,,,Winter FY26 UK/IRE beverage nutritionals (from PDF),,,,,,,2026/2/7,
Starbucks,iced-latte-macchiato-soya-drink-tall,Iced Latte Macchiato - soya drink Tall,,79,6,3.4,5.3,60,0.6,,,1.3,4.4,,,,,,,,,,,,,,,,,,,,Winter FY26 UK/IRE beverage nutritionals (from PDF),,,,,,,2026/2/7,
Starbucks,iced-latte-macchiato-soya-drink-grande,Iced Latte Macchiato - soya drink Grande,,113,8.7,4.9,7.5,92,0.8,,,1.8,6.4,,,,,,,,,,,,,,,,,,,,Winter FY26 UK/IRE beverage nutritionals (from PDF),,,,,,,2026/2/7,
Starbucks,iced-latte-macchiato-soya-drink-venti,Iced Latte Macchiato - soya drink Venti,,119,9.1,5.1,8.1,92,0.8,,,2,6.6,,,,,,,,,,,,,,,,,,,,Winter FY26 UK/IRE beverage nutritionals (from PDF),,,,,,,2026/2/7,
Starbucks,iced-latte-macchiato-oat-drink-tall,Iced Latte Macchiato - oat drink Tall,,107,1.8,5.2,12.3,88,0.6,,,2,5.7,,,,,,,,,,,,,,,,,,,,Winter FY26 UK/IRE beverage nutritionals (from PDF),,,,,,,2026/2/7,
Starbucks,iced-latte-macchiato-oat-drink-grande,Iced Latte Macchiato - oat drink Grande,,155,2.4,7.7,17.7,128,0.8,,,2.8,8.4,,,,,,,,,,,,,,,,,,,,Winter FY26 UK/IRE beverage nutritionals (from PDF),,,,,,,2026/2/7,
Starbucks,iced-latte-macchiato-oat-drink-venti,Iced Latte Macchiato - oat drink Venti,,162,2.7,7.9,18.5,132,0.8,,,3,8.6,,,,,,,,,,,,,,,,,,,,Winter FY26 UK/IRE beverage nutritionals (from PDF),,,,,,,2026/2/7,
Starbucks,iced-latte-macchiato-coconut-drink-tall,Iced Latte Macchiato - coconut drink Tall,,84,2.2,4.5,7,32,4.1,,,2.9,6.2,,,,,,,,,,,,,,,,,,,,Winter FY26 UK/IRE beverage nutritionals (from PDF),,,,,,,2026/2/7,
Starbucks,iced-latte-macchiato-coconut-drink-grande,Iced Latte Macchiato - coconut drink Grande,,121,3,6.6,10,48,6,,,4.2,9.2,,,,,,,,,,,,,,,,,,,,Winter FY26 UK/IRE beverage nutritionals (from PDF),,,,,,,2026/2/7,
Starbucks,iced-latte-macchiato-coconut-drink-venti,Iced Latte Macchiato - coconut drink Venti,,127,3.3,6.8,10.6,48,6.2,,,4.4,9.4,,,,,,,,,,,,,,,,,,,,Winter FY26 UK/IRE beverage nutritionals (from PDF),,,,,,,2026/2/7,
Starbucks,iced-caramel-macchiato-semi-skimmed-milk-tall,Iced Caramel Macchiato - semi skimmed milk Tall,,146,6.6,4.2,20.4,88,2.6,,,0.3,19.1,,,,,,,,,,,,,,,,,,,,Winter FY26 UK/IRE beverage nutritionals (from PDF),,,,,,,2026/2/7,
Starbucks,iced-caramel-macchiato-semi-skimmed-milk-grande,Iced Caramel Macchiato - semi skimmed milk Grande,,201,9.6,5.6,27.9,124,3.6,,,0.3,26.6,,,,,,,,,,,,,,,,,,,,Winter FY26 UK/IRE beverage nutritionals (from PDF),,,,,,,2026/2/7,
Starbucks,iced-caramel-macchiato-semi-skimmed-milk-venti,Iced Caramel Macchiato - semi skimmed milk Venti,,221,10,5.8,32.2,128,3.6,,,0.4,30.4,,,,,,,,,,,,,,,,,,,,Winter FY26 UK/IRE beverage nutritionals (from PDF),,,,,,,2026/2/7,
Starbucks,iced-caramel-macchiato-whole-milk-tall,Iced Caramel Macchiato - whole milk Tall,,174,6.4,7.5,20.2,88,4.7,,,0.3,18.9,,,,,,,,,,,,,,,,,,,,Winter FY26 UK/IRE beverage nutritionals (from PDF),,,,,,,2026/2/7,
Starbucks,iced-caramel-macchiato-whole-milk-grande,Iced Caramel Macchiato - whole milk Grande,,242,9.3,10.5,27.7,124,6.6,,,0.3,26.3,,,,,,,,,,,,,,,,,,,,Winter FY26 UK/IRE beverage nutritionals (from PDF),,,,,,,2026/2/7,
Starbucks,iced-caramel-macchiato-whole-milk-venti,Iced Caramel Macchiato - whole milk Venti,,264,9.7,10.8,32,124,6.8,,,0.4,30.2,,,,,,,,,,,,,,,,,,,,Winter FY26 UK/IRE beverage nutritionals (from PDF),,,,,,,2026/2/7,
Starbucks,iced-caramel-macchiato-skimmed-milk-tall,Iced Caramel Macchiato - skimmed milk Tall,,125,6.6,1.7,20.6,92,0.9,,,0.3,19.3,,,,,,,,,,,,,,,,,,,,Winter FY26 UK/IRE beverage nutritionals (from PDF),,,,,,,2026/2/7,
Starbucks,iced-caramel-macchiato-skimmed-milk-grande,Iced Caramel Macchiato - skimmed milk Grande,,170,9.6,2,28.2,128,1,,,0.3,26.9,,,,,,,,,,,,,,,,,,,,Winter FY26 UK/IRE beverage nutritionals (from PDF),,,,,,,2026/2/7,
Starbucks,iced-caramel-macchiato-skimmed-milk-venti,Iced Caramel Macchiato - skimmed milk Venti,,189,10,2.1,32.5,132,1.1,,,0.4,30.7,,,,,,,,,,,,,,,,,,,,Winter FY26 UK/IRE beverage nutritionals (from PDF),,,,,,,2026/2/7,
Starbucks,iced-caramel-macchiato-almond-drink-tall,Iced Caramel Macchiato - almond drink Tall,,106,1.4,3.3,16.5,64,0.9,,,0.6,15.2,,,,,,,,,,,,,,,,,,,,Winter FY26 UK/IRE beverage nutritionals (from PDF),,,,,,,2026/2/7,
Starbucks,iced-caramel-macchiato-almond-drink-grande,Iced Caramel Macchiato - almond drink Grande,,141,1.8,4.2,22.1,88,1,,,0.8,20.8,,,,,,,,,,,,,,,,,,,,Winter FY26 UK/IRE beverage nutritionals (from PDF),,,,,,,2026/2/7,
Starbucks,iced-caramel-macchiato-almond-drink-venti,Iced Caramel Macchiato - almond drink Venti,,160,2,4.4,26.3,92,1,,,0.9,24.5,,,,,,,,,,,,,,,,,,,,Winter FY26 UK/IRE beverage nutritionals (from PDF),,,,,,,2026/2/7,
Starbucks,iced-caramel-macchiato-soya-drink-tall,Iced Caramel Macchiato - soya drink Tall,,134,6.1,4.4,16.6,76,1.2,,,1.3,15.2,,,,,,,,,,,,,,,,,,,,Winter FY26 UK/IRE beverage nutritionals (from PDF),,,,,,,2026/2/7,
Starbucks,iced-caramel-macchiato-soya-drink-grande,Iced Caramel Macchiato - soya drink Grande,,183,8.8,6,22.4,104,1.5,,,1.8,20.7,,,,,,,,,,,,,,,,,,,,Winter FY26 UK/IRE beverage nutritionals (from PDF),,,,,,,2026/2/7,
Starbucks,iced-caramel-macchiato-soya-drink-venti,Iced Caramel Macchiato - soya drink Venti,,203,9.2,6.2,26.5,108,1.5,,,2,24.4,,,,,,,,,,,,,,,,,,,,Winter FY26 UK/IRE beverage nutritionals (from PDF),,,,,,,2026/2/7,
Starbucks,iced-caramel-macchiato-oat-drink-tall,Iced Caramel Macchiato - oat drink Tall,,162,1.9,6.3,23.6,100,1.2,,,2,16.5,,,,,,,,,,,,,,,,,,,,Winter FY26 UK/IRE beverage nutritionals (from PDF),,,,,,,2026/2/7,
Starbucks,iced-caramel-macchiato-oat-drink-grande,Iced Caramel Macchiato - oat drink Grande,,224,2.5,8.7,32.6,144,1.5,,,2.8,22.7,,,,,,,,,,,,,,,,,,,,Winter FY26 UK/IRE beverage nutritionals (from PDF),,,,,,,2026/2/7,
Starbucks,iced-caramel-macchiato-oat-drink-venti,Iced Caramel Macchiato - oat drink Venti,,245,2.8,9,37,148,1.5,,,3,26.5,,,,,,,,,,,,,,,,,,,,Winter FY26 UK/IRE beverage nutritionals (from PDF),,,,,,,2026/2/7,
Starbucks,iced-caramel-macchiato-coconut-drink-tall,Iced Caramel Macchiato - coconut drink Tall,,139,2.2,5.6,18.3,44,4.7,,,2.9,17,,,,,,,,,,,,,,,,,,,,Winter FY26 UK/IRE beverage nutritionals (from PDF),,,,,,,2026/2/7,
Starbucks,iced-caramel-macchiato-coconut-drink-grande,Iced Caramel Macchiato - coconut drink Grande,,190,3.1,7.7,24.8,60,6.7,,,4.2,23.5,,,,,,,,,,,,,,,,,,,,Winter FY26 UK/IRE beverage nutritionals (from PDF),,,,,,,2026/2/7,
Starbucks,iced-caramel-macchiato-coconut-drink-venti,Iced Caramel Macchiato - coconut drink Venti,,211,3.3,7.9,29.1,60,6.8,,,4.4,27.2,,,,,,,,,,,,,,,,,,,,Winter FY26 UK/IRE beverage nutritionals (from PDF),,,,,,,2026/2/7,
Starbucks,iced-mocha-semi-skimmed-milk-tall,Iced Mocha - semi skimmed milk Tall,,246,7.8,12.9,23.6,60,8.9,,,2.2,21.7,,,,,,,,,,,,,,,,,,,,Winter FY26 UK/IRE beverage nutritionals (from PDF),,,,,,,2026/2/7,
Starbucks,iced-mocha-semi-skimmed-milk-grande,Iced Mocha - semi skimmed milk Grande,,342,11.6,17.7,32.9,96,12.2,,,2.8,30.7,,,,,,,,,,,,,,,,,,,,Winter FY26 UK/IRE beverage nutritionals (from PDF),,,,,,,2026/2/7,
Starbucks,iced-mocha-semi-skimmed-milk-venti,Iced Mocha - semi skimmed milk Venti,,363,11.8,17.8,37,88,12.3,,,3.6,34.1,,,,,,,,,,,,,,,,,,,,Winter FY26 UK/IRE beverage nutritionals (from PDF),,,,,,,2026/2/7,
Starbucks,iced-mocha-whole-milk-tall,Iced Mocha - whole milk Tall,,264,7.7,15.1,23.4,60,10.3,,,2.2,21.6,,,,,,,,,,,,,,,,,,,,Winter FY26 UK/IRE beverage nutritionals (from PDF),,,,,,,2026/2/7,
Starbucks,iced-mocha-whole-milk-grande,Iced Mocha - whole milk Grande,,373,11.4,21.3,32.7,96,14.5,,,2.8,30.5,,,,,,,,,,,,,,,,,,,,Winter FY26 UK/IRE beverage nutritionals (from PDF),,,,,,,2026/2/7,
Starbucks,iced-mocha-whole-milk-venti,Iced Mocha - whole milk Venti,,389,11.6,21,36.8,88,14.2,,,3.6,34,,,,,,,,,,,,,,,,,,,,Winter FY26 UK/IRE beverage nutritionals (from PDF),,,,,,,2026/2/7,
Starbucks,iced-mocha-skimmed-milk-tall,Iced Mocha - skimmed milk Tall,,232,7.8,11.3,23.7,64,7.8,,,2.2,21.9,,,,,,,,,,,,,,,,,,,,Winter FY26 UK/IRE beverage nutritionals (from PDF),,,,,,,2026/2/7,
Starbucks,iced-mocha-skimmed-milk-grande,Iced Mocha - skimmed milk Grande,,319,11.6,15,33,100,10.3,,,2.8,30.9,,,,,,,,,,,,,,,,,,,,Winter FY26 UK/IRE beverage nutritionals (from PDF),,,,,,,2026/2/7,
Starbucks,iced-mocha-skimmed-milk-venti,Iced Mocha - skimmed milk Venti,,343,11.8,15.5,37.2,88,10.6,,,3.6,34.3,,,,,,,,,,,,,,,,,,,,Winter FY26 UK/IRE beverage nutritionals (from PDF),,,,,,,2026/2/7,
Starbucks,iced-mocha-almond-drink-tall,Iced Mocha - almond drink Tall,,219,4.3,12.3,20.9,44,7.7,,,2.4,19.1,,,,,,,,,,,,,,,,,,,,Winter FY26 UK/IRE beverage nutritionals (from PDF),,,,,,,2026/2/7,
Starbucks,iced-mocha-almond-drink-grande,Iced Mocha - almond drink Grande,,298,5.8,16.7,28.5,72,10.3,,,3.2,26.4,,,,,,,,,,,,,,,,,,,,Winter FY26 UK/IRE beverage nutritionals (from PDF),,,,,,,2026/2/7,
Starbucks,iced-mocha-almond-drink-venti,Iced Mocha - almond drink Venti,,324,6.7,17,33.3,64,10.6,,,3.9,30.4,,,,,,,,,,,,,,,,,,,,Winter FY26 UK/IRE beverage nutritionals (from PDF),,,,,,,2026/2/7,
Starbucks,iced-mocha-soya-drink-tall,Iced Mocha - soya drink Tall,,238,7.5,13.1,21,52,8,,,2.8,19.1,,,,,,,,,,,,,,,,,,,,Winter FY26 UK/IRE beverage nutritionals (from PDF),,,,,,,2026/2/7,
Starbucks,iced-mocha-soya-drink-grande,Iced Mocha - soya drink Grande,,329,11,18,28.7,84,10.6,,,3.9,26.3,,,,,,,,,,,,,,,,,,,,Winter FY26 UK/IRE beverage nutritionals (from PDF),,,,,,,2026/2/7,
Starbucks,iced-mocha-soya-drink-venti,Iced Mocha - soya drink Venti,,351,11.3,18.1,33.4,76,10.9,,,4.5,30.3,,,,,,,,,,,,,,,,,,,,Winter FY26 UK/IRE beverage nutritionals (from PDF),,,,,,,2026/2/7,
Starbucks,iced-mocha-oat-drink-tall,Iced Mocha - oat drink Tall,,256,4.6,14.3,25.6,68,8,,,3.3,20,,,,,,,,,,,,,,,,,,,,Winter FY26 UK/IRE beverage nutritionals (from PDF),,,,,,,2026/2/7,
Starbucks,iced-mocha-oat-drink-grande,Iced Mocha - oat drink Grande,,360,6.3,20,36.3,112,10.6,,,4.7,27.8,,,,,,,,,,,,,,,,,,,,Winter FY26 UK/IRE beverage nutritionals (from PDF),,,,,,,2026/2/7,
Starbucks,iced-mocha-oat-drink-venti,Iced Mocha - oat drink Venti,,378,7.2,19.9,40,100,10.9,,,5.2,31.6,,,,,,,,,,,,,,,,,,,,Winter FY26 UK/IRE beverage nutritionals (from PDF),,,,,,,2026/2/7,
Starbucks,iced-mocha-coconut-drink-tall,Iced Mocha - coconut drink Tall,,241,4.9,13.8,22.2,32,10.3,,,3.9,20.3,,,,,,,,,,,,,,,,,,,,Winter FY26 UK/IRE beverage nutritionals (from PDF),,,,,,,2026/2/7,
Starbucks,iced-mocha-coconut-drink-grande,Iced Mocha - coconut drink Grande,,334,6.8,19.2,30.5,48,14.5,,,5.7,28.4,,,,,,,,,,,,,,,,,,,,Winter FY26 UK/IRE beverage nutritionals (from PDF),,,,,,,2026/2/7,
Starbucks,iced-mocha-coconut-drink-venti,Iced Mocha - coconut drink Venti,,356,7.6,19.2,35,44,14.3,,,6.1,32.1,,,,,,,,,,,,,,,,,,,,Winter FY26 UK/IRE beverage nutritionals (from PDF),,,,,,,2026/2/7,
Starbucks,iced-white-mocha-semi-skimmed-milk-tall,Iced White Mocha - semi skimmed milk Tall,,288,7,13.9,33.7,132,10,,,0.3,32.8,,,,,,,,,,,,,,,,,,,,Winter FY26 UK/IRE beverage nutritionals (from PDF),,,,,,,2026/2/7,
Starbucks,iced-white-mocha-semi-skimmed-milk-grande,Iced White Mocha - semi skimmed milk Grande,,401,10.6,19.1,46.5,192,13.7,,,0.3,45.7,,,,,,,,,,,,,,,,,,,,Winter FY26 UK/IRE beverage nutritionals (from PDF),,,,,,,2026/2/7,
Starbucks,iced-white-mocha-semi-skimmed-milk-venti,Iced White Mocha - semi skimmed milk Venti,,438,10.7,19.6,54.2,208,14.2,,,0.5,53,,,,,,,,,,,,,,,,,,,,Winter FY26 UK/IRE beverage nutritionals (from PDF),,,,,,,2026/2/7,
Starbucks,iced-white-mocha-whole-milk-tall,Iced White Mocha - whole milk Tall,,307,6.9,16.1,33.5,128,11.4,,,0.3,32.7,,,,,,,,,,,,,,,,,,,,Winter FY26 UK/IRE beverage nutritionals (from PDF),,,,,,,2026/2/7,
Starbucks,iced-white-mocha-whole-milk-grande,Iced White Mocha - whole milk Grande,,433,10.4,22.8,46.3,192,16.1,,,0.3,45.5,,,,,,,,,,,,,,,,,,,,Winter FY26 UK/IRE beverage nutritionals (from PDF),,,,,,,2026/2/7,
Starbucks,iced-white-mocha-whole-milk-venti,Iced White Mocha - whole milk Venti,,466,10.5,23,54,204,16.3,,,0.5,52.8,,,,,,,,,,,,,,,,,,,,Winter FY26 UK/IRE beverage nutritionals (from PDF),,,,,,,2026/2/7,
Starbucks,iced-white-mocha-skimmed-milk-tall,Iced White Mocha - skimmed milk Tall,,274,7,12.3,33.8,132,8.9,,,0.3,33,,,,,,,,,,,,,,,,,,,,Winter FY26 UK/IRE beverage nutritionals (from PDF),,,,,,,2026/2/7,
Starbucks,iced-white-mocha-skimmed-milk-grande,Iced White Mocha - skimmed milk Grande,,377,10.6,16.3,46.7,196,11.8,,,0.3,45.9,,,,,,,,,,,,,,,,,,,,Winter FY26 UK/IRE beverage nutritionals (from PDF),,,,,,,2026/2/7,
Starbucks,iced-white-mocha-skimmed-milk-venti,Iced White Mocha - skimmed milk Venti,,416,10.7,17.2,54.4,208,12.5,,,0.5,53.2,,,,,,,,,,,,,,,,,,,,Winter FY26 UK/IRE beverage nutritionals (from PDF),,,,,,,2026/2/7,
Starbucks,iced-white-mocha-almond-drink-tall,Iced White Mocha - almond drink Tall,,261,3.5,13.3,31,116,8.9,,,0.5,30.2,,,,,,,,,,,,,,,,,,,,Winter FY26 UK/IRE beverage nutritionals (from PDF),,,,,,,2026/2/7,
Starbucks,iced-white-mocha-almond-drink-grande,Iced White Mocha - almond drink Grande,,355,4.7,18,42.1,164,11.7,,,0.7,41.2,,,,,,,,,,,,,,,,,,,,Winter FY26 UK/IRE beverage nutritionals (from PDF),,,,,,,2026/2/7,
Starbucks,iced-white-mocha-almond-drink-venti,Iced White Mocha - almond drink Venti,,397,5.4,18.7,50.2,184,12.4,,,0.8,49,,,,,,,,,,,,,,,,,,,,Winter FY26 UK/IRE beverage nutritionals (from PDF),,,,,,,2026/2/7,
Starbucks,iced-white-mocha-soya-drink-tall,Iced White Mocha - soya drink Tall,,280,6.7,14.1,31.1,120,9.1,,,1,30.2,,,,,,,,,,,,,,,,,,,,Winter FY26 UK/IRE beverage nutritionals (from PDF),,,,,,,2026/2/7,
Starbucks,iced-white-mocha-soya-drink-grande,Iced White Mocha - soya drink Grande,,387,10.1,19.4,42.2,176,12.1,,,1.5,41.2,,,,,,,,,,,,,,,,,,,,Winter FY26 UK/IRE beverage nutritionals (from PDF),,,,,,,2026/2/7,
Starbucks,iced-white-mocha-soya-drink-venti,Iced White Mocha - soya drink Venti,,425,10.2,19.9,50.4,192,12.8,,,1.5,49,,,,,,,,,,,,,,,,,,,,Winter FY26 UK/IRE beverage nutritionals (from PDF),,,,,,,2026/2/7,
Starbucks,iced-white-mocha-oat-drink-tall,Iced White Mocha - oat drink Tall,,299,3.8,15.3,35.8,140,9.1,,,1.5,31.1,,,,,,,,,,,,,,,,,,,,Winter FY26 UK/IRE beverage nutritionals (from PDF),,,,,,,2026/2/7,
Starbucks,iced-white-mocha-oat-drink-grande,Iced White Mocha - oat drink Grande,,419,5.3,21.5,50.1,208,12.1,,,2.3,42.7,,,,,,,,,,,,,,,,,,,,Winter FY26 UK/IRE beverage nutritionals (from PDF),,,,,,,2026/2/7,
Starbucks,iced-white-mocha-oat-drink-venti,Iced White Mocha - oat drink Venti,,453,5.9,21.8,57.4,220,12.8,,,2.2,50.3,,,,,,,,,,,,,,,,,,,,Winter FY26 UK/IRE beverage nutritionals (from PDF),,,,,,,2026/2/7,
Starbucks,iced-white-mocha-coconut-drink-tall,Iced White Mocha - coconut drink Tall,,284,4.1,14.8,32.2,100,11.4,,,2.1,31.4,,,,,,,,,,,,,,,,,,,,Winter FY26 UK/IRE beverage nutritionals (from PDF),,,,,,,2026/2/7,
Starbucks,iced-white-mocha-coconut-drink-grande,Iced White Mocha - coconut drink Grande,,393,5.7,20.7,44.1,144,16.1,,,3.3,43.3,,,,,,,,,,,,,,,,,,,,Winter FY26 UK/IRE beverage nutritionals (from PDF),,,,,,,2026/2/7,
Starbucks,iced-white-mocha-coconut-drink-venti,Iced White Mocha - coconut drink Venti,,430,6.3,21,52.1,164,16.3,,,3.1,50.9,,,,,,,,,,,,,,,,,,,,Winter FY26 UK/IRE beverage nutritionals (from PDF),,,,,,,2026/2/7,
Starbucks,starbucks-doubleshot-iced-coffee-mini,Starbucks Doubleshot鈩 Iced Coffee Mini,,87,1.4,8,2.2,12,5,,,0.3,1.4,,,,,,,,,,,,,,,,,,,,Winter FY26 UK/IRE beverage nutritionals (from PDF),,,,,,,2026/2/7,
Starbucks,starbucks-doubleshot-vanilla-iced-coffee-mini,Starbucks Doubleshot鈩 Vanilla Iced Coffee Mini,,103,1.4,8,6.2,12,5,,,0.3,5.3,,,,,,,,,,,,,,,,,,,,Winter FY26 UK/IRE beverage nutritionals (from PDF),,,,,,,2026/2/7,
Starbucks,iced-brown-sugar-oat-shaken-espresso-semi-skimmed-milk-tall,Iced Brown Sugar Oat Shaken Espresso - semi skimmed milk Tall,,87,4.3,2.1,12.6,48,1.3,,,0.3,11.8,,,,,,,,,,,,,,,,,,,,Winter FY26 UK/IRE beverage nutritionals (from PDF),,,,,,,2026/2/7,
Starbucks,iced-brown-sugar-oat-shaken-espresso-semi-skimmed-milk-grande,Iced Brown Sugar Oat Shaken Espresso - semi skimmed milk Grande,,115,5.4,2.6,17.4,60,1.6,,,0.4,16.2,,,,,,,,,,,,,,,,,,,,Winter FY26 UK/IRE beverage nutritionals (from PDF),,,,,,,2026/2/7,
Starbucks,iced-brown-sugar-oat-shaken-espresso-semi-skimmed-milk-venti,Iced Brown Sugar Oat Shaken Espresso - semi skimmed milk Venti,,141,6.2,3,21.9,68,1.8,,,0.5,20.3,,,,,,,,,,,,,,,,,,,,Winter FY26 UK/IRE beverage nutritionals (from PDF),,,,,,,2026/2/7,
Starbucks,iced-brown-sugar-oat-shaken-espresso-whole-milk-tall,Iced Brown Sugar Oat Shaken Espresso - whole milk Tall,,106,4.2,4.3,12.5,48,2.7,,,0.3,11.7,,,,,,,,,,,,,,,,,,,,Winter FY26 UK/IRE beverage nutritionals (from PDF),,,,,,,2026/2/7,
Starbucks,iced-brown-sugar-oat-shaken-espresso-whole-milk-grande,Iced Brown Sugar Oat Shaken Espresso - whole milk Grande,,138,5.2,5.2,17.2,60,3.3,,,0.4,16.1,,,,,,,,,,,,,,,,,,,,Winter FY26 UK/IRE beverage nutritionals (from PDF),,,,,,,2026/2/7,
Starbucks,iced-brown-sugar-oat-shaken-espresso-whole-milk-venti,Iced Brown Sugar Oat Shaken Espresso - whole milk Venti,,166,6.1,6,21.7,68,3.8,,,0.5,20.2,,,,,,,,,,,,,,,,,,,,Winter FY26 UK/IRE beverage nutritionals (from PDF),,,,,,,2026/2/7,
Starbucks,iced-brown-sugar-oat-shaken-espresso-skimmed-milk-tall,Iced Brown Sugar Oat Shaken Espresso - skimmed milk Tall,,73,4.3,0.5,12.7,52,0.2,,,0.3,11.9,,,,,,,,,,,,,,,,,,,,Winter FY26 UK/IRE beverage nutritionals (from PDF),,,,,,,2026/2/7,
Starbucks,iced-brown-sugar-oat-shaken-espresso-skimmed-milk-grande,Iced Brown Sugar Oat Shaken Espresso - skimmed milk Grande,,98,5.4,0.6,17.5,64,0.2,,,0.4,16.3,,,,,,,,,,,,,,,,,,,,Winter FY26 UK/IRE beverage nutritionals (from PDF),,,,,,,2026/2/7,
Starbucks,iced-brown-sugar-oat-shaken-espresso-skimmed-milk-venti,Iced Brown Sugar Oat Shaken Espresso - skimmed milk Venti,,122,6.2,0.7,22.1,72,0.3,,,0.5,20.5,,,,,,,,,,,,,,,,,,,,Winter FY26 UK/IRE beverage nutritionals (from PDF),,,,,,,2026/2/7,
Starbucks,iced-brown-sugar-oat-shaken-espresso-almond-drink-tall,Iced Brown Sugar Oat Shaken Espresso - almond drink Tall,,61,0.9,1.5,10,32,0.2,,,0.5,9.2,,,,,,,,,,,,,,,,,,,,Winter FY26 UK/IRE beverage nutritionals (from PDF),,,,,,,2026/2/7,
Starbucks,iced-brown-sugar-oat-shaken-espresso-almond-drink-grande,Iced Brown Sugar Oat Shaken Espresso - almond drink Grande,,83,1.2,1.9,14.2,40,0.2,,,0.7,13.1,,,,,,,,,,,,,,,,,,,,Winter FY26 UK/IRE beverage nutritionals (from PDF),,,,,,,2026/2/7,
Starbucks,iced-brown-sugar-oat-shaken-espresso-almond-drink-venti,Iced Brown Sugar Oat Shaken Espresso - almond drink Venti,,104,1.4,2.2,18.3,48,0.2,,,0.9,16.8,,,,,,,,,,,,,,,,,,,,Winter FY26 UK/IRE beverage nutritionals (from PDF),,,,,,,2026/2/7,
Starbucks,iced-brown-sugar-oat-shaken-espresso-soya-drink-tall,Iced Brown Sugar Oat Shaken Espresso - soya drink Tall,,79,4,2.3,10.1,40,0.4,,,0.9,9.2,,,,,,,,,,,,,,,,,,,,Winter FY26 UK/IRE beverage nutritionals (from PDF),,,,,,,2026/2/7,
Starbucks,iced-brown-sugar-oat-shaken-espresso-soya-drink-grande,Iced Brown Sugar Oat Shaken Espresso - soya drink Grande,,105,5,2.8,14.3,48,0.5,,,1.2,13,,,,,,,,,,,,,,,,,,,,Winter FY26 UK/IRE beverage nutritionals (from PDF),,,,,,,2026/2/7,
Starbucks,iced-brown-sugar-oat-shaken-espresso-soya-drink-venti,Iced Brown Sugar Oat Shaken Espresso - soya drink Venti,,130,5.8,3.2,18.4,56,0.6,,,1.5,16.7,,,,,,,,,,,,,,,,,,,,Winter FY26 UK/IRE beverage nutritionals (from PDF),,,,,,,2026/2/7,
Starbucks,iced-brown-sugar-oat-shaken-espresso-oat-drink-tall,Iced Brown Sugar Oat Shaken Espresso - oat drink Tall,,98,1.2,3.5,14.7,56,0.4,,,1.4,10.1,,,,,,,,,,,,,,,,,,,,Winter FY26 UK/IRE beverage nutritionals (from PDF),,,,,,,2026/2/7,
Starbucks,iced-brown-sugar-oat-shaken-espresso-oat-drink-grande,Iced Brown Sugar Oat Shaken Espresso - oat drink Grande,,128,1.6,4.3,19.9,72,0.5,,,1.8,14.1,,,,,,,,,,,,,,,,,,,,Winter FY26 UK/IRE beverage nutritionals (from PDF),,,,,,,2026/2/7,
Starbucks,iced-brown-sugar-oat-shaken-espresso-oat-drink-venti,Iced Brown Sugar Oat Shaken Espresso - oat drink Venti,,155,1.9,4.9,24.8,80,0.6,,,2.1,17.9,,,,,,,,,,,,,,,,,,,,Winter FY26 UK/IRE beverage nutritionals (from PDF),,,,,,,2026/2/7,
Starbucks,iced-brown-sugar-oat-shaken-espresso-coconut-drink-tall,Iced Brown Sugar Oat Shaken Espresso - coconut drink Tall,,83,1.5,3,11.2,20,2.7,,,2,10.4,,,,,,,,,,,,,,,,,,,,Winter FY26 UK/IRE beverage nutritionals (from PDF),,,,,,,2026/2/7,
Starbucks,iced-brown-sugar-oat-shaken-espresso-coconut-drink-grande,Iced Brown Sugar Oat Shaken Espresso - coconut drink Grande,,110,1.9,3.7,15.7,24,3.3,,,2.5,14.5,,,,,,,,,,,,,,,,,,,,Winter FY26 UK/IRE beverage nutritionals (from PDF),,,,,,,2026/2/7,
Starbucks,iced-brown-sugar-oat-shaken-espresso-coconut-drink-venti,Iced Brown Sugar Oat Shaken Espresso - coconut drink Venti,,134,2.2,4.3,20,28,3.8,,,2.9,18.4,,,,,,,,,,,,,,,,,,,,Winter FY26 UK/IRE beverage nutritionals (from PDF),,,,,,,2026/2/7,
Starbucks,classic-hot-chocolate-semi-skimmed-milk-tall,Classic Hot Chocolate - semi skimmed milk Tall,,247,10.5,10.3,27.2,96,7,,,2.1,26.1,,,,,,,,,,,,,,,,,,,,Winter FY26 UK/IRE beverage nutritionals (from PDF),,,,,,,2026/2/7,
Starbucks,classic-hot-chocolate-semi-skimmed-milk-grande,Classic Hot Chocolate - semi skimmed milk Grande,,311,13.9,12.1,35.4,128,8.1,,,2.7,34,,,,,,,,,,,,,,,,,,,,Winter FY26 UK/IRE beverage nutritionals (from PDF),,,,,,,2026/2/7,
Starbucks,classic-hot-chocolate-semi-skimmed-milk-venti,Classic Hot Chocolate - semi skimmed milk Venti,,385,17.7,14.5,44.4,164,9.7,,,3.3,42.6,,,,,,,,,,,,,,,,,,,,Winter FY26 UK/IRE beverage nutritionals (from PDF),,,,,,,2026/2/7,
Starbucks,classic-hot-chocolate-whole-milk-tall,Classic Hot Chocolate - whole milk Tall,,280,10.3,14.2,27,92,9.4,,,2.1,25.9,,,,,,,,,,,,,,,,,,,,Winter FY26 UK/IRE beverage nutritionals (from PDF),,,,,,,2026/2/7,
Starbucks,classic-hot-chocolate-whole-milk-grande,Classic Hot Chocolate - whole milk Grande,,356,13.6,17.4,35.2,124,11.4,,,2.7,33.7,,,,,,,,,,,,,,,,,,,,Winter FY26 UK/IRE beverage nutritionals (from PDF),,,,,,,2026/2/7,
Starbucks,classic-hot-chocolate-whole-milk-venti,Classic Hot Chocolate - whole milk Venti,,442,17.4,21.3,44,160,13.9,,,3.3,42.3,,,,,,,,,,,,,,,,,,,,Winter FY26 UK/IRE beverage nutritionals (from PDF),,,,,,,2026/2/7,
Starbucks,classic-hot-chocolate-skimmed-milk-tall,Classic Hot Chocolate - skimmed milk Tall,,223,10.5,7.5,27.4,96,5,,,2.1,26.3,,,,,,,,,,,,,,,,,,,,Winter FY26 UK/IRE beverage nutritionals (from PDF),,,,,,,2026/2/7,
Starbucks,classic-hot-chocolate-skimmed-milk-grande,Classic Hot Chocolate - skimmed milk Grande,,278,13.9,8.3,35.7,128,5.5,,,2.7,34.3,,,,,,,,,,,,,,,,,,,,Winter FY26 UK/IRE beverage nutritionals (from PDF),,,,,,,2026/2/7,
Starbucks,classic-hot-chocolate-skimmed-milk-venti,Classic Hot Chocolate - skimmed milk Venti,,342,17.7,9.4,44.7,168,6.2,,,3.3,43,,,,,,,,,,,,,,,,,,,,Winter FY26 UK/IRE beverage nutritionals (from PDF),,,,,,,2026/2/7,
Starbucks,classic-hot-chocolate-almond-drink-tall,Classic Hot Chocolate - almond drink Tall,,200,4.3,9.3,22.6,68,4.9,,,2.5,21.5,,,,,,,,,,,,,,,,,,,,Winter FY26 UK/IRE beverage nutritionals (from PDF),,,,,,,2026/2/7,
Starbucks,classic-hot-chocolate-almond-drink-grande,Classic Hot Chocolate - almond drink Grande,,248,5.6,10.7,29.3,88,5.4,,,3.3,27.8,,,,,,,,,,,,,,,,,,,,Winter FY26 UK/IRE beverage nutritionals (from PDF),,,,,,,2026/2/7,
Starbucks,classic-hot-chocolate-almond-drink-venti,Classic Hot Chocolate - almond drink Venti,,302,6.9,12.6,36.3,112,6.1,,,4,34.5,,,,,,,,,,,,,,,,,,,,Winter FY26 UK/IRE beverage nutritionals (from PDF),,,,,,,2026/2/7,
Starbucks,classic-hot-chocolate-soya-drink-tall,Classic Hot Chocolate - soya drink Tall,,233,9.9,10.6,22.7,80,5.3,,,3.3,21.4,,,,,,,,,,,,,,,,,,,,Winter FY26 UK/IRE beverage nutritionals (from PDF),,,,,,,2026/2/7,
Starbucks,classic-hot-chocolate-soya-drink-grande,Classic Hot Chocolate - soya drink Grande,,292,13.1,12.5,29.5,104,5.9,,,4.3,27.8,,,,,,,,,,,,,,,,,,,,Winter FY26 UK/IRE beverage nutritionals (from PDF),,,,,,,2026/2/7,
Starbucks,classic-hot-chocolate-soya-drink-venti,Classic Hot Chocolate - soya drink Venti,,360,16.7,15,36.6,136,6.8,,,5.5,34.5,,,,,,,,,,,,,,,,,,,,Winter FY26 UK/IRE beverage nutritionals (from PDF),,,,,,,2026/2/7,
Starbucks,classic-hot-chocolate-oat-drink-tall,Classic Hot Chocolate - oat drink Tall,,266,4.9,12.8,30.8,108,5.3,,,4.1,23,,,,,,,,,,,,,,,,,,,,Winter FY26 UK/IRE beverage nutritionals (from PDF),,,,,,,2026/2/7,
Starbucks,classic-hot-chocolate-oat-drink-grande,Classic Hot Chocolate - oat drink Grande,,336,6.4,15.5,40.4,148,5.9,,,5.4,29.9,,,,,,,,,,,,,,,,,,,,Winter FY26 UK/IRE beverage nutritionals (from PDF),,,,,,,2026/2/7,
Starbucks,classic-hot-chocolate-oat-drink-venti,Classic Hot Chocolate - oat drink Venti,,417,7.9,18.8,50.9,188,6.8,,,6.8,37.2,,,,,,,,,,,,,,,,,,,,Winter FY26 UK/IRE beverage nutritionals (from PDF),,,,,,,2026/2/7,
Starbucks,classic-hot-chocolate-coconut-drink-tall,Classic Hot Chocolate - coconut drink Tall,,239,5.4,12,24.7,44,9.4,,,5.1,23.6,,,,,,,,,,,,,,,,,,,,Winter FY26 UK/IRE beverage nutritionals (from PDF),,,,,,,2026/2/7,
Starbucks,classic-hot-chocolate-coconut-drink-grande,Classic Hot Chocolate - coconut drink Grande,,300,7,14.3,32.1,56,11.5,,,6.9,30.7,,,,,,,,,,,,,,,,,,,,Winter FY26 UK/IRE beverage nutritionals (from PDF),,,,,,,2026/2/7,
Starbucks,classic-hot-chocolate-coconut-drink-venti,Classic Hot Chocolate - coconut drink Venti,,370,8.7,17.3,40.1,72,14,,,8.7,38.3,,,,,,,,,,,,,,,,,,,,Winter FY26 UK/IRE beverage nutritionals (from PDF),,,,,,,2026/2/7,
Starbucks,signature-hot-chocolate-semi-skimmed-milk-tall,Signature Hot Chocolate - semi skimmed milk Tall,,285,12.2,12.2,29.6,120,8.2,,,3.6,28.3,,,,,,,,,,,,,,,,,,,,Winter FY26 UK/IRE beverage nutritionals (from PDF),,,,,,,2026/2/7,
Starbucks,signature-hot-chocolate-semi-skimmed-milk-grande,Signature Hot Chocolate - semi skimmed milk Grande,,351,15.3,14.2,37.6,152,9.5,,,4.8,35.9,,,,,,,,,,,,,,,,,,,,Winter FY26 UK/IRE beverage nutritionals (from PDF),,,,,,,2026/2/7,
Starbucks,signature-hot-chocolate-semi-skimmed-milk-venti,Signature Hot Chocolate - semi skimmed milk Venti,,431,19.5,17,46.7,196,11.3,,,5.8,44.5,,,,,,,,,,,,,,,,,,,,Winter FY26 UK/IRE beverage nutritionals (from PDF),,,,,,,2026/2/7,
Starbucks,signature-hot-chocolate-whole-milk-tall,Signature Hot Chocolate - whole milk Tall,,327,11.9,17.2,29.3,120,11.3,,,3.6,28,,,,,,,,,,,,,,,,,,,,Winter FY26 UK/IRE beverage nutritionals (from PDF),,,,,,,2026/2/7,
Starbucks,signature-hot-chocolate-whole-milk-grande,Signature Hot Chocolate - whole milk Grande,,403,15,20.5,37.3,148,13.4,,,4.8,35.5,,,,,,,,,,,,,,,,,,,,Winter FY26 UK/IRE beverage nutritionals (from PDF),,,,,,,2026/2/7,
Starbucks,signature-hot-chocolate-whole-milk-venti,Signature Hot Chocolate - whole milk Venti,,499,19.1,25.2,46.2,192,16.4,,,5.8,44.1,,,,,,,,,,,,,,,,,,,,Winter FY26 UK/IRE beverage nutritionals (from PDF),,,,,,,2026/2/7,
Starbucks,signature-hot-chocolate-skimmed-milk-tall,Signature Hot Chocolate - skimmed milk Tall,,253,12.2,8.5,29.9,124,5.6,,,3.6,28.5,,,,,,,,,,,,,,,,,,,,Winter FY26 UK/IRE beverage nutritionals (from PDF),,,,,,,2026/2/7,
Starbucks,signature-hot-chocolate-skimmed-milk-grande,Signature Hot Chocolate - skimmed milk Grande,,311,15.3,9.6,38,152,6.3,,,4.8,36.2,,,,,,,,,,,,,,,,,,,,Winter FY26 UK/IRE beverage nutritionals (from PDF),,,,,,,2026/2/7,
Starbucks,signature-hot-chocolate-skimmed-milk-venti,Signature Hot Chocolate - skimmed milk Venti,,380,19.5,11,47.1,200,7.1,,,5.8,45,,,,,,,,,,,,,,,,,,,,Winter FY26 UK/IRE beverage nutritionals (from PDF),,,,,,,2026/2/7,
Starbucks,signature-hot-chocolate-almond-drink-tall,Signature Hot Chocolate - almond drink Tall,,224,4.3,10.8,23.7,84,5.5,,,4.1,22.3,,,,,,,,,,,,,,,,,,,,Winter FY26 UK/IRE beverage nutritionals (from PDF),,,,,,,2026/2/7,
Starbucks,signature-hot-chocolate-almond-drink-grande,Signature Hot Chocolate - almond drink Grande,,275,5.4,12.5,30.3,104,6.2,,,5.4,28.5,,,,,,,,,,,,,,,,,,,,Winter FY26 UK/IRE beverage nutritionals (from PDF),,,,,,,2026/2/7,
Starbucks,signature-hot-chocolate-almond-drink-venti,Signature Hot Chocolate - almond drink Venti,,332,6.6,14.8,37.1,136,7,,,6.6,34.9,,,,,,,,,,,,,,,,,,,,Winter FY26 UK/IRE beverage nutritionals (from PDF),,,,,,,2026/2/7,
Starbucks,signature-hot-chocolate-soya-drink-tall,Signature Hot Chocolate - soya drink Tall,,267,11.5,12.6,23.9,100,6,,,5.1,22.3,,,,,,,,,,,,,,,,,,,,Winter FY26 UK/IRE beverage nutritionals (from PDF),,,,,,,2026/2/7,
Starbucks,signature-hot-chocolate-soya-drink-grande,Signature Hot Chocolate - soya drink Grande,,327,14.4,14.7,30.5,124,6.8,,,6.7,28.4,,,,,,,,,,,,,,,,,,,,Winter FY26 UK/IRE beverage nutritionals (from PDF),,,,,,,2026/2/7,
Starbucks,signature-hot-chocolate-soya-drink-venti,Signature Hot Chocolate - soya drink Venti,,401,18.3,17.7,37.4,160,7.8,,,8.3,34.8,,,,,,,,,,,,,,,,,,,,Winter FY26 UK/IRE beverage nutritionals (from PDF),,,,,,,2026/2/7,
Starbucks,signature-hot-chocolate-oat-drink-tall,Signature Hot Chocolate - oat drink Tall,,309,5,15.4,34.4,140,6,,,6.1,24.3,,,,,,,,,,,,,,,,,,,,Winter FY26 UK/IRE beverage nutritionals (from PDF),,,,,,,2026/2/7,
Starbucks,signature-hot-chocolate-oat-drink-grande,Signature Hot Chocolate - oat drink Grande,,380,6.3,18.2,43.6,172,6.8,,,7.9,30.9,,,,,,,,,,,,,,,,,,,,Winter FY26 UK/IRE beverage nutritionals (from PDF),,,,,,,2026/2/7,
Starbucks,signature-hot-chocolate-oat-drink-venti,Signature Hot Chocolate - oat drink Venti,,470,7.8,22.2,54.4,224,7.8,,,9.9,38.1,,,,,,,,,,,,,,,,,,,,Winter FY26 UK/IRE beverage nutritionals (from PDF),,,,,,,2026/2/7,
Starbucks,signature-hot-chocolate-coconut-drink-tall,Signature Hot Chocolate - coconut drink Tall,,275,5.6,14.3,26.4,56,11.3,,,7.5,25.1,,,,,,,,,,,,,,,,,,,,Winter FY26 UK/IRE beverage nutritionals (from PDF),,,,,,,2026/2/7,
Starbucks,signature-hot-chocolate-coconut-drink-grande,Signature Hot Chocolate - coconut drink Grande,,337,7.1,16.9,33.7,68,13.4,,,9.7,31.9,,,,,,,,,,,,,,,,,,,,Winter FY26 UK/IRE beverage nutritionals (from PDF),,,,,,,2026/2/7,
Starbucks,signature-hot-chocolate-coconut-drink-venti,Signature Hot Chocolate - coconut drink Venti,,414,8.8,20.5,41.5,88,16.4,,,12.2,39.4,,,,,,,,,,,,,,,,,,,,Winter FY26 UK/IRE beverage nutritionals (from PDF),,,,,,,2026/2/7,
Starbucks,iced-chocolate-semi-skimmed-milk-tall,Iced Chocolate - semi skimmed milk Tall,,271,9.4,13.8,26.4,84,9.5,,,2.1,25.3,,,,,,,,,,,,,,,,,,,,Winter FY26 UK/IRE beverage nutritionals (from PDF),,,,,,,2026/2/7,
Starbucks,iced-chocolate-semi-skimmed-milk-grande,Iced Chocolate - semi skimmed milk Grande,,366,13.1,18.5,35.6,120,12.8,,,2.7,34.1,,,,,,,,,,,,,,,,,,,,Winter FY26 UK/IRE beverage nutritionals (from PDF),,,,,,,2026/2/7,
Starbucks,iced-chocolate-semi-skimmed-milk-venti,Iced Chocolate - semi skimmed milk Venti,,401,14.3,19.2,41.2,124,13.2,,,3.4,39.4,,,,,,,,,,,,,,,,,,,,Winter FY26 UK/IRE beverage nutritionals (from PDF),,,,,,,2026/2/7,
Starbucks,iced-chocolate-whole-milk-tall,Iced Chocolate - whole milk Tall,,298,9.2,16.9,26.2,80,11.5,,,2.1,25.1,,,,,,,,,,,,,,,,,,,,Winter FY26 UK/IRE beverage nutritionals (from PDF),,,,,,,2026/2/7,
Starbucks,iced-chocolate-whole-milk-grande,Iced Chocolate - whole milk Grande,,405,12.9,23.1,35.3,116,15.6,,,2.7,33.9,,,,,,,,,,,,,,,,,,,,Winter FY26 UK/IRE beverage nutritionals (from PDF),,,,,,,2026/2/7,
Starbucks,iced-chocolate-whole-milk-venti,Iced Chocolate - whole milk Venti,,441,14.1,23.9,40.9,120,16.2,,,3.4,39.1,,,,,,,,,,,,,,,,,,,,Winter FY26 UK/IRE beverage nutritionals (from PDF),,,,,,,2026/2/7,
Starbucks,iced-chocolate-skimmed-milk-tall,Iced Chocolate - skimmed milk Tall,,251,9.4,11.4,26.5,84,7.9,,,2.1,25.4,,,,,,,,,,,,,,,,,,,,Winter FY26 UK/IRE beverage nutritionals (from PDF),,,,,,,2026/2/7,
Starbucks,iced-chocolate-skimmed-milk-grande,Iced Chocolate - skimmed milk Grande,,337,13.1,15.1,35.8,120,10.4,,,2.7,34.4,,,,,,,,,,,,,,,,,,,,Winter FY26 UK/IRE beverage nutritionals (from PDF),,,,,,,2026/2/7,
Starbucks,iced-chocolate-skimmed-milk-venti,Iced Chocolate - skimmed milk Venti,,371,14.3,15.7,41.4,124,10.8,,,3.4,39.6,,,,,,,,,,,,,,,,,,,,Winter FY26 UK/IRE beverage nutritionals (from PDF),,,,,,,2026/2/7,
Starbucks,iced-chocolate-almond-drink-tall,Iced Chocolate - almond drink Tall,,232,4.4,12.9,22.6,60,7.8,,,2.4,21.5,,,,,,,,,,,,,,,,,,,,Winter FY26 UK/IRE beverage nutritionals (from PDF),,,,,,,2026/2/7,
Starbucks,iced-chocolate-almond-drink-grande,Iced Chocolate - almond drink Grande,,311,5.9,17.2,30.2,84,10.4,,,3.2,28.7,,,,,,,,,,,,,,,,,,,,Winter FY26 UK/IRE beverage nutritionals (from PDF),,,,,,,2026/2/7,
Starbucks,iced-chocolate-almond-drink-venti,Iced Chocolate - almond drink Venti,,344,6.8,17.9,35.6,88,10.7,,,3.9,33.8,,,,,,,,,,,,,,,,,,,,Winter FY26 UK/IRE beverage nutritionals (from PDF),,,,,,,2026/2/7,
Starbucks,iced-chocolate-soya-drink-tall,Iced Chocolate - soya drink Tall,,259,8.9,14,22.7,68,8.2,,,3,21.5,,,,,,,,,,,,,,,,,,,,Winter FY26 UK/IRE beverage nutritionals (from PDF),,,,,,,2026/2/7,
Starbucks,iced-chocolate-soya-drink-grande,Iced Chocolate - soya drink Grande,,349,12.4,18.9,30.4,100,10.8,,,4.1,28.7,,,,,,,,,,,,,,,,,,,,Winter FY26 UK/IRE beverage nutritionals (from PDF),,,,,,,2026/2/7,
Starbucks,iced-chocolate-soya-drink-venti,Iced Chocolate - soya drink Venti,,384,13.6,19.6,35.8,104,11.2,,,4.8,33.7,,,,,,,,,,,,,,,,,,,,Winter FY26 UK/IRE beverage nutritionals (from PDF),,,,,,,2026/2/7,
Starbucks,iced-chocolate-oat-drink-tall,Iced Chocolate - oat drink Tall,,286,4.9,15.8,29.4,96,8.2,,,3.7,22.8,,,,,,,,,,,,,,,,,,,,Winter FY26 UK/IRE beverage nutritionals (from PDF),,,,,,,2026/2/7,
Starbucks,iced-chocolate-oat-drink-grande,Iced Chocolate - oat drink Grande,,388,6.5,21.4,39.9,136,10.8,,,5,30.5,,,,,,,,,,,,,,,,,,,,Winter FY26 UK/IRE beverage nutritionals (from PDF),,,,,,,2026/2/7,
Starbucks,iced-chocolate-oat-drink-venti,Iced Chocolate - oat drink Venti,,423,7.6,22.2,45.6,140,11.2,,,5.8,35.6,,,,,,,,,,,,,,,,,,,,Winter FY26 UK/IRE beverage nutritionals (from PDF),,,,,,,2026/2/7,
Starbucks,iced-chocolate-coconut-drink-tall,Iced Chocolate - coconut drink Tall,,264,5.2,15.1,24.3,40,11.5,,,4.6,23.3,,,,,,,,,,,,,,,,,,,,Winter FY26 UK/IRE beverage nutritionals (from PDF),,,,,,,2026/2/7,
Starbucks,iced-chocolate-coconut-drink-grande,Iced Chocolate - coconut drink Grande,,356,7.1,20.4,32.7,56,15.7,,,6.3,31.2,,,,,,,,,,,,,,,,,,,,Winter FY26 UK/IRE beverage nutritionals (from PDF),,,,,,,2026/2/7,
Starbucks,iced-chocolate-coconut-drink-venti,Iced Chocolate - coconut drink Venti,,391,8.1,21.2,38.2,60,16.2,,,7.1,36.4,,,,,,,,,,,,,,,,,,,,Winter FY26 UK/IRE beverage nutritionals (from PDF),,,,,,,2026/2/7,
Starbucks,coffee-frappuccino-semi-skimmed-milk-tall,Coffee Frappuccino庐 - semi skimmed milk Tall,,212,3.7,10.6,25.2,164,7.5,,,0.1,24.4,,,,,,,,,,,,,,,,,,,,Winter FY26 UK/IRE beverage nutritionals (from PDF),,,,,,,2026/2/7,
Starbucks,coffee-frappuccino-semi-skimmed-milk-grande,Coffee Frappuccino庐 - semi skimmed milk Grande,,283,4.9,14,34.1,220,9.9,,,0.2,33,,,,,,,,,,,,,,,,,,,,Winter FY26 UK/IRE beverage nutritionals (from PDF),,,,,,,2026/2/7,
Starbucks,coffee-frappuccino-semi-skimmed-milk-venti,Coffee Frappuccino庐 - semi skimmed milk Venti,,312,5,14.1,40.9,264,9.9,,,0.2,39.5,,,,,,,,,,,,,,,,,,,,Winter FY26 UK/IRE beverage nutritionals (from PDF),,,,,,,2026/2/7,
Starbucks,coffee-frappuccino-whole-milk-tall,Coffee Frappuccino庐 - whole milk Tall,,225,3.6,12.1,25.2,164,8.4,,,0.1,24.4,,,,,,,,,,,,,,,,,,,,Winter FY26 UK/IRE beverage nutritionals (from PDF),,,,,,,2026/2/7,
Starbucks,coffee-frappuccino-whole-milk-grande,Coffee Frappuccino庐 - whole milk Grande,,299,4.8,15.9,34,220,11.1,,,0.2,32.9,,,,,,,,,,,,,,,,,,,,Winter FY26 UK/IRE beverage nutritionals (from PDF),,,,,,,2026/2/7,
Starbucks,coffee-frappuccino-whole-milk-venti,Coffee Frappuccino庐 - whole milk Venti,,328,4.9,16,40.8,264,11.1,,,0.2,39.4,,,,,,,,,,,,,,,,,,,,Winter FY26 UK/IRE beverage nutritionals (from PDF),,,,,,,2026/2/7,
Starbucks,coffee-frappuccino-skimmed-milk-tall,Coffee Frappuccino庐 - skimmed milk Tall,,203,3.7,9.5,25.3,164,6.7,,,0.1,24.5,,,,,,,,,,,,,,,,,,,,Winter FY26 UK/IRE beverage nutritionals (from PDF),,,,,,,2026/2/7,
Starbucks,coffee-frappuccino-skimmed-milk-grande,Coffee Frappuccino庐 - skimmed milk Grande,,271,4.9,12.6,34.2,220,8.9,,,0.2,33.1,,,,,,,,,,,,,,,,,,,,Winter FY26 UK/IRE beverage nutritionals (from PDF),,,,,,,2026/2/7,
Starbucks,coffee-frappuccino-skimmed-milk-venti,Coffee Frappuccino庐 - skimmed milk Venti,,300,5,12.6,41,264,8.9,,,0.2,39.6,,,,,,,,,,,,,,,,,,,,Winter FY26 UK/IRE beverage nutritionals (from PDF),,,,,,,2026/2/7,
Starbucks,coffee-frappuccino-almond-drink-tall,Coffee Frappuccino庐 - almond drink Tall,,195,1.4,10.2,23.5,152,6.7,,,0.3,22.7,,,,,,,,,,,,,,,,,,,,Winter FY26 UK/IRE beverage nutritionals (from PDF),,,,,,,2026/2/7,
Starbucks,coffee-frappuccino-almond-drink-grande,Coffee Frappuccino庐 - almond drink Grande,,260,1.8,13.5,31.8,208,8.8,,,0.4,30.7,,,,,,,,,,,,,,,,,,,,Winter FY26 UK/IRE beverage nutritionals (from PDF),,,,,,,2026/2/7,
Starbucks,coffee-frappuccino-almond-drink-venti,Coffee Frappuccino庐 - almond drink Venti,,289,2,13.5,38.6,248,8.9,,,0.4,37.2,,,,,,,,,,,,,,,,,,,,Winter FY26 UK/IRE beverage nutritionals (from PDF),,,,,,,2026/2/7,
Starbucks,coffee-frappuccino-soya-drink-tall,Coffee Frappuccino庐 - soya drink Tall,,207,3.5,10.7,23.6,156,6.9,,,0.6,22.7,,,,,,,,,,,,,,,,,,,,Winter FY26 UK/IRE beverage nutritionals (from PDF),,,,,,,2026/2/7,
Starbucks,coffee-frappuccino-soya-drink-grande,Coffee Frappuccino庐 - soya drink Grande,,276,4.6,14.2,31.9,212,9,,,0.8,30.7,,,,,,,,,,,,,,,,,,,,Winter FY26 UK/IRE beverage nutritionals (from PDF),,,,,,,2026/2/7,
Starbucks,coffee-frappuccino-soya-drink-venti,Coffee Frappuccino庐 - soya drink Venti,,305,4.8,14.2,38.7,256,9.1,,,0.8,37.2,,,,,,,,,,,,,,,,,,,,Winter FY26 UK/IRE beverage nutritionals (from PDF),,,,,,,2026/2/7,
Starbucks,coffee-frappuccino-oat-drink-tall,Coffee Frappuccino庐 - oat drink Tall,,219,1.6,11.6,26.6,168,6.9,,,0.9,23.3,,,,,,,,,,,,,,,,,,,,Winter FY26 UK/IRE beverage nutritionals (from PDF),,,,,,,2026/2/7,
Starbucks,coffee-frappuccino-oat-drink-grande,Coffee Frappuccino庐 - oat drink Grande,,292,2.1,15.2,35.9,228,9,,,1.1,31.5,,,,,,,,,,,,,,,,,,,,Winter FY26 UK/IRE beverage nutritionals (from PDF),,,,,,,2026/2/7,
Starbucks,coffee-frappuccino-oat-drink-venti,Coffee Frappuccino庐 - oat drink Venti,,321,2.3,15.3,42.7,272,9.1,,,1.2,38,,,,,,,,,,,,,,,,,,,,Winter FY26 UK/IRE beverage nutritionals (from PDF),,,,,,,2026/2/7,
Starbucks,coffee-frappuccino-coconut-drink-tall,Coffee Frappuccino庐 - coconut drink Tall,,209,1.8,11.2,24.3,144,8.4,,,1.3,23.5,,,,,,,,,,,,,,,,,,,,Winter FY26 UK/IRE beverage nutritionals (from PDF),,,,,,,2026/2/7,
Starbucks,coffee-frappuccino-coconut-drink-grande,Coffee Frappuccino庐 - coconut drink Grande,,279,2.4,14.8,32.9,196,11.1,,,1.7,31.8,,,,,,,,,,,,,,,,,,,,Winter FY26 UK/IRE beverage nutritionals (from PDF),,,,,,,2026/2/7,
Starbucks,coffee-frappuccino-coconut-drink-venti,Coffee Frappuccino庐 - coconut drink Venti,,308,2.5,14.9,39.7,240,11.1,,,1.7,38.3,,,,,,,,,,,,,,,,,,,,Winter FY26 UK/IRE beverage nutritionals (from PDF),,,,,,,2026/2/7,
Starbucks,caramel-frappuccino-semi-skimmed-milk-tall,Caramel Frappuccino庐 - semi skimmed milk Tall,,270,3.9,12.3,35.6,184,8.5,,,0.1,34.2,,,,,,,,,,,,,,,,,,,,Winter FY26 UK/IRE beverage nutritionals (from PDF),,,,,,,2026/2/7,
Starbucks,caramel-frappuccino-semi-skimmed-milk-grande,Caramel Frappuccino庐 - semi skimmed milk Grande,,346,5,15.8,45.6,240,11,,,0.2,43.9,,,,,,,,,,,,,,,,,,,,Winter FY26 UK/IRE beverage nutritionals (from PDF),,,,,,,2026/2/7,
Starbucks,caramel-frappuccino-semi-skimmed-milk-venti,Caramel Frappuccino庐 - semi skimmed milk Venti,,387,5.2,16.1,54.9,288,11.1,,,0.2,52.9,,,,,,,,,,,,,,,,,,,,Winter FY26 UK/IRE beverage nutritionals (from PDF),,,,,,,2026/2/7,
Starbucks,caramel-frappuccino-whole-milk-tall,Caramel Frappuccino庐 - whole milk Tall,,282,3.8,13.8,35.5,184,9.5,,,0.1,34.2,,,,,,,,,,,,,,,,,,,,Winter FY26 UK/IRE beverage nutritionals (from PDF),,,,,,,2026/2/7,
Starbucks,caramel-frappuccino-whole-milk-grande,Caramel Frappuccino庐 - whole milk Grande,,362,4.9,17.7,45.5,240,12.2,,,0.2,43.8,,,,,,,,,,,,,,,,,,,,Winter FY26 UK/IRE beverage nutritionals (from PDF),,,,,,,2026/2/7,
Starbucks,caramel-frappuccino-whole-milk-venti,Caramel Frappuccino庐 - whole milk Venti,,403,5.1,18,54.8,288,12.3,,,0.2,52.8,,,,,,,,,,,,,,,,,,,,Winter FY26 UK/IRE beverage nutritionals (from PDF),,,,,,,2026/2/7,
Starbucks,caramel-frappuccino-skimmed-milk-tall,Caramel Frappuccino庐 - skimmed milk Tall,,260,3.9,11.2,35.6,184,7.8,,,0.1,34.3,,,,,,,,,,,,,,,,,,,,Winter FY26 UK/IRE beverage nutritionals (from PDF),,,,,,,2026/2/7,
Starbucks,caramel-frappuccino-skimmed-milk-grande,Caramel Frappuccino庐 - skimmed milk Grande,,334,5,14.4,45.7,240,10,,,0.2,44,,,,,,,,,,,,,,,,,,,,Winter FY26 UK/IRE beverage nutritionals (from PDF),,,,,,,2026/2/7,
Starbucks,caramel-frappuccino-skimmed-milk-venti,Caramel Frappuccino庐 - skimmed milk Venti,,375,5.2,14.6,55,288,10.1,,,0.2,53,,,,,,,,,,,,,,,,,,,,Winter FY26 UK/IRE beverage nutritionals (from PDF),,,,,,,2026/2/7,
Starbucks,caramel-frappuccino-almond-drink-tall,Caramel Frappuccino庐 - almond drink Tall,,252,1.5,11.9,33.8,176,7.8,,,0.3,32.5,,,,,,,,,,,,,,,,,,,,Winter FY26 UK/IRE beverage nutritionals (from PDF),,,,,,,2026/2/7,
Starbucks,caramel-frappuccino-almond-drink-grande,Caramel Frappuccino庐 - almond drink Grande,,323,2,15.3,43.3,224,10,,,0.4,41.7,,,,,,,,,,,,,,,,,,,,Winter FY26 UK/IRE beverage nutritionals (from PDF),,,,,,,2026/2/7,
Starbucks,caramel-frappuccino-almond-drink-venti,Caramel Frappuccino庐 - almond drink Venti,,364,2.2,15.5,52.6,276,10.1,,,0.4,50.6,,,,,,,,,,,,,,,,,,,,Winter FY26 UK/IRE beverage nutritionals (from PDF),,,,,,,2026/2/7,
Starbucks,caramel-frappuccino-soya-drink-tall,Caramel Frappuccino庐 - soya drink Tall,,264,3.7,12.4,33.9,180,7.9,,,0.6,32.5,,,,,,,,,,,,,,,,,,,,Winter FY26 UK/IRE beverage nutritionals (from PDF),,,,,,,2026/2/7,
Starbucks,caramel-frappuccino-soya-drink-grande,Caramel Frappuccino庐 - soya drink Grande,,339,4.7,16,43.4,232,10.2,,,0.8,41.7,,,,,,,,,,,,,,,,,,,,Winter FY26 UK/IRE beverage nutritionals (from PDF),,,,,,,2026/2/7,
Starbucks,caramel-frappuccino-soya-drink-venti,Caramel Frappuccino庐 - soya drink Venti,,380,4.9,16.2,52.7,280,10.3,,,0.8,50.6,,,,,,,,,,,,,,,,,,,,Winter FY26 UK/IRE beverage nutritionals (from PDF),,,,,,,2026/2/7,
Starbucks,caramel-frappuccino-oat-drink-tall,Caramel Frappuccino庐 - oat drink Tall,,277,1.8,13.3,37,192,7.9,,,0.9,33.1,,,,,,,,,,,,,,,,,,,,Winter FY26 UK/IRE beverage nutritionals (from PDF),,,,,,,2026/2/7,
Starbucks,caramel-frappuccino-oat-drink-grande,Caramel Frappuccino庐 - oat drink Grande,,355,2.3,17,47.3,248,10.2,,,1.1,42.4,,,,,,,,,,,,,,,,,,,,Winter FY26 UK/IRE beverage nutritionals (from PDF),,,,,,,2026/2/7,
Starbucks,caramel-frappuccino-oat-drink-venti,Caramel Frappuccino庐 - oat drink Venti,,396,2.4,17.3,56.7,296,10.3,,,1.2,51.4,,,,,,,,,,,,,,,,,,,,Winter FY26 UK/IRE beverage nutritionals (from PDF),,,,,,,2026/2/7,
Starbucks,caramel-frappuccino-coconut-drink-tall,Caramel Frappuccino庐 - coconut drink Tall,,267,1.9,12.9,34.6,164,9.5,,,1.3,33.3,,,,,,,,,,,,,,,,,,,,Winter FY26 UK/IRE beverage nutritionals (from PDF),,,,,,,2026/2/7,
Starbucks,caramel-frappuccino-coconut-drink-grande,Caramel Frappuccino庐 - coconut drink Grande,,342,2.5,16.6,44.4,216,12.2,,,1.7,42.7,,,,,,,,,,,,,,,,,,,,Winter FY26 UK/IRE beverage nutritionals (from PDF),,,,,,,2026/2/7,
Starbucks,caramel-frappuccino-coconut-drink-venti,Caramel Frappuccino庐 - coconut drink Venti,,383,2.7,16.9,53.7,264,12.4,,,1.8,51.7,,,,,,,,,,,,,,,,,,,,Winter FY26 UK/IRE beverage nutritionals (from PDF),,,,,,,2026/2/7,
Starbucks,mocha-frappuccino-semi-skimmed-milk-tall,Mocha Frappuccino庐 - semi skimmed milk Tall,,239,4.5,11.1,29.6,160,7.8,,,0.7,28.5,,,,,,,,,,,,,,,,,,,,Winter FY26 UK/IRE beverage nutritionals (from PDF),,,,,,,2026/2/7,
Starbucks,mocha-frappuccino-semi-skimmed-milk-grande,Mocha Frappuccino庐 - semi skimmed milk Grande,,314,5.9,14.6,39.1,212,10.2,,,1,37.7,,,,,,,,,,,,,,,,,,,,Winter FY26 UK/IRE beverage nutritionals (from PDF),,,,,,,2026/2/7,
Starbucks,mocha-frappuccino-semi-skimmed-milk-venti,Mocha Frappuccino庐 - semi skimmed milk Venti,,361,6.6,15,49.1,264,10.4,,,1.3,47.1,,,,,,,,,,,,,,,,,,,,Winter FY26 UK/IRE beverage nutritionals (from PDF),,,,,,,2026/2/7,
Starbucks,mocha-frappuccino-whole-milk-tall,Mocha Frappuccino庐 - whole milk Tall,,251,4.5,12.6,29.6,160,8.7,,,0.7,28.5,,,,,,,,,,,,,,,,,,,,Winter FY26 UK/IRE beverage nutritionals (from PDF),,,,,,,2026/2/7,
Starbucks,mocha-frappuccino-whole-milk-grande,Mocha Frappuccino庐 - whole milk Grande,,330,5.8,16.5,39,212,11.4,,,1,37.6,,,,,,,,,,,,,,,,,,,,Winter FY26 UK/IRE beverage nutritionals (from PDF),,,,,,,2026/2/7,
Starbucks,mocha-frappuccino-whole-milk-venti,Mocha Frappuccino庐 - whole milk Venti,,377,6.5,16.9,49,264,11.6,,,1.3,47,,,,,,,,,,,,,,,,,,,,Winter FY26 UK/IRE beverage nutritionals (from PDF),,,,,,,2026/2/7,
Starbucks,mocha-frappuccino-skimmed-milk-tall,Mocha Frappuccino庐 - skimmed milk Tall,,230,4.5,10.1,29.7,164,7,,,0.7,28.6,,,,,,,,,,,,,,,,,,,,Winter FY26 UK/IRE beverage nutritionals (from PDF),,,,,,,2026/2/7,
Starbucks,mocha-frappuccino-skimmed-milk-grande,Mocha Frappuccino庐 - skimmed milk Grande,,303,5.9,13.3,39.2,212,9.3,,,1,37.7,,,,,,,,,,,,,,,,,,,,Winter FY26 UK/IRE beverage nutritionals (from PDF),,,,,,,2026/2/7,
Starbucks,mocha-frappuccino-skimmed-milk-venti,Mocha Frappuccino庐 - skimmed milk Venti,,349,6.6,13.6,49.2,264,9.4,,,1.3,47.2,,,,,,,,,,,,,,,,,,,,Winter FY26 UK/IRE beverage nutritionals (from PDF),,,,,,,2026/2/7,
Starbucks,mocha-frappuccino-almond-drink-tall,Mocha Frappuccino庐 - almond drink Tall,,221,2.3,10.7,27.9,152,7,,,0.9,26.8,,,,,,,,,,,,,,,,,,,,Winter FY26 UK/IRE beverage nutritionals (from PDF),,,,,,,2026/2/7,
Starbucks,mocha-frappuccino-almond-drink-grande,Mocha Frappuccino庐 - almond drink Grande,,292,3,14.1,37,200,9.3,,,1.2,35.5,,,,,,,,,,,,,,,,,,,,Winter FY26 UK/IRE beverage nutritionals (from PDF),,,,,,,2026/2/7,
Starbucks,mocha-frappuccino-almond-drink-venti,Mocha Frappuccino庐 - almond drink Venti,,338,3.5,14.4,46.8,248,9.4,,,1.5,44.9,,,,,,,,,,,,,,,,,,,,Winter FY26 UK/IRE beverage nutritionals (from PDF),,,,,,,2026/2/7,
Starbucks,mocha-frappuccino-soya-drink-tall,Mocha Frappuccino庐 - soya drink Tall,,234,4.3,11.2,28,156,7.2,,,1.2,26.8,,,,,,,,,,,,,,,,,,,,Winter FY26 UK/IRE beverage nutritionals (from PDF),,,,,,,2026/2/7,
Starbucks,mocha-frappuccino-soya-drink-grande,Mocha Frappuccino庐 - soya drink Grande,,308,5.6,14.8,37,204,9.5,,,1.6,35.5,,,,,,,,,,,,,,,,,,,,Winter FY26 UK/IRE beverage nutritionals (from PDF),,,,,,,2026/2/7,
Starbucks,mocha-frappuccino-soya-drink-venti,Mocha Frappuccino庐 - soya drink Venti,,354,6.3,15.1,46.9,256,9.6,,,1.9,44.9,,,,,,,,,,,,,,,,,,,,Winter FY26 UK/IRE beverage nutritionals (from PDF),,,,,,,2026/2/7,
Starbucks,mocha-frappuccino-oat-drink-tall,Mocha Frappuccino庐 - oat drink Tall,,246,2.5,12,31,168,7.2,,,1.5,27.4,,,,,,,,,,,,,,,,,,,,Winter FY26 UK/IRE beverage nutritionals (from PDF),,,,,,,2026/2/7,
Starbucks,mocha-frappuccino-oat-drink-grande,Mocha Frappuccino庐 - oat drink Grande,,323,3.2,15.8,40.9,220,9.5,,,1.9,36.2,,,,,,,,,,,,,,,,,,,,Winter FY26 UK/IRE beverage nutritionals (from PDF),,,,,,,2026/2/7,
Starbucks,mocha-frappuccino-oat-drink-venti,Mocha Frappuccino庐 - oat drink Venti,,370,3.8,16.2,50.9,272,9.6,,,2.3,45.6,,,,,,,,,,,,,,,,,,,,Winter FY26 UK/IRE beverage nutritionals (from PDF),,,,,,,2026/2/7,
Starbucks,mocha-frappuccino-coconut-drink-tall,Mocha Frappuccino庐 - coconut drink Tall,,236,2.6,11.7,28.7,144,8.7,,,1.9,27.6,,,,,,,,,,,,,,,,,,,,Winter FY26 UK/IRE beverage nutritionals (from PDF),,,,,,,2026/2/7,
Starbucks,mocha-frappuccino-coconut-drink-grande,Mocha Frappuccino庐 - coconut drink Grande,,311,3.5,15.4,38,188,11.4,,,2.4,36.5,,,,,,,,,,,,,,,,,,,,Winter FY26 UK/IRE beverage nutritionals (from PDF),,,,,,,2026/2/7,
Starbucks,mocha-frappuccino-coconut-drink-venti,Mocha Frappuccino庐 - coconut drink Venti,,357,4,15.8,47.9,240,11.6,,,2.8,45.9,,,,,,,,,,,,,,,,,,,,Winter FY26 UK/IRE beverage nutritionals (from PDF),,,,,,,2026/2/7,
Starbucks,java-chip-frappuccino-semi-skimmed-milk-tall,Java Chip Frappuccino庐 - semi skimmed milk Tall,,276,4.9,13.4,33.2,168,9.6,,,1.3,30.9,,,,,,,,,,,,,,,,,,,,Winter FY26 UK/IRE beverage nutritionals (from PDF),,,,,,,2026/2/7,
Starbucks,java-chip-frappuccino-semi-skimmed-milk-grande,Java Chip Frappuccino庐 - semi skimmed milk Grande,,379,6.7,17.9,46.4,240,13,,,1.9,43.2,,,,,,,,,,,,,,,,,,,,Winter FY26 UK/IRE beverage nutritionals (from PDF),,,,,,,2026/2/7,
Starbucks,java-chip-frappuccino-semi-skimmed-milk-venti,Java Chip Frappuccino庐 - semi skimmed milk Venti,,450,7.7,19.4,59.4,304,14.1,,,2.5,55.1,,,,,,,,,,,,,,,,,,,,Winter FY26 UK/IRE beverage nutritionals (from PDF),,,,,,,2026/2/7,
Starbucks,java-chip-frappuccino-whole-milk-tall,Java Chip Frappuccino庐 - whole milk Tall,,288,4.8,14.7,33.1,168,10.5,,,1.3,30.8,,,,,,,,,,,,,,,,,,,,Winter FY26 UK/IRE beverage nutritionals (from PDF),,,,,,,2026/2/7,
Starbucks,java-chip-frappuccino-whole-milk-grande,Java Chip Frappuccino庐 - whole milk Grande,,395,6.6,19.8,46.3,240,14.1,,,1.9,43.1,,,,,,,,,,,,,,,,,,,,Winter FY26 UK/IRE beverage nutritionals (from PDF),,,,,,,2026/2/7,
Starbucks,java-chip-frappuccino-whole-milk-venti,Java Chip Frappuccino庐 - whole milk Venti,,467,7.6,21.4,59.3,304,15.3,,,2.5,55,,,,,,,,,,,,,,,,,,,,Winter FY26 UK/IRE beverage nutritionals (from PDF),,,,,,,2026/2/7,
Starbucks,java-chip-frappuccino-skimmed-milk-tall,Java Chip Frappuccino庐 - skimmed milk Tall,,268,4.9,12.4,33.3,172,8.9,,,1.3,31,,,,,,,,,,,,,,,,,,,,Winter FY26 UK/IRE beverage nutritionals (from PDF),,,,,,,2026/2/7,
Starbucks,java-chip-frappuccino-skimmed-milk-grande,Java Chip Frappuccino庐 - skimmed milk Grande,,367,6.7,16.6,46.5,240,12,,,1.9,43.3,,,,,,,,,,,,,,,,,,,,Winter FY26 UK/IRE beverage nutritionals (from PDF),,,,,,,2026/2/7,
Starbucks,java-chip-frappuccino-skimmed-milk-venti,Java Chip Frappuccino庐 - skimmed milk Venti,,438,7.7,18,59.5,304,13.1,,,2.5,55.2,,,,,,,,,,,,,,,,,,,,Winter FY26 UK/IRE beverage nutritionals (from PDF),,,,,,,2026/2/7,
Starbucks,java-chip-frappuccino-almond-drink-tall,Java Chip Frappuccino庐 - almond drink Tall,,260,2.8,13,31.6,160,8.9,,,1.5,29.3,,,,,,,,,,,,,,,,,,,,Winter FY26 UK/IRE beverage nutritionals (from PDF),,,,,,,2026/2/7,
Starbucks,java-chip-frappuccino-almond-drink-grande,Java Chip Frappuccino庐 - almond drink Grande,,357,3.8,17.4,44.3,224,12,,,2.1,41,,,,,,,,,,,,,,,,,,,,Winter FY26 UK/IRE beverage nutritionals (from PDF),,,,,,,2026/2/7,
Starbucks,java-chip-frappuccino-almond-drink-venti,Java Chip Frappuccino庐 - almond drink Venti,,426,4.6,18.9,57.1,288,13,,,2.7,52.8,,,,,,,,,,,,,,,,,,,,Winter FY26 UK/IRE beverage nutritionals (from PDF),,,,,,,2026/2/7,
Starbucks,java-chip-frappuccino-soya-drink-tall,Java Chip Frappuccino庐 - soya drink Tall,,271,4.7,13.5,31.7,164,9.1,,,1.8,29.3,,,,,,,,,,,,,,,,,,,,Winter FY26 UK/IRE beverage nutritionals (from PDF),,,,,,,2026/2/7,
Starbucks,java-chip-frappuccino-soya-drink-grande,Java Chip Frappuccino庐 - soya drink Grande,,372,6.4,18.1,44.3,232,12.2,,,2.4,41,,,,,,,,,,,,,,,,,,,,Winter FY26 UK/IRE beverage nutritionals (from PDF),,,,,,,2026/2/7,
Starbucks,java-chip-frappuccino-soya-drink-venti,Java Chip Frappuccino庐 - soya drink Venti,,443,7.4,19.6,57.2,296,13.2,,,3.1,52.7,,,,,,,,,,,,,,,,,,,,Winter FY26 UK/IRE beverage nutritionals (from PDF),,,,,,,2026/2/7,
Starbucks,java-chip-frappuccino-oat-drink-tall,Java Chip Frappuccino庐 - oat drink Tall,,283,3,14.2,34.5,176,9.1,,,2,29.8,,,,,,,,,,,,,,,,,,,,Winter FY26 UK/IRE beverage nutritionals (from PDF),,,,,,,2026/2/7,
Starbucks,java-chip-frappuccino-oat-drink-grande,Java Chip Frappuccino庐 - oat drink Grande,,388,4,19.1,48.2,244,12.2,,,2.8,41.7,,,,,,,,,,,,,,,,,,,,Winter FY26 UK/IRE beverage nutritionals (from PDF),,,,,,,2026/2/7,
Starbucks,java-chip-frappuccino-oat-drink-venti,Java Chip Frappuccino庐 - oat drink Venti,,459,4.9,20.7,61.3,312,13.2,,,3.5,53.5,,,,,,,,,,,,,,,,,,,,Winter FY26 UK/IRE beverage nutritionals (from PDF),,,,,,,2026/2/7,
Starbucks,java-chip-frappuccino-coconut-drink-tall,Java Chip Frappuccino庐 - coconut drink Tall,,273,3.1,13.9,32.4,152,10.5,,,2.4,30.1,,,,,,,,,,,,,,,,,,,,Winter FY26 UK/IRE beverage nutritionals (from PDF),,,,,,,2026/2/7,
Starbucks,java-chip-frappuccino-coconut-drink-grande,Java Chip Frappuccino庐 - coconut drink Grande,,375,4.3,18.7,45.3,216,14.1,,,3.3,42,,,,,,,,,,,,,,,,,,,,Winter FY26 UK/IRE beverage nutritionals (from PDF),,,,,,,2026/2/7,
Starbucks,java-chip-frappuccino-coconut-drink-venti,Java Chip Frappuccino庐 - coconut drink Venti,,446,5.1,20.3,58.2,276,15.3,,,4,53.8,,,,,,,,,,,,,,,,,,,,Winter FY26 UK/IRE beverage nutritionals (from PDF),,,,,,,2026/2/7,
Starbucks,chocolate-cream-frappuccino-semi-skimmed-milk-tall,Chocolate Cream Frappuccino庐 - semi skimmed milk Tall,,237,5.3,11.6,27.5,164,8.1,,,0.8,26.7,,,,,,,,,,,,,,,,,,,,Winter FY26 UK/IRE beverage nutritionals (from PDF),,,,,,,2026/2/7,
Starbucks,chocolate-cream-frappuccino-semi-skimmed-milk-grande,Chocolate Cream Frappuccino庐 - semi skimmed milk Grande,,323,7.3,15.4,38.3,228,10.8,,,1.1,37.1,,,,,,,,,,,,,,,,,,,,Winter FY26 UK/IRE beverage nutritionals (from PDF),,,,,,,2026/2/7,
Starbucks,chocolate-cream-frappuccino-semi-skimmed-milk-venti,Chocolate Cream Frappuccino庐 - semi skimmed milk Venti,,360,8,15.8,45.8,272,11.1,,,1.3,44.3,,,,,,,,,,,,,,,,,,,,Winter FY26 UK/IRE beverage nutritionals (from PDF),,,,,,,2026/2/7,
Starbucks,chocolate-cream-frappuccino-whole-milk-tall,Chocolate Cream Frappuccino庐 - whole milk Tall,,253,5.2,13.5,27.4,160,9.3,,,0.8,26.5,,,,,,,,,,,,,,,,,,,,Winter FY26 UK/IRE beverage nutritionals (from PDF),,,,,,,2026/2/7,
Starbucks,chocolate-cream-frappuccino-whole-milk-grande,Chocolate Cream Frappuccino庐 - whole milk Grande,,346,7.1,18.1,38.2,228,12.5,,,1.1,36.9,,,,,,,,,,,,,,,,,,,,Winter FY26 UK/IRE beverage nutritionals (from PDF),,,,,,,2026/2/7,
Starbucks,chocolate-cream-frappuccino-whole-milk-venti,Chocolate Cream Frappuccino庐 - whole milk Venti,,384,7.9,18.7,45.7,272,12.9,,,1.3,44.2,,,,,,,,,,,,,,,,,,,,Winter FY26 UK/IRE beverage nutritionals (from PDF),,,,,,,2026/2/7,
Starbucks,chocolate-cream-frappuccino-skimmed-milk-tall,Chocolate Cream Frappuccino庐 - skimmed milk Tall,,225,5.3,10.2,27.6,164,7.1,,,0.8,26.8,,,,,,,,,,,,,,,,,,,,Winter FY26 UK/IRE beverage nutritionals (from PDF),,,,,,,2026/2/7,
Starbucks,chocolate-cream-frappuccino-skimmed-milk-grande,Chocolate Cream Frappuccino庐 - skimmed milk Grande,,306,7.3,13.5,38.4,232,9.5,,,1.1,37.2,,,,,,,,,,,,,,,,,,,,Winter FY26 UK/IRE beverage nutritionals (from PDF),,,,,,,2026/2/7,
Starbucks,chocolate-cream-frappuccino-skimmed-milk-venti,Chocolate Cream Frappuccino庐 - skimmed milk Venti,,342,8,13.7,46,272,9.6,,,1.3,44.5,,,,,,,,,,,,,,,,,,,,Winter FY26 UK/IRE beverage nutritionals (from PDF),,,,,,,2026/2/7,
Starbucks,chocolate-cream-frappuccino-almond-drink-tall,Chocolate Cream Frappuccino庐 - almond drink Tall,,214,2.3,11.1,25.2,148,7.1,,,1,24.4,,,,,,,,,,,,,,,,,,,,Winter FY26 UK/IRE beverage nutritionals (from PDF),,,,,,,2026/2/7,
Starbucks,chocolate-cream-frappuccino-almond-drink-grande,Chocolate Cream Frappuccino庐 - almond drink Grande,,291,3.1,14.7,35.1,208,9.4,,,1.4,33.9,,,,,,,,,,,,,,,,,,,,Winter FY26 UK/IRE beverage nutritionals (from PDF),,,,,,,2026/2/7,
Starbucks,chocolate-cream-frappuccino-almond-drink-venti,Chocolate Cream Frappuccino庐 - almond drink Venti,,326,3.5,15,42.5,252,9.6,,,1.6,40.9,,,,,,,,,,,,,,,,,,,,Winter FY26 UK/IRE beverage nutritionals (from PDF),,,,,,,2026/2/7,
Starbucks,chocolate-cream-frappuccino-soya-drink-tall,Chocolate Cream Frappuccino庐 - soya drink Tall,,230,5,11.7,25.3,156,7.3,,,1.4,24.4,,,,,,,,,,,,,,,,,,,,Winter FY26 UK/IRE beverage nutritionals (from PDF),,,,,,,2026/2/7,
Starbucks,chocolate-cream-frappuccino-soya-drink-grande,Chocolate Cream Frappuccino庐 - soya drink Grande,,313,6.9,15.6,35.3,216,9.7,,,1.9,33.9,,,,,,,,,,,,,,,,,,,,Winter FY26 UK/IRE beverage nutritionals (from PDF),,,,,,,2026/2/7,
Starbucks,chocolate-cream-frappuccino-soya-drink-venti,Chocolate Cream Frappuccino庐 - soya drink Venti,,350,7.6,16,42.6,260,9.8,,,2.2,40.9,,,,,,,,,,,,,,,,,,,,Winter FY26 UK/IRE beverage nutritionals (from PDF),,,,,,,2026/2/7,
Starbucks,chocolate-cream-frappuccino-oat-drink-tall,Chocolate Cream Frappuccino庐 - oat drink Tall,,246,2.6,12.8,29.4,168,7.3,,,1.8,25.1,,,,,,,,,,,,,,,,,,,,Winter FY26 UK/IRE beverage nutritionals (from PDF),,,,,,,2026/2/7,
Starbucks,chocolate-cream-frappuccino-oat-drink-grande,Chocolate Cream Frappuccino庐 - oat drink Grande,,336,3.5,17.1,40.8,240,9.7,,,2.4,35,,,,,,,,,,,,,,,,,,,,Winter FY26 UK/IRE beverage nutritionals (from PDF),,,,,,,2026/2/7,
Starbucks,chocolate-cream-frappuccino-oat-drink-venti,Chocolate Cream Frappuccino庐 - oat drink Venti,,374,3.9,17.6,48.6,284,9.8,,,2.8,42.1,,,,,,,,,,,,,,,,,,,,Winter FY26 UK/IRE beverage nutritionals (from PDF),,,,,,,2026/2/7,
Starbucks,chocolate-cream-frappuccino-coconut-drink-tall,Chocolate Cream Frappuccino庐 - coconut drink Tall,,233,2.8,12.4,26.3,136,9.4,,,2.3,25.4,,,,,,,,,,,,,,,,,,,,Winter FY26 UK/IRE beverage nutritionals (from PDF),,,,,,,2026/2/7,
Starbucks,chocolate-cream-frappuccino-coconut-drink-grande,Chocolate Cream Frappuccino庐 - coconut drink Grande,,317,3.8,16.6,36.6,192,12.5,,,3.2,35.4,,,,,,,,,,,,,,,,,,,,Winter FY26 UK/IRE beverage nutritionals (from PDF),,,,,,,2026/2/7,
Starbucks,chocolate-cream-frappuccino-coconut-drink-venti,Chocolate Cream Frappuccino庐 - coconut drink Venti,,354,4.2,17,44,236,12.9,,,3.6,42.5,,,,,,,,,,,,,,,,,,,,Winter FY26 UK/IRE beverage nutritionals (from PDF),,,,,,,2026/2/7,
Starbucks,vanilla-cream-frappuccino-semi-skimmed-milk-tall,Vanilla Cream Frappuccino庐 - semi skimmed milk Tall,,212,4.1,10.9,24.4,156,7.7,,,0,23.9,,,,,,,,,,,,,,,,,,,,Winter FY26 UK/IRE beverage nutritionals (from PDF),,,,,,,2026/2/7,
Starbucks,vanilla-cream-frappuccino-semi-skimmed-milk-grande,Vanilla Cream Frappuccino庐 - semi skimmed milk Grande,,290,5.6,14.5,34.4,224,10.2,,,0,33.7,,,,,,,,,,,,,,,,,,,,Winter FY26 UK/IRE beverage nutritionals (from PDF),,,,,,,2026/2/7,
Starbucks,vanilla-cream-frappuccino-semi-skimmed-milk-venti,Vanilla Cream Frappuccino庐 - semi skimmed milk Venti,,329,6.3,14.8,43,276,10.4,,,0,42,,,,,,,,,,,,,,,,,,,,Winter FY26 UK/IRE beverage nutritionals (from PDF),,,,,,,2026/2/7,
Starbucks,vanilla-cream-frappuccino-whole-milk-tall,Vanilla Cream Frappuccino庐 - whole milk Tall,,227,4,12.8,24.3,156,8.9,,,0,23.8,,,,,,,,,,,,,,,,,,,,Winter FY26 UK/IRE beverage nutritionals (from PDF),,,,,,,2026/2/7,
Starbucks,vanilla-cream-frappuccino-whole-milk-grande,Vanilla Cream Frappuccino庐 - whole milk Grande,,312,5.5,17.1,34.3,220,11.9,,,0,33.5,,,,,,,,,,,,,,,,,,,,Winter FY26 UK/IRE beverage nutritionals (from PDF),,,,,,,2026/2/7,
Starbucks,vanilla-cream-frappuccino-whole-milk-venti,Vanilla Cream Frappuccino庐 - whole milk Venti,,354,6.1,17.7,42.8,276,12.3,,,0,41.9,,,,,,,,,,,,,,,,,,,,Winter FY26 UK/IRE beverage nutritionals (from PDF),,,,,,,2026/2/7,
Starbucks,vanilla-cream-frappuccino-skimmed-milk-tall,Vanilla Cream Frappuccino庐 - skimmed milk Tall,,200,4.1,9.5,24.5,160,6.7,,,0,24,,,,,,,,,,,,,,,,,,,,Winter FY26 UK/IRE beverage nutritionals (from PDF),,,,,,,2026/2/7,
Starbucks,vanilla-cream-frappuccino-skimmed-milk-grande,Vanilla Cream Frappuccino庐 - skimmed milk Grande,,274,5.6,12.5,34.6,224,8.9,,,0,33.8,,,,,,,,,,,,,,,,,,,,Winter FY26 UK/IRE beverage nutritionals (from PDF),,,,,,,2026/2/7,
Starbucks,vanilla-cream-frappuccino-skimmed-milk-venti,Vanilla Cream Frappuccino庐 - skimmed milk Venti,,311,6.3,12.6,43.1,280,8.9,,,0,42.2,,,,,,,,,,,,,,,,,,,,Winter FY26 UK/IRE beverage nutritionals (from PDF),,,,,,,2026/2/7,
Starbucks,vanilla-cream-frappuccino-almond-drink-tall,Vanilla Cream Frappuccino庐 - almond drink Tall,,189,1.1,10.4,22.2,144,6.7,,,0.2,21.7,,,,,,,,,,,,,,,,,,,,Winter FY26 UK/IRE beverage nutritionals (from PDF),,,,,,,2026/2/7,
Starbucks,vanilla-cream-frappuccino-almond-drink-grande,Vanilla Cream Frappuccino庐 - almond drink Grande,,258,1.5,13.8,31.3,204,8.9,,,0.3,30.6,,,,,,,,,,,,,,,,,,,,Winter FY26 UK/IRE beverage nutritionals (from PDF),,,,,,,2026/2/7,
Starbucks,vanilla-cream-frappuccino-almond-drink-venti,Vanilla Cream Frappuccino庐 - almond drink Venti,,294,1.6,14,39.5,256,8.9,,,0.3,38.5,,,,,,,,,,,,,,,,,,,,Winter FY26 UK/IRE beverage nutritionals (from PDF),,,,,,,2026/2/7,
Starbucks,vanilla-cream-frappuccino-soya-drink-tall,Vanilla Cream Frappuccino庐 - soya drink Tall,,205,3.8,11,22.3,148,6.9,,,0.6,21.7,,,,,,,,,,,,,,,,,,,,Winter FY26 UK/IRE beverage nutritionals (from PDF),,,,,,,2026/2/7,
Starbucks,vanilla-cream-frappuccino-soya-drink-grande,Vanilla Cream Frappuccino庐 - soya drink Grande,,280,5.3,14.7,31.4,212,9.1,,,0.8,30.6,,,,,,,,,,,,,,,,,,,,Winter FY26 UK/IRE beverage nutritionals (from PDF),,,,,,,2026/2/7,
Starbucks,vanilla-cream-frappuccino-soya-drink-venti,Vanilla Cream Frappuccino庐 - soya drink Venti,,319,5.8,15,39.6,264,9.2,,,0.9,38.5,,,,,,,,,,,,,,,,,,,,Winter FY26 UK/IRE beverage nutritionals (from PDF),,,,,,,2026/2/7,
Starbucks,vanilla-cream-frappuccino-oat-drink-tall,Vanilla Cream Frappuccino庐 - oat drink Tall,,221,1.4,12.1,26.2,164,6.9,,,1,22.4,,,,,,,,,,,,,,,,,,,,Winter FY26 UK/IRE beverage nutritionals (from PDF),,,,,,,2026/2/7,
Starbucks,vanilla-cream-frappuccino-oat-drink-grande,Vanilla Cream Frappuccino庐 - oat drink Grande,,302,1.9,16.1,36.9,232,9.1,,,1.3,31.6,,,,,,,,,,,,,,,,,,,,Winter FY26 UK/IRE beverage nutritionals (from PDF),,,,,,,2026/2/7,
Starbucks,vanilla-cream-frappuccino-oat-drink-venti,Vanilla Cream Frappuccino庐 - oat drink Venti,,343,2,16.6,45.8,288,9.2,,,1.5,39.7,,,,,,,,,,,,,,,,,,,,Winter FY26 UK/IRE beverage nutritionals (from PDF),,,,,,,2026/2/7,
Starbucks,vanilla-cream-frappuccino-coconut-drink-tall,Vanilla Cream Frappuccino庐 - coconut drink Tall,,208,1.6,11.7,23.2,132,8.9,,,1.5,22.7,,,,,,,,,,,,,,,,,,,,Winter FY26 UK/IRE beverage nutritionals (from PDF),,,,,,,2026/2/7,
Starbucks,vanilla-cream-frappuccino-coconut-drink-grande,Vanilla Cream Frappuccino庐 - coconut drink Grande,,285,2.2,15.6,32.8,188,11.9,,,2.1,32,,,,,,,,,,,,,,,,,,,,Winter FY26 UK/IRE beverage nutritionals (from PDF),,,,,,,2026/2/7,
Starbucks,vanilla-cream-frappuccino-coconut-drink-venti,Vanilla Cream Frappuccino庐 - coconut drink Venti,,323,2.4,16,41.1,240,12.3,,,2.3,40.2,,,,,,,,,,,,,,,,,,,,Winter FY26 UK/IRE beverage nutritionals (from PDF),,,,,,,2026/2/7,
Starbucks,caramel-cream-frappuccino-semi-skimmed-milk-tall,Caramel Cream Frappuccino庐 - semi skimmed milk Tall,,254,4.2,12.6,31,180,8.7,,,0,30,,,,,,,,,,,,,,,,,,,,Winter FY26 UK/IRE beverage nutritionals (from PDF),,,,,,,2026/2/7,
Starbucks,caramel-cream-frappuccino-semi-skimmed-milk-grande,Caramel Cream Frappuccino庐 - semi skimmed milk Grande,,336,5.8,16.3,41.5,244,11.4,,,0,40.3,,,,,,,,,,,,,,,,,,,,Winter FY26 UK/IRE beverage nutritionals (from PDF),,,,,,,2026/2/7,
Starbucks,caramel-cream-frappuccino-semi-skimmed-milk-venti,Caramel Cream Frappuccino庐 - semi skimmed milk Venti,,380,6.4,16.8,50.8,304,11.7,,,0,49.3,,,,,,,,,,,,,,,,,,,,Winter FY26 UK/IRE beverage nutritionals (from PDF),,,,,,,2026/2/7,
Starbucks,caramel-cream-frappuccino-whole-milk-tall,Caramel Cream Frappuccino庐 - whole milk Tall,,270,4.1,14.4,30.9,176,9.9,,,0,29.9,,,,,,,,,,,,,,,,,,,,Winter FY26 UK/IRE beverage nutritionals (from PDF),,,,,,,2026/2/7,
Starbucks,caramel-cream-frappuccino-whole-milk-grande,Caramel Cream Frappuccino庐 - whole milk Grande,,358,5.7,18.9,41.4,244,13,,,0,40.2,,,,,,,,,,,,,,,,,,,,Winter FY26 UK/IRE beverage nutritionals (from PDF),,,,,,,2026/2/7,
Starbucks,caramel-cream-frappuccino-whole-milk-venti,Caramel Cream Frappuccino庐 - whole milk Venti,,405,6.3,19.7,50.6,300,13.5,,,0,49.2,,,,,,,,,,,,,,,,,,,,Winter FY26 UK/IRE beverage nutritionals (from PDF),,,,,,,2026/2/7,
Starbucks,caramel-cream-frappuccino-skimmed-milk-tall,Caramel Cream Frappuccino庐 - skimmed milk Tall,,242,4.2,11.2,31.1,180,7.8,,,0,30.1,,,,,,,,,,,,,,,,,,,,Winter FY26 UK/IRE beverage nutritionals (from PDF),,,,,,,2026/2/7,
Starbucks,caramel-cream-frappuccino-skimmed-milk-grande,Caramel Cream Frappuccino庐 - skimmed milk Grande,,320,5.8,14.4,41.7,248,10,,,0,40.5,,,,,,,,,,,,,,,,,,,,Winter FY26 UK/IRE beverage nutritionals (from PDF),,,,,,,2026/2/7,
Starbucks,caramel-cream-frappuccino-skimmed-milk-venti,Caramel Cream Frappuccino庐 - skimmed milk Venti,,361,6.4,14.6,51,304,10.2,,,0,49.5,,,,,,,,,,,,,,,,,,,,Winter FY26 UK/IRE beverage nutritionals (from PDF),,,,,,,2026/2/7,
Starbucks,caramel-cream-frappuccino-almond-drink-tall,Caramel Cream Frappuccino庐 - almond drink Tall,,231,1.3,12,28.7,164,7.7,,,0.2,27.8,,,,,,,,,,,,,,,,,,,,Winter FY26 UK/IRE beverage nutritionals (from PDF),,,,,,,2026/2/7,
Starbucks,caramel-cream-frappuccino-almond-drink-grande,Caramel Cream Frappuccino庐 - almond drink Grande,,304,1.7,15.6,38.5,228,10,,,0.3,37.2,,,,,,,,,,,,,,,,,,,,Winter FY26 UK/IRE beverage nutritionals (from PDF),,,,,,,2026/2/7,
Starbucks,caramel-cream-frappuccino-almond-drink-venti,Caramel Cream Frappuccino庐 - almond drink Venti,,344,1.8,16,47.3,280,10.1,,,0.3,45.9,,,,,,,,,,,,,,,,,,,,Winter FY26 UK/IRE beverage nutritionals (from PDF),,,,,,,2026/2/7,
Starbucks,caramel-cream-frappuccino-soya-drink-tall,Caramel Cream Frappuccino庐 - soya drink Tall,,247,4,12.7,28.8,172,7.9,,,0.6,27.7,,,,,,,,,,,,,,,,,,,,Winter FY26 UK/IRE beverage nutritionals (from PDF),,,,,,,2026/2/7,
Starbucks,caramel-cream-frappuccino-soya-drink-grande,Caramel Cream Frappuccino庐 - soya drink Grande,,326,5.4,16.5,38.6,236,10.3,,,0.8,37.2,,,,,,,,,,,,,,,,,,,,Winter FY26 UK/IRE beverage nutritionals (from PDF),,,,,,,2026/2/7,
Starbucks,caramel-cream-frappuccino-soya-drink-venti,Caramel Cream Frappuccino庐 - soya drink Venti,,369,6,17,47.5,292,10.4,,,0.9,45.8,,,,,,,,,,,,,,,,,,,,Winter FY26 UK/IRE beverage nutritionals (from PDF),,,,,,,2026/2/7,
Starbucks,caramel-cream-frappuccino-oat-drink-tall,Caramel Cream Frappuccino庐 - oat drink Tall,,263,1.6,13.8,32.7,184,7.9,,,1,28.5,,,,,,,,,,,,,,,,,,,,Winter FY26 UK/IRE beverage nutritionals (from PDF),,,,,,,2026/2/7,
Starbucks,caramel-cream-frappuccino-oat-drink-grande,Caramel Cream Frappuccino庐 - oat drink Grande,,348,2.1,18,44,256,10.3,,,1.3,38.3,,,,,,,,,,,,,,,,,,,,Winter FY26 UK/IRE beverage nutritionals (from PDF),,,,,,,2026/2/7,
Starbucks,caramel-cream-frappuccino-oat-drink-venti,Caramel Cream Frappuccino庐 - oat drink Venti,,394,2.2,18.6,53.6,312,10.4,,,1.5,47,,,,,,,,,,,,,,,,,,,,Winter FY26 UK/IRE beverage nutritionals (from PDF),,,,,,,2026/2/7,
Starbucks,caramel-cream-frappuccino-coconut-drink-tall,Caramel Cream Frappuccino庐 - coconut drink Tall,,250,1.8,13.3,29.8,152,9.9,,,1.5,28.8,,,,,,,,,,,,,,,,,,,,Winter FY26 UK/IRE beverage nutritionals (from PDF),,,,,,,2026/2/7,
Starbucks,caramel-cream-frappuccino-coconut-drink-grande,Caramel Cream Frappuccino庐 - coconut drink Grande,,331,2.4,17.4,39.9,212,13,,,2.1,38.7,,,,,,,,,,,,,,,,,,,,Winter FY26 UK/IRE beverage nutritionals (from PDF),,,,,,,2026/2/7,
Starbucks,caramel-cream-frappuccino-coconut-drink-venti,Caramel Cream Frappuccino庐 - coconut drink Venti,,374,2.6,18,48.9,264,13.5,,,2.3,47.5,,,,,,,,,,,,,,,,,,,,Winter FY26 UK/IRE beverage nutritionals (from PDF),,,,,,,2026/2/7,
Starbucks,strawberries-cream-frappuccino-semi-skimmed-milk-tall,Strawberries & Cream Frappuccino庐 - semi skimmed milk Tall,,229,4.2,10.9,28.3,156,7.7,,,0.2,27.2,,,,,,,,,,,,,,,,,,,,Winter FY26 UK/IRE beverage nutritionals (from PDF),,,,,,,2026/2/7,
Starbucks,strawberries-cream-frappuccino-semi-skimmed-milk-grande,Strawberries & Cream Frappuccino庐 - semi skimmed milk Grande,,310,5.6,14.4,39.1,216,10.2,,,0.3,37.6,,,,,,,,,,,,,,,,,,,,Winter FY26 UK/IRE beverage nutritionals (from PDF),,,,,,,2026/2/7,
Starbucks,strawberries-cream-frappuccino-semi-skimmed-milk-venti,Strawberries & Cream Frappuccino庐 - semi skimmed milk Venti,,342,5.9,14.6,46.3,256,10.3,,,0.4,44.5,,,,,,,,,,,,,,,,,,,,Winter FY26 UK/IRE beverage nutritionals (from PDF),,,,,,,2026/2/7,
Starbucks,strawberries-cream-frappuccino-whole-milk-tall,Strawberries & Cream Frappuccino庐 - whole milk Tall,,245,4.1,12.8,28.2,156,8.8,,,0.2,27.1,,,,,,,,,,,,,,,,,,,,Winter FY26 UK/IRE beverage nutritionals (from PDF),,,,,,,2026/2/7,
Starbucks,strawberries-cream-frappuccino-whole-milk-grande,Strawberries & Cream Frappuccino庐 - whole milk Grande,,331,5.5,17,39,216,11.7,,,0.3,37.5,,,,,,,,,,,,,,,,,,,,Winter FY26 UK/IRE beverage nutritionals (from PDF),,,,,,,2026/2/7,
Starbucks,strawberries-cream-frappuccino-whole-milk-venti,Strawberries & Cream Frappuccino庐 - whole milk Venti,,364,5.8,17.2,46.2,252,11.9,,,0.4,44.3,,,,,,,,,,,,,,,,,,,,Winter FY26 UK/IRE beverage nutritionals (from PDF),,,,,,,2026/2/7,
Starbucks,strawberries-cream-frappuccino-skimmed-milk-tall,Strawberries & Cream Frappuccino庐 - skimmed milk Tall,,217,4.2,9.5,28.4,160,6.7,,,0.2,27.3,,,,,,,,,,,,,,,,,,,,Winter FY26 UK/IRE beverage nutritionals (from PDF),,,,,,,2026/2/7,
Starbucks,strawberries-cream-frappuccino-skimmed-milk-grande,Strawberries & Cream Frappuccino庐 - skimmed milk Grande,,294,5.6,12.6,39.2,220,8.9,,,0.3,37.7,,,,,,,,,,,,,,,,,,,,Winter FY26 UK/IRE beverage nutritionals (from PDF),,,,,,,2026/2/7,
Starbucks,strawberries-cream-frappuccino-skimmed-milk-venti,Strawberries & Cream Frappuccino庐 - skimmed milk Venti,,325,5.9,12.6,46.5,256,8.9,,,0.4,44.6,,,,,,,,,,,,,,,,,,,,Winter FY26 UK/IRE beverage nutritionals (from PDF),,,,,,,2026/2/7,
Starbucks,strawberries-cream-frappuccino-almond-drink-tall,Strawberries & Cream Frappuccino庐 - almond drink Tall,,206,1.2,10.4,26.1,144,6.7,,,0.4,25,,,,,,,,,,,,,,,,,,,,Winter FY26 UK/IRE beverage nutritionals (from PDF),,,,,,,2026/2/7,
Starbucks,strawberries-cream-frappuccino-almond-drink-grande,Strawberries & Cream Frappuccino庐 - almond drink Grande,,280,1.6,13.8,36.1,200,8.8,,,0.5,34.6,,,,,,,,,,,,,,,,,,,,Winter FY26 UK/IRE beverage nutritionals (from PDF),,,,,,,2026/2/7,
Starbucks,strawberries-cream-frappuccino-almond-drink-venti,Strawberries & Cream Frappuccino庐 - almond drink Venti,,310,1.7,13.9,43.2,236,8.9,,,0.6,41.3,,,,,,,,,,,,,,,,,,,,Winter FY26 UK/IRE beverage nutritionals (from PDF),,,,,,,2026/2/7,
Starbucks,strawberries-cream-frappuccino-soya-drink-tall,Strawberries & Cream Frappuccino庐 - soya drink Tall,,222,3.9,11,26.2,148,6.9,,,0.8,25,,,,,,,,,,,,,,,,,,,,Winter FY26 UK/IRE beverage nutritionals (from PDF),,,,,,,2026/2/7,
Starbucks,strawberries-cream-frappuccino-soya-drink-grande,Strawberries & Cream Frappuccino庐 - soya drink Grande,,301,5.2,14.6,36.3,208,9.1,,,1.1,34.6,,,,,,,,,,,,,,,,,,,,Winter FY26 UK/IRE beverage nutritionals (from PDF),,,,,,,2026/2/7,
Starbucks,strawberries-cream-frappuccino-soya-drink-venti,Strawberries & Cream Frappuccino庐 - soya drink Venti,,332,5.5,14.8,43.3,244,9.1,,,1.2,41.3,,,,,,,,,,,,,,,,,,,,Winter FY26 UK/IRE beverage nutritionals (from PDF),,,,,,,2026/2/7,
Starbucks,strawberries-cream-frappuccino-oat-drink-tall,Strawberries & Cream Frappuccino庐 - oat drink Tall,,238,1.5,12.1,30.1,164,6.9,,,1.2,25.8,,,,,,,,,,,,,,,,,,,,Winter FY26 UK/IRE beverage nutritionals (from PDF),,,,,,,2026/2/7,
Starbucks,strawberries-cream-frappuccino-oat-drink-grande,Strawberries & Cream Frappuccino庐 - oat drink Grande,,322,2,16,41.5,228,9.1,,,1.6,35.6,,,,,,,,,,,,,,,,,,,,Winter FY26 UK/IRE beverage nutritionals (from PDF),,,,,,,2026/2/7,
Starbucks,strawberries-cream-frappuccino-oat-drink-venti,Strawberries & Cream Frappuccino庐 - oat drink Venti,,354,2.1,16.3,48.8,264,9.1,,,1.7,42.4,,,,,,,,,,,,,,,,,,,,Winter FY26 UK/IRE beverage nutritionals (from PDF),,,,,,,2026/2/7,
Starbucks,strawberries-cream-frappuccino-coconut-drink-tall,Strawberries & Cream Frappuccino庐 - coconut drink Tall,,225,1.7,11.7,27.1,132,8.8,,,1.7,26.1,,,,,,,,,,,,,,,,,,,,Winter FY26 UK/IRE beverage nutritionals (from PDF),,,,,,,2026/2/7,
Starbucks,strawberries-cream-frappuccino-coconut-drink-grande,Strawberries & Cream Frappuccino庐 - coconut drink Grande,,305,2.3,15.5,37.5,184,11.8,,,2.3,36,,,,,,,,,,,,,,,,,,,,Winter FY26 UK/IRE beverage nutritionals (from PDF),,,,,,,2026/2/7,
Starbucks,strawberries-cream-frappuccino-coconut-drink-venti,Strawberries & Cream Frappuccino庐 - coconut drink Venti,,336,2.4,15.7,44.6,220,11.9,,,2.4,42.8,,,,,,,,,,,,,,,,,,,,Winter FY26 UK/IRE beverage nutritionals (from PDF),,,,,,,2026/2/7,
Starbucks,cookies-cream-frappuccino-semi-skimmed-milk-tall,Cookies & Cream Frappuccino庐 - semi skimmed milk Tall,,273,5.3,13.9,31.6,228,9.6,,,0.2,27,,,,,,,,,,,,,,,,,,,,Winter FY26 UK/IRE beverage nutritionals (from PDF),,,,,,,2026/2/7,
Starbucks,cookies-cream-frappuccino-semi-skimmed-milk-grande,Cookies & Cream Frappuccino庐 - semi skimmed milk Grande,,365,7.1,18.4,42.7,308,12.7,,,0.3,36.6,,,,,,,,,,,,,,,,,,,,Winter FY26 UK/IRE beverage nutritionals (from PDF),,,,,,,2026/2/7,
Starbucks,cookies-cream-frappuccino-semi-skimmed-milk-venti,Cookies & Cream Frappuccino庐 - semi skimmed milk Venti,,422,8,19.7,52.9,384,13.6,,,0.4,45.2,,,,,,,,,,,,,,,,,,,,Winter FY26 UK/IRE beverage nutritionals (from PDF),,,,,,,2026/2/7,
Starbucks,cookies-cream-frappuccino-whole-milk-tall,Cookies & Cream Frappuccino庐 - whole milk Tall,,290,5.2,15.9,31.5,228,10.8,,,0.2,26.9,,,,,,,,,,,,,,,,,,,,Winter FY26 UK/IRE beverage nutritionals (from PDF),,,,,,,2026/2/7,
Starbucks,cookies-cream-frappuccino-whole-milk-grande,Cookies & Cream Frappuccino庐 - whole milk Grande,,387,6.9,21.1,42.6,308,14.4,,,0.3,36.5,,,,,,,,,,,,,,,,,,,,Winter FY26 UK/IRE beverage nutritionals (from PDF),,,,,,,2026/2/7,
Starbucks,cookies-cream-frappuccino-whole-milk-venti,Cookies & Cream Frappuccino庐 - whole milk Venti,,446,7.8,22.7,52.7,380,15.4,,,0.4,45,,,,,,,,,,,,,,,,,,,,Winter FY26 UK/IRE beverage nutritionals (from PDF),,,,,,,2026/2/7,
Starbucks,cookies-cream-frappuccino-skimmed-milk-tall,Cookies & Cream Frappuccino庐 - skimmed milk Tall,,260,5.3,12.5,31.7,228,8.6,,,0.2,27.1,,,,,,,,,,,,,,,,,,,,Winter FY26 UK/IRE beverage nutritionals (from PDF),,,,,,,2026/2/7,
Starbucks,cookies-cream-frappuccino-skimmed-milk-grande,Cookies & Cream Frappuccino庐 - skimmed milk Grande,,348,7.1,16.5,42.8,308,11.4,,,0.3,36.8,,,,,,,,,,,,,,,,,,,,Winter FY26 UK/IRE beverage nutritionals (from PDF),,,,,,,2026/2/7,
Starbucks,cookies-cream-frappuccino-skimmed-milk-venti,Cookies & Cream Frappuccino庐 - skimmed milk Venti,,403,8,17.6,53.1,384,12.1,,,0.4,45.4,,,,,,,,,,,,,,,,,,,,Winter FY26 UK/IRE beverage nutritionals (from PDF),,,,,,,2026/2/7,
Starbucks,cookies-cream-frappuccino-almond-drink-tall,Cookies & Cream Frappuccino庐 - almond drink Tall,,249,2.2,13.4,29.2,212,8.6,,,0.4,24.7,,,,,,,,,,,,,,,,,,,,Winter FY26 UK/IRE beverage nutritionals (from PDF),,,,,,,2026/2/7,
Starbucks,cookies-cream-frappuccino-almond-drink-grande,Cookies & Cream Frappuccino庐 - almond drink Grande,,333,2.9,17.7,39.6,288,11.3,,,0.6,33.5,,,,,,,,,,,,,,,,,,,,Winter FY26 UK/IRE beverage nutritionals (from PDF),,,,,,,2026/2/7,
Starbucks,cookies-cream-frappuccino-almond-drink-venti,Cookies & Cream Frappuccino庐 - almond drink Venti,,386,3.3,18.9,49.4,360,12,,,0.7,41.7,,,,,,,,,,,,,,,,,,,,Winter FY26 UK/IRE beverage nutritionals (from PDF),,,,,,,2026/2/7,
Starbucks,cookies-cream-frappuccino-soya-drink-tall,Cookies & Cream Frappuccino庐 - soya drink Tall,,266,5,14.1,29.3,220,8.8,,,0.8,24.7,,,,,,,,,,,,,,,,,,,,Winter FY26 UK/IRE beverage nutritionals (from PDF),,,,,,,2026/2/7,
Starbucks,cookies-cream-frappuccino-soya-drink-grande,Cookies & Cream Frappuccino庐 - soya drink Grande,,355,6.7,18.6,39.7,296,11.6,,,1.1,33.5,,,,,,,,,,,,,,,,,,,,Winter FY26 UK/IRE beverage nutritionals (from PDF),,,,,,,2026/2/7,
Starbucks,cookies-cream-frappuccino-soya-drink-venti,Cookies & Cream Frappuccino庐 - soya drink Venti,,411,7.6,20,49.5,372,12.3,,,1.3,41.7,,,,,,,,,,,,,,,,,,,,Winter FY26 UK/IRE beverage nutritionals (from PDF),,,,,,,2026/2/7,
Starbucks,cookies-cream-frappuccino-oat-drink-tall,Cookies & Cream Frappuccino庐 - oat drink Tall,,282,2.5,15.2,33.4,236,8.8,,,1.2,25.5,,,,,,,,,,,,,,,,,,,,Winter FY26 UK/IRE beverage nutritionals (from PDF),,,,,,,2026/2/7,
Starbucks,cookies-cream-frappuccino-oat-drink-grande,Cookies & Cream Frappuccino庐 - oat drink Grande,,378,3.3,20.1,45.2,316,11.6,,,1.6,34.5,,,,,,,,,,,,,,,,,,,,Winter FY26 UK/IRE beverage nutritionals (from PDF),,,,,,,2026/2/7,
Starbucks,cookies-cream-frappuccino-oat-drink-venti,Cookies & Cream Frappuccino庐 - oat drink Venti,,436,3.8,21.6,55.7,396,12.3,,,1.9,42.9,,,,,,,,,,,,,,,,,,,,Winter FY26 UK/IRE beverage nutritionals (from PDF),,,,,,,2026/2/7,
Starbucks,cookies-cream-frappuccino-coconut-drink-tall,Cookies & Cream Frappuccino庐 - coconut drink Tall,,269,2.7,14.7,30.3,200,10.9,,,1.8,25.8,,,,,,,,,,,,,,,,,,,,Winter FY26 UK/IRE beverage nutritionals (from PDF),,,,,,,2026/2/7,
Starbucks,cookies-cream-frappuccino-coconut-drink-grande,Cookies & Cream Frappuccino庐 - coconut drink Grande,,359,3.6,19.5,41,272,14.4,,,2.4,35,,,,,,,,,,,,,,,,,,,,Winter FY26 UK/IRE beverage nutritionals (from PDF),,,,,,,2026/2/7,
Starbucks,cookies-cream-frappuccino-coconut-drink-venti,Cookies & Cream Frappuccino庐 - coconut drink Venti,,415,4.1,21,51,344,15.4,,,2.7,43.3,,,,,,,,,,,,,,,,,,,,Winter FY26 UK/IRE beverage nutritionals (from PDF),,,,,,,2026/2/7,
Starbucks,double-chocolatey-chip-cream-frappuccino-semi-skimmed-milk-tall,Double Chocolatey Chip Cream Frappuccino庐 - semi skimmed milk Tall,,281,5.8,14,32.1,184,10.2,,,1.3,29.9,,,,,,,,,,,,,,,,,,,,Winter FY26 UK/IRE beverage nutritionals (from PDF),,,,,,,2026/2/7,
Starbucks,double-chocolatey-chip-cream-frappuccino-semi-skimmed-milk-grande,Double Chocolatey Chip Cream Frappuccino庐 - semi skimmed milk Grande,,380,7.8,18.8,44.1,252,13.6,,,1.8,41,,,,,,,,,,,,,,,,,,,,Winter FY26 UK/IRE beverage nutritionals (from PDF),,,,,,,2026/2/7,
Starbucks,double-chocolatey-chip-cream-frappuccino-semi-skimmed-milk-venti,Double Chocolatey Chip Cream Frappuccino庐 - semi skimmed milk Venti,,426,8.5,19.9,52.1,296,14.5,,,2.2,48.4,,,,,,,,,,,,,,,,,,,,Winter FY26 UK/IRE beverage nutritionals (from PDF),,,,,,,2026/2/7,
Starbucks,double-chocolatey-chip-cream-frappuccino-whole-milk-tall,Double Chocolatey Chip Cream Frappuccino庐 - whole milk Tall,,297,5.7,16,32,184,11.4,,,1.3,29.8,,,,,,,,,,,,,,,,,,,,Winter FY26 UK/IRE beverage nutritionals (from PDF),,,,,,,2026/2/7,
Starbucks,double-chocolatey-chip-cream-frappuccino-whole-milk-grande,Double Chocolatey Chip Cream Frappuccino庐 - whole milk Grande,,403,7.7,21.4,43.9,252,15.3,,,1.8,40.9,,,,,,,,,,,,,,,,,,,,Winter FY26 UK/IRE beverage nutritionals (from PDF),,,,,,,2026/2/7,
Starbucks,double-chocolatey-chip-cream-frappuccino-whole-milk-venti,Double Chocolatey Chip Cream Frappuccino庐 - whole milk Venti,,450,8.4,22.7,52,296,16.2,,,2.2,48.3,,,,,,,,,,,,,,,,,,,,Winter FY26 UK/IRE beverage nutritionals (from PDF),,,,,,,2026/2/7,
Starbucks,double-chocolatey-chip-cream-frappuccino-skimmed-milk-tall,Double Chocolatey Chip Cream Frappuccino庐 - skimmed milk Tall,,268,5.8,12.6,32.2,184,9.2,,,1.3,30,,,,,,,,,,,,,,,,,,,,Winter FY26 UK/IRE beverage nutritionals (from PDF),,,,,,,2026/2/7,
Starbucks,double-chocolatey-chip-cream-frappuccino-skimmed-milk-grande,Double Chocolatey Chip Cream Frappuccino庐 - skimmed milk Grande,,364,7.8,16.8,44.2,256,12.3,,,1.8,41.2,,,,,,,,,,,,,,,,,,,,Winter FY26 UK/IRE beverage nutritionals (from PDF),,,,,,,2026/2/7,
Starbucks,double-chocolatey-chip-cream-frappuccino-skimmed-milk-venti,Double Chocolatey Chip Cream Frappuccino庐 - skimmed milk Venti,,409,8.5,17.8,52.3,300,13,,,2.2,48.6,,,,,,,,,,,,,,,,,,,,Winter FY26 UK/IRE beverage nutritionals (from PDF),,,,,,,2026/2/7,
Starbucks,double-chocolatey-chip-cream-frappuccino-almond-drink-tall,Double Chocolatey Chip Cream Frappuccino庐 - almond drink Tall,,257,2.7,13.5,29.8,168,9.1,,,1.5,27.6,,,,,,,,,,,,,,,,,,,,Winter FY26 UK/IRE beverage nutritionals (from PDF),,,,,,,2026/2/7,
Starbucks,double-chocolatey-chip-cream-frappuccino-almond-drink-grande,Double Chocolatey Chip Cream Frappuccino庐 - almond drink Grande,,348,3.6,18.1,40.9,232,12.2,,,2.1,37.9,,,,,,,,,,,,,,,,,,,,Winter FY26 UK/IRE beverage nutritionals (from PDF),,,,,,,2026/2/7,
Starbucks,double-chocolatey-chip-cream-frappuccino-almond-drink-venti,Double Chocolatey Chip Cream Frappuccino庐 - almond drink Venti,,392,4.1,19.1,48.8,276,13,,,2.5,45.1,,,,,,,,,,,,,,,,,,,,Winter FY26 UK/IRE beverage nutritionals (from PDF),,,,,,,2026/2/7,
Starbucks,double-chocolatey-chip-cream-frappuccino-soya-drink-tall,Double Chocolatey Chip Cream Frappuccino庐 - soya drink Tall,,274,5.5,14.2,29.9,176,9.3,,,1.9,27.6,,,,,,,,,,,,,,,,,,,,Winter FY26 UK/IRE beverage nutritionals (from PDF),,,,,,,2026/2/7,
Starbucks,double-chocolatey-chip-cream-frappuccino-soya-drink-grande,Double Chocolatey Chip Cream Frappuccino庐 - soya drink Grande,,371,7.4,19,41,244,12.5,,,2.6,37.9,,,,,,,,,,,,,,,,,,,,Winter FY26 UK/IRE beverage nutritionals (from PDF),,,,,,,2026/2/7,
Starbucks,double-chocolatey-chip-cream-frappuccino-soya-drink-venti,Double Chocolatey Chip Cream Frappuccino庐 - soya drink Venti,,416,8.1,20.1,48.9,284,13.3,,,3.1,45.1,,,,,,,,,,,,,,,,,,,,Winter FY26 UK/IRE beverage nutritionals (from PDF),,,,,,,2026/2/7,
Starbucks,double-chocolatey-chip-cream-frappuccino-oat-drink-tall,Double Chocolatey Chip Cream Frappuccino庐 - oat drink Tall,,290,3,15.3,34,192,9.3,,,2.3,28.4,,,,,,,,,,,,,,,,,,,,Winter FY26 UK/IRE beverage nutritionals (from PDF),,,,,,,2026/2/7,
Starbucks,double-chocolatey-chip-cream-frappuccino-oat-drink-grande,Double Chocolatey Chip Cream Frappuccino庐 - oat drink Grande,,393,4,20.5,46.6,264,12.5,,,3.2,39,,,,,,,,,,,,,,,,,,,,Winter FY26 UK/IRE beverage nutritionals (from PDF),,,,,,,2026/2/7,
Starbucks,double-chocolatey-chip-cream-frappuccino-oat-drink-venti,Double Chocolatey Chip Cream Frappuccino庐 - oat drink Venti,,439,4.5,21.6,54.7,308,13.3,,,3.6,46.2,,,,,,,,,,,,,,,,,,,,Winter FY26 UK/IRE beverage nutritionals (from PDF),,,,,,,2026/2/7,
Starbucks,double-chocolatey-chip-cream-frappuccino-coconut-drink-tall,Double Chocolatey Chip Cream Frappuccino庐 - coconut drink Tall,,277,3.2,14.9,30.9,156,11.4,,,2.9,28.7,,,,,,,,,,,,,,,,,,,,Winter FY26 UK/IRE beverage nutritionals (from PDF),,,,,,,2026/2/7,
Starbucks,double-chocolatey-chip-cream-frappuccino-coconut-drink-grande,Double Chocolatey Chip Cream Frappuccino庐 - coconut drink Grande,,375,4.3,19.9,42.4,220,15.3,,,3.9,39.4,,,,,,,,,,,,,,,,,,,,Winter FY26 UK/IRE beverage nutritionals (from PDF),,,,,,,2026/2/7,
Starbucks,double-chocolatey-chip-cream-frappuccino-coconut-drink-venti,Double Chocolatey Chip Cream Frappuccino庐 - coconut drink Venti,,420,4.9,21,50.4,260,16.2,,,4.4,46.7,,,,,,,,,,,,,,,,,,,,Winter FY26 UK/IRE beverage nutritionals (from PDF),,,,,,,2026/2/7,
Starbucks,matcha-cream-frappuccino-semi-skimmed-milk-tall,Matcha Cream Frappuccino庐 - semi skimmed milk Tall,,221,4.8,11,25.4,164,7.8,,,0.8,24.9,,,,,,,,,,,,,,,,,,,,Winter FY26 UK/IRE beverage nutritionals (from PDF),,,,,,,2026/2/7,
Starbucks,matcha-cream-frappuccino-semi-skimmed-milk-grande,Matcha Cream Frappuccino庐 - semi skimmed milk Grande,,298,6.4,14.6,34.8,224,10.3,,,1.1,34,,,,,,,,,,,,,,,,,,,,Winter FY26 UK/IRE beverage nutritionals (from PDF),,,,,,,2026/2/7,
Starbucks,matcha-cream-frappuccino-semi-skimmed-milk-venti,Matcha Cream Frappuccino庐 - semi skimmed milk Venti,,329,6.9,14.8,41.5,268,10.4,,,1.4,40.5,,,,,,,,,,,,,,,,,,,,Winter FY26 UK/IRE beverage nutritionals (from PDF),,,,,,,2026/2/7,
Starbucks,matcha-cream-frappuccino-whole-milk-tall,Matcha Cream Frappuccino庐 - whole milk Tall,,238,4.7,13,25.3,164,9,,,0.8,24.8,,,,,,,,,,,,,,,,,,,,Winter FY26 UK/IRE beverage nutritionals (from PDF),,,,,,,2026/2/7,
Starbucks,matcha-cream-frappuccino-whole-milk-grande,Matcha Cream Frappuccino庐 - whole milk Grande,,320,6.3,17.2,34.6,224,11.9,,,1.1,33.9,,,,,,,,,,,,,,,,,,,,Winter FY26 UK/IRE beverage nutritionals (from PDF),,,,,,,2026/2/7,
Starbucks,matcha-cream-frappuccino-whole-milk-venti,Matcha Cream Frappuccino庐 - whole milk Venti,,353,6.8,17.6,41.3,264,12.2,,,1.4,40.4,,,,,,,,,,,,,,,,,,,,Winter FY26 UK/IRE beverage nutritionals (from PDF),,,,,,,2026/2/7,
Starbucks,matcha-cream-frappuccino-skimmed-milk-tall,Matcha Cream Frappuccino庐 - skimmed milk Tall,,209,4.8,9.6,25.5,164,6.8,,,0.8,25,,,,,,,,,,,,,,,,,,,,Winter FY26 UK/IRE beverage nutritionals (from PDF),,,,,,,2026/2/7,
Starbucks,matcha-cream-frappuccino-skimmed-milk-grande,Matcha Cream Frappuccino庐 - skimmed milk Grande,,281,6.4,12.7,34.9,224,8.9,,,1.1,34.2,,,,,,,,,,,,,,,,,,,,Winter FY26 UK/IRE beverage nutritionals (from PDF),,,,,,,2026/2/7,
Starbucks,matcha-cream-frappuccino-skimmed-milk-venti,Matcha Cream Frappuccino庐 - skimmed milk Venti,,311,6.9,12.7,41.6,268,8.9,,,1.4,40.7,,,,,,,,,,,,,,,,,,,,Winter FY26 UK/IRE beverage nutritionals (from PDF),,,,,,,2026/2/7,
Starbucks,matcha-cream-frappuccino-almond-drink-tall,Matcha Cream Frappuccino庐 - almond drink Tall,,198,1.7,10.5,23.1,148,6.7,,,1,22.6,,,,,,,,,,,,,,,,,,,,Winter FY26 UK/IRE beverage nutritionals (from PDF),,,,,,,2026/2/7,
Starbucks,matcha-cream-frappuccino-almond-drink-grande,Matcha Cream Frappuccino庐 - almond drink Grande,,266,2.2,13.9,31.7,204,8.9,,,1.4,30.9,,,,,,,,,,,,,,,,,,,,Winter FY26 UK/IRE beverage nutritionals (from PDF),,,,,,,2026/2/7,
Starbucks,matcha-cream-frappuccino-almond-drink-venti,Matcha Cream Frappuccino庐 - almond drink Venti,,295,2.5,14,38.1,244,8.9,,,1.7,37.2,,,,,,,,,,,,,,,,,,,,Winter FY26 UK/IRE beverage nutritionals (from PDF),,,,,,,2026/2/7,
Starbucks,matcha-cream-frappuccino-soya-drink-tall,Matcha Cream Frappuccino庐 - soya drink Tall,,214,4.5,11.2,23.2,156,6.9,,,1.4,22.6,,,,,,,,,,,,,,,,,,,,Winter FY26 UK/IRE beverage nutritionals (from PDF),,,,,,,2026/2/7,
Starbucks,matcha-cream-frappuccino-soya-drink-grande,Matcha Cream Frappuccino庐 - soya drink Grande,,288,6,14.8,31.8,212,9.1,,,1.9,30.9,,,,,,,,,,,,,,,,,,,,Winter FY26 UK/IRE beverage nutritionals (from PDF),,,,,,,2026/2/7,
Starbucks,matcha-cream-frappuccino-soya-drink-venti,Matcha Cream Frappuccino庐 - soya drink Venti,,319,6.5,15,38.2,256,9.2,,,2.3,37.2,,,,,,,,,,,,,,,,,,,,Winter FY26 UK/IRE beverage nutritionals (from PDF),,,,,,,2026/2/7,
Starbucks,matcha-cream-frappuccino-oat-drink-tall,Matcha Cream Frappuccino庐 - oat drink Tall,,231,2,12.3,27.3,172,6.9,,,1.8,23.3,,,,,,,,,,,,,,,,,,,,Winter FY26 UK/IRE beverage nutritionals (from PDF),,,,,,,2026/2/7,
Starbucks,matcha-cream-frappuccino-oat-drink-grande,Matcha Cream Frappuccino庐 - oat drink Grande,,310,2.6,16.3,37.3,232,9.1,,,2.4,32,,,,,,,,,,,,,,,,,,,,Winter FY26 UK/IRE beverage nutritionals (from PDF),,,,,,,2026/2/7,
Starbucks,matcha-cream-frappuccino-oat-drink-venti,Matcha Cream Frappuccino庐 - oat drink Venti,,342,2.9,16.6,44.1,276,9.2,,,2.8,38.3,,,,,,,,,,,,,,,,,,,,Winter FY26 UK/IRE beverage nutritionals (from PDF),,,,,,,2026/2/7,
Starbucks,matcha-cream-frappuccino-coconut-drink-tall,Matcha Cream Frappuccino庐 - coconut drink Tall,,217,2.2,11.9,24.2,140,9,,,2.3,23.7,,,,,,,,,,,,,,,,,,,,Winter FY26 UK/IRE beverage nutritionals (from PDF),,,,,,,2026/2/7,
Starbucks,matcha-cream-frappuccino-coconut-drink-grande,Matcha Cream Frappuccino庐 - coconut drink Grande,,292,2.9,15.7,33.1,188,11.9,,,3.2,32.4,,,,,,,,,,,,,,,,,,,,Winter FY26 UK/IRE beverage nutritionals (from PDF),,,,,,,2026/2/7,
Starbucks,matcha-cream-frappuccino-coconut-drink-venti,Matcha Cream Frappuccino庐 - coconut drink Venti,,323,3.2,16,39.7,228,12.2,,,3.6,38.7,,,,,,,,,,,,,,,,,,,,Winter FY26 UK/IRE beverage nutritionals (from PDF),,,,,,,2026/2/7,
Starbucks,peach-iced-tea-tall,Peach Iced Tea Tall,,51,0.1,0.1,12.3,0,0,,,0.1,12,,,,,,,,,,,,,,,,,,,,Winter FY26 UK/IRE beverage nutritionals (from PDF),,,,,,,2026/2/7,
Starbucks,peach-iced-tea-grande,Peach Iced Tea Grande,,72,0.1,0.1,17.3,0,0,,,0.1,16.9,,,,,,,,,,,,,,,,,,,,Winter FY26 UK/IRE beverage nutritionals (from PDF),,,,,,,2026/2/7,
Starbucks,peach-iced-tea-venti,Peach Iced Tea Venti,,82,0.1,0.1,19.7,0,0,,,0.1,19.2,,,,,,,,,,,,,,,,,,,,Winter FY26 UK/IRE beverage nutritionals (from PDF),,,,,,,2026/2/7,
Starbucks,cool-lime-starbucks-refresha-tall,Cool Lime Starbucks Refresha鈩 Tall,,53,0.2,0.1,12.3,4,0,,,0.4,11.9,,,,,,,,,,,,,,,,,,,,Winter FY26 UK/IRE beverage nutritionals (from PDF),,,,,,,2026/2/7,
Starbucks,cool-lime-starbucks-refresha-grande,Cool Lime Starbucks Refresha鈩 Grande,,69,0.2,0.1,16.1,8,0,,,0.4,15.6,,,,,,,,,,,,,,,,,,,,Winter FY26 UK/IRE beverage nutritionals (from PDF),,,,,,,2026/2/7,
Starbucks,cool-lime-starbucks-refresha-venti,Cool Lime Starbucks Refresha鈩 Venti,,86,0.2,0.1,20.1,8,0,,,0.4,19.6,,,,,,,,,,,,,,,,,,,,Winter FY26 UK/IRE beverage nutritionals (from PDF),,,,,,,2026/2/7,
Starbucks,strawberry-acai-starbucks-refresha-tall,Strawberry Acai Starbucks Refresha庐 Tall,,62,0.3,0.1,14.3,4,0,,,0.6,14.1,,,,,,,,,,,,,,,,,,,,Winter FY26 UK/IRE beverage nutritionals (from PDF),,,,,,,2026/2/7,
Starbucks,strawberry-acai-starbucks-refresha-grande,Strawberry Acai Starbucks Refresha庐 Grande,,79,0.4,0.1,18.4,4,0,,,0.6,18.1,,,,,,,,,,,,,,,,,,,,Winter FY26 UK/IRE beverage nutritionals (from PDF),,,,,,,2026/2/7,
Starbucks,strawberry-acai-starbucks-refresha-venti,Strawberry Acai Starbucks Refresha庐 Venti,,97,0.4,0.1,22.8,4,0,,,0.7,22.4,,,,,,,,,,,,,,,,,,,,Winter FY26 UK/IRE beverage nutritionals (from PDF),,,,,,,2026/2/7,
Starbucks,very-berry-hibiscus-refresha-tall,Very Berry Hibiscus Refresha Tall,,74,0.6,0.1,15.9,16,0,,,2.1,15.7,,,,,,,,,,,,,,,,,,,,Winter FY26 UK/IRE beverage nutritionals (from PDF),,,,,,,2026/2/7,
Starbucks,very-berry-hibiscus-refresha-grande,Very Berry Hibiscus Refresha Grande,,93,0.6,0.1,20.4,20,0,,,2.1,20.1,,,,,,,,,,,,,,,,,,,,Winter FY26 UK/IRE beverage nutritionals (from PDF),,,,,,,2026/2/7,
Starbucks,very-berry-hibiscus-refresha-venti,Very Berry Hibiscus Refresha Venti,,112,0.7,0.1,25.2,28,0,,,2.1,24.8,,,,,,,,,,,,,,,,,,,,Winter FY26 UK/IRE beverage nutritionals (from PDF),,,,,,,2026/2/7,
Starbucks,very-berry-hibiscus-coconut-refresha-tall,Very Berry Hibiscus Coconut Refresha Tall,,118,1.6,2.6,19.3,32,2.3,,,3.6,19.1,,,,,,,,,,,,,,,,,,,,Winter FY26 UK/IRE beverage nutritionals (from PDF),,,,,,,2026/2/7,
Starbucks,very-berry-hibiscus-coconut-refresha-grande,Very Berry Hibiscus Coconut Refresha Grande,,150,1.9,3.4,25,44,3,,,4.1,24.7,,,,,,,,,,,,,,,,,,,,Winter FY26 UK/IRE beverage nutritionals (from PDF),,,,,,,2026/2/7,
Starbucks,very-berry-hibiscus-coconut-refresha-venti,Very Berry Hibiscus Coconut Refresha Venti,,182,2.3,4.1,30.7,56,3.7,,,4.5,30.4,,,,,,,,,,,,,,,,,,,,Winter FY26 UK/IRE beverage nutritionals (from PDF),,,,,,,2026/2/7,
Starbucks,english-breakfast-tea-tall,English Breakfast Tea Tall,,5,0.8,0.1,0,0,0,,,0,0,,,,,,,,,,,,,,,,,,,,Winter FY26 UK/IRE beverage nutritionals (from PDF),,,,,,,2026/2/7,
Starbucks,english-breakfast-tea-grande,English Breakfast Tea Grande,,5,0.8,0.1,0,0,0,,,0,0,,,,,,,,,,,,,,,,,,,,Winter FY26 UK/IRE beverage nutritionals (from PDF),,,,,,,2026/2/7,
Starbucks,english-breakfast-tea-venti,English Breakfast Tea Venti,,10,1.7,0.3,0.1,0,0.1,,,0,0.1,,,,,,,,,,,,,,,,,,,,Winter FY26 UK/IRE beverage nutritionals (from PDF),,,,,,,2026/2/7,
Starbucks,emperor-s-clouds-mist-tea-tall,Emperor's Clouds & Mist Tea Tall,,4,0.6,0.1,0,0,0,,,0,0,,,,,,,,,,,,,,,,,,,,Winter FY26 UK/IRE beverage nutritionals (from PDF),,,,,,,2026/2/7,
Starbucks,emperor-s-clouds-mist-tea-grande,Emperor's Clouds & Mist Tea Grande,,4,0.6,0.1,0,0,0,,,0,0,,,,,,,,,,,,,,,,,,,,Winter FY26 UK/IRE beverage nutritionals (from PDF),,,,,,,2026/2/7,
Starbucks,emperor-s-clouds-mist-tea-venti,Emperor's Clouds & Mist Tea Venti,,7,1.3,0.2,0,0,0,,,0,0,,,,,,,,,,,,,,,,,,,,Winter FY26 UK/IRE beverage nutritionals (from PDF),,,,,,,2026/2/7,
Starbucks,earl-grey-tea-tall,Earl Grey Tea Tall,,4,0.7,0.1,0,0,0,,,0,0,,,,,,,,,,,,,,,,,,,,Winter FY26 UK/IRE beverage nutritionals (from PDF),,,,,,,2026/2/7,
Starbucks,earl-grey-tea-grande,Earl Grey Tea Grande,,4,0.7,0.1,0,0,0,,,0,0,,,,,,,,,,,,,,,,,,,,Winter FY26 UK/IRE beverage nutritionals (from PDF),,,,,,,2026/2/7,
Starbucks,earl-grey-tea-venti,Earl Grey Tea Venti,,8,1.4,0.3,0.1,0,0,,,0,0,,,,,,,,,,,,,,,,,,,,Winter FY26 UK/IRE beverage nutritionals (from PDF),,,,,,,2026/2/7,
Starbucks,mint-herbal-blend-tall,Mint Herbal Blend Tall,,4,0.2,0.1,0.6,0,0,,,0.3,0,,,,,,,,,,,,,,,,,,,,Winter FY26 UK/IRE beverage nutritionals (from PDF),,,,,,,2026/2/7,
Starbucks,mint-herbal-blend-grande,Mint Herbal Blend Grande,,4,0.2,0.1,0.6,0,0,,,0.3,0,,,,,,,,,,,,,,,,,,,,Winter FY26 UK/IRE beverage nutritionals (from PDF),,,,,,,2026/2/7,
Starbucks,mint-herbal-blend-venti,Mint Herbal Blend Venti,,9,0.4,0.1,1.2,4,0,,,0.7,0,,,,,,,,,,,,,,,,,,,,Winter FY26 UK/IRE beverage nutritionals (from PDF),,,,,,,2026/2/7,
Starbucks,spiced-apple-tea-tall,Spiced Apple Tea Tall,,9,0.1,0.3,1.5,0,0.2,,,0,1.4,,,,,,,,,,,,,,,,,,,,Winter FY26 UK/IRE beverage nutritionals (from PDF),,,,,,,2026/2/7,
Starbucks,spiced-apple-tea-grande,Spiced Apple Tea Grande,,9,0.1,0.3,1.5,0,0.2,,,0,1.4,,,,,,,,,,,,,,,,,,,,Winter FY26 UK/IRE beverage nutritionals (from PDF),,,,,,,2026/2/7,
Starbucks,spiced-apple-tea-venti,Spiced Apple Tea Venti,,18,0.2,0.6,3,4,0.4,,,0,2.7,,,,,,,,,,,,,,,,,,,,Winter FY26 UK/IRE beverage nutritionals (from PDF),,,,,,,2026/2/7,
Starbucks,matcha-green-tea-latte-semi-skimmed-milk-tall,Matcha Green Tea Latte - semi skimmed milk Tall,,134,10,4.7,12.7,116,3,,,0.8,12.7,,,,,,,,,,,,,,,,,,,,Winter FY26 UK/IRE beverage nutritionals (from PDF),,,,,,,2026/2/7,
Starbucks,matcha-green-tea-latte-semi-skimmed-milk-grande,Matcha Green Tea Latte - semi skimmed milk Grande,,161,12,5.6,15.2,136,3.6,,,1.2,15.2,,,,,,,,,,,,,,,,,,,,Winter FY26 UK/IRE beverage nutritionals (from PDF),,,,,,,2026/2/7,
Starbucks,matcha-green-tea-latte-semi-skimmed-milk-venti,Matcha Green Tea Latte - semi skimmed milk Venti,,217,16.2,7.5,20.4,184,4.8,,,1.7,20.4,,,,,,,,,,,,,,,,,,,,Winter FY26 UK/IRE beverage nutritionals (from PDF),,,,,,,2026/2/7,
Starbucks,matcha-green-tea-latte-whole-milk-tall,Matcha Green Tea Latte - whole milk Tall,,177,9.7,9.8,12.4,112,6.2,,,0.8,12.4,,,,,,,,,,,,,,,,,,,,Winter FY26 UK/IRE beverage nutritionals (from PDF),,,,,,,2026/2/7,
Starbucks,matcha-green-tea-latte-whole-milk-grande,Matcha Green Tea Latte - whole milk Grande,,213,11.7,11.7,14.9,136,7.4,,,1.2,14.9,,,,,,,,,,,,,,,,,,,,Winter FY26 UK/IRE beverage nutritionals (from PDF),,,,,,,2026/2/7,
Starbucks,matcha-green-tea-latte-whole-milk-venti,Matcha Green Tea Latte - whole milk Venti,,286,15.7,15.7,20,180,9.9,,,1.7,20,,,,,,,,,,,,,,,,,,,,Winter FY26 UK/IRE beverage nutritionals (from PDF),,,,,,,2026/2/7,
Starbucks,matcha-green-tea-latte-skimmed-milk-tall,Matcha Green Tea Latte - skimmed milk Tall,,102,10,0.9,13,120,0.4,,,0.8,13,,,,,,,,,,,,,,,,,,,,Winter FY26 UK/IRE beverage nutritionals (from PDF),,,,,,,2026/2/7,
Starbucks,matcha-green-tea-latte-skimmed-milk-grande,Matcha Green Tea Latte - skimmed milk Grande,,123,12,1.1,15.5,140,0.4,,,1.2,15.5,,,,,,,,,,,,,,,,,,,,Winter FY26 UK/IRE beverage nutritionals (from PDF),,,,,,,2026/2/7,
Starbucks,matcha-green-tea-latte-skimmed-milk-venti,Matcha Green Tea Latte - skimmed milk Venti,,165,16.2,1.5,20.9,188,0.6,,,1.7,20.9,,,,,,,,,,,,,,,,,,,,Winter FY26 UK/IRE beverage nutritionals (from PDF),,,,,,,2026/2/7,
Starbucks,matcha-green-tea-latte-almond-drink-tall,Matcha Green Tea Latte - almond drink Tall,,72,1.9,3.3,6.7,76,0.3,,,1.4,6.7,,,,,,,,,,,,,,,,,,,,Winter FY26 UK/IRE beverage nutritionals (from PDF),,,,,,,2026/2/7,
Starbucks,matcha-green-tea-latte-almond-drink-grande,Matcha Green Tea Latte - almond drink Grande,,88,2.4,3.9,8,92,0.3,,,1.9,8,,,,,,,,,,,,,,,,,,,,Winter FY26 UK/IRE beverage nutritionals (from PDF),,,,,,,2026/2/7,
Starbucks,matcha-green-tea-latte-almond-drink-venti,Matcha Green Tea Latte - almond drink Venti,,118,3.2,5.3,10.8,124,0.5,,,2.5,10.8,,,,,,,,,,,,,,,,,,,,Winter FY26 UK/IRE beverage nutritionals (from PDF),,,,,,,2026/2/7,
Starbucks,matcha-green-tea-latte-soya-drink-tall,Matcha Green Tea Latte - soya drink Tall,,115,9.2,5.1,6.9,96,0.8,,,2.4,6.6,,,,,,,,,,,,,,,,,,,,Winter FY26 UK/IRE beverage nutritionals (from PDF),,,,,,,2026/2/7,
Starbucks,matcha-green-tea-latte-soya-drink-grande,Matcha Green Tea Latte - soya drink Grande,,139,11.1,6.1,8.3,112,1,,,3.1,7.9,,,,,,,,,,,,,,,,,,,,Winter FY26 UK/IRE beverage nutritionals (from PDF),,,,,,,2026/2/7,
Starbucks,matcha-green-tea-latte-soya-drink-venti,Matcha Green Tea Latte - soya drink Venti,,187,14.9,8.2,11.1,152,1.3,,,4.2,10.7,,,,,,,,,,,,,,,,,,,,Winter FY26 UK/IRE beverage nutritionals (from PDF),,,,,,,2026/2/7,
Starbucks,matcha-green-tea-latte-oat-drink-tall,Matcha Green Tea Latte - oat drink Tall,,158,2.6,7.9,17.5,136,0.8,,,3.5,8.7,,,,,,,,,,,,,,,,,,,,Winter FY26 UK/IRE beverage nutritionals (from PDF),,,,,,,2026/2/7,
Starbucks,matcha-green-tea-latte-oat-drink-grande,Matcha Green Tea Latte - oat drink Grande,,190,3.3,9.5,21,160,1,,,4.3,10.4,,,,,,,,,,,,,,,,,,,,Winter FY26 UK/IRE beverage nutritionals (from PDF),,,,,,,2026/2/7,
Starbucks,matcha-green-tea-latte-oat-drink-venti,Matcha Green Tea Latte - oat drink Venti,,256,4.4,12.7,28.2,216,1.3,,,5.8,14,,,,,,,,,,,,,,,,,,,,Winter FY26 UK/IRE beverage nutritionals (from PDF),,,,,,,2026/2/7,
Starbucks,matcha-green-tea-latte-coconut-drink-tall,Matcha Green Tea Latte - coconut drink Tall,,123,3.2,6.8,9.5,48,6.2,,,4.9,9.5,,,,,,,,,,,,,,,,,,,,Winter FY26 UK/IRE beverage nutritionals (from PDF),,,,,,,2026/2/7,
Starbucks,matcha-green-tea-latte-coconut-drink-grande,Matcha Green Tea Latte - coconut drink Grande,,149,4,8.2,11.3,56,7.4,,,6,11.3,,,,,,,,,,,,,,,,,,,,Winter FY26 UK/IRE beverage nutritionals (from PDF),,,,,,,2026/2/7,
Starbucks,matcha-green-tea-latte-coconut-drink-venti,Matcha Green Tea Latte - coconut drink Venti,,200,5.4,11,15.3,76,10,,,8.1,15.2,,,,,,,,,,,,,,,,,,,,Winter FY26 UK/IRE beverage nutritionals (from PDF),,,,,,,2026/2/7,
Starbucks,iced-matcha-green-tea-latte-semi-skimmed-milk-tall,Iced Matcha Green Tea Latte - semi skimmed milk Tall,,82,6.2,2.8,7.6,68,1.8,,,0.8,7.6,,,,,,,,,,,,,,,,,,,,Winter FY26 UK/IRE beverage nutritionals (from PDF),,,,,,,2026/2/7,
Starbucks,iced-matcha-green-tea-latte-semi-skimmed-milk-grande,Iced Matcha Green Tea Latte - semi skimmed milk Grande,,117,8.8,4,10.9,100,2.5,,,1.3,10.9,,,,,,,,,,,,,,,,,,,,Winter FY26 UK/IRE beverage nutritionals (from PDF),,,,,,,2026/2/7,
Starbucks,iced-matcha-green-tea-latte-semi-skimmed-milk-venti,Iced Matcha Green Tea Latte - semi skimmed milk Venti,,135,10.2,4.6,12.4,112,2.9,,,1.7,12.4,,,,,,,,,,,,,,,,,,,,Winter FY26 UK/IRE beverage nutritionals (from PDF),,,,,,,2026/2/7,
Starbucks,iced-matcha-green-tea-latte-whole-milk-tall,Iced Matcha Green Tea Latte - whole milk Tall,,108,6,5.9,7.5,68,3.7,,,0.8,7.5,,,,,,,,,,,,,,,,,,,,Winter FY26 UK/IRE beverage nutritionals (from PDF),,,,,,,2026/2/7,
Starbucks,iced-matcha-green-tea-latte-whole-milk-grande,Iced Matcha Green Tea Latte - whole milk Grande,,154,8.6,8.4,10.6,96,5.3,,,1.3,10.6,,,,,,,,,,,,,,,,,,,,Winter FY26 UK/IRE beverage nutritionals (from PDF),,,,,,,2026/2/7,
Starbucks,iced-matcha-green-tea-latte-whole-milk-venti,Iced Matcha Green Tea Latte - whole milk Venti,,177,10,9.6,12.2,108,6,,,1.7,12.2,,,,,,,,,,,,,,,,,,,,Winter FY26 UK/IRE beverage nutritionals (from PDF),,,,,,,2026/2/7,
Starbucks,iced-matcha-green-tea-latte-skimmed-milk-tall,Iced Matcha Green Tea Latte - skimmed milk Tall,,63,6.2,0.6,7.8,72,0.2,,,0.8,7.8,,,,,,,,,,,,,,,,,,,,Winter FY26 UK/IRE beverage nutritionals (from PDF),,,,,,,2026/2/7,
Starbucks,iced-matcha-green-tea-latte-skimmed-milk-grande,Iced Matcha Green Tea Latte - skimmed milk Grande,,90,8.8,0.8,11.1,100,0.3,,,1.3,11.1,,,,,,,,,,,,,,,,,,,,Winter FY26 UK/IRE beverage nutritionals (from PDF),,,,,,,2026/2/7,
Starbucks,iced-matcha-green-tea-latte-skimmed-milk-venti,Iced Matcha Green Tea Latte - skimmed milk Venti,,104,10.2,1,12.7,116,0.4,,,1.7,12.7,,,,,,,,,,,,,,,,,,,,Winter FY26 UK/IRE beverage nutritionals (from PDF),,,,,,,2026/2/7,
Starbucks,iced-matcha-green-tea-latte-almond-drink-tall,Iced Matcha Green Tea Latte - almond drink Tall,,45,1.3,2,4,48,0.2,,,1.1,4,,,,,,,,,,,,,,,,,,,,Winter FY26 UK/IRE beverage nutritionals (from PDF),,,,,,,2026/2/7,
Starbucks,iced-matcha-green-tea-latte-almond-drink-grande,Iced Matcha Green Tea Latte - almond drink Grande,,65,1.9,2.8,5.7,68,0.3,,,1.7,5.7,,,,,,,,,,,,,,,,,,,,Winter FY26 UK/IRE beverage nutritionals (from PDF),,,,,,,2026/2/7,
Starbucks,iced-matcha-green-tea-latte-almond-drink-venti,Iced Matcha Green Tea Latte - almond drink Venti,,75,2.4,3.3,6.6,76,0.3,,,2.2,6.6,,,,,,,,,,,,,,,,,,,,Winter FY26 UK/IRE beverage nutritionals (from PDF),,,,,,,2026/2/7,
Starbucks,iced-matcha-green-tea-latte-soya-drink-tall,Iced Matcha Green Tea Latte - soya drink Tall,,71,5.7,3.1,4.2,56,0.5,,,1.8,4,,,,,,,,,,,,,,,,,,,,Winter FY26 UK/IRE beverage nutritionals (from PDF),,,,,,,2026/2/7,
Starbucks,iced-matcha-green-tea-latte-soya-drink-grande,Iced Matcha Green Tea Latte - soya drink Grande,,101,8.2,4.4,5.9,80,0.7,,,2.6,5.7,,,,,,,,,,,,,,,,,,,,Winter FY26 UK/IRE beverage nutritionals (from PDF),,,,,,,2026/2/7,
Starbucks,iced-matcha-green-tea-latte-soya-drink-venti,Iced Matcha Green Tea Latte - soya drink Venti,,117,9.5,5,6.8,92,0.8,,,3.2,6.5,,,,,,,,,,,,,,,,,,,,Winter FY26 UK/IRE beverage nutritionals (from PDF),,,,,,,2026/2/7,
Starbucks,iced-matcha-green-tea-latte-oat-drink-tall,Iced Matcha Green Tea Latte - oat drink Tall,,97,1.8,4.8,10.5,80,0.5,,,2.4,5.2,,,,,,,,,,,,,,,,,,,,Winter FY26 UK/IRE beverage nutritionals (from PDF),,,,,,,2026/2/7,
Starbucks,iced-matcha-green-tea-latte-oat-drink-grande,Iced Matcha Green Tea Latte - oat drink Grande,,138,2.6,6.8,15,116,0.7,,,3.5,7.4,,,,,,,,,,,,,,,,,,,,Winter FY26 UK/IRE beverage nutritionals (from PDF),,,,,,,2026/2/7,
Starbucks,iced-matcha-green-tea-latte-oat-drink-venti,Iced Matcha Green Tea Latte - oat drink Venti,,159,3.1,7.8,17.1,132,0.8,,,4.2,8.5,,,,,,,,,,,,,,,,,,,,Winter FY26 UK/IRE beverage nutritionals (from PDF),,,,,,,2026/2/7,
Starbucks,iced-matcha-green-tea-latte-coconut-drink-tall,Iced Matcha Green Tea Latte - coconut drink Tall,,76,2.1,4.1,5.7,28,3.7,,,3.2,5.7,,,,,,,,,,,,,,,,,,,,Winter FY26 UK/IRE beverage nutritionals (from PDF),,,,,,,2026/2/7,
Starbucks,iced-matcha-green-tea-latte-coconut-drink-grande,Iced Matcha Green Tea Latte - coconut drink Grande,,108,3.1,5.9,8.1,40,5.3,,,4.7,8.1,,,,,,,,,,,,,,,,,,,,Winter FY26 UK/IRE beverage nutritionals (from PDF),,,,,,,2026/2/7,
Starbucks,iced-matcha-green-tea-latte-coconut-drink-venti,Iced Matcha Green Tea Latte - coconut drink Venti,,125,3.7,6.7,9.3,48,6.1,,,5.6,9.3,,,,,,,,,,,,,,,,,,,,Winter FY26 UK/IRE beverage nutritionals (from PDF),,,,,,,2026/2/7,
Starbucks,chai-tea-latte-semi-skimmed-milk-short,Chai Tea Latte - semi skimmed milk Short,,89,3.6,1.8,14.6,48,1.1,,,0.1,14.5,,,,,,,,,,,,,,,,,,,,Winter FY26 UK/IRE beverage nutritionals (from PDF),,,,,,,2026/2/7,
Starbucks,chai-tea-latte-semi-skimmed-milk-tall,Chai Tea Latte - semi skimmed milk Tall,,129,5.1,2.5,21.4,68,1.6,,,0.2,21.4,,,,,,,,,,,,,,,,,,,,Winter FY26 UK/IRE beverage nutritionals (from PDF),,,,,,,2026/2/7,
Starbucks,chai-tea-latte-semi-skimmed-milk-grande,Chai Tea Latte - semi skimmed milk Grande,,181,7.4,3.7,29.4,96,2.3,,,0.3,29.3,,,,,,,,,,,,,,,,,,,,Winter FY26 UK/IRE beverage nutritionals (from PDF),,,,,,,2026/2/7,
Starbucks,chai-tea-latte-semi-skimmed-milk-venti,Chai Tea Latte - semi skimmed milk Venti,,227,9.3,4.6,36.8,120,2.9,,,0.3,36.7,,,,,,,,,,,,,,,,,,,,Winter FY26 UK/IRE beverage nutritionals (from PDF),,,,,,,2026/2/7,
Starbucks,chai-tea-latte-whole-milk-short,Chai Tea Latte - whole milk Short,,105,3.5,3.7,14.5,44,2.3,,,0.1,14.4,,,,,,,,,,,,,,,,,,,,Winter FY26 UK/IRE beverage nutritionals (from PDF),,,,,,,2026/2/7,
Starbucks,chai-tea-latte-whole-milk-tall,Chai Tea Latte - whole milk Tall,,152,5,5.3,21.3,64,3.3,,,0.2,21.2,,,,,,,,,,,,,,,,,,,,Winter FY26 UK/IRE beverage nutritionals (from PDF),,,,,,,2026/2/7,
Starbucks,chai-tea-latte-whole-milk-grande,Chai Tea Latte - whole milk Grande,,214,7.2,7.7,29.2,96,4.8,,,0.3,29.1,,,,,,,,,,,,,,,,,,,,Winter FY26 UK/IRE beverage nutritionals (from PDF),,,,,,,2026/2/7,
Starbucks,chai-tea-latte-whole-milk-venti,Chai Tea Latte - whole milk Venti,,269,9.1,9.6,36.6,120,6.1,,,0.3,36.4,,,,,,,,,,,,,,,,,,,,Winter FY26 UK/IRE beverage nutritionals (from PDF),,,,,,,2026/2/7,
Starbucks,chai-tea-latte-skimmed-milk-short,Chai Tea Latte - skimmed milk Short,,77,3.6,0.4,14.7,48,0.1,,,0.1,14.6,,,,,,,,,,,,,,,,,,,,Winter FY26 UK/IRE beverage nutritionals (from PDF),,,,,,,2026/2/7,
Starbucks,chai-tea-latte-skimmed-milk-tall,Chai Tea Latte - skimmed milk Tall,,112,5.1,0.5,21.6,68,0.2,,,0.2,21.5,,,,,,,,,,,,,,,,,,,,Winter FY26 UK/IRE beverage nutritionals (from PDF),,,,,,,2026/2/7,
Starbucks,chai-tea-latte-skimmed-milk-grande,Chai Tea Latte - skimmed milk Grande,,156,7.4,0.7,29.6,100,0.3,,,0.3,29.5,,,,,,,,,,,,,,,,,,,,Winter FY26 UK/IRE beverage nutritionals (from PDF),,,,,,,2026/2/7,
Starbucks,chai-tea-latte-skimmed-milk-venti,Chai Tea Latte - skimmed milk Venti,,195,9.3,0.9,37.1,124,0.4,,,0.3,37,,,,,,,,,,,,,,,,,,,,Winter FY26 UK/IRE beverage nutritionals (from PDF),,,,,,,2026/2/7,
Starbucks,chai-tea-latte-almond-drink-short,Chai Tea Latte - almond drink Short,,65,0.5,1.2,12.3,32,0.1,,,0.3,12.2,,,,,,,,,,,,,,,,,,,,Winter FY26 UK/IRE beverage nutritionals (from PDF),,,,,,,2026/2/7,
Starbucks,chai-tea-latte-almond-drink-tall,Chai Tea Latte - almond drink Tall,,96,0.8,1.8,18.2,48,0.1,,,0.5,18.1,,,,,,,,,,,,,,,,,,,,Winter FY26 UK/IRE beverage nutritionals (from PDF),,,,,,,2026/2/7,
Starbucks,chai-tea-latte-almond-drink-grande,Chai Tea Latte - almond drink Grande,,132,1.1,2.6,24.7,68,0.2,,,0.7,24.6,,,,,,,,,,,,,,,,,,,,Winter FY26 UK/IRE beverage nutritionals (from PDF),,,,,,,2026/2/7,
Starbucks,chai-tea-latte-almond-drink-venti,Chai Tea Latte - almond drink Venti,,166,1.4,3.2,30.9,84,0.3,,,0.9,30.8,,,,,,,,,,,,,,,,,,,,Winter FY26 UK/IRE beverage nutritionals (from PDF),,,,,,,2026/2/7,
Starbucks,chai-tea-latte-soya-drink-short,Chai Tea Latte - soya drink Short,,82,3.3,1.9,12.4,40,0.3,,,0.7,12.2,,,,,,,,,,,,,,,,,,,,Winter FY26 UK/IRE beverage nutritionals (from PDF),,,,,,,2026/2/7,
Starbucks,chai-tea-latte-soya-drink-tall,Chai Tea Latte - soya drink Tall,,119,4.7,2.7,18.3,56,0.4,,,1,18.1,,,,,,,,,,,,,,,,,,,,Winter FY26 UK/IRE beverage nutritionals (from PDF),,,,,,,2026/2/7,
Starbucks,chai-tea-latte-soya-drink-grande,Chai Tea Latte - soya drink Grande,,166,6.9,4,24.9,80,0.6,,,1.5,24.6,,,,,,,,,,,,,,,,,,,,Winter FY26 UK/IRE beverage nutritionals (from PDF),,,,,,,2026/2/7,
Starbucks,chai-tea-latte-soya-drink-venti,Chai Tea Latte - soya drink Venti,,208,8.6,5,31.1,100,0.8,,,1.9,30.7,,,,,,,,,,,,,,,,,,,,Winter FY26 UK/IRE beverage nutritionals (from PDF),,,,,,,2026/2/7,
Starbucks,chai-tea-latte-oat-drink-short,Chai Tea Latte - oat drink Short,,98,0.8,3,16.4,56,0.3,,,1.1,13,,,,,,,,,,,,,,,,,,,,Winter FY26 UK/IRE beverage nutritionals (from PDF),,,,,,,2026/2/7,
Starbucks,chai-tea-latte-oat-drink-tall,Chai Tea Latte - oat drink Tall,,142,1.2,4.3,24,76,0.4,,,1.6,19.2,,,,,,,,,,,,,,,,,,,,Winter FY26 UK/IRE beverage nutritionals (from PDF),,,,,,,2026/2/7,
Starbucks,chai-tea-latte-oat-drink-grande,Chai Tea Latte - oat drink Grande,,200,1.7,6.2,33.2,112,0.6,,,2.3,26.2,,,,,,,,,,,,,,,,,,,,Winter FY26 UK/IRE beverage nutritionals (from PDF),,,,,,,2026/2/7,
Starbucks,chai-tea-latte-oat-drink-venti,Chai Tea Latte - oat drink Venti,,250,2.2,7.8,41.6,140,0.8,,,2.9,32.8,,,,,,,,,,,,,,,,,,,,Winter FY26 UK/IRE beverage nutritionals (from PDF),,,,,,,2026/2/7,
Starbucks,chai-tea-latte-coconut-drink-short,Chai Tea Latte - coconut drink Short,,85,1.1,2.6,13.3,20,2.4,,,1.7,13.3,,,,,,,,,,,,,,,,,,,,Winter FY26 UK/IRE beverage nutritionals (from PDF),,,,,,,2026/2/7,
Starbucks,chai-tea-latte-coconut-drink-tall,Chai Tea Latte - coconut drink Tall,,123,1.5,3.7,19.7,32,3.3,,,2.4,19.6,,,,,,,,,,,,,,,,,,,,Winter FY26 UK/IRE beverage nutritionals (from PDF),,,,,,,2026/2/7,
Starbucks,chai-tea-latte-coconut-drink-grande,Chai Tea Latte - coconut drink Grande,,172,2.2,5.3,26.9,44,4.8,,,3.4,26.8,,,,,,,,,,,,,,,,,,,,Winter FY26 UK/IRE beverage nutritionals (from PDF),,,,,,,2026/2/7,
Starbucks,chai-tea-latte-coconut-drink-venti,Chai Tea Latte - coconut drink Venti,,216,2.7,6.7,33.7,56,6.1,,,4.3,33.5,,,,,,,,,,,,,,,,,,,,Winter FY26 UK/IRE beverage nutritionals (from PDF),,,,,,,2026/2/7,
Starbucks,iced-chai-tea-latte-semi-skimmed-milk-tall,Iced Chai Tea Latte - semi skimmed milk Tall,,132,5.3,2.6,21.7,68,1.7,,,0.2,21.7,,,,,,,,,,,,,,,,,,,,Winter FY26 UK/IRE beverage nutritionals (from PDF),,,,,,,2026/2/7,
Starbucks,iced-chai-tea-latte-semi-skimmed-milk-grande,Iced Chai Tea Latte - semi skimmed milk Grande,,180,7.4,3.6,29.3,96,2.3,,,0.3,29.2,,,,,,,,,,,,,,,,,,,,Winter FY26 UK/IRE beverage nutritionals (from PDF),,,,,,,2026/2/7,
Starbucks,iced-chai-tea-latte-semi-skimmed-milk-venti,Iced Chai Tea Latte - semi skimmed milk Venti,,209,8,4,35.1,104,2.5,,,0.3,35,,,,,,,,,,,,,,,,,,,,Winter FY26 UK/IRE beverage nutritionals (from PDF),,,,,,,2026/2/7,
Starbucks,iced-chai-tea-latte-whole-milk-tall,Iced Chai Tea Latte - whole milk Tall,,156,5.2,5.5,21.6,68,3.5,,,0.2,21.5,,,,,,,,,,,,,,,,,,,,Winter FY26 UK/IRE beverage nutritionals (from PDF),,,,,,,2026/2/7,
Starbucks,iced-chai-tea-latte-whole-milk-grande,Iced Chai Tea Latte - whole milk Grande,,213,7.2,7.6,29.1,92,4.8,,,0.3,29,,,,,,,,,,,,,,,,,,,,Winter FY26 UK/IRE beverage nutritionals (from PDF),,,,,,,2026/2/7,
Starbucks,iced-chai-tea-latte-whole-milk-venti,Iced Chai Tea Latte - whole milk Venti,,245,7.8,8.3,34.8,104,5.2,,,0.3,34.7,,,,,,,,,,,,,,,,,,,,Winter FY26 UK/IRE beverage nutritionals (from PDF),,,,,,,2026/2/7,
Starbucks,iced-chai-tea-latte-skimmed-milk-tall,Iced Chai Tea Latte - skimmed milk Tall,,114,5.3,0.5,21.9,72,0.2,,,0.2,21.8,,,,,,,,,,,,,,,,,,,,Winter FY26 UK/IRE beverage nutritionals (from PDF),,,,,,,2026/2/7,
Starbucks,iced-chai-tea-latte-skimmed-milk-grande,Iced Chai Tea Latte - skimmed milk Grande,,155,7.4,0.7,29.5,96,0.3,,,0.3,29.4,,,,,,,,,,,,,,,,,,,,Winter FY26 UK/IRE beverage nutritionals (from PDF),,,,,,,2026/2/7,
Starbucks,iced-chai-tea-latte-skimmed-milk-venti,Iced Chai Tea Latte - skimmed milk Venti,,181,8,0.8,35.3,108,0.3,,,0.3,35.2,,,,,,,,,,,,,,,,,,,,Winter FY26 UK/IRE beverage nutritionals (from PDF),,,,,,,2026/2/7,
Starbucks,iced-chai-tea-latte-almond-drink-tall,Iced Chai Tea Latte - almond drink Tall,,98,0.8,1.8,18.4,48,0.2,,,0.5,18.3,,,,,,,,,,,,,,,,,,,,Winter FY26 UK/IRE beverage nutritionals (from PDF),,,,,,,2026/2/7,
Starbucks,iced-chai-tea-latte-almond-drink-grande,Iced Chai Tea Latte - almond drink Grande,,132,1.1,2.5,24.6,68,0.2,,,0.7,24.6,,,,,,,,,,,,,,,,,,,,Winter FY26 UK/IRE beverage nutritionals (from PDF),,,,,,,2026/2/7,
Starbucks,iced-chai-tea-latte-almond-drink-venti,Iced Chai Tea Latte - almond drink Venti,,157,1.2,2.8,30,72,0.2,,,0.8,29.9,,,,,,,,,,,,,,,,,,,,Winter FY26 UK/IRE beverage nutritionals (from PDF),,,,,,,2026/2/7,
Starbucks,iced-chai-tea-latte-soya-drink-tall,Iced Chai Tea Latte - soya drink Tall,,122,4.9,2.9,18.5,56,0.4,,,1.1,18.3,,,,,,,,,,,,,,,,,,,,Winter FY26 UK/IRE beverage nutritionals (from PDF),,,,,,,2026/2/7,
Starbucks,iced-chai-tea-latte-soya-drink-grande,Iced Chai Tea Latte - soya drink Grande,,165,6.8,3.9,24.8,80,0.6,,,1.5,24.5,,,,,,,,,,,,,,,,,,,,Winter FY26 UK/IRE beverage nutritionals (from PDF),,,,,,,2026/2/7,
Starbucks,iced-chai-tea-latte-soya-drink-venti,Iced Chai Tea Latte - soya drink Venti,,193,7.4,4.3,30.2,88,0.7,,,1.7,29.8,,,,,,,,,,,,,,,,,,,,Winter FY26 UK/IRE beverage nutritionals (from PDF),,,,,,,2026/2/7,
Starbucks,iced-chai-tea-latte-oat-drink-tall,Iced Chai Tea Latte - oat drink Tall,,146,1.2,4.4,24.4,80,0.4,,,1.7,19.4,,,,,,,,,,,,,,,,,,,,Winter FY26 UK/IRE beverage nutritionals (from PDF),,,,,,,2026/2/7,
Starbucks,iced-chai-tea-latte-oat-drink-grande,Iced Chai Tea Latte - oat drink Grande,,198,1.7,6.1,33,112,0.6,,,2.3,26.1,,,,,,,,,,,,,,,,,,,,Winter FY26 UK/IRE beverage nutritionals (from PDF),,,,,,,2026/2/7,
Starbucks,iced-chai-tea-latte-oat-drink-venti,Iced Chai Tea Latte - oat drink Venti,,229,1.9,6.7,39.1,120,0.7,,,2.5,31.6,,,,,,,,,,,,,,,,,,,,Winter FY26 UK/IRE beverage nutritionals (from PDF),,,,,,,2026/2/7,
Starbucks,iced-chai-tea-latte-coconut-drink-tall,Iced Chai Tea Latte - coconut drink Tall,,126,1.6,3.8,19.9,32,3.5,,,2.5,19.9,,,,,,,,,,,,,,,,,,,,Winter FY26 UK/IRE beverage nutritionals (from PDF),,,,,,,2026/2/7,
Starbucks,iced-chai-tea-latte-coconut-drink-grande,Iced Chai Tea Latte - coconut drink Grande,,171,2.2,5.3,26.8,44,4.8,,,3.4,26.7,,,,,,,,,,,,,,,,,,,,Winter FY26 UK/IRE beverage nutritionals (from PDF),,,,,,,2026/2/7,
Starbucks,iced-chai-tea-latte-coconut-drink-venti,Iced Chai Tea Latte - coconut drink Venti,,200,2.4,5.8,32.3,48,5.2,,,3.7,32.2,,,,,,,,,,,,,,,,,,,,Winter FY26 UK/IRE beverage nutritionals (from PDF),,,,,,,2026/2/7,
Starbucks,pistachio-velvet-latte-semi-skimmed-milk-tall,Pistachio Velvet Latte - semi skimmed milk Tall,,212,10.5,5.5,30.1,184,3.8,,,0.3,29.2,,,,,,,,,,,,,,,,,,,,Winter FY26 UK/IRE beverage nutritionals (from PDF),,,,,,,2026/2/7,
Starbucks,pistachio-velvet-latte-semi-skimmed-milk-grande,Pistachio Velvet Latte - semi skimmed milk Grande,,265,12.8,6.8,37.9,232,4.7,,,0.4,37,,,,,,,,,,,,,,,,,,,,Winter FY26 UK/IRE beverage nutritionals (from PDF),,,,,,,2026/2/7,
Starbucks,pistachio-velvet-latte-semi-skimmed-milk-venti,Pistachio Velvet Latte - semi skimmed milk Venti,,340,16.7,8.9,48.1,296,6.1,,,0.5,46.8,,,,,,,,,,,,,,,,,,,,Winter FY26 UK/IRE beverage nutritionals (from PDF),,,,,,,2026/2/7,
Starbucks,pistachio-velvet-latte-whole-milk-tall,Pistachio Velvet Latte - whole milk Tall,,246,10.3,9.4,29.9,184,6.3,,,0.3,29,,,,,,,,,,,,,,,,,,,,Winter FY26 UK/IRE beverage nutritionals (from PDF),,,,,,,2026/2/7,
Starbucks,pistachio-velvet-latte-whole-milk-grande,Pistachio Velvet Latte - whole milk Grande,,305,12.5,11.6,37.7,232,7.7,,,0.4,36.7,,,,,,,,,,,,,,,,,,,,Winter FY26 UK/IRE beverage nutritionals (from PDF),,,,,,,2026/2/7,
Starbucks,pistachio-velvet-latte-whole-milk-venti,Pistachio Velvet Latte - whole milk Venti,,395,16.4,15.3,47.8,292,10.2,,,0.5,46.4,,,,,,,,,,,,,,,,,,,,Winter FY26 UK/IRE beverage nutritionals (from PDF),,,,,,,2026/2/7,
Starbucks,pistachio-velvet-latte-skimmed-milk-tall,Pistachio Velvet Latte - skimmed milk Tall,,187,10.5,2.5,30.3,188,1.8,,,0.3,29.4,,,,,,,,,,,,,,,,,,,,Winter FY26 UK/IRE beverage nutritionals (from PDF),,,,,,,2026/2/7,
Starbucks,pistachio-velvet-latte-skimmed-milk-grande,Pistachio Velvet Latte - skimmed milk Grande,,234,12.8,3.2,38.2,236,2.3,,,0.4,37.2,,,,,,,,,,,,,,,,,,,,Winter FY26 UK/IRE beverage nutritionals (from PDF),,,,,,,2026/2/7,
Starbucks,pistachio-velvet-latte-skimmed-milk-venti,Pistachio Velvet Latte - skimmed milk Venti,,299,16.7,4.1,48.5,300,2.8,,,0.5,47.1,,,,,,,,,,,,,,,,,,,,Winter FY26 UK/IRE beverage nutritionals (from PDF),,,,,,,2026/2/7,
Starbucks,pistachio-velvet-latte-almond-drink-tall,Pistachio Velvet Latte - almond drink Tall,,164,4.2,4.4,25.4,156,1.7,,,0.7,24.5,,,,,,,,,,,,,,,,,,,,Winter FY26 UK/IRE beverage nutritionals (from PDF),,,,,,,2026/2/7,
Starbucks,pistachio-velvet-latte-almond-drink-grande,Pistachio Velvet Latte - almond drink Grande,,206,5.1,5.4,32.2,196,2.2,,,0.8,31.3,,,,,,,,,,,,,,,,,,,,Winter FY26 UK/IRE beverage nutritionals (from PDF),,,,,,,2026/2/7,
Starbucks,pistachio-velvet-latte-almond-drink-venti,Pistachio Velvet Latte - almond drink Venti,,262,6.4,7.1,40.5,248,2.7,,,1.2,39.1,,,,,,,,,,,,,,,,,,,,Winter FY26 UK/IRE beverage nutritionals (from PDF),,,,,,,2026/2/7,
Starbucks,pistachio-velvet-latte-soya-drink-tall,Pistachio Velvet Latte - soya drink Tall,,198,9.9,5.8,25.6,168,2.1,,,1.6,24.4,,,,,,,,,,,,,,,,,,,,Winter FY26 UK/IRE beverage nutritionals (from PDF),,,,,,,2026/2/7,
Starbucks,pistachio-velvet-latte-soya-drink-grande,Pistachio Velvet Latte - soya drink Grande,,247,12,7.1,32.5,212,2.7,,,1.8,31.3,,,,,,,,,,,,,,,,,,,,Winter FY26 UK/IRE beverage nutritionals (from PDF),,,,,,,2026/2/7,
Starbucks,pistachio-velvet-latte-soya-drink-venti,Pistachio Velvet Latte - soya drink Venti,,317,15.7,9.4,40.8,268,3.4,,,2.5,39,,,,,,,,,,,,,,,,,,,,Winter FY26 UK/IRE beverage nutritionals (from PDF),,,,,,,2026/2/7,
Starbucks,pistachio-velvet-latte-oat-drink-tall,Pistachio Velvet Latte - oat drink Tall,,231,4.8,8,33.8,200,2.1,,,2.4,26,,,,,,,,,,,,,,,,,,,,Winter FY26 UK/IRE beverage nutritionals (from PDF),,,,,,,2026/2/7,
Starbucks,pistachio-velvet-latte-oat-drink-grande,Pistachio Velvet Latte - oat drink Grande,,287,5.9,9.8,42.5,252,2.7,,,2.8,33.2,,,,,,,,,,,,,,,,,,,,Winter FY26 UK/IRE beverage nutritionals (from PDF),,,,,,,2026/2/7,
Starbucks,pistachio-velvet-latte-oat-drink-venti,Pistachio Velvet Latte - oat drink Venti,,371,7.4,13,54.3,320,3.4,,,3.8,41.6,,,,,,,,,,,,,,,,,,,,Winter FY26 UK/IRE beverage nutritionals (from PDF),,,,,,,2026/2/7,
Starbucks,pistachio-velvet-latte-coconut-drink-tall,Pistachio Velvet Latte - coconut drink Tall,,204,5.3,7.1,27.6,132,6.3,,,3.5,26.7,,,,,,,,,,,,,,,,,,,,Winter FY26 UK/IRE beverage nutritionals (from PDF),,,,,,,2026/2/7,
Starbucks,pistachio-velvet-latte-coconut-drink-grande,Pistachio Velvet Latte - coconut drink Grande,,254,6.4,8.8,34.9,168,7.7,,,4.1,33.9,,,,,,,,,,,,,,,,,,,,Winter FY26 UK/IRE beverage nutritionals (from PDF),,,,,,,2026/2/7,
Starbucks,pistachio-velvet-latte-coconut-drink-venti,Pistachio Velvet Latte - coconut drink Venti,,327,8.2,11.6,44,212,10.2,,,5.6,42.7,,,,,,,,,,,,,,,,,,,,Winter FY26 UK/IRE beverage nutritionals (from PDF),,,,,,,2026/2/7,
Starbucks,iced-pistachio-latte-semi-skimmed-milk-tall,Iced Pistachio Latte - semi skimmed milk Tall,,176,7.9,4.2,26.5,152,3,,,0.3,25.6,,,,,,,,,,,,,,,,,,,,Winter FY26 UK/IRE beverage nutritionals (from PDF),,,,,,,2026/2/7,
Starbucks,iced-pistachio-latte-semi-skimmed-milk-grande,Iced Pistachio Latte - semi skimmed milk Grande,,242,11.1,6,35.7,212,4.2,,,0.4,34.8,,,,,,,,,,,,,,,,,,,,Winter FY26 UK/IRE beverage nutritionals (from PDF),,,,,,,2026/2/7,
Starbucks,iced-pistachio-latte-semi-skimmed-milk-venti,Iced Pistachio Latte - semi skimmed milk Venti,,274,11.9,6.5,41.7,240,4.6,,,0.5,40.3,,,,,,,,,,,,,,,,,,,,Winter FY26 UK/IRE beverage nutritionals (from PDF),,,,,,,2026/2/7,
Starbucks,iced-pistachio-latte-whole-milk-tall,Iced Pistachio Latte - whole milk Tall,,198,7.7,6.7,26.4,152,4.5,,,0.3,25.5,,,,,,,,,,,,,,,,,,,,Winter FY26 UK/IRE beverage nutritionals (from PDF),,,,,,,2026/2/7,
Starbucks,iced-pistachio-latte-whole-milk-grande,Iced Pistachio Latte - whole milk Grande,,275,10.9,9.9,35.5,212,6.7,,,0.4,34.6,,,,,,,,,,,,,,,,,,,,Winter FY26 UK/IRE beverage nutritionals (from PDF),,,,,,,2026/2/7,
Starbucks,iced-pistachio-latte-whole-milk-venti,Iced Pistachio Latte - whole milk Venti,,307,11.7,10.4,41.5,236,7,,,0.5,40.1,,,,,,,,,,,,,,,,,,,,Winter FY26 UK/IRE beverage nutritionals (from PDF),,,,,,,2026/2/7,
Starbucks,iced-pistachio-latte-skimmed-milk-tall,Iced Pistachio Latte - skimmed milk Tall,,160,7.9,2.3,26.7,156,1.7,,,0.3,25.8,,,,,,,,,,,,,,,,,,,,Winter FY26 UK/IRE beverage nutritionals (from PDF),,,,,,,2026/2/7,
Starbucks,iced-pistachio-latte-skimmed-milk-grande,Iced Pistachio Latte - skimmed milk Grande,,218,11.1,3.1,36,216,2.2,,,0.4,35,,,,,,,,,,,,,,,,,,,,Winter FY26 UK/IRE beverage nutritionals (from PDF),,,,,,,2026/2/7,
Starbucks,iced-pistachio-latte-skimmed-milk-venti,Iced Pistachio Latte - skimmed milk Venti,,250,11.9,3.7,41.9,240,2.6,,,0.5,40.5,,,,,,,,,,,,,,,,,,,,Winter FY26 UK/IRE beverage nutritionals (from PDF),,,,,,,2026/2/7,
Starbucks,iced-pistachio-latte-almond-drink-tall,Iced Pistachio Latte - almond drink Tall,,146,3.9,3.5,23.5,136,1.6,,,0.6,22.6,,,,,,,,,,,,,,,,,,,,Winter FY26 UK/IRE beverage nutritionals (from PDF),,,,,,,2026/2/7,
Starbucks,iced-pistachio-latte-almond-drink-grande,Iced Pistachio Latte - almond drink Grande,,195,4.9,4.9,31.1,184,2.1,,,0.8,30.2,,,,,,,,,,,,,,,,,,,,Winter FY26 UK/IRE beverage nutritionals (from PDF),,,,,,,2026/2/7,
Starbucks,iced-pistachio-latte-almond-drink-venti,Iced Pistachio Latte - almond drink Venti,,227,5.7,5.5,37.1,208,2.6,,,0.9,35.7,,,,,,,,,,,,,,,,,,,,Winter FY26 UK/IRE beverage nutritionals (from PDF),,,,,,,2026/2/7,
Starbucks,iced-pistachio-latte-soya-drink-tall,Iced Pistachio Latte - soya drink Tall,,167,7.5,4.4,23.7,144,1.9,,,1.1,22.6,,,,,,,,,,,,,,,,,,,,Winter FY26 UK/IRE beverage nutritionals (from PDF),,,,,,,2026/2/7,
Starbucks,iced-pistachio-latte-soya-drink-grande,Iced Pistachio Latte - soya drink Grande,,228,10.6,6.3,31.3,196,2.5,,,1.6,30.1,,,,,,,,,,,,,,,,,,,,Winter FY26 UK/IRE beverage nutritionals (from PDF),,,,,,,2026/2/7,
Starbucks,iced-pistachio-latte-soya-drink-venti,Iced Pistachio Latte - soya drink Venti,,260,11.3,6.8,37.3,220,3,,,1.7,35.7,,,,,,,,,,,,,,,,,,,,Winter FY26 UK/IRE beverage nutritionals (from PDF),,,,,,,2026/2/7,
Starbucks,iced-pistachio-latte-oat-drink-tall,Iced Pistachio Latte - oat drink Tall,,188,4.3,5.8,28.9,164,1.9,,,1.6,23.6,,,,,,,,,,,,,,,,,,,,Winter FY26 UK/IRE beverage nutritionals (from PDF),,,,,,,2026/2/7,
Starbucks,iced-pistachio-latte-oat-drink-grande,Iced Pistachio Latte - oat drink Grande,,261,5.5,8.5,39.5,228,2.5,,,2.4,31.7,,,,,,,,,,,,,,,,,,,,Winter FY26 UK/IRE beverage nutritionals (from PDF),,,,,,,2026/2/7,
Starbucks,iced-pistachio-latte-oat-drink-venti,Iced Pistachio Latte - oat drink Venti,,293,6.3,9,45.3,252,3,,,2.5,37.2,,,,,,,,,,,,,,,,,,,,Winter FY26 UK/IRE beverage nutritionals (from PDF),,,,,,,2026/2/7,
Starbucks,iced-pistachio-latte-coconut-drink-tall,Iced Pistachio Latte - coconut drink Tall,,171,4.5,5.2,24.9,120,4.6,,,2.3,24,,,,,,,,,,,,,,,,,,,,Winter FY26 UK/IRE beverage nutritionals (from PDF),,,,,,,2026/2/7,
Starbucks,iced-pistachio-latte-coconut-drink-grande,Iced Pistachio Latte - coconut drink Grande,,234,6,7.6,33.3,160,6.7,,,3.5,32.3,,,,,,,,,,,,,,,,,,,,Winter FY26 UK/IRE beverage nutritionals (from PDF),,,,,,,2026/2/7,
Starbucks,iced-pistachio-latte-coconut-drink-venti,Iced Pistachio Latte - coconut drink Venti,,266,6.8,8.1,39.2,188,7.1,,,3.6,37.8,,,,,,,,,,,,,,,,,,,,Winter FY26 UK/IRE beverage nutritionals (from PDF),,,,,,,2026/2/7,
Starbucks,pistachio-hot-chocolateuk-semi-skimmed-milk-tall,Pistachio Hot ChocolateUK - semi skimmed milk Tall,,205,10.8,5.1,28.2,112,3.3,,,1.9,27.2,,,,,,,,,,,,,,,,,,,,Winter FY26 UK/IRE beverage nutritionals (from PDF),,,,,,,2026/2/7,
Starbucks,pistachio-hot-chocolateuk-semi-skimmed-milk-grande,Pistachio Hot ChocolateUK - semi skimmed milk Grande,,267,13.9,6.6,36.6,144,4.2,,,2.5,35.3,,,,,,,,,,,,,,,,,,,,Winter FY26 UK/IRE beverage nutritionals (from PDF),,,,,,,2026/2/7,
Starbucks,pistachio-hot-chocolateuk-semi-skimmed-milk-venti,Pistachio Hot ChocolateUK - semi skimmed milk Venti,,351,18.8,9,47.3,192,5.8,,,3.2,45.6,,,,,,,,,,,,,,,,,,,,Winter FY26 UK/IRE beverage nutritionals (from PDF),,,,,,,2026/2/7,
Starbucks,pistachio-hot-chocolateuk-whole-milk-tall,Pistachio Hot ChocolateUK - whole milk Tall,,235,10.6,8.5,28,112,5.4,,,1.9,27,,,,,,,,,,,,,,,,,,,,Winter FY26 UK/IRE beverage nutritionals (from PDF),,,,,,,2026/2/7,
Starbucks,pistachio-hot-chocolateuk-whole-milk-grande,Pistachio Hot ChocolateUK - whole milk Grande,,305,13.7,11.1,36.4,140,7.1,,,2.5,35,,,,,,,,,,,,,,,,,,,,Winter FY26 UK/IRE beverage nutritionals (from PDF),,,,,,,2026/2/7,
Starbucks,pistachio-hot-chocolateuk-whole-milk-venti,Pistachio Hot ChocolateUK - whole milk Venti,,406,18.5,15.5,46.9,192,9.8,,,3.2,45.2,,,,,,,,,,,,,,,,,,,,Winter FY26 UK/IRE beverage nutritionals (from PDF),,,,,,,2026/2/7,
Starbucks,pistachio-hot-chocolateuk-skimmed-milk-tall,Pistachio Hot ChocolateUK - skimmed milk Tall,,184,10.8,2.5,28.4,116,1.5,,,1.9,27.4,,,,,,,,,,,,,,,,,,,,Winter FY26 UK/IRE beverage nutritionals (from PDF),,,,,,,2026/2/7,
Starbucks,pistachio-hot-chocolateuk-skimmed-milk-grande,Pistachio Hot ChocolateUK - skimmed milk Grande,,238,13.9,3.3,36.8,144,2,,,2.5,35.5,,,,,,,,,,,,,,,,,,,,Winter FY26 UK/IRE beverage nutritionals (from PDF),,,,,,,2026/2/7,
Starbucks,pistachio-hot-chocolateuk-skimmed-milk-venti,Pistachio Hot ChocolateUK - skimmed milk Venti,,310,18.8,4.2,47.6,196,2.5,,,3.2,45.9,,,,,,,,,,,,,,,,,,,,Winter FY26 UK/IRE beverage nutritionals (from PDF),,,,,,,2026/2/7,
Starbucks,pistachio-hot-chocolateuk-almond-drink-tall,Pistachio Hot ChocolateUK - almond drink Tall,,164,5.3,4.1,24.1,88,1.4,,,2.3,23.1,,,,,,,,,,,,,,,,,,,,Winter FY26 UK/IRE beverage nutritionals (from PDF),,,,,,,2026/2/7,
Starbucks,pistachio-hot-chocolateuk-almond-drink-grande,Pistachio Hot ChocolateUK - almond drink Grande,,212,6.8,5.4,31.3,108,1.9,,,3,30,,,,,,,,,,,,,,,,,,,,Winter FY26 UK/IRE beverage nutritionals (from PDF),,,,,,,2026/2/7,
Starbucks,pistachio-hot-chocolateuk-almond-drink-venti,Pistachio Hot ChocolateUK - almond drink Venti,,273,8.5,7.2,39.6,144,2.4,,,3.8,37.9,,,,,,,,,,,,,,,,,,,,Winter FY26 UK/IRE beverage nutritionals (from PDF),,,,,,,2026/2/7,
Starbucks,pistachio-hot-chocolateuk-soya-drink-tall,Pistachio Hot ChocolateUK - soya drink Tall,,193,10.3,5.4,24.3,96,1.8,,,3,23.1,,,,,,,,,,,,,,,,,,,,Winter FY26 UK/IRE beverage nutritionals (from PDF),,,,,,,2026/2/7,
Starbucks,pistachio-hot-chocolateuk-soya-drink-grande,Pistachio Hot ChocolateUK - soya drink Grande,,250,13.3,7,31.5,124,2.3,,,3.9,29.9,,,,,,,,,,,,,,,,,,,,Winter FY26 UK/IRE beverage nutritionals (from PDF),,,,,,,2026/2/7,
Starbucks,pistachio-hot-chocolateuk-soya-drink-venti,Pistachio Hot ChocolateUK - soya drink Venti,,327,17.8,9.5,39.9,168,3,,,5.2,37.8,,,,,,,,,,,,,,,,,,,,Winter FY26 UK/IRE beverage nutritionals (from PDF),,,,,,,2026/2/7,
Starbucks,pistachio-hot-chocolateuk-oat-drink-tall,Pistachio Hot ChocolateUK - oat drink Tall,,222,5.9,7.3,31.5,124,1.8,,,3.7,24.5,,,,,,,,,,,,,,,,,,,,Winter FY26 UK/IRE beverage nutritionals (from PDF),,,,,,,2026/2/7,
Starbucks,pistachio-hot-chocolateuk-oat-drink-grande,Pistachio Hot ChocolateUK - oat drink Grande,,288,7.5,9.5,40.9,160,2.3,,,4.8,31.7,,,,,,,,,,,,,,,,,,,,Winter FY26 UK/IRE beverage nutritionals (from PDF),,,,,,,2026/2/7,
Starbucks,pistachio-hot-chocolateuk-oat-drink-venti,Pistachio Hot ChocolateUK - oat drink Venti,,382,9.5,13.1,53.4,216,3,,,6.5,40.4,,,,,,,,,,,,,,,,,,,,Winter FY26 UK/IRE beverage nutritionals (from PDF),,,,,,,2026/2/7,
Starbucks,pistachio-hot-chocolateuk-coconut-drink-tall,Pistachio Hot ChocolateUK - coconut drink Tall,,198,6.3,6.5,26,68,5.4,,,4.6,25,,,,,,,,,,,,,,,,,,,,Winter FY26 UK/IRE beverage nutritionals (from PDF),,,,,,,2026/2/7,
Starbucks,pistachio-hot-chocolateuk-coconut-drink-grande,Pistachio Hot ChocolateUK - coconut drink Grande,,257,8,8.5,33.8,84,7.1,,,6.1,32.4,,,,,,,,,,,,,,,,,,,,Winter FY26 UK/IRE beverage nutritionals (from PDF),,,,,,,2026/2/7,
Starbucks,pistachio-hot-chocolateuk-coconut-drink-venti,Pistachio Hot ChocolateUK - coconut drink Venti,,338,10.3,11.7,43.2,108,9.9,,,8.3,41.5,,,,,,,,,,,,,,,,,,,,Winter FY26 UK/IRE beverage nutritionals (from PDF),,,,,,,2026/2/7,
Starbucks,pistachio-iced-chocolate-semi-skimmed-milk-tall,Pistachio Iced Chocolate - semi skimmed milk Tall,,198,10.3,4.8,27.5,108,3.1,,,1.9,26.5,,,,,,,,,,,,,,,,,,,,Winter FY26 UK/IRE beverage nutritionals (from PDF),,,,,,,2026/2/7,
Starbucks,pistachio-iced-chocolate-semi-skimmed-milk-grande,Pistachio Iced Chocolate - semi skimmed milk Grande,,269,14.1,6.7,36.8,144,4.3,,,2.5,35.5,,,,,,,,,,,,,,,,,,,,Winter FY26 UK/IRE beverage nutritionals (from PDF),,,,,,,2026/2/7,
Starbucks,pistachio-iced-chocolate-semi-skimmed-milk-venti,Pistachio Iced Chocolate - semi skimmed milk Venti,,307,15.5,7.4,42.9,152,4.8,,,3.2,41.2,,,,,,,,,,,,,,,,,,,,Winter FY26 UK/IRE beverage nutritionals (from PDF),,,,,,,2026/2/7,
Starbucks,pistachio-iced-chocolate-whole-milk-tall,Pistachio Iced Chocolate - whole milk Tall,,225,10.1,8,27.3,104,5.1,,,1.9,26.3,,,,,,,,,,,,,,,,,,,,Winter FY26 UK/IRE beverage nutritionals (from PDF),,,,,,,2026/2/7,
Starbucks,pistachio-iced-chocolate-whole-milk-grande,Pistachio Iced Chocolate - whole milk Grande,,307,13.8,11.3,36.6,144,7.2,,,2.5,35.2,,,,,,,,,,,,,,,,,,,,Winter FY26 UK/IRE beverage nutritionals (from PDF),,,,,,,2026/2/7,
Starbucks,pistachio-iced-chocolate-whole-milk-venti,Pistachio Iced Chocolate - whole milk Venti,,347,15.3,12.2,42.6,152,7.7,,,3.2,41,,,,,,,,,,,,,,,,,,,,Winter FY26 UK/IRE beverage nutritionals (from PDF),,,,,,,2026/2/7,
Starbucks,pistachio-iced-chocolate-skimmed-milk-tall,Pistachio Iced Chocolate - skimmed milk Tall,,178,10.3,2.5,27.7,108,1.5,,,1.9,26.7,,,,,,,,,,,,,,,,,,,,Winter FY26 UK/IRE beverage nutritionals (from PDF),,,,,,,2026/2/7,
Starbucks,pistachio-iced-chocolate-skimmed-milk-grande,Pistachio Iced Chocolate - skimmed milk Grande,,240,14.1,3.3,37.1,148,2,,,2.5,35.7,,,,,,,,,,,,,,,,,,,,Winter FY26 UK/IRE beverage nutritionals (from PDF),,,,,,,2026/2/7,
Starbucks,pistachio-iced-chocolate-skimmed-milk-venti,Pistachio Iced Chocolate - skimmed milk Venti,,277,15.5,3.9,43.1,156,2.3,,,3.2,41.4,,,,,,,,,,,,,,,,,,,,Winter FY26 UK/IRE beverage nutritionals (from PDF),,,,,,,2026/2/7,
Starbucks,pistachio-iced-chocolate-almond-drink-tall,Pistachio Iced Chocolate - almond drink Tall,,160,5.3,4,23.8,84,1.4,,,2.2,22.7,,,,,,,,,,,,,,,,,,,,Winter FY26 UK/IRE beverage nutritionals (from PDF),,,,,,,2026/2/7,
Starbucks,pistachio-iced-chocolate-almond-drink-grande,Pistachio Iced Chocolate - almond drink Grande,,213,6.8,5.4,31.4,112,1.9,,,3,30.1,,,,,,,,,,,,,,,,,,,,Winter FY26 UK/IRE beverage nutritionals (from PDF),,,,,,,2026/2/7,
Starbucks,pistachio-iced-chocolate-almond-drink-venti,Pistachio Iced Chocolate - almond drink Venti,,250,8.1,6.1,37.3,120,2.3,,,3.7,35.6,,,,,,,,,,,,,,,,,,,,Winter FY26 UK/IRE beverage nutritionals (from PDF),,,,,,,2026/2/7,
Starbucks,pistachio-iced-chocolate-soya-drink-tall,Pistachio Iced Chocolate - soya drink Tall,,187,9.8,5.1,23.9,92,1.7,,,2.9,22.7,,,,,,,,,,,,,,,,,,,,Winter FY26 UK/IRE beverage nutritionals (from PDF),,,,,,,2026/2/7,
Starbucks,pistachio-iced-chocolate-soya-drink-grande,Pistachio Iced Chocolate - soya drink Grande,,252,13.4,7.1,31.6,124,2.3,,,4,30,,,,,,,,,,,,,,,,,,,,Winter FY26 UK/IRE beverage nutritionals (from PDF),,,,,,,2026/2/7,
Starbucks,pistachio-iced-chocolate-soya-drink-venti,Pistachio Iced Chocolate - soya drink Venti,,289,14.9,7.8,37.5,132,2.7,,,4.6,35.6,,,,,,,,,,,,,,,,,,,,Winter FY26 UK/IRE beverage nutritionals (from PDF),,,,,,,2026/2/7,
Starbucks,pistachio-iced-chocolate-oat-drink-tall,Pistachio Iced Chocolate - oat drink Tall,,214,5.7,6.9,30.5,116,1.7,,,3.5,24,,,,,,,,,,,,,,,,,,,,Winter FY26 UK/IRE beverage nutritionals (from PDF),,,,,,,2026/2/7,
Starbucks,pistachio-iced-chocolate-oat-drink-grande,Pistachio Iced Chocolate - oat drink Grande,,290,7.5,9.6,41.1,160,2.3,,,4.9,31.8,,,,,,,,,,,,,,,,,,,,Winter FY26 UK/IRE beverage nutritionals (from PDF),,,,,,,2026/2/7,
Starbucks,pistachio-iced-chocolate-oat-drink-venti,Pistachio Iced Chocolate - oat drink Venti,,329,8.8,10.4,47.4,172,2.7,,,5.6,37.5,,,,,,,,,,,,,,,,,,,,Winter FY26 UK/IRE beverage nutritionals (from PDF),,,,,,,2026/2/7,
Starbucks,pistachio-iced-chocolate-coconut-drink-tall,Pistachio Iced Chocolate - coconut drink Tall,,192,6.1,6.2,25.5,64,5.1,,,4.4,24.5,,,,,,,,,,,,,,,,,,,,Winter FY26 UK/IRE beverage nutritionals (from PDF),,,,,,,2026/2/7,
Starbucks,pistachio-iced-chocolate-coconut-drink-grande,Pistachio Iced Chocolate - coconut drink Grande,,259,8.1,8.6,33.9,84,7.2,,,6.1,32.6,,,,,,,,,,,,,,,,,,,,Winter FY26 UK/IRE beverage nutritionals (from PDF),,,,,,,2026/2/7,
Starbucks,pistachio-iced-chocolate-coconut-drink-venti,Pistachio Iced Chocolate - coconut drink Venti,,297,9.3,9.4,39.9,92,7.7,,,6.9,38.2,,,,,,,,,,,,,,,,,,,,Winter FY26 UK/IRE beverage nutritionals (from PDF),,,,,,,2026/2/7,
Starbucks,pistachio-velvet-matcha-latte-semi-skimmed-milk-tall,Pistachio Velvet Matcha Latte - semi skimmed milk Tall,,231,12.2,6.2,31.4,204,4.2,,,0.9,31.3,,,,,,,,,,,,,,,,,,,,Winter FY26 UK/IRE beverage nutritionals (from PDF),,,,,,,2026/2/7,
Starbucks,pistachio-velvet-matcha-latte-semi-skimmed-milk-grande,Pistachio Velvet Matcha Latte - semi skimmed milk Grande,,295,15.3,7.8,40.1,260,5.4,,,1.3,40,,,,,,,,,,,,,,,,,,,,Winter FY26 UK/IRE beverage nutritionals (from PDF),,,,,,,2026/2/7,
Starbucks,pistachio-velvet-matcha-latte-semi-skimmed-milk-venti,Pistachio Velvet Matcha Latte - semi skimmed milk Venti,,378,19.9,10.2,50.8,332,7,,,1.7,50.6,,,,,,,,,,,,,,,,,,,,Winter FY26 UK/IRE beverage nutritionals (from PDF),,,,,,,2026/2/7,
Starbucks,pistachio-velvet-matcha-latte-whole-milk-tall,Pistachio Velvet Matcha Latte - whole milk Tall,,272,11.9,11,31.1,204,7.2,,,0.9,31,,,,,,,,,,,,,,,,,,,,Winter FY26 UK/IRE beverage nutritionals (from PDF),,,,,,,2026/2/7,
Starbucks,pistachio-velvet-matcha-latte-whole-milk-grande,Pistachio Velvet Matcha Latte - whole milk Grande,,345,15,13.8,39.8,256,9.1,,,1.3,39.7,,,,,,,,,,,,,,,,,,,,Winter FY26 UK/IRE beverage nutritionals (from PDF),,,,,,,2026/2/7,
Starbucks,pistachio-velvet-matcha-latte-whole-milk-venti,Pistachio Velvet Matcha Latte - whole milk Venti,,445,19.5,18.2,50.3,328,12,,,1.7,50.2,,,,,,,,,,,,,,,,,,,,Winter FY26 UK/IRE beverage nutritionals (from PDF),,,,,,,2026/2/7,
Starbucks,pistachio-velvet-matcha-latte-skimmed-milk-tall,Pistachio Velvet Matcha Latte - skimmed milk Tall,,201,12.2,2.6,31.6,208,1.8,,,0.9,31.5,,,,,,,,,,,,,,,,,,,,Winter FY26 UK/IRE beverage nutritionals (from PDF),,,,,,,2026/2/7,
Starbucks,pistachio-velvet-matcha-latte-skimmed-milk-grande,Pistachio Velvet Matcha Latte - skimmed milk Grande,,257,15.3,3.4,40.4,264,2.3,,,1.3,40.3,,,,,,,,,,,,,,,,,,,,Winter FY26 UK/IRE beverage nutritionals (from PDF),,,,,,,2026/2/7,
Starbucks,pistachio-velvet-matcha-latte-skimmed-milk-venti,Pistachio Velvet Matcha Latte - skimmed milk Venti,,327,19.9,4.3,51.2,336,2.9,,,1.7,51,,,,,,,,,,,,,,,,,,,,Winter FY26 UK/IRE beverage nutritionals (from PDF),,,,,,,2026/2/7,
Starbucks,pistachio-velvet-matcha-latte-almond-drink-tall,Pistachio Velvet Matcha Latte - almond drink Tall,,173,4.6,4.9,25.7,168,1.7,,,1.4,25.6,,,,,,,,,,,,,,,,,,,,Winter FY26 UK/IRE beverage nutritionals (from PDF),,,,,,,2026/2/7,
Starbucks,pistachio-velvet-matcha-latte-almond-drink-grande,Pistachio Velvet Matcha Latte - almond drink Grande,,222,5.8,6.2,33.1,216,2.2,,,1.9,32.9,,,,,,,,,,,,,,,,,,,,Winter FY26 UK/IRE beverage nutritionals (from PDF),,,,,,,2026/2/7,
Starbucks,pistachio-velvet-matcha-latte-almond-drink-venti,Pistachio Velvet Matcha Latte - almond drink Venti,,281,7.3,8,41.3,272,2.8,,,2.5,41.1,,,,,,,,,,,,,,,,,,,,Winter FY26 UK/IRE beverage nutritionals (from PDF),,,,,,,2026/2/7,
Starbucks,pistachio-velvet-matcha-latte-soya-drink-tall,Pistachio Velvet Matcha Latte - soya drink Tall,,214,11.5,6.5,25.9,184,2.2,,,2.3,25.6,,,,,,,,,,,,,,,,,,,,Winter FY26 UK/IRE beverage nutritionals (from PDF),,,,,,,2026/2/7,
Starbucks,pistachio-velvet-matcha-latte-soya-drink-grande,Pistachio Velvet Matcha Latte - soya drink Grande,,273,14.5,8.3,33.3,236,2.8,,,3.2,32.9,,,,,,,,,,,,,,,,,,,,Winter FY26 UK/IRE beverage nutritionals (from PDF),,,,,,,2026/2/7,
Starbucks,pistachio-velvet-matcha-latte-soya-drink-venti,Pistachio Velvet Matcha Latte - soya drink Venti,,348,18.8,10.8,41.7,296,3.6,,,4.2,41.1,,,,,,,,,,,,,,,,,,,,Winter FY26 UK/IRE beverage nutritionals (from PDF),,,,,,,2026/2/7,
Starbucks,pistachio-velvet-matcha-latte-oat-drink-tall,Pistachio Velvet Matcha Latte - oat drink Tall,,254,5.3,9.2,35.9,224,2.2,,,3.3,27.5,,,,,,,,,,,,,,,,,,,,Winter FY26 UK/IRE beverage nutritionals (from PDF),,,,,,,2026/2/7,
Starbucks,pistachio-velvet-matcha-latte-oat-drink-grande,Pistachio Velvet Matcha Latte - oat drink Grande,,323,6.8,11.6,45.8,280,2.8,,,4.4,35.3,,,,,,,,,,,,,,,,,,,,Winter FY26 UK/IRE beverage nutritionals (from PDF),,,,,,,2026/2/7,
Starbucks,pistachio-velvet-matcha-latte-oat-drink-venti,Pistachio Velvet Matcha Latte - oat drink Venti,,416,8.5,15.3,58.3,360,3.6,,,5.8,44.3,,,,,,,,,,,,,,,,,,,,Winter FY26 UK/IRE beverage nutritionals (from PDF),,,,,,,2026/2/7,
Starbucks,pistachio-velvet-matcha-latte-coconut-drink-tall,Pistachio Velvet Matcha Latte - coconut drink Tall,,221,5.9,8.2,28.3,140,7.3,,,4.6,28.2,,,,,,,,,,,,,,,,,,,,Winter FY26 UK/IRE beverage nutritionals (from PDF),,,,,,,2026/2/7,
Starbucks,pistachio-velvet-matcha-latte-coconut-drink-grande,Pistachio Velvet Matcha Latte - coconut drink Grande,,282,7.5,10.3,36.3,180,9.2,,,6,36.2,,,,,,,,,,,,,,,,,,,,Winter FY26 UK/IRE beverage nutritionals (from PDF),,,,,,,2026/2/7,
Starbucks,pistachio-velvet-matcha-latte-coconut-drink-venti,Pistachio Velvet Matcha Latte - coconut drink Venti,,361,9.4,13.6,45.7,224,12.1,,,8,45.5,,,,,,,,,,,,,,,,,,,,Winter FY26 UK/IRE beverage nutritionals (from PDF),,,,,,,2026/2/7,
Starbucks,iced-pistachio-matcha-latte-semi-skimmed-milk-tall,Iced Pistachio Matcha Latte - semi skimmed milk Tall,,171,8.3,4.7,23.5,144,3.3,,,0.9,23.4,,,,,,,,,,,,,,,,,,,,Winter FY26 UK/IRE beverage nutritionals (from PDF),,,,,,,2026/2/7,
Starbucks,iced-pistachio-matcha-latte-semi-skimmed-milk-grande,Iced Pistachio Matcha Latte - semi skimmed milk Grande,,231,11.2,6.4,31.6,196,4.4,,,1.1,31.5,,,,,,,,,,,,,,,,,,,,Winter FY26 UK/IRE beverage nutritionals (from PDF),,,,,,,2026/2/7,
Starbucks,iced-pistachio-matcha-latte-semi-skimmed-milk-venti,Iced Pistachio Matcha Latte - semi skimmed milk Venti,,272,12.8,7.4,38,232,5.2,,,1.2,37.8,,,,,,,,,,,,,,,,,,,,Winter FY26 UK/IRE beverage nutritionals (from PDF),,,,,,,2026/2/7,
Starbucks,iced-pistachio-matcha-latte-whole-milk-tall,Iced Pistachio Matcha Latte - whole milk Tall,,202,8.1,8.3,23.3,144,5.5,,,0.9,23.2,,,,,,,,,,,,,,,,,,,,Winter FY26 UK/IRE beverage nutritionals (from PDF),,,,,,,2026/2/7,
Starbucks,iced-pistachio-matcha-latte-whole-milk-grande,Iced Pistachio Matcha Latte - whole milk Grande,,273,11,11.4,31.4,196,7.5,,,1.1,31.2,,,,,,,,,,,,,,,,,,,,Winter FY26 UK/IRE beverage nutritionals (from PDF),,,,,,,2026/2/7,
Starbucks,iced-pistachio-matcha-latte-whole-milk-venti,Iced Pistachio Matcha Latte - whole milk Venti,,319,12.5,13,37.7,228,8.7,,,1.2,37.5,,,,,,,,,,,,,,,,,,,,Winter FY26 UK/IRE beverage nutritionals (from PDF),,,,,,,2026/2/7,
Starbucks,iced-pistachio-matcha-latte-skimmed-milk-tall,Iced Pistachio Matcha Latte - skimmed milk Tall,,148,8.3,2,23.7,148,1.4,,,0.9,23.6,,,,,,,,,,,,,,,,,,,,Winter FY26 UK/IRE beverage nutritionals (from PDF),,,,,,,2026/2/7,
Starbucks,iced-pistachio-matcha-latte-skimmed-milk-grande,Iced Pistachio Matcha Latte - skimmed milk Grande,,200,11.2,2.7,31.9,200,1.9,,,1.1,31.8,,,,,,,,,,,,,,,,,,,,Winter FY26 UK/IRE beverage nutritionals (from PDF),,,,,,,2026/2/7,
Starbucks,iced-pistachio-matcha-latte-skimmed-milk-venti,Iced Pistachio Matcha Latte - skimmed milk Venti,,237,12.8,3.3,38.2,236,2.3,,,1.2,38.1,,,,,,,,,,,,,,,,,,,,Winter FY26 UK/IRE beverage nutritionals (from PDF),,,,,,,2026/2/7,
Starbucks,iced-pistachio-matcha-latte-almond-drink-tall,Iced Pistachio Matcha Latte - almond drink Tall,,127,2.5,3.7,19.2,120,1.4,,,1.3,19.1,,,,,,,,,,,,,,,,,,,,Winter FY26 UK/IRE beverage nutritionals (from PDF),,,,,,,2026/2/7,
Starbucks,iced-pistachio-matcha-latte-almond-drink-grande,Iced Pistachio Matcha Latte - almond drink Grande,,171,3.4,5,25.8,160,1.8,,,1.6,25.7,,,,,,,,,,,,,,,,,,,,Winter FY26 UK/IRE beverage nutritionals (from PDF),,,,,,,2026/2/7,
Starbucks,iced-pistachio-matcha-latte-almond-drink-venti,Iced Pistachio Matcha Latte - almond drink Venti,,205,4,5.9,31.4,192,2.2,,,1.8,31.2,,,,,,,,,,,,,,,,,,,,Winter FY26 UK/IRE beverage nutritionals (from PDF),,,,,,,2026/2/7,
Starbucks,iced-pistachio-matcha-latte-soya-drink-tall,Iced Pistachio Matcha Latte - soya drink Tall,,158,7.7,5,19.4,132,1.7,,,2,19.1,,,,,,,,,,,,,,,,,,,,Winter FY26 UK/IRE beverage nutritionals (from PDF),,,,,,,2026/2/7,
Starbucks,iced-pistachio-matcha-latte-soya-drink-grande,Iced Pistachio Matcha Latte - soya drink Grande,,213,10.5,6.8,26,176,2.3,,,2.7,25.6,,,,,,,,,,,,,,,,,,,,Winter FY26 UK/IRE beverage nutritionals (from PDF),,,,,,,2026/2/7,
Starbucks,iced-pistachio-matcha-latte-soya-drink-venti,Iced Pistachio Matcha Latte - soya drink Venti,,252,12,7.9,31.6,208,2.8,,,3,31.2,,,,,,,,,,,,,,,,,,,,Winter FY26 UK/IRE beverage nutritionals (from PDF),,,,,,,2026/2/7,
Starbucks,iced-pistachio-matcha-latte-oat-drink-tall,Iced Pistachio Matcha Latte - oat drink Tall,,188,3.1,7,26.9,160,1.7,,,2.7,20.5,,,,,,,,,,,,,,,,,,,,Winter FY26 UK/IRE beverage nutritionals (from PDF),,,,,,,2026/2/7,
Starbucks,iced-pistachio-matcha-latte-oat-drink-grande,Iced Pistachio Matcha Latte - oat drink Grande,,255,4.1,9.6,36.3,216,2.3,,,3.6,27.6,,,,,,,,,,,,,,,,,,,,Winter FY26 UK/IRE beverage nutritionals (from PDF),,,,,,,2026/2/7,
Starbucks,iced-pistachio-matcha-latte-oat-drink-venti,Iced Pistachio Matcha Latte - oat drink Venti,,299,4.8,11,43.2,252,2.8,,,4.1,33.4,,,,,,,,,,,,,,,,,,,,Winter FY26 UK/IRE beverage nutritionals (from PDF),,,,,,,2026/2/7,
Starbucks,iced-pistachio-matcha-latte-coconut-drink-tall,Iced Pistachio Matcha Latte - coconut drink Tall,,163,3.5,6.2,21.2,100,5.6,,,3.7,21.1,,,,,,,,,,,,,,,,,,,,Winter FY26 UK/IRE beverage nutritionals (from PDF),,,,,,,2026/2/7,
Starbucks,iced-pistachio-matcha-latte-coconut-drink-grande,Iced Pistachio Matcha Latte - coconut drink Grande,,221,4.7,8.5,28.5,132,7.6,,,5,28.4,,,,,,,,,,,,,,,,,,,,Winter FY26 UK/IRE beverage nutritionals (from PDF),,,,,,,2026/2/7,
Starbucks,iced-pistachio-matcha-latte-coconut-drink-venti,Iced Pistachio Matcha Latte - coconut drink Venti,,260,5.4,9.8,34.4,160,8.7,,,5.6,34.3,,,,,,,,,,,,,,,,,,,,Winter FY26 UK/IRE beverage nutritionals (from PDF),,,,,,,2026/2/7,
Starbucks,ristretto-bianco-semi-skimmed-milk-short,Ristretto Bianco - semi skimmed milk Short,,82,5.8,2.6,8.7,68,1.7,,,0,7.2,,,,,,,,,,,,,,,,,,,,Winter FY26 UK/IRE beverage nutritionals (from PDF),,,,,,,2026/2/7,
Starbucks,ristretto-bianco-whole-milk-short,Ristretto Bianco - whole milk Short,,106,5.6,5.5,8.5,64,3.5,,,0,7.1,,,,,,,,,,,,,,,,,,,,Winter FY26 UK/IRE beverage nutritionals (from PDF),,,,,,,2026/2/7,
Starbucks,ristretto-bianco-skimmed-milk-short,Ristretto Bianco - skimmed milk Short,,63,5.8,0.5,8.8,68,0.2,,,0,7.4,,,,,,,,,,,,,,,,,,,,Winter FY26 UK/IRE beverage nutritionals (from PDF),,,,,,,2026/2/7,
Starbucks,ristretto-bianco-almond-drink-short,Ristretto Bianco - almond drink Short,,47,1.2,1.9,5.2,44,0.2,,,0.3,3.8,,,,,,,,,,,,,,,,,,,,Winter FY26 UK/IRE beverage nutritionals (from PDF),,,,,,,2026/2/7,
Starbucks,ristretto-bianco-soya-drink-short,Ristretto Bianco - soya drink Short,,71,5.4,2.9,5.4,56,0.5,,,0.9,3.8,,,,,,,,,,,,,,,,,,,,Winter FY26 UK/IRE beverage nutritionals (from PDF),,,,,,,2026/2/7,
Starbucks,ristretto-bianco-oat-drink-short,Ristretto Bianco - oat drink Short,,95,1.6,4.5,11.4,76,0.5,,,1.5,4.9,,,,,,,,,,,,,,,,,,,,Winter FY26 UK/IRE beverage nutritionals (from PDF),,,,,,,2026/2/7,
Starbucks,ristretto-bianco-coconut-drink-short,Ristretto Bianco - coconut drink Short,,76,2,3.9,6.8,28,3.6,,,2.3,5.4,,,,,,,,,,,,,,,,,,,,Winter FY26 UK/IRE beverage nutritionals (from PDF),,,,,,,2026/2/7,
Starbucks,blonde-americano-tall,Blonde Americano Tall,,6,0.3,0.1,0.8,0,0,,,0.3,0.1,,,,,,,,,,,,,,,,,,,,Winter FY26 UK/IRE beverage nutritionals (from PDF),,,,,,,2026/2/7,
Starbucks,blonde-americano-grande,Blonde Americano Grande,,9,0.5,0.2,1.1,0,0.1,,,0.4,0.1,,,,,,,,,,,,,,,,,,,,Winter FY26 UK/IRE beverage nutritionals (from PDF),,,,,,,2026/2/7,
Starbucks,blonde-americano-venti,Blonde Americano Venti,,13,0.6,0.3,1.5,0,0.1,,,0.5,0.2,,,,,,,,,,,,,,,,,,,,Winter FY26 UK/IRE beverage nutritionals (from PDF),,,,,,,2026/2/7,
Starbucks,decaf-americano-tall,Decaf Americano Tall,,8,0.3,0.1,1.2,0,0,,,0.2,0.1,,,,,,,,,,,,,,,,,,,,Winter FY26 UK/IRE beverage nutritionals (from PDF),,,,,,,2026/2/7,
Starbucks,decaf-americano-grande,Decaf Americano Grande,,11,0.4,0.2,1.8,0,0.1,,,0.3,0.2,,,,,,,,,,,,,,,,,,,,Winter FY26 UK/IRE beverage nutritionals (from PDF),,,,,,,2026/2/7,
Starbucks,decaf-americano-venti,Decaf Americano Venti,,15,0.5,0.3,2.3,0,0.1,,,0.4,0.2,,,,,,,,,,,,,,,,,,,,Winter FY26 UK/IRE beverage nutritionals (from PDF),,,,,,,2026/2/7,
Starbucks,blonde-caffe-latte-semi-skimmed-milk-tall,Blonde Caffe Latte - semi skimmed milk Tall,,123,8.8,4.3,12.2,104,2.7,,,0.3,11.5,,,,,,,,,,,,,,,,,,,,Winter FY26 UK/IRE beverage nutritionals (from PDF),,,,,,,2026/2/7,
Starbucks,blonde-caffe-latte-semi-skimmed-milk-grande,Blonde Caffe Latte - semi skimmed milk Grande,,151,10.8,5.2,14.9,128,3.4,,,0.3,14.2,,,,,,,,,,,,,,,,,,,,Winter FY26 UK/IRE beverage nutritionals (from PDF),,,,,,,2026/2/7,
Starbucks,blonde-caffe-latte-semi-skimmed-milk-venti,Blonde Caffe Latte - semi skimmed milk Venti,,203,14.6,7.1,20.1,172,4.5,,,0.4,19.1,,,,,,,,,,,,,,,,,,,,Winter FY26 UK/IRE beverage nutritionals (from PDF),,,,,,,2026/2/7,
Starbucks,blonde-caffe-latte-whole-milk-tall,Blonde Caffe Latte - whole milk Tall,,161,8.6,8.9,11.9,104,5.6,,,0.3,11.2,,,,,,,,,,,,,,,,,,,,Winter FY26 UK/IRE beverage nutritionals (from PDF),,,,,,,2026/2/7,
Starbucks,blonde-caffe-latte-whole-milk-grande,Blonde Caffe Latte - whole milk Grande,,199,10.5,11,14.6,128,6.9,,,0.3,13.9,,,,,,,,,,,,,,,,,,,,Winter FY26 UK/IRE beverage nutritionals (from PDF),,,,,,,2026/2/7,
Starbucks,blonde-caffe-latte-whole-milk-venti,Blonde Caffe Latte - whole milk Venti,,267,14.2,14.7,19.7,168,9.3,,,0.4,18.7,,,,,,,,,,,,,,,,,,,,Winter FY26 UK/IRE beverage nutritionals (from PDF),,,,,,,2026/2/7,
Starbucks,blonde-caffe-latte-skimmed-milk-tall,Blonde Caffe Latte - skimmed milk Tall,,94,8.8,0.9,12.4,108,0.4,,,0.3,11.7,,,,,,,,,,,,,,,,,,,,Winter FY26 UK/IRE beverage nutritionals (from PDF),,,,,,,2026/2/7,
Starbucks,blonde-caffe-latte-skimmed-milk-grande,Blonde Caffe Latte - skimmed milk Grande,,114,10.8,1,15.2,132,0.4,,,0.3,14.5,,,,,,,,,,,,,,,,,,,,Winter FY26 UK/IRE beverage nutritionals (from PDF),,,,,,,2026/2/7,
Starbucks,blonde-caffe-latte-skimmed-milk-venti,Blonde Caffe Latte - skimmed milk Venti,,155,14.6,1.4,20.5,180,0.6,,,0.4,19.5,,,,,,,,,,,,,,,,,,,,Winter FY26 UK/IRE beverage nutritionals (from PDF),,,,,,,2026/2/7,
Starbucks,blonde-caffe-latte-almond-drink-tall,Blonde Caffe Latte - almond drink Tall,,67,1.5,3,6.7,72,0.3,,,0.7,6,,,,,,,,,,,,,,,,,,,,Winter FY26 UK/IRE beverage nutritionals (from PDF),,,,,,,2026/2/7,
Starbucks,blonde-caffe-latte-almond-drink-grande,Blonde Caffe Latte - almond drink Grande,,81,1.8,3.7,8.2,88,0.3,,,0.9,7.5,,,,,,,,,,,,,,,,,,,,Winter FY26 UK/IRE beverage nutritionals (from PDF),,,,,,,2026/2/7,
Starbucks,blonde-caffe-latte-almond-drink-venti,Blonde Caffe Latte - almond drink Venti,,110,2.5,5,11.1,116,0.5,,,1.2,10,,,,,,,,,,,,,,,,,,,,Winter FY26 UK/IRE beverage nutritionals (from PDF),,,,,,,2026/2/7,
Starbucks,blonde-caffe-latte-soya-drink-tall,Blonde Caffe Latte - soya drink Tall,,106,8.1,4.6,6.9,84,0.7,,,1.7,6,,,,,,,,,,,,,,,,,,,,Winter FY26 UK/IRE beverage nutritionals (from PDF),,,,,,,2026/2/7,
Starbucks,blonde-caffe-latte-soya-drink-grande,Blonde Caffe Latte - soya drink Grande,,129,10,5.7,8.4,104,0.9,,,2,7.4,,,,,,,,,,,,,,,,,,,,Winter FY26 UK/IRE beverage nutritionals (from PDF),,,,,,,2026/2/7,
Starbucks,blonde-caffe-latte-soya-drink-venti,Blonde Caffe Latte - soya drink Venti,,175,13.5,7.7,11.4,140,1.2,,,2.8,10,,,,,,,,,,,,,,,,,,,,Winter FY26 UK/IRE beverage nutritionals (from PDF),,,,,,,2026/2/7,
Starbucks,blonde-caffe-latte-oat-drink-tall,Blonde Caffe Latte - oat drink Tall,,145,2.2,7.2,16.5,120,0.7,,,2.6,7.8,,,,,,,,,,,,,,,,,,,,Winter FY26 UK/IRE beverage nutritionals (from PDF),,,,,,,2026/2/7,
Starbucks,blonde-caffe-latte-oat-drink-grande,Blonde Caffe Latte - oat drink Grande,,178,2.7,8.9,20.3,152,0.9,,,3.2,9.7,,,,,,,,,,,,,,,,,,,,Winter FY26 UK/IRE beverage nutritionals (from PDF),,,,,,,2026/2/7,
Starbucks,blonde-caffe-latte-oat-drink-venti,Blonde Caffe Latte - oat drink Venti,,239,3.6,11.9,27.3,204,1.2,,,4.3,13,,,,,,,,,,,,,,,,,,,,Winter FY26 UK/IRE beverage nutritionals (from PDF),,,,,,,2026/2/7,
Starbucks,blonde-caffe-latte-coconut-drink-tall,Blonde Caffe Latte - coconut drink Tall,,113,2.7,6.2,9.3,44,5.6,,,3.9,8.6,,,,,,,,,,,,,,,,,,,,Winter FY26 UK/IRE beverage nutritionals (from PDF),,,,,,,2026/2/7,
Starbucks,blonde-caffe-latte-coconut-drink-grande,Blonde Caffe Latte - coconut drink Grande,,139,3.3,7.6,11.3,56,7,,,4.8,10.6,,,,,,,,,,,,,,,,,,,,Winter FY26 UK/IRE beverage nutritionals (from PDF),,,,,,,2026/2/7,
Starbucks,blonde-caffe-latte-coconut-drink-venti,Blonde Caffe Latte - coconut drink Venti,,187,4.5,10.3,15.3,72,9.3,,,6.5,14.2,,,,,,,,,,,,,,,,,,,,Winter FY26 UK/IRE beverage nutritionals (from PDF),,,,,,,2026/2/7,
Starbucks,decaf-caffe-latte-semi-skimmed-milk-tall,Decaf Caffe Latte - semi skimmed milk Tall,,124,8.8,4.3,12.6,104,2.7,,,0.2,11.5,,,,,,,,,,,,,,,,,,,,Winter FY26 UK/IRE beverage nutritionals (from PDF),,,,,,,2026/2/7,
Starbucks,decaf-caffe-latte-semi-skimmed-milk-grande,Decaf Caffe Latte - semi skimmed milk Grande,,152,10.8,5.2,15.3,128,3.4,,,0.2,14.2,,,,,,,,,,,,,,,,,,,,Winter FY26 UK/IRE beverage nutritionals (from PDF),,,,,,,2026/2/7,
Starbucks,decaf-caffe-latte-semi-skimmed-milk-venti,Decaf Caffe Latte - semi skimmed milk Venti,,205,14.5,7.1,20.7,172,4.5,,,0.3,19.1,,,,,,,,,,,,,,,,,,,,Winter FY26 UK/IRE beverage nutritionals (from PDF),,,,,,,2026/2/7,
Starbucks,decaf-caffe-latte-whole-milk-tall,Decaf Caffe Latte - whole milk Tall,,163,8.5,8.9,12.3,104,5.6,,,0.2,11.3,,,,,,,,,,,,,,,,,,,,Winter FY26 UK/IRE beverage nutritionals (from PDF),,,,,,,2026/2/7,
Starbucks,decaf-caffe-latte-whole-milk-grande,Decaf Caffe Latte - whole milk Grande,,200,10.5,11,15,128,6.9,,,0.2,13.9,,,,,,,,,,,,,,,,,,,,Winter FY26 UK/IRE beverage nutritionals (from PDF),,,,,,,2026/2/7,
Starbucks,decaf-caffe-latte-whole-milk-venti,Decaf Caffe Latte - whole milk Venti,,269,14.1,14.7,20.3,168,9.3,,,0.3,18.7,,,,,,,,,,,,,,,,,,,,Winter FY26 UK/IRE beverage nutritionals (from PDF),,,,,,,2026/2/7,
Starbucks,decaf-caffe-latte-skimmed-milk-tall,Decaf Caffe Latte - skimmed milk Tall,,95,8.8,0.9,12.8,108,0.4,,,0.2,11.8,,,,,,,,,,,,,,,,,,,,Winter FY26 UK/IRE beverage nutritionals (from PDF),,,,,,,2026/2/7,
Starbucks,decaf-caffe-latte-skimmed-milk-grande,Decaf Caffe Latte - skimmed milk Grande,,116,10.8,1,15.6,132,0.4,,,0.2,14.5,,,,,,,,,,,,,,,,,,,,Winter FY26 UK/IRE beverage nutritionals (from PDF),,,,,,,2026/2/7,
Starbucks,decaf-caffe-latte-skimmed-milk-venti,Decaf Caffe Latte - skimmed milk Venti,,157,14.5,1.4,21.1,180,0.6,,,0.3,19.5,,,,,,,,,,,,,,,,,,,,Winter FY26 UK/IRE beverage nutritionals (from PDF),,,,,,,2026/2/7,
Starbucks,decaf-caffe-latte-almond-drink-tall,Decaf Caffe Latte - almond drink Tall,,68,1.5,3,7.1,72,0.3,,,0.7,6.1,,,,,,,,,,,,,,,,,,,,Winter FY26 UK/IRE beverage nutritionals (from PDF),,,,,,,2026/2/7,
Starbucks,decaf-caffe-latte-almond-drink-grande,Decaf Caffe Latte - almond drink Grande,,83,1.7,3.7,8.6,88,0.3,,,0.8,7.5,,,,,,,,,,,,,,,,,,,,Winter FY26 UK/IRE beverage nutritionals (from PDF),,,,,,,2026/2/7,
Starbucks,decaf-caffe-latte-almond-drink-venti,Decaf Caffe Latte - almond drink Venti,,112,2.4,5,11.7,116,0.5,,,1.1,10.1,,,,,,,,,,,,,,,,,,,,Winter FY26 UK/IRE beverage nutritionals (from PDF),,,,,,,2026/2/7,
Starbucks,decaf-caffe-latte-soya-drink-tall,Decaf Caffe Latte - soya drink Tall,,107,8.1,4.6,7.3,84,0.7,,,1.7,6,,,,,,,,,,,,,,,,,,,,Winter FY26 UK/IRE beverage nutritionals (from PDF),,,,,,,2026/2/7,
Starbucks,decaf-caffe-latte-soya-drink-grande,Decaf Caffe Latte - soya drink Grande,,131,9.9,5.7,8.8,104,0.9,,,2,7.4,,,,,,,,,,,,,,,,,,,,Winter FY26 UK/IRE beverage nutritionals (from PDF),,,,,,,2026/2/7,
Starbucks,decaf-caffe-latte-soya-drink-venti,Decaf Caffe Latte - soya drink Venti,,177,13.4,7.7,12,140,1.2,,,2.7,10,,,,,,,,,,,,,,,,,,,,Winter FY26 UK/IRE beverage nutritionals (from PDF),,,,,,,2026/2/7,
Starbucks,decaf-caffe-latte-oat-drink-tall,Decaf Caffe Latte - oat drink Tall,,146,2.2,7.2,16.9,120,0.7,,,2.6,7.9,,,,,,,,,,,,,,,,,,,,Winter FY26 UK/IRE beverage nutritionals (from PDF),,,,,,,2026/2/7,
Starbucks,decaf-caffe-latte-oat-drink-grande,Decaf Caffe Latte - oat drink Grande,,179,2.6,8.9,20.7,152,0.9,,,3.1,9.7,,,,,,,,,,,,,,,,,,,,Winter FY26 UK/IRE beverage nutritionals (from PDF),,,,,,,2026/2/7,
Starbucks,decaf-caffe-latte-oat-drink-venti,Decaf Caffe Latte - oat drink Venti,,241,3.5,11.9,28,204,1.2,,,4.2,13.1,,,,,,,,,,,,,,,,,,,,Winter FY26 UK/IRE beverage nutritionals (from PDF),,,,,,,2026/2/7,
Starbucks,decaf-caffe-latte-coconut-drink-tall,Decaf Caffe Latte - coconut drink Tall,,114,2.7,6.2,9.7,44,5.6,,,3.9,8.6,,,,,,,,,,,,,,,,,,,,Winter FY26 UK/IRE beverage nutritionals (from PDF),,,,,,,2026/2/7,
Starbucks,decaf-caffe-latte-coconut-drink-grande,Decaf Caffe Latte - coconut drink Grande,,140,3.3,7.6,11.7,56,7,,,4.7,10.6,,,,,,,,,,,,,,,,,,,,Winter FY26 UK/IRE beverage nutritionals (from PDF),,,,,,,2026/2/7,
Starbucks,decaf-caffe-latte-coconut-drink-venti,Decaf Caffe Latte - coconut drink Venti,,189,4.4,10.3,15.9,72,9.3,,,6.4,14.3,,,,,,,,,,,,,,,,,,,,Winter FY26 UK/IRE beverage nutritionals (from PDF),,,,,,,2026/2/7,
Starbucks,blonde-latte-macchiato-semi-skimmed-milk-tall,Blonde Latte Macchiato - semi skimmed milk Tall,,112,8.1,3.9,11.2,96,2.5,,,0.3,10.5,,,,,,,,,,,,,,,,,,,,Winter FY26 UK/IRE beverage nutritionals (from PDF),,,,,,,2026/2/7,
Starbucks,blonde-latte-macchiato-semi-skimmed-milk-grande,Blonde Latte Macchiato - semi skimmed milk Grande,,146,10.5,5.1,14.4,124,3.2,,,0.3,13.7,,,,,,,,,,,,,,,,,,,,Winter FY26 UK/IRE beverage nutritionals (from PDF),,,,,,,2026/2/7,
Starbucks,blonde-latte-macchiato-semi-skimmed-milk-venti,Blonde Latte Macchiato - semi skimmed milk Venti,,193,13.8,6.7,19.1,164,4.3,,,0.4,18.1,,,,,,,,,,,,,,,,,,,,Winter FY26 UK/IRE beverage nutritionals (from PDF),,,,,,,2026/2/7,
Starbucks,blonde-latte-macchiato-whole-milk-short,Blonde Latte Macchiato - whole milk Short,,84,4.4,4.6,6.2,52,2.9,,,0.1,5.8,,,,,,,,,,,,,,,,,,,,Winter FY26 UK/IRE beverage nutritionals (from PDF),,,,,,,2026/2/7,
Starbucks,blonde-latte-macchiato-whole-milk-tall,Blonde Latte Macchiato - whole milk Tall,,148,7.8,8.1,10.9,92,5.1,,,0.3,10.3,,,,,,,,,,,,,,,,,,,,Winter FY26 UK/IRE beverage nutritionals (from PDF),,,,,,,2026/2/7,
Starbucks,blonde-latte-macchiato-whole-milk-grande,Blonde Latte Macchiato - whole milk Grande,,192,10.2,10.6,14.1,124,6.7,,,0.3,13.5,,,,,,,,,,,,,,,,,,,,Winter FY26 UK/IRE beverage nutritionals (from PDF),,,,,,,2026/2/7,
Starbucks,blonde-latte-macchiato-whole-milk-venti,Blonde Latte Macchiato - whole milk Venti,,254,13.5,13.9,18.7,160,8.8,,,0.4,17.7,,,,,,,,,,,,,,,,,,,,Winter FY26 UK/IRE beverage nutritionals (from PDF),,,,,,,2026/2/7,
Starbucks,blonde-latte-macchiato-skimmed-milk-tall,Blonde Latte Macchiato - skimmed milk Tall,,86,8.1,0.8,11.4,96,0.3,,,0.3,10.7,,,,,,,,,,,,,,,,,,,,Winter FY26 UK/IRE beverage nutritionals (from PDF),,,,,,,2026/2/7,
Starbucks,blonde-latte-macchiato-skimmed-milk-grande,Blonde Latte Macchiato - skimmed milk Grande,,111,10.5,1,14.7,128,0.4,,,0.3,14,,,,,,,,,,,,,,,,,,,,Winter FY26 UK/IRE beverage nutritionals (from PDF),,,,,,,2026/2/7,
Starbucks,blonde-latte-macchiato-skimmed-milk-venti,Blonde Latte Macchiato - skimmed milk Venti,,147,13.8,1.3,19.5,168,0.6,,,0.4,18.5,,,,,,,,,,,,,,,,,,,,Winter FY26 UK/IRE beverage nutritionals (from PDF),,,,,,,2026/2/7,
Starbucks,blonde-latte-macchiato-almond-drink-tall,Blonde Latte Macchiato - almond drink Tall,,62,1.4,2.7,6.2,64,0.3,,,0.7,5.5,,,,,,,,,,,,,,,,,,,,Winter FY26 UK/IRE beverage nutritionals (from PDF),,,,,,,2026/2/7,
Starbucks,blonde-latte-macchiato-almond-drink-grande,Blonde Latte Macchiato - almond drink Grande,,79,1.7,3.6,7.9,84,0.3,,,0.8,7.2,,,,,,,,,,,,,,,,,,,,Winter FY26 UK/IRE beverage nutritionals (from PDF),,,,,,,2026/2/7,
Starbucks,blonde-latte-macchiato-almond-drink-venti,Blonde Latte Macchiato - almond drink Venti,,105,2.4,4.7,10.5,112,0.4,,,1.2,9.5,,,,,,,,,,,,,,,,,,,,Winter FY26 UK/IRE beverage nutritionals (from PDF),,,,,,,2026/2/7,
Starbucks,blonde-latte-macchiato-soya-drink-tall,Blonde Latte Macchiato - soya drink Tall,,97,7.4,4.2,6.4,76,0.7,,,1.6,5.5,,,,,,,,,,,,,,,,,,,,Winter FY26 UK/IRE beverage nutritionals (from PDF),,,,,,,2026/2/7,
Starbucks,blonde-latte-macchiato-soya-drink-grande,Blonde Latte Macchiato - soya drink Grande,,125,9.7,5.5,8.1,104,0.9,,,2,7.2,,,,,,,,,,,,,,,,,,,,Winter FY26 UK/IRE beverage nutritionals (from PDF),,,,,,,2026/2/7,
Starbucks,blonde-latte-macchiato-soya-drink-venti,Blonde Latte Macchiato - soya drink Venti,,166,12.8,7.3,10.8,136,1.2,,,2.7,9.4,,,,,,,,,,,,,,,,,,,,Winter FY26 UK/IRE beverage nutritionals (from PDF),,,,,,,2026/2/7,
Starbucks,blonde-latte-macchiato-oat-drink-tall,Blonde Latte Macchiato - oat drink Tall,,132,2,6.6,15.1,112,0.7,,,2.4,7.2,,,,,,,,,,,,,,,,,,,,Winter FY26 UK/IRE beverage nutritionals (from PDF),,,,,,,2026/2/7,
Starbucks,blonde-latte-macchiato-oat-drink-grande,Blonde Latte Macchiato - oat drink Grande,,172,2.6,8.6,19.6,144,0.9,,,3.1,9.4,,,,,,,,,,,,,,,,,,,,Winter FY26 UK/IRE beverage nutritionals (from PDF),,,,,,,2026/2/7,
Starbucks,blonde-latte-macchiato-oat-drink-venti,Blonde Latte Macchiato - oat drink Venti,,227,3.5,11.3,26,192,1.2,,,4.1,12.4,,,,,,,,,,,,,,,,,,,,Winter FY26 UK/IRE beverage nutritionals (from PDF),,,,,,,2026/2/7,
Starbucks,blonde-latte-macchiato-coconut-drink-tall,Blonde Latte Macchiato - coconut drink Tall,,104,2.5,5.7,8.5,40,5.1,,,3.6,7.8,,,,,,,,,,,,,,,,,,,,Winter FY26 UK/IRE beverage nutritionals (from PDF),,,,,,,2026/2/7,
Starbucks,blonde-latte-macchiato-coconut-drink-grande,Blonde Latte Macchiato - coconut drink Grande,,134,3.2,7.4,10.9,52,6.7,,,4.6,10.3,,,,,,,,,,,,,,,,,,,,Winter FY26 UK/IRE beverage nutritionals (from PDF),,,,,,,2026/2/7,
Starbucks,blonde-latte-macchiato-coconut-drink-venti,Blonde Latte Macchiato - coconut drink Venti,,177,4.3,9.7,14.5,68,8.8,,,6.1,13.5,,,,,,,,,,,,,,,,,,,,Winter FY26 UK/IRE beverage nutritionals (from PDF),,,,,,,2026/2/7,
Starbucks,decaf-latte-macchiato-semi-skimmed-milk-tall,Decaf Latte Macchiato - semi skimmed milk Tall,,114,8,3.9,11.6,96,2.5,,,0.2,10.5,,,,,,,,,,,,,,,,,,,,Winter FY26 UK/IRE beverage nutritionals (from PDF),,,,,,,2026/2/7,
Starbucks,decaf-latte-macchiato-semi-skimmed-milk-grande,Decaf Latte Macchiato - semi skimmed milk Grande,,147,10.4,5.1,14.8,124,3.2,,,0.2,13.8,,,,,,,,,,,,,,,,,,,,Winter FY26 UK/IRE beverage nutritionals (from PDF),,,,,,,2026/2/7,
Starbucks,decaf-latte-macchiato-semi-skimmed-milk-venti,Decaf Latte Macchiato - semi skimmed milk Venti,,195,13.8,6.7,19.7,164,4.3,,,0.3,18.1,,,,,,,,,,,,,,,,,,,,Winter FY26 UK/IRE beverage nutritionals (from PDF),,,,,,,2026/2/7,
Starbucks,decaf-latte-macchiato-whole-milk-tall,Decaf Latte Macchiato - whole milk Tall,,149,7.8,8.1,11.3,92,5.1,,,0.2,10.3,,,,,,,,,,,,,,,,,,,,Winter FY26 UK/IRE beverage nutritionals (from PDF),,,,,,,2026/2/7,
Starbucks,decaf-latte-macchiato-whole-milk-grande,Decaf Latte Macchiato - whole milk Grande,,194,10.1,10.6,14.5,124,6.7,,,0.2,13.5,,,,,,,,,,,,,,,,,,,,Winter FY26 UK/IRE beverage nutritionals (from PDF),,,,,,,2026/2/7,
Starbucks,decaf-latte-macchiato-whole-milk-venti,Decaf Latte Macchiato - whole milk Venti,,256,13.4,13.9,19.3,160,8.8,,,0.3,17.7,,,,,,,,,,,,,,,,,,,,Winter FY26 UK/IRE beverage nutritionals (from PDF),,,,,,,2026/2/7,
Starbucks,decaf-latte-macchiato-skimmed-milk-tall,Decaf Latte Macchiato - skimmed milk Tall,,87,8,0.8,11.8,96,0.3,,,0.2,10.7,,,,,,,,,,,,,,,,,,,,Winter FY26 UK/IRE beverage nutritionals (from PDF),,,,,,,2026/2/7,
Starbucks,decaf-latte-macchiato-skimmed-milk-grande,Decaf Latte Macchiato - skimmed milk Grande,,112,10.4,1,15.1,128,0.4,,,0.2,14.1,,,,,,,,,,,,,,,,,,,,Winter FY26 UK/IRE beverage nutritionals (from PDF),,,,,,,2026/2/7,
Starbucks,decaf-latte-macchiato-skimmed-milk-venti,Decaf Latte Macchiato - skimmed milk Venti,,149,13.8,1.3,20.1,168,0.6,,,0.3,18.5,,,,,,,,,,,,,,,,,,,,Winter FY26 UK/IRE beverage nutritionals (from PDF),,,,,,,2026/2/7,
Starbucks,decaf-latte-macchiato-almond-drink-tall,Decaf Latte Macchiato - almond drink Tall,,63,1.4,2.7,6.6,64,0.3,,,0.7,5.5,,,,,,,,,,,,,,,,,,,,Winter FY26 UK/IRE beverage nutritionals (from PDF),,,,,,,2026/2/7,
Starbucks,decaf-latte-macchiato-almond-drink-grande,Decaf Latte Macchiato - almond drink Grande,,80,1.7,3.6,8.3,84,0.3,,,0.8,7.3,,,,,,,,,,,,,,,,,,,,Winter FY26 UK/IRE beverage nutritionals (from PDF),,,,,,,2026/2/7,
Starbucks,decaf-latte-macchiato-almond-drink-venti,Decaf Latte Macchiato - almond drink Venti,,107,2.3,4.7,11.1,112,0.4,,,1.1,9.6,,,,,,,,,,,,,,,,,,,,Winter FY26 UK/IRE beverage nutritionals (from PDF),,,,,,,2026/2/7,
Starbucks,decaf-latte-macchiato-soya-drink-tall,Decaf Latte Macchiato - soya drink Tall,,98,7.4,4.2,6.8,76,0.7,,,1.5,5.5,,,,,,,,,,,,,,,,,,,,Winter FY26 UK/IRE beverage nutritionals (from PDF),,,,,,,2026/2/7,
Starbucks,decaf-latte-macchiato-soya-drink-grande,Decaf Latte Macchiato - soya drink Grande,,127,9.6,5.5,8.5,104,0.9,,,1.9,7.2,,,,,,,,,,,,,,,,,,,,Winter FY26 UK/IRE beverage nutritionals (from PDF),,,,,,,2026/2/7,
Starbucks,decaf-latte-macchiato-soya-drink-venti,Decaf Latte Macchiato - soya drink Venti,,168,12.7,7.3,11.5,136,1.2,,,2.6,9.5,,,,,,,,,,,,,,,,,,,,Winter FY26 UK/IRE beverage nutritionals (from PDF),,,,,,,2026/2/7,
Starbucks,decaf-latte-macchiato-oat-drink-tall,Decaf Latte Macchiato - oat drink Tall,,134,2,6.6,15.5,112,0.7,,,2.4,7.2,,,,,,,,,,,,,,,,,,,,Winter FY26 UK/IRE beverage nutritionals (from PDF),,,,,,,2026/2/7,
Starbucks,decaf-latte-macchiato-oat-drink-grande,Decaf Latte Macchiato - oat drink Grande,,173,2.5,8.6,20.1,144,0.9,,,3,9.4,,,,,,,,,,,,,,,,,,,,Winter FY26 UK/IRE beverage nutritionals (from PDF),,,,,,,2026/2/7,
Starbucks,decaf-latte-macchiato-oat-drink-venti,Decaf Latte Macchiato - oat drink Venti,,229,3.4,11.3,26.6,192,1.2,,,4,12.4,,,,,,,,,,,,,,,,,,,,Winter FY26 UK/IRE beverage nutritionals (from PDF),,,,,,,2026/2/7,
Starbucks,decaf-latte-macchiato-coconut-drink-short,Decaf Latte Macchiato - coconut drink Short,,59,1.4,3.2,5,24,2.9,,,2,4.5,,,,,,,,,,,,,,,,,,,,Winter FY26 UK/IRE beverage nutritionals (from PDF),,,,,,,2026/2/7,
Starbucks,decaf-latte-macchiato-coconut-drink-tall,Decaf Latte Macchiato - coconut drink Tall,,105,2.5,5.7,8.9,40,5.1,,,3.5,7.9,,,,,,,,,,,,,,,,,,,,Winter FY26 UK/IRE beverage nutritionals (from PDF),,,,,,,2026/2/7,
Starbucks,decaf-latte-macchiato-coconut-drink-grande,Decaf Latte Macchiato - coconut drink Grande,,135,3.2,7.4,11.3,52,6.7,,,4.6,10.3,,,,,,,,,,,,,,,,,,,,Winter FY26 UK/IRE beverage nutritionals (from PDF),,,,,,,2026/2/7,
Starbucks,decaf-latte-macchiato-coconut-drink-venti,Decaf Latte Macchiato - coconut drink Venti,,179,4.2,9.7,15.1,68,8.8,,,6.1,13.5,,,,,,,,,,,,,,,,,,,,Winter FY26 UK/IRE beverage nutritionals (from PDF),,,,,,,2026/2/7,
Starbucks,blonde-espresso-doppio-doppio,Blonde Espresso Doppio Doppio,,6,0.3,0.1,0.8,0,0,,,0.3,0.1,,,,,,,,,,,,,,,,,,,,Winter FY26 UK/IRE beverage nutritionals (from PDF),,,,,,,2026/2/7,
Starbucks,decaf-espresso-doppio-doppio,Decaf Espresso Doppio Doppio,,8,0.3,0.1,1.2,0,0,,,0.2,0.1,,,,,,,,,,,,,,,,,,,,Winter FY26 UK/IRE beverage nutritionals (from PDF),,,,,,,2026/2/7,
Starbucks,blonde-espresso-single,Blonde Espresso Single,,3,0.2,0.1,0.4,0,0,,,0.1,0,,,,,,,,,,,,,,,,,,,,Winter FY26 UK/IRE beverage nutritionals (from PDF),,,,,,,2026/2/7,
Starbucks,decaf-espresso-single,Decaf Espresso Single,,4,0.1,0.1,0.6,0,0,,,0.1,0.1,,,,,,,,,,,,,,,,,,,,Winter FY26 UK/IRE beverage nutritionals (from PDF),,,,,,,2026/2/7,
Starbucks,blonde-espresso-macchiato-semi-skimmed-milk-single,Blonde Espresso Macchiato - semi skimmed milk Single,,6,0.3,0.2,0.6,4,0.1,,,0.1,0.3,,,,,,,,,,,,,,,,,,,,Winter FY26 UK/IRE beverage nutritionals (from PDF),,,,,,,2026/2/7,
Starbucks,blonde-espresso-macchiato-whole-milk-single,Blonde Espresso Macchiato - whole milk Single,,7,0.3,0.3,0.6,4,0.1,,,0.1,0.3,,,,,,,,,,,,,,,,,,,,Winter FY26 UK/IRE beverage nutritionals (from PDF),,,,,,,2026/2/7,
Starbucks,blonde-espresso-macchiato-skimmed-milk-single,Blonde Espresso Macchiato - skimmed milk Single,,5,0.3,0.1,0.6,4,0,,,0.1,0.3,,,,,,,,,,,,,,,,,,,,Winter FY26 UK/IRE beverage nutritionals (from PDF),,,,,,,2026/2/7,
Starbucks,blonde-espresso-macchiato-almond-drink-single,Blonde Espresso Macchiato - almond drink Single,,4,0.2,0.1,0.5,0,0,,,0.1,0.2,,,,,,,,,,,,,,,,,,,,Winter FY26 UK/IRE beverage nutritionals (from PDF),,,,,,,2026/2/7,
Starbucks,blonde-espresso-macchiato-soya-drink-single,Blonde Espresso Macchiato - soya drink Single,,5,0.3,0.2,0.5,4,0,,,0.2,0.2,,,,,,,,,,,,,,,,,,,,Winter FY26 UK/IRE beverage nutritionals (from PDF),,,,,,,2026/2/7,
Starbucks,blonde-espresso-macchiato-oat-drink-single,Blonde Espresso Macchiato - oat drink Single,,6,0.2,0.2,0.7,4,0,,,0.2,0.2,,,,,,,,,,,,,,,,,,,,Winter FY26 UK/IRE beverage nutritionals (from PDF),,,,,,,2026/2/7,
Starbucks,blonde-espresso-macchiato-coconut-drink-single,Blonde Espresso Macchiato - coconut drink Single,,5,0.2,0.2,0.6,0,0.1,,,0.2,0.2,,,,,,,,,,,,,,,,,,,,Winter FY26 UK/IRE beverage nutritionals (from PDF),,,,,,,2026/2/7,
Starbucks,decaf-espresso-macchiato-semi-skimmed-milk-single,Decaf Espresso Macchiato - semi skimmed milk Single,,6,0.3,0.2,0.8,4,0.1,,,0.1,0.3,,,,,,,,,,,,,,,,,,,,Winter FY26 UK/IRE beverage nutritionals (from PDF),,,,,,,2026/2/7,
Starbucks,decaf-espresso-macchiato-whole-milk-single,Decaf Espresso Macchiato - whole milk Single,,7,0.3,0.3,0.8,4,0.1,,,0.1,0.3,,,,,,,,,,,,,,,,,,,,Winter FY26 UK/IRE beverage nutritionals (from PDF),,,,,,,2026/2/7,
Starbucks,decaf-espresso-macchiato-skimmed-milk-single,Decaf Espresso Macchiato - skimmed milk Single,,6,0.3,0.1,0.8,4,0,,,0.1,0.3,,,,,,,,,,,,,,,,,,,,Winter FY26 UK/IRE beverage nutritionals (from PDF),,,,,,,2026/2/7,
Starbucks,decaf-espresso-macchiato-almond-drink-single,Decaf Espresso Macchiato - almond drink Single,,5,0.2,0.1,0.7,0,0,,,0.1,0.2,,,,,,,,,,,,,,,,,,,,Winter FY26 UK/IRE beverage nutritionals (from PDF),,,,,,,2026/2/7,
Starbucks,decaf-espresso-macchiato-soya-drink-single,Decaf Espresso Macchiato - soya drink Single,,6,0.3,0.2,0.7,4,0,,,0.1,0.2,,,,,,,,,,,,,,,,,,,,Winter FY26 UK/IRE beverage nutritionals (from PDF),,,,,,,2026/2/7,
Starbucks,decaf-espresso-macchiato-oat-drink-single,Decaf Espresso Macchiato - oat drink Single,,7,0.2,0.2,0.9,4,0,,,0.2,0.2,,,,,,,,,,,,,,,,,,,,Winter FY26 UK/IRE beverage nutritionals (from PDF),,,,,,,2026/2/7,
Starbucks,decaf-espresso-macchiato-coconut-drink-single,Decaf Espresso Macchiato - coconut drink Single,,6,0.2,0.2,0.8,0,0.1,,,0.2,0.2,,,,,,,,,,,,,,,,,,,,Winter FY26 UK/IRE beverage nutritionals (from PDF),,,,,,,2026/2/7,
Starbucks,blonde-espresso-macchiato-doppio-semi-skimmed-milk-double,Blonde Espresso Macchiato - Doppio - semi skimmed milk Double,,14,0.9,0.4,1.5,8,0.2,,,0.3,0.9,,,,,,,,,,,,,,,,,,,,Winter FY26 UK/IRE beverage nutritionals (from PDF),,,,,,,2026/2/7,
Starbucks,blonde-espresso-macchiato-doppio-whole-milk-double,Blonde Espresso Macchiato - Doppio - whole milk Double,,17,0.9,0.7,1.5,8,0.4,,,0.3,0.8,,,,,,,,,,,,,,,,,,,,Winter FY26 UK/IRE beverage nutritionals (from PDF),,,,,,,2026/2/7,
Starbucks,blonde-espresso-macchiato-doppio-skimmed-milk-double,Blonde Espresso Macchiato - Doppio - skimmed milk Double,,12,0.9,0.2,1.5,8,0.1,,,0.3,0.9,,,,,,,,,,,,,,,,,,,,Winter FY26 UK/IRE beverage nutritionals (from PDF),,,,,,,2026/2/7,
Starbucks,blonde-espresso-macchiato-doppio-almond-drink-double,Blonde Espresso Macchiato - Doppio - almond drink Double,,10,0.4,0.3,1.2,4,0.1,,,0.3,0.5,,,,,,,,,,,,,,,,,,,,Winter FY26 UK/IRE beverage nutritionals (from PDF),,,,,,,2026/2/7,
Starbucks,blonde-espresso-macchiato-doppio-soya-drink-double,Blonde Espresso Macchiato - Doppio - soya drink Double,,13,0.8,0.4,1.2,8,0.1,,,0.4,0.5,,,,,,,,,,,,,,,,,,,,Winter FY26 UK/IRE beverage nutritionals (from PDF),,,,,,,2026/2/7,
Starbucks,blonde-espresso-macchiato-doppio-oat-drink-double,Blonde Espresso Macchiato - Doppio - oat drink Double,,16,0.4,0.6,1.8,8,0.1,,,0.4,0.6,,,,,,,,,,,,,,,,,,,,Winter FY26 UK/IRE beverage nutritionals (from PDF),,,,,,,2026/2/7,
Starbucks,blonde-espresso-macchiato-doppio-coconut-drink-double,Blonde Espresso Macchiato - Doppio - coconut drink Double,,13,0.5,0.5,1.3,4,0.4,,,0.5,0.7,,,,,,,,,,,,,,,,,,,,Winter FY26 UK/IRE beverage nutritionals (from PDF),,,,,,,2026/2/7,
Starbucks,decaf-espresso-macchiato-doppio-semi-skimmed-milk-double,Decaf Espresso Macchiato - Doppio - semi skimmed milk Double,,15,0.8,0.4,1.9,8,0.2,,,0.2,0.9,,,,,,,,,,,,,,,,,,,,Winter FY26 UK/IRE beverage nutritionals (from PDF),,,,,,,2026/2/7,
Starbucks,decaf-espresso-macchiato-doppio-whole-milk-double,Decaf Espresso Macchiato - Doppio - whole milk Double,,18,0.8,0.7,1.9,8,0.4,,,0.2,0.9,,,,,,,,,,,,,,,,,,,,Winter FY26 UK/IRE beverage nutritionals (from PDF),,,,,,,2026/2/7,
Starbucks,decaf-espresso-macchiato-doppio-skimmed-milk-double,Decaf Espresso Macchiato - Doppio - skimmed milk Double,,14,0.8,0.2,2,8,0.1,,,0.2,0.9,,,,,,,,,,,,,,,,,,,,Winter FY26 UK/IRE beverage nutritionals (from PDF),,,,,,,2026/2/7,
Starbucks,decaf-espresso-macchiato-doppio-almond-drink-double,Decaf Espresso Macchiato - Doppio - almond drink Double,,12,0.4,0.3,1.6,4,0.1,,,0.3,0.5,,,,,,,,,,,,,,,,,,,,Winter FY26 UK/IRE beverage nutritionals (from PDF),,,,,,,2026/2/7,
Starbucks,decaf-espresso-macchiato-doppio-soya-drink-double,Decaf Espresso Macchiato - Doppio - soya drink Double,,14,0.8,0.4,1.6,8,0.1,,,0.3,0.5,,,,,,,,,,,,,,,,,,,,Winter FY26 UK/IRE beverage nutritionals (from PDF),,,,,,,2026/2/7,
Starbucks,decaf-espresso-macchiato-doppio-oat-drink-double,Decaf Espresso Macchiato - Doppio - oat drink Double,,17,0.4,0.6,2.2,8,0.1,,,0.4,0.6,,,,,,,,,,,,,,,,,,,,Winter FY26 UK/IRE beverage nutritionals (from PDF),,,,,,,2026/2/7,
Starbucks,decaf-espresso-macchiato-doppio-coconut-drink-double,Decaf Espresso Macchiato - Doppio - coconut drink Double,,15,0.4,0.5,1.7,4,0.4,,,0.5,0.7,,,,,,,,,,,,,,,,,,,,Winter FY26 UK/IRE beverage nutritionals (from PDF),,,,,,,2026/2/7,
Starbucks,blonde-cortado-semi-skimmed-milk-short,Blonde Cortado - semi skimmed milk Short,,49,3.5,1.6,5.3,40,1,,,0,4.3,,,,,,,,,,,,,,,,,,,,Winter FY26 UK/IRE beverage nutritionals (from PDF),,,,,,,2026/2/7,
Starbucks,blonde-cortado-whole-milk-short,Blonde Cortado - whole milk Short,,64,3.4,3.3,5.2,40,2.1,,,0,4.2,,,,,,,,,,,,,,,,,,,,Winter FY26 UK/IRE beverage nutritionals (from PDF),,,,,,,2026/2/7,
Starbucks,blonde-cortado-skimmed-milk-short,Blonde Cortado - skimmed milk Short,,38,3.5,0.3,5.4,40,0.2,,,0,4.4,,,,,,,,,,,,,,,,,,,,Winter FY26 UK/IRE beverage nutritionals (from PDF),,,,,,,2026/2/7,
Starbucks,blonde-cortado-almond-drink-short,Blonde Cortado - almond drink Short,,28,0.7,1.1,3.2,28,0.1,,,0.2,2.3,,,,,,,,,,,,,,,,,,,,Winter FY26 UK/IRE beverage nutritionals (from PDF),,,,,,,2026/2/7,
Starbucks,blonde-cortado-soya-drink-short,Blonde Cortado - soya drink Short,,43,3.2,1.7,3.3,32,0.3,,,0.5,2.3,,,,,,,,,,,,,,,,,,,,Winter FY26 UK/IRE beverage nutritionals (from PDF),,,,,,,2026/2/7,
Starbucks,blonde-cortado-oat-drink-short,Blonde Cortado - oat drink Short,,58,1,2.7,6.9,48,0.3,,,0.9,3,,,,,,,,,,,,,,,,,,,,Winter FY26 UK/IRE beverage nutritionals (from PDF),,,,,,,2026/2/7,
Starbucks,blonde-cortado-coconut-drink-short,Blonde Cortado - coconut drink Short,,46,1.2,2.3,4.2,16,2.1,,,1.4,3.2,,,,,,,,,,,,,,,,,,,,Winter FY26 UK/IRE beverage nutritionals (from PDF),,,,,,,2026/2/7,
Starbucks,decaf-cortado-semi-skimmed-milk-short,Decaf Cortado - semi skimmed milk Short,,51,3.5,1.7,5.5,40,1,,,0.2,4.4,,,,,,,,,,,,,,,,,,,,Winter FY26 UK/IRE beverage nutritionals (from PDF),,,,,,,2026/2/7,
Starbucks,decaf-cortado-whole-milk-short,Decaf Cortado - whole milk Short,,66,3.4,3.4,5.4,40,2.1,,,0.2,4.3,,,,,,,,,,,,,,,,,,,,Winter FY26 UK/IRE beverage nutritionals (from PDF),,,,,,,2026/2/7,
Starbucks,decaf-cortado-skimmed-milk-short,Decaf Cortado - skimmed milk Short,,41,3.5,0.4,5.6,40,0.2,,,0.2,4.5,,,,,,,,,,,,,,,,,,,,Winter FY26 UK/IRE beverage nutritionals (from PDF),,,,,,,2026/2/7,
Starbucks,decaf-cortado-almond-drink-short,Decaf Cortado - almond drink Short,,30,0.7,1.2,3.4,28,0.1,,,0.4,2.4,,,,,,,,,,,,,,,,,,,,Winter FY26 UK/IRE beverage nutritionals (from PDF),,,,,,,2026/2/7,
Starbucks,decaf-cortado-soya-drink-short,Decaf Cortado - soya drink Short,,45,3.2,1.8,3.5,32,0.3,,,0.8,2.3,,,,,,,,,,,,,,,,,,,,Winter FY26 UK/IRE beverage nutritionals (from PDF),,,,,,,2026/2/7,
Starbucks,decaf-cortado-oat-drink-short,Decaf Cortado - oat drink Short,,60,1,2.8,7.1,48,0.3,,,1.1,3,,,,,,,,,,,,,,,,,,,,Winter FY26 UK/IRE beverage nutritionals (from PDF),,,,,,,2026/2/7,
Starbucks,decaf-cortado-coconut-drink-short,Decaf Cortado - coconut drink Short,,48,1.2,2.4,4.4,16,2.1,,,1.6,3.3,,,,,,,,,,,,,,,,,,,,Winter FY26 UK/IRE beverage nutritionals (from PDF),,,,,,,2026/2/7,
Starbucks,blonde-cappuccino-semi-skimmed-milk-tall,Blonde Cappuccino - semi skimmed milk Tall,,102,7.3,3.5,10.1,88,2.2,,,0.3,9.5,,,,,,,,,,,,,,,,,,,,Winter FY26 UK/IRE beverage nutritionals (from PDF),,,,,,,2026/2/7,
Starbucks,blonde-cappuccino-semi-skimmed-milk-grande,Blonde Cappuccino - semi skimmed milk Grande,,129,9.3,4.5,12.8,112,2.9,,,0.3,12.1,,,,,,,,,,,,,,,,,,,,Winter FY26 UK/IRE beverage nutritionals (from PDF),,,,,,,2026/2/7,
Starbucks,blonde-cappuccino-semi-skimmed-milk-venti,Blonde Cappuccino - semi skimmed milk Venti,,167,12,5.8,16.6,144,3.7,,,0.4,15.6,,,,,,,,,,,,,,,,,,,,Winter FY26 UK/IRE beverage nutritionals (from PDF),,,,,,,2026/2/7,
Starbucks,blonde-cappuccino-whole-milk-tall,Blonde Cappuccino - whole milk Tall,,134,7.1,7.3,9.9,84,4.6,,,0.3,9.3,,,,,,,,,,,,,,,,,,,,Winter FY26 UK/IRE beverage nutritionals (from PDF),,,,,,,2026/2/7,
Starbucks,blonde-cappuccino-whole-milk-grande,Blonde Cappuccino - whole milk Grande,,170,9,9.3,12.5,108,5.9,,,0.3,11.8,,,,,,,,,,,,,,,,,,,,Winter FY26 UK/IRE beverage nutritionals (from PDF),,,,,,,2026/2/7,
Starbucks,blonde-cappuccino-whole-milk-venti,Blonde Cappuccino - whole milk Venti,,220,11.7,12,16.3,140,7.6,,,0.4,15.3,,,,,,,,,,,,,,,,,,,,Winter FY26 UK/IRE beverage nutritionals (from PDF),,,,,,,2026/2/7,
Starbucks,blonde-cappuccino-skimmed-milk-tall,Blonde Cappuccino - skimmed milk Tall,,78,7.3,0.7,10.3,88,0.3,,,0.3,9.7,,,,,,,,,,,,,,,,,,,,Winter FY26 UK/IRE beverage nutritionals (from PDF),,,,,,,2026/2/7,
Starbucks,blonde-cappuccino-skimmed-milk-grande,Blonde Cappuccino - skimmed milk Grande,,98,9.3,0.9,13,112,0.4,,,0.3,12.4,,,,,,,,,,,,,,,,,,,,Winter FY26 UK/IRE beverage nutritionals (from PDF),,,,,,,2026/2/7,
Starbucks,blonde-cappuccino-skimmed-milk-venti,Blonde Cappuccino - skimmed milk Venti,,128,12,1.2,16.9,144,0.5,,,0.4,15.9,,,,,,,,,,,,,,,,,,,,Winter FY26 UK/IRE beverage nutritionals (from PDF),,,,,,,2026/2/7,
Starbucks,blonde-cappuccino-almond-drink-tall,Blonde Cappuccino - almond drink Tall,,56,1.3,2.5,5.7,60,0.2,,,0.7,5,,,,,,,,,,,,,,,,,,,,Winter FY26 UK/IRE beverage nutritionals (from PDF),,,,,,,2026/2/7,
Starbucks,blonde-cappuccino-almond-drink-grande,Blonde Cappuccino - almond drink Grande,,70,1.6,3.2,7,76,0.3,,,0.8,6.4,,,,,,,,,,,,,,,,,,,,Winter FY26 UK/IRE beverage nutritionals (from PDF),,,,,,,2026/2/7,
Starbucks,blonde-cappuccino-almond-drink-venti,Blonde Cappuccino - almond drink Venti,,92,2.1,4.1,9.2,96,0.4,,,1.1,8.2,,,,,,,,,,,,,,,,,,,,Winter FY26 UK/IRE beverage nutritionals (from PDF),,,,,,,2026/2/7,
Starbucks,blonde-cappuccino-soya-drink-tall,Blonde Cappuccino - soya drink Tall,,88,6.7,3.8,5.8,72,0.6,,,1.4,5,,,,,,,,,,,,,,,,,,,,Winter FY26 UK/IRE beverage nutritionals (from PDF),,,,,,,2026/2/7,
Starbucks,blonde-cappuccino-soya-drink-grande,Blonde Cappuccino - soya drink Grande,,111,8.5,4.9,7.3,88,0.8,,,1.8,6.3,,,,,,,,,,,,,,,,,,,,Winter FY26 UK/IRE beverage nutritionals (from PDF),,,,,,,2026/2/7,
Starbucks,blonde-cappuccino-soya-drink-venti,Blonde Cappuccino - soya drink Venti,,144,11.1,6.3,9.5,116,1,,,2.3,8.2,,,,,,,,,,,,,,,,,,,,Winter FY26 UK/IRE beverage nutritionals (from PDF),,,,,,,2026/2/7,
Starbucks,blonde-cappuccino-oat-drink-tall,Blonde Cappuccino - oat drink Tall,,120,1.9,5.9,13.7,100,0.6,,,2.2,6.5,,,,,,,,,,,,,,,,,,,,Winter FY26 UK/IRE beverage nutritionals (from PDF),,,,,,,2026/2/7,
Starbucks,blonde-cappuccino-oat-drink-grande,Blonde Cappuccino - oat drink Grande,,152,2.3,7.6,17.4,128,0.8,,,2.7,8.3,,,,,,,,,,,,,,,,,,,,Winter FY26 UK/IRE beverage nutritionals (from PDF),,,,,,,2026/2/7,
Starbucks,blonde-cappuccino-oat-drink-venti,Blonde Cappuccino - oat drink Venti,,197,3,9.8,22.5,164,1,,,3.6,10.7,,,,,,,,,,,,,,,,,,,,Winter FY26 UK/IRE beverage nutritionals (from PDF),,,,,,,2026/2/7,
Starbucks,blonde-cappuccino-coconut-drink-tall,Blonde Cappuccino - coconut drink Tall,,94,2.3,5.1,7.7,36,4.6,,,3.3,7.1,,,,,,,,,,,,,,,,,,,,Winter FY26 UK/IRE beverage nutritionals (from PDF),,,,,,,2026/2/7,
Starbucks,blonde-cappuccino-coconut-drink-grande,Blonde Cappuccino - coconut drink Grande,,119,2.9,6.5,9.7,48,5.9,,,4.1,9,,,,,,,,,,,,,,,,,,,,Winter FY26 UK/IRE beverage nutritionals (from PDF),,,,,,,2026/2/7,
Starbucks,blonde-cappuccino-coconut-drink-venti,Blonde Cappuccino - coconut drink Venti,,154,3.8,8.4,12.7,60,7.6,,,5.3,11.7,,,,,,,,,,,,,,,,,,,,Winter FY26 UK/IRE beverage nutritionals (from PDF),,,,,,,2026/2/7,
Starbucks,decaf-cappuccino-semi-skimmed-milk-tall,Decaf Cappuccino - semi skimmed milk Tall,,103,7.2,3.5,10.5,88,2.2,,,0.2,9.5,,,,,,,,,,,,,,,,,,,,Winter FY26 UK/IRE beverage nutritionals (from PDF),,,,,,,2026/2/7,
Starbucks,decaf-cappuccino-semi-skimmed-milk-grande,Decaf Cappuccino - semi skimmed milk Grande,,130,9.2,4.5,13.2,112,2.9,,,0.2,12.1,,,,,,,,,,,,,,,,,,,,Winter FY26 UK/IRE beverage nutritionals (from PDF),,,,,,,2026/2/7,
Starbucks,decaf-cappuccino-semi-skimmed-milk-venti,Decaf Cappuccino - semi skimmed milk Venti,,169,11.9,5.8,17.2,144,3.7,,,0.3,15.6,,,,,,,,,,,,,,,,,,,,Winter FY26 UK/IRE beverage nutritionals (from PDF),,,,,,,2026/2/7,
Starbucks,decaf-cappuccino-whole-milk-tall,Decaf Cappuccino - whole milk Tall,,135,7,7.3,10.3,84,4.6,,,0.2,9.3,,,,,,,,,,,,,,,,,,,,Winter FY26 UK/IRE beverage nutritionals (from PDF),,,,,,,2026/2/7,
Starbucks,decaf-cappuccino-whole-milk-grande,Decaf Cappuccino - whole milk Grande,,171,9,9.3,12.9,108,5.9,,,0.2,11.9,,,,,,,,,,,,,,,,,,,,Winter FY26 UK/IRE beverage nutritionals (from PDF),,,,,,,2026/2/7,
Starbucks,decaf-cappuccino-whole-milk-venti,Decaf Cappuccino - whole milk Venti,,222,11.6,12,16.9,140,7.6,,,0.3,15.3,,,,,,,,,,,,,,,,,,,,Winter FY26 UK/IRE beverage nutritionals (from PDF),,,,,,,2026/2/7,
Starbucks,decaf-cappuccino-skimmed-milk-tall,Decaf Cappuccino - skimmed milk Tall,,79,7.2,0.7,10.7,88,0.3,,,0.2,9.7,,,,,,,,,,,,,,,,,,,,Winter FY26 UK/IRE beverage nutritionals (from PDF),,,,,,,2026/2/7,
Starbucks,decaf-cappuccino-skimmed-milk-grande,Decaf Cappuccino - skimmed milk Grande,,100,9.2,0.9,13.4,112,0.4,,,0.2,12.4,,,,,,,,,,,,,,,,,,,,Winter FY26 UK/IRE beverage nutritionals (from PDF),,,,,,,2026/2/7,
Starbucks,decaf-cappuccino-skimmed-milk-venti,Decaf Cappuccino - skimmed milk Venti,,130,11.9,1.2,17.5,144,0.5,,,0.3,16,,,,,,,,,,,,,,,,,,,,Winter FY26 UK/IRE beverage nutritionals (from PDF),,,,,,,2026/2/7,
Starbucks,decaf-cappuccino-almond-drink-tall,Decaf Cappuccino - almond drink Tall,,57,1.3,2.5,6.1,60,0.2,,,0.6,5,,,,,,,,,,,,,,,,,,,,Winter FY26 UK/IRE beverage nutritionals (from PDF),,,,,,,2026/2/7,
Starbucks,decaf-cappuccino-almond-drink-grande,Decaf Cappuccino - almond drink Grande,,72,1.5,3.2,7.5,76,0.3,,,0.7,6.4,,,,,,,,,,,,,,,,,,,,Winter FY26 UK/IRE beverage nutritionals (from PDF),,,,,,,2026/2/7,
Starbucks,decaf-cappuccino-almond-drink-venti,Decaf Cappuccino - almond drink Venti,,94,2,4.1,9.8,96,0.4,,,1,8.3,,,,,,,,,,,,,,,,,,,,Winter FY26 UK/IRE beverage nutritionals (from PDF),,,,,,,2026/2/7,
Starbucks,decaf-cappuccino-soya-drink-tall,Decaf Cappuccino - soya drink Tall,,89,6.7,3.8,6.2,72,0.6,,,1.4,5,,,,,,,,,,,,,,,,,,,,Winter FY26 UK/IRE beverage nutritionals (from PDF),,,,,,,2026/2/7,
Starbucks,decaf-cappuccino-soya-drink-grande,Decaf Cappuccino - soya drink Grande,,112,8.5,4.9,7.7,88,0.8,,,1.7,6.4,,,,,,,,,,,,,,,,,,,,Winter FY26 UK/IRE beverage nutritionals (from PDF),,,,,,,2026/2/7,
Starbucks,decaf-cappuccino-soya-drink-venti,Decaf Cappuccino - soya drink Venti,,146,11,6.3,10.1,116,1,,,2.3,8.2,,,,,,,,,,,,,,,,,,,,Winter FY26 UK/IRE beverage nutritionals (from PDF),,,,,,,2026/2/7,
Starbucks,decaf-cappuccino-oat-drink-tall,Decaf Cappuccino - oat drink Tall,,121,1.8,5.9,14.1,100,0.6,,,2.2,6.5,,,,,,,,,,,,,,,,,,,,Winter FY26 UK/IRE beverage nutritionals (from PDF),,,,,,,2026/2/7,
Starbucks,decaf-cappuccino-oat-drink-grande,Decaf Cappuccino - oat drink Grande,,153,2.3,7.6,17.8,128,0.8,,,2.7,8.3,,,,,,,,,,,,,,,,,,,,Winter FY26 UK/IRE beverage nutritionals (from PDF),,,,,,,2026/2/7,
Starbucks,decaf-cappuccino-oat-drink-venti,Decaf Cappuccino - oat drink Venti,,199,3,9.8,23.1,164,1,,,3.5,10.7,,,,,,,,,,,,,,,,,,,,Winter FY26 UK/IRE beverage nutritionals (from PDF),,,,,,,2026/2/7,
Starbucks,decaf-cappuccino-coconut-drink-tall,Decaf Cappuccino - coconut drink Tall,,95,2.3,5.1,8.1,36,4.6,,,3.2,7.1,,,,,,,,,,,,,,,,,,,,Winter FY26 UK/IRE beverage nutritionals (from PDF),,,,,,,2026/2/7,
Starbucks,decaf-cappuccino-coconut-drink-grande,Decaf Cappuccino - coconut drink Grande,,120,2.8,6.5,10.1,48,5.9,,,4.1,9.1,,,,,,,,,,,,,,,,,,,,Winter FY26 UK/IRE beverage nutritionals (from PDF),,,,,,,2026/2/7,
Starbucks,decaf-cappuccino-coconut-drink-venti,Decaf Cappuccino - coconut drink Venti,,156,3.7,8.4,13.3,60,7.6,,,5.3,11.7,,,,,,,,,,,,,,,,,,,,Winter FY26 UK/IRE beverage nutritionals (from PDF),,,,,,,2026/2/7,
Starbucks,blonde-flat-white-semi-skimmed-milk-short,Blonde Flat White - semi skimmed milk Short,,58,4.1,2,5.8,48,1.2,,,0.3,5.1,,,,,,,,,,,,,,,,,,,,Winter FY26 UK/IRE beverage nutritionals (from PDF),,,,,,,2026/2/7,
Starbucks,blonde-flat-white-whole-milk-short,Blonde Flat White - whole milk Short,,75,4,4,5.7,44,2.5,,,0.3,5,,,,,,,,,,,,,,,,,,,,Winter FY26 UK/IRE beverage nutritionals (from PDF),,,,,,,2026/2/7,
Starbucks,blonde-flat-white-skimmed-milk-short,Blonde Flat White - skimmed milk Short,,45,4.1,0.5,5.9,48,0.2,,,0.3,5.2,,,,,,,,,,,,,,,,,,,,Winter FY26 UK/IRE beverage nutritionals (from PDF),,,,,,,2026/2/7,
Starbucks,blonde-flat-white-almond-drink-short,Blonde Flat White - almond drink Short,,33,0.8,1.4,3.4,32,0.2,,,0.5,2.7,,,,,,,,,,,,,,,,,,,,Winter FY26 UK/IRE beverage nutritionals (from PDF),,,,,,,2026/2/7,
Starbucks,blonde-flat-white-soya-drink-short,Blonde Flat White - soya drink Short,,50,3.8,2.1,3.5,40,0.4,,,0.9,2.7,,,,,,,,,,,,,,,,,,,,Winter FY26 UK/IRE beverage nutritionals (from PDF),,,,,,,2026/2/7,
Starbucks,blonde-flat-white-oat-drink-short,Blonde Flat White - oat drink Short,,68,1.2,3.3,7.7,56,0.4,,,1.3,3.5,,,,,,,,,,,,,,,,,,,,Winter FY26 UK/IRE beverage nutritionals (from PDF),,,,,,,2026/2/7,
Starbucks,blonde-flat-white-coconut-drink-short,Blonde Flat White - coconut drink Short,,54,1.4,2.8,4.5,20,2.5,,,1.9,3.9,,,,,,,,,,,,,,,,,,,,Winter FY26 UK/IRE beverage nutritionals (from PDF),,,,,,,2026/2/7,
Starbucks,decaf-flat-white-semi-skimmed-milk-short,Decaf Flat White - semi skimmed milk Short,,59,4,2,6.2,48,1.2,,,0.2,5.2,,,,,,,,,,,,,,,,,,,,Winter FY26 UK/IRE beverage nutritionals (from PDF),,,,,,,2026/2/7,
Starbucks,decaf-flat-white-whole-milk-short,Decaf Flat White - whole milk Short,,76,3.9,4,6.1,44,2.5,,,0.2,5.1,,,,,,,,,,,,,,,,,,,,Winter FY26 UK/IRE beverage nutritionals (from PDF),,,,,,,2026/2/7,
Starbucks,decaf-flat-white-skimmed-milk-short,Decaf Flat White - skimmed milk Short,,46,4,0.5,6.3,48,0.2,,,0.2,5.3,,,,,,,,,,,,,,,,,,,,Winter FY26 UK/IRE beverage nutritionals (from PDF),,,,,,,2026/2/7,
Starbucks,decaf-flat-white-almond-drink-short,Decaf Flat White - almond drink Short,,35,0.8,1.4,3.8,32,0.2,,,0.4,2.8,,,,,,,,,,,,,,,,,,,,Winter FY26 UK/IRE beverage nutritionals (from PDF),,,,,,,2026/2/7,
Starbucks,decaf-flat-white-soya-drink-short,Decaf Flat White - soya drink Short,,52,3.7,2.1,3.9,40,0.4,,,0.9,2.7,,,,,,,,,,,,,,,,,,,,Winter FY26 UK/IRE beverage nutritionals (from PDF),,,,,,,2026/2/7,
Starbucks,decaf-flat-white-oat-drink-short,Decaf Flat White - oat drink Short,,69,1.1,3.3,8.2,56,0.4,,,1.3,3.6,,,,,,,,,,,,,,,,,,,,Winter FY26 UK/IRE beverage nutritionals (from PDF),,,,,,,2026/2/7,
Starbucks,decaf-flat-white-coconut-drink-short,Decaf Flat White - coconut drink Short,,55,1.3,2.8,4.9,20,2.5,,,1.8,3.9,,,,,,,,,,,,,,,,,,,,Winter FY26 UK/IRE beverage nutritionals (from PDF),,,,,,,2026/2/7,
Starbucks,blonde-caramel-macchiato-semi-skimmed-milk-tall,Blonde Caramel Macchiato - semi skimmed milk Tall,,166,8.4,4.9,22,108,3.1,,,0.3,21,,,,,,,,,,,,,,,,,,,,Winter FY26 UK/IRE beverage nutritionals (from PDF),,,,,,,2026/2/7,
Starbucks,blonde-caramel-macchiato-semi-skimmed-milk-grande,Blonde Caramel Macchiato - semi skimmed milk Grande,,213,10.8,6,28.8,140,3.8,,,0.3,27.6,,,,,,,,,,,,,,,,,,,,Winter FY26 UK/IRE beverage nutritionals (from PDF),,,,,,,2026/2/7,
Starbucks,blonde-caramel-macchiato-semi-skimmed-milk-venti,Blonde Caramel Macchiato - semi skimmed milk Venti,,271,13.9,7.5,36.7,176,4.8,,,0.4,35.2,,,,,,,,,,,,,,,,,,,,Winter FY26 UK/IRE beverage nutritionals (from PDF),,,,,,,2026/2/7,
Starbucks,blonde-caramel-macchiato-whole-milk-tall,Blonde Caramel Macchiato - whole milk Tall,,203,8.2,9.3,21.8,108,5.8,,,0.3,20.7,,,,,,,,,,,,,,,,,,,,Winter FY26 UK/IRE beverage nutritionals (from PDF),,,,,,,2026/2/7,
Starbucks,blonde-caramel-macchiato-whole-milk-grande,Blonde Caramel Macchiato - whole milk Grande,,260,10.5,11.7,28.5,136,7.4,,,0.3,27.3,,,,,,,,,,,,,,,,,,,,Winter FY26 UK/IRE beverage nutritionals (from PDF),,,,,,,2026/2/7,
Starbucks,blonde-caramel-macchiato-whole-milk-venti,Blonde Caramel Macchiato - whole milk Venti,,332,13.5,14.8,36.4,172,9.3,,,0.4,34.8,,,,,,,,,,,,,,,,,,,,Winter FY26 UK/IRE beverage nutritionals (from PDF),,,,,,,2026/2/7,
Starbucks,blonde-caramel-macchiato-skimmed-milk-tall,Blonde Caramel Macchiato - skimmed milk Tall,,139,8.4,1.7,22.3,112,0.9,,,0.3,21.2,,,,,,,,,,,,,,,,,,,,Winter FY26 UK/IRE beverage nutritionals (from PDF),,,,,,,2026/2/7,
Starbucks,blonde-caramel-macchiato-skimmed-milk-grande,Blonde Caramel Macchiato - skimmed milk Grande,,177,10.8,1.9,29.1,140,1,,,0.3,27.9,,,,,,,,,,,,,,,,,,,,Winter FY26 UK/IRE beverage nutritionals (from PDF),,,,,,,2026/2/7,
Starbucks,blonde-caramel-macchiato-skimmed-milk-venti,Blonde Caramel Macchiato - skimmed milk Venti,,225,13.9,2.2,37.1,180,1.1,,,0.4,35.6,,,,,,,,,,,,,,,,,,,,Winter FY26 UK/IRE beverage nutritionals (from PDF),,,,,,,2026/2/7,
Starbucks,blonde-caramel-macchiato-almond-drink-tall,Blonde Caramel Macchiato - almond drink Tall,,113,1.5,3.7,16.9,76,0.8,,,0.7,15.8,,,,,,,,,,,,,,,,,,,,Winter FY26 UK/IRE beverage nutritionals (from PDF),,,,,,,2026/2/7,
Starbucks,blonde-caramel-macchiato-almond-drink-grande,Blonde Caramel Macchiato - almond drink Grande,,145,1.8,4.5,22.1,96,0.9,,,0.9,21,,,,,,,,,,,,,,,,,,,,Winter FY26 UK/IRE beverage nutritionals (from PDF),,,,,,,2026/2/7,
Starbucks,blonde-caramel-macchiato-almond-drink-venti,Blonde Caramel Macchiato - almond drink Venti,,183,2.4,5.6,28.2,120,1,,,1.2,26.6,,,,,,,,,,,,,,,,,,,,Winter FY26 UK/IRE beverage nutritionals (from PDF),,,,,,,2026/2/7,
Starbucks,blonde-caramel-macchiato-soya-drink-tall,Blonde Caramel Macchiato - soya drink Tall,,150,7.8,5.2,17.1,92,1.2,,,1.6,15.8,,,,,,,,,,,,,,,,,,,,Winter FY26 UK/IRE beverage nutritionals (from PDF),,,,,,,2026/2/7,
Starbucks,blonde-caramel-macchiato-soya-drink-grande,Blonde Caramel Macchiato - soya drink Grande,,192,9.9,6.5,22.4,116,1.4,,,2,20.9,,,,,,,,,,,,,,,,,,,,Winter FY26 UK/IRE beverage nutritionals (from PDF),,,,,,,2026/2/7,
Starbucks,blonde-caramel-macchiato-soya-drink-venti,Blonde Caramel Macchiato - soya drink Venti,,244,12.8,8.1,28.5,144,1.7,,,2.7,26.6,,,,,,,,,,,,,,,,,,,,Winter FY26 UK/IRE beverage nutritionals (from PDF),,,,,,,2026/2/7,
Starbucks,blonde-caramel-macchiato-oat-drink-tall,Blonde Caramel Macchiato - oat drink Tall,,187,2.2,7.7,26.2,124,1.2,,,2.5,17.5,,,,,,,,,,,,,,,,,,,,Winter FY26 UK/IRE beverage nutritionals (from PDF),,,,,,,2026/2/7,
Starbucks,blonde-caramel-macchiato-oat-drink-grande,Blonde Caramel Macchiato - oat drink Grande,,239,2.7,9.6,34.1,160,1.4,,,3.1,23.2,,,,,,,,,,,,,,,,,,,,Winter FY26 UK/IRE beverage nutritionals (from PDF),,,,,,,2026/2/7,
Starbucks,blonde-caramel-macchiato-oat-drink-venti,Blonde Caramel Macchiato - oat drink Venti,,305,3.5,12.2,43.6,204,1.7,,,4.1,29.5,,,,,,,,,,,,,,,,,,,,Winter FY26 UK/IRE beverage nutritionals (from PDF),,,,,,,2026/2/7,
Starbucks,blonde-caramel-macchiato-coconut-drink-tall,Blonde Caramel Macchiato - coconut drink Tall,,157,2.7,6.7,19.3,52,5.9,,,3.7,18.2,,,,,,,,,,,,,,,,,,,,Winter FY26 UK/IRE beverage nutritionals (from PDF),,,,,,,2026/2/7,
Starbucks,blonde-caramel-macchiato-coconut-drink-grande,Blonde Caramel Macchiato - coconut drink Grande,,201,3.4,8.4,25.2,64,7.4,,,4.7,24.1,,,,,,,,,,,,,,,,,,,,Winter FY26 UK/IRE beverage nutritionals (from PDF),,,,,,,2026/2/7,
Starbucks,blonde-caramel-macchiato-coconut-drink-venti,Blonde Caramel Macchiato - coconut drink Venti,,256,4.4,10.6,32.2,80,9.4,,,6.1,30.6,,,,,,,,,,,,,,,,,,,,Winter FY26 UK/IRE beverage nutritionals (from PDF),,,,,,,2026/2/7,
Starbucks,decaf-caramel-macchiato-semi-skimmed-milk-tall,Decaf Caramel Macchiato - semi skimmed milk Tall,,168,8.4,4.9,22.4,108,3.1,,,0.2,21,,,,,,,,,,,,,,,,,,,,Winter FY26 UK/IRE beverage nutritionals (from PDF),,,,,,,2026/2/7,
Starbucks,decaf-caramel-macchiato-semi-skimmed-milk-grande,Decaf Caramel Macchiato - semi skimmed milk Grande,,214,10.7,6,29.2,140,3.8,,,0.2,27.7,,,,,,,,,,,,,,,,,,,,Winter FY26 UK/IRE beverage nutritionals (from PDF),,,,,,,2026/2/7,
Starbucks,decaf-caramel-macchiato-semi-skimmed-milk-venti,Decaf Caramel Macchiato - semi skimmed milk Venti,,273,13.8,7.5,37.4,176,4.8,,,0.3,35.2,,,,,,,,,,,,,,,,,,,,Winter FY26 UK/IRE beverage nutritionals (from PDF),,,,,,,2026/2/7,
Starbucks,decaf-caramel-macchiato-whole-milk-tall,Decaf Caramel Macchiato - whole milk Tall,,204,8.2,9.3,22.2,108,5.8,,,0.2,20.8,,,,,,,,,,,,,,,,,,,,Winter FY26 UK/IRE beverage nutritionals (from PDF),,,,,,,2026/2/7,
Starbucks,decaf-caramel-macchiato-whole-milk-grande,Decaf Caramel Macchiato - whole milk Grande,,262,10.4,11.7,28.9,136,7.4,,,0.2,27.4,,,,,,,,,,,,,,,,,,,,Winter FY26 UK/IRE beverage nutritionals (from PDF),,,,,,,2026/2/7,
Starbucks,decaf-caramel-macchiato-whole-milk-venti,Decaf Caramel Macchiato - whole milk Venti,,334,13.5,14.8,37,172,9.3,,,0.3,34.8,,,,,,,,,,,,,,,,,,,,Winter FY26 UK/IRE beverage nutritionals (from PDF),,,,,,,2026/2/7,
Starbucks,decaf-caramel-macchiato-skimmed-milk-tall,Decaf Caramel Macchiato - skimmed milk Tall,,140,8.4,1.7,22.7,112,0.9,,,0.2,21.2,,,,,,,,,,,,,,,,,,,,Winter FY26 UK/IRE beverage nutritionals (from PDF),,,,,,,2026/2/7,
Starbucks,decaf-caramel-macchiato-skimmed-milk-grande,Decaf Caramel Macchiato - skimmed milk Grande,,179,10.7,1.9,29.5,140,1,,,0.2,28,,,,,,,,,,,,,,,,,,,,Winter FY26 UK/IRE beverage nutritionals (from PDF),,,,,,,2026/2/7,
Starbucks,decaf-caramel-macchiato-skimmed-milk-venti,Decaf Caramel Macchiato - skimmed milk Venti,,227,13.8,2.2,37.7,180,1.1,,,0.3,35.6,,,,,,,,,,,,,,,,,,,,Winter FY26 UK/IRE beverage nutritionals (from PDF),,,,,,,2026/2/7,
Starbucks,decaf-caramel-macchiato-almond-drink-tall,Decaf Caramel Macchiato - almond drink Tall,,115,1.5,3.7,17.3,76,0.8,,,0.7,15.8,,,,,,,,,,,,,,,,,,,,Winter FY26 UK/IRE beverage nutritionals (from PDF),,,,,,,2026/2/7,
Starbucks,decaf-caramel-macchiato-almond-drink-grande,Decaf Caramel Macchiato - almond drink Grande,,146,1.8,4.5,22.5,96,0.9,,,0.8,21,,,,,,,,,,,,,,,,,,,,Winter FY26 UK/IRE beverage nutritionals (from PDF),,,,,,,2026/2/7,
Starbucks,decaf-caramel-macchiato-almond-drink-venti,Decaf Caramel Macchiato - almond drink Venti,,185,2.4,5.6,28.8,120,1,,,1.1,26.7,,,,,,,,,,,,,,,,,,,,Winter FY26 UK/IRE beverage nutritionals (from PDF),,,,,,,2026/2/7,
Starbucks,decaf-caramel-macchiato-soya-drink-tall,Decaf Caramel Macchiato - soya drink Tall,,152,7.7,5.2,17.5,92,1.2,,,1.6,15.8,,,,,,,,,,,,,,,,,,,,Winter FY26 UK/IRE beverage nutritionals (from PDF),,,,,,,2026/2/7,
Starbucks,decaf-caramel-macchiato-soya-drink-grande,Decaf Caramel Macchiato - soya drink Grande,,193,9.9,6.5,22.8,116,1.4,,,2,20.9,,,,,,,,,,,,,,,,,,,,Winter FY26 UK/IRE beverage nutritionals (from PDF),,,,,,,2026/2/7,
Starbucks,decaf-caramel-macchiato-soya-drink-venti,Decaf Caramel Macchiato - soya drink Venti,,246,12.8,8.1,29.1,144,1.7,,,2.6,26.6,,,,,,,,,,,,,,,,,,,,Winter FY26 UK/IRE beverage nutritionals (from PDF),,,,,,,2026/2/7,
Starbucks,decaf-caramel-macchiato-oat-drink-tall,Decaf Caramel Macchiato - oat drink Tall,,188,2.1,7.7,26.6,124,1.2,,,2.5,17.5,,,,,,,,,,,,,,,,,,,,Winter FY26 UK/IRE beverage nutritionals (from PDF),,,,,,,2026/2/7,
Starbucks,decaf-caramel-macchiato-oat-drink-grande,Decaf Caramel Macchiato - oat drink Grande,,241,2.7,9.6,34.5,160,1.4,,,3.1,23.2,,,,,,,,,,,,,,,,,,,,Winter FY26 UK/IRE beverage nutritionals (from PDF),,,,,,,2026/2/7,
Starbucks,decaf-caramel-macchiato-oat-drink-venti,Decaf Caramel Macchiato - oat drink Venti,,307,3.5,12.2,44.2,204,1.7,,,4,29.5,,,,,,,,,,,,,,,,,,,,Winter FY26 UK/IRE beverage nutritionals (from PDF),,,,,,,2026/2/7,
Starbucks,decaf-caramel-macchiato-coconut-drink-tall,Decaf Caramel Macchiato - coconut drink Tall,,158,2.6,6.7,19.7,52,5.9,,,3.7,18.2,,,,,,,,,,,,,,,,,,,,Winter FY26 UK/IRE beverage nutritionals (from PDF),,,,,,,2026/2/7,
Starbucks,decaf-caramel-macchiato-coconut-drink-grande,Decaf Caramel Macchiato - coconut drink Grande,,202,3.3,8.4,25.6,64,7.4,,,4.7,24.1,,,,,,,,,,,,,,,,,,,,Winter FY26 UK/IRE beverage nutritionals (from PDF),,,,,,,2026/2/7,
Starbucks,decaf-caramel-macchiato-coconut-drink-venti,Decaf Caramel Macchiato - coconut drink Venti,,258,4.3,10.6,32.8,80,9.4,,,6.1,30.6,,,,,,,,,,,,,,,,,,,,Winter FY26 UK/IRE beverage nutritionals (from PDF),,,,,,,2026/2/7,
Starbucks,blonde-mocha-semi-skimmed-milk-tall,Blonde Mocha - semi skimmed milk Tall,,204,8.8,9.4,20.4,84,6.3,,,1.5,19.1,,,,,,,,,,,,,,,,,,,,Winter FY26 UK/IRE beverage nutritionals (from PDF),,,,,,,2026/2/7,
Starbucks,blonde-mocha-semi-skimmed-milk-grande,Blonde Mocha - semi skimmed milk Grande,,262,11.7,11,28.1,112,7.4,,,2.2,26.4,,,,,,,,,,,,,,,,,,,,Winter FY26 UK/IRE beverage nutritionals (from PDF),,,,,,,2026/2/7,
Starbucks,blonde-mocha-semi-skimmed-milk-venti,Blonde Mocha - semi skimmed milk Venti,,330,15.1,13,36.6,140,8.7,,,2.9,34.2,,,,,,,,,,,,,,,,,,,,Winter FY26 UK/IRE beverage nutritionals (from PDF),,,,,,,2026/2/7,
Starbucks,blonde-mocha-whole-milk-tall,Blonde Mocha - whole milk Tall,,233,8.6,12.8,20.3,84,8.5,,,1.5,18.9,,,,,,,,,,,,,,,,,,,,Winter FY26 UK/IRE beverage nutritionals (from PDF),,,,,,,2026/2/7,
Starbucks,blonde-mocha-whole-milk-grande,Blonde Mocha - whole milk Grande,,301,11.5,15.5,27.9,108,10.2,,,2.2,26.2,,,,,,,,,,,,,,,,,,,,Winter FY26 UK/IRE beverage nutritionals (from PDF),,,,,,,2026/2/7,
Starbucks,blonde-mocha-whole-milk-venti,Blonde Mocha - whole milk Venti,,378,14.8,18.8,36.2,136,12.3,,,2.9,33.9,,,,,,,,,,,,,,,,,,,,Winter FY26 UK/IRE beverage nutritionals (from PDF),,,,,,,2026/2/7,
Starbucks,blonde-mocha-skimmed-milk-tall,Blonde Mocha - skimmed milk Tall,,183,8.8,6.8,20.6,88,4.6,,,1.5,19.3,,,,,,,,,,,,,,,,,,,,Winter FY26 UK/IRE beverage nutritionals (from PDF),,,,,,,2026/2/7,
Starbucks,blonde-mocha-skimmed-milk-grande,Blonde Mocha - skimmed milk Grande,,234,11.7,7.6,28.4,112,5,,,2.2,26.7,,,,,,,,,,,,,,,,,,,,Winter FY26 UK/IRE beverage nutritionals (from PDF),,,,,,,2026/2/7,
Starbucks,blonde-mocha-skimmed-milk-venti,Blonde Mocha - skimmed milk Venti,,293,15.1,8.8,36.9,144,5.7,,,2.9,34.5,,,,,,,,,,,,,,,,,,,,Winter FY26 UK/IRE beverage nutritionals (from PDF),,,,,,,2026/2/7,
Starbucks,blonde-mocha-almond-drink-tall,Blonde Mocha - almond drink Tall,,163,3.3,8.4,16.4,60,4.5,,,1.9,15.1,,,,,,,,,,,,,,,,,,,,Winter FY26 UK/IRE beverage nutritionals (from PDF),,,,,,,2026/2/7,
Starbucks,blonde-mocha-almond-drink-grande,Blonde Mocha - almond drink Grande,,207,4.5,9.7,22.8,76,5,,,2.6,21.1,,,,,,,,,,,,,,,,,,,,Winter FY26 UK/IRE beverage nutritionals (from PDF),,,,,,,2026/2/7,
Starbucks,blonde-mocha-almond-drink-venti,Blonde Mocha - almond drink Venti,,260,5.9,11.5,29.7,96,5.7,,,3.5,27.4,,,,,,,,,,,,,,,,,,,,Winter FY26 UK/IRE beverage nutritionals (from PDF),,,,,,,2026/2/7,
Starbucks,blonde-mocha-soya-drink-tall,Blonde Mocha - soya drink Tall,,192,8.3,9.6,16.5,72,4.9,,,2.6,15,,,,,,,,,,,,,,,,,,,,Winter FY26 UK/IRE beverage nutritionals (from PDF),,,,,,,2026/2/7,
Starbucks,blonde-mocha-soya-drink-grande,Blonde Mocha - soya drink Grande,,246,11.1,11.3,23,92,5.4,,,3.6,21,,,,,,,,,,,,,,,,,,,,Winter FY26 UK/IRE beverage nutritionals (from PDF),,,,,,,2026/2/7,
Starbucks,blonde-mocha-soya-drink-venti,Blonde Mocha - soya drink Venti,,308,14.2,13.5,30,116,6.2,,,4.7,27.3,,,,,,,,,,,,,,,,,,,,Winter FY26 UK/IRE beverage nutritionals (from PDF),,,,,,,2026/2/7,
Starbucks,blonde-mocha-oat-drink-tall,Blonde Mocha - oat drink Tall,,221,3.9,11.6,23.7,96,4.9,,,3.3,16.4,,,,,,,,,,,,,,,,,,,,Winter FY26 UK/IRE beverage nutritionals (from PDF),,,,,,,2026/2/7,
Starbucks,blonde-mocha-oat-drink-grande,Blonde Mocha - oat drink Grande,,284,5.2,13.9,32.4,128,5.4,,,4.5,22.9,,,,,,,,,,,,,,,,,,,,Winter FY26 UK/IRE beverage nutritionals (from PDF),,,,,,,2026/2/7,
Starbucks,blonde-mocha-oat-drink-venti,Blonde Mocha - oat drink Venti,,357,6.8,16.7,42,160,6.2,,,5.9,29.6,,,,,,,,,,,,,,,,,,,,Winter FY26 UK/IRE beverage nutritionals (from PDF),,,,,,,2026/2/7,
Starbucks,blonde-mocha-coconut-drink-tall,Blonde Mocha - coconut drink Tall,,197,4.3,10.8,18.3,40,8.5,,,4.2,16.9,,,,,,,,,,,,,,,,,,,,Winter FY26 UK/IRE beverage nutritionals (from PDF),,,,,,,2026/2/7,
Starbucks,blonde-mocha-coconut-drink-grande,Blonde Mocha - coconut drink Grande,,253,5.8,12.9,25.3,52,10.2,,,5.8,23.6,,,,,,,,,,,,,,,,,,,,Winter FY26 UK/IRE beverage nutritionals (from PDF),,,,,,,2026/2/7,
Starbucks,blonde-mocha-coconut-drink-venti,Blonde Mocha - coconut drink Venti,,317,7.5,15.5,32.9,64,12.3,,,7.5,30.6,,,,,,,,,,,,,,,,,,,,Winter FY26 UK/IRE beverage nutritionals (from PDF),,,,,,,2026/2/7,
Starbucks,decaf-mocha-semi-skimmed-milk-tall,Decaf Mocha - semi skimmed milk Tall,,230,9.3,9.7,25.3,80,6.6,,,2.1,23.2,,,,,,,,,,,,,,,,,,,,Winter FY26 UK/IRE beverage nutritionals (from PDF),,,,,,,2026/2/7,
Starbucks,decaf-mocha-semi-skimmed-milk-grande,Decaf Mocha - semi skimmed milk Grande,,283,11.9,11.2,32.5,104,7.5,,,2.7,30.1,,,,,,,,,,,,,,,,,,,,Winter FY26 UK/IRE beverage nutritionals (from PDF),,,,,,,2026/2/7,
Starbucks,decaf-mocha-semi-skimmed-milk-venti,Decaf Mocha - semi skimmed milk Venti,,361,15.9,13.6,42.1,140,9,,,3.5,38.8,,,,,,,,,,,,,,,,,,,,Winter FY26 UK/IRE beverage nutritionals (from PDF),,,,,,,2026/2/7,
Starbucks,decaf-mocha-whole-milk-tall,Decaf Mocha - whole milk Tall,,257,9.1,13,25.1,80,8.6,,,2.1,23.1,,,,,,,,,,,,,,,,,,,,Winter FY26 UK/IRE beverage nutritionals (from PDF),,,,,,,2026/2/7,
Starbucks,decaf-mocha-whole-milk-grande,Decaf Mocha - whole milk Grande,,319,11.7,15.3,32.3,100,10.1,,,2.7,29.9,,,,,,,,,,,,,,,,,,,,Winter FY26 UK/IRE beverage nutritionals (from PDF),,,,,,,2026/2/7,
Starbucks,decaf-mocha-whole-milk-venti,Decaf Mocha - whole milk Venti,,410,15.6,19.3,41.8,136,12.6,,,3.5,38.5,,,,,,,,,,,,,,,,,,,,Winter FY26 UK/IRE beverage nutritionals (from PDF),,,,,,,2026/2/7,
Starbucks,decaf-mocha-skimmed-milk-tall,Decaf Mocha - skimmed milk Tall,,210,9.3,7.3,25.5,84,4.9,,,2.1,23.4,,,,,,,,,,,,,,,,,,,,Winter FY26 UK/IRE beverage nutritionals (from PDF),,,,,,,2026/2/7,
Starbucks,decaf-mocha-skimmed-milk-grande,Decaf Mocha - skimmed milk Grande,,257,11.9,8.1,32.7,104,5.3,,,2.7,30.3,,,,,,,,,,,,,,,,,,,,Winter FY26 UK/IRE beverage nutritionals (from PDF),,,,,,,2026/2/7,
Starbucks,decaf-mocha-skimmed-milk-venti,Decaf Mocha - skimmed milk Venti,,324,15.9,9.3,42.4,144,6.1,,,3.5,39.1,,,,,,,,,,,,,,,,,,,,Winter FY26 UK/IRE beverage nutritionals (from PDF),,,,,,,2026/2/7,
Starbucks,decaf-mocha-almond-drink-tall,Decaf Mocha - almond drink Tall,,191,4.1,8.8,21.5,56,4.8,,,2.5,19.4,,,,,,,,,,,,,,,,,,,,Winter FY26 UK/IRE beverage nutritionals (from PDF),,,,,,,2026/2/7,
Starbucks,decaf-mocha-almond-drink-grande,Decaf Mocha - almond drink Grande,,233,5.3,10,27.6,72,5.3,,,3.2,25.2,,,,,,,,,,,,,,,,,,,,Winter FY26 UK/IRE beverage nutritionals (from PDF),,,,,,,2026/2/7,
Starbucks,decaf-mocha-almond-drink-venti,Decaf Mocha - almond drink Venti,,291,6.8,12,35.3,96,6,,,4.1,32,,,,,,,,,,,,,,,,,,,,Winter FY26 UK/IRE beverage nutritionals (from PDF),,,,,,,2026/2/7,
Starbucks,decaf-mocha-soya-drink-tall,Decaf Mocha - soya drink Tall,,218,8.8,10,21.6,68,5.2,,,3.1,19.4,,,,,,,,,,,,,,,,,,,,Winter FY26 UK/IRE beverage nutritionals (from PDF),,,,,,,2026/2/7,
Starbucks,decaf-mocha-soya-drink-grande,Decaf Mocha - soya drink Grande,,268,11.3,11.5,27.8,84,5.7,,,4,25.2,,,,,,,,,,,,,,,,,,,,Winter FY26 UK/IRE beverage nutritionals (from PDF),,,,,,,2026/2/7,
Starbucks,decaf-mocha-soya-drink-venti,Decaf Mocha - soya drink Venti,,340,15.1,14,35.5,116,6.6,,,5.3,31.9,,,,,,,,,,,,,,,,,,,,Winter FY26 UK/IRE beverage nutritionals (from PDF),,,,,,,2026/2/7,
Starbucks,decaf-mocha-oat-drink-tall,Decaf Mocha - oat drink Tall,,245,4.6,11.8,28.4,92,5.2,,,3.8,20.7,,,,,,,,,,,,,,,,,,,,Winter FY26 UK/IRE beverage nutritionals (from PDF),,,,,,,2026/2/7,
Starbucks,decaf-mocha-oat-drink-grande,Decaf Mocha - oat drink Grande,,303,5.9,13.8,36.5,120,5.7,,,4.9,26.8,,,,,,,,,,,,,,,,,,,,Winter FY26 UK/IRE beverage nutritionals (from PDF),,,,,,,2026/2/7,
Starbucks,decaf-mocha-oat-drink-venti,Decaf Mocha - oat drink Venti,,388,7.6,17.2,47.5,160,6.6,,,6.4,34.2,,,,,,,,,,,,,,,,,,,,Winter FY26 UK/IRE beverage nutritionals (from PDF),,,,,,,2026/2/7,
Starbucks,decaf-mocha-coconut-drink-tall,Decaf Mocha - coconut drink Tall,,223,5,11.1,23.2,40,8.6,,,4.7,21.2,,,,,,,,,,,,,,,,,,,,Winter FY26 UK/IRE beverage nutritionals (from PDF),,,,,,,2026/2/7,
Starbucks,decaf-mocha-coconut-drink-grande,Decaf Mocha - coconut drink Grande,,275,6.4,12.9,29.9,48,10.1,,,6,27.5,,,,,,,,,,,,,,,,,,,,Winter FY26 UK/IRE beverage nutritionals (from PDF),,,,,,,2026/2/7,
Starbucks,decaf-mocha-coconut-drink-venti,Decaf Mocha - coconut drink Venti,,349,8.3,16,38.4,64,12.7,,,8,35.2,,,,,,,,,,,,,,,,,,,,Winter FY26 UK/IRE beverage nutritionals (from PDF),,,,,,,2026/2/7,
Starbucks,blonde-white-mocha-semi-skimmed-milk-tall,Blonde White Mocha - semi skimmed milk Tall,,229,8,9.9,26.8,128,7,,,0.3,26.2,,,,,,,,,,,,,,,,,,,,Winter FY26 UK/IRE beverage nutritionals (from PDF),,,,,,,2026/2/7,
Starbucks,blonde-white-mocha-semi-skimmed-milk-grande,Blonde White Mocha - semi skimmed milk Grande,,298,10.4,11.7,37.5,172,8.3,,,0.3,36.9,,,,,,,,,,,,,,,,,,,,Winter FY26 UK/IRE beverage nutritionals (from PDF),,,,,,,2026/2/7,
Starbucks,blonde-white-mocha-semi-skimmed-milk-venti,Blonde White Mocha - semi skimmed milk Venti,,388,14.1,14.4,50.1,232,10.2,,,0.5,49.1,,,,,,,,,,,,,,,,,,,,Winter FY26 UK/IRE beverage nutritionals (from PDF),,,,,,,2026/2/7,
Starbucks,blonde-white-mocha-whole-milk-tall,Blonde White Mocha - whole milk Tall,,257,7.8,13.2,26.7,128,9.1,,,0.3,26,,,,,,,,,,,,,,,,,,,,Winter FY26 UK/IRE beverage nutritionals (from PDF),,,,,,,2026/2/7,
Starbucks,blonde-white-mocha-whole-milk-grande,Blonde White Mocha - whole milk Grande,,334,10.2,16,37.3,172,11,,,0.3,36.6,,,,,,,,,,,,,,,,,,,,Winter FY26 UK/IRE beverage nutritionals (from PDF),,,,,,,2026/2/7,
Starbucks,blonde-white-mocha-whole-milk-venti,Blonde White Mocha - whole milk Venti,,437,13.8,20.3,49.8,232,13.9,,,0.5,48.8,,,,,,,,,,,,,,,,,,,,Winter FY26 UK/IRE beverage nutritionals (from PDF),,,,,,,2026/2/7,
Starbucks,blonde-white-mocha-skimmed-milk-tall,Blonde White Mocha - skimmed milk Tall,,208,8,7.5,27,128,5.3,,,0.3,26.3,,,,,,,,,,,,,,,,,,,,Winter FY26 UK/IRE beverage nutritionals (from PDF),,,,,,,2026/2/7,
Starbucks,blonde-white-mocha-skimmed-milk-grande,Blonde White Mocha - skimmed milk Grande,,271,10.4,8.5,37.8,176,6.1,,,0.3,37.1,,,,,,,,,,,,,,,,,,,,Winter FY26 UK/IRE beverage nutritionals (from PDF),,,,,,,2026/2/7,
Starbucks,blonde-white-mocha-skimmed-milk-venti,Blonde White Mocha - skimmed milk Venti,,351,14.1,10.1,50.4,236,7.2,,,0.5,49.4,,,,,,,,,,,,,,,,,,,,Winter FY26 UK/IRE beverage nutritionals (from PDF),,,,,,,2026/2/7,
Starbucks,blonde-white-mocha-almond-drink-tall,Blonde White Mocha - almond drink Tall,,189,2.8,9,22.9,104,5.3,,,0.6,22.3,,,,,,,,,,,,,,,,,,,,Winter FY26 UK/IRE beverage nutritionals (from PDF),,,,,,,2026/2/7,
Starbucks,blonde-white-mocha-almond-drink-grande,Blonde White Mocha - almond drink Grande,,246,3.6,10.5,32.5,144,6.1,,,0.8,31.8,,,,,,,,,,,,,,,,,,,,Winter FY26 UK/IRE beverage nutritionals (from PDF),,,,,,,2026/2/7,
Starbucks,blonde-white-mocha-almond-drink-venti,Blonde White Mocha - almond drink Venti,,317,4.8,12.8,43.2,192,7.1,,,1.1,42.2,,,,,,,,,,,,,,,,,,,,Winter FY26 UK/IRE beverage nutritionals (from PDF),,,,,,,2026/2/7,
Starbucks,blonde-white-mocha-soya-drink-tall,Blonde White Mocha - soya drink Tall,,217,7.5,10.2,23.1,112,5.6,,,1.3,22.2,,,,,,,,,,,,,,,,,,,,Winter FY26 UK/IRE beverage nutritionals (from PDF),,,,,,,2026/2/7,
Starbucks,blonde-white-mocha-soya-drink-grande,Blonde White Mocha - soya drink Grande,,282,9.8,12,32.7,156,6.5,,,1.7,31.8,,,,,,,,,,,,,,,,,,,,Winter FY26 UK/IRE beverage nutritionals (from PDF),,,,,,,2026/2/7,
Starbucks,blonde-white-mocha-soya-drink-venti,Blonde White Mocha - soya drink Venti,,366,13.2,14.9,43.5,208,7.7,,,2.3,42.2,,,,,,,,,,,,,,,,,,,,Winter FY26 UK/IRE beverage nutritionals (from PDF),,,,,,,2026/2/7,
Starbucks,blonde-white-mocha-oat-drink-tall,Blonde White Mocha - oat drink Tall,,245,3.3,12,30,140,5.6,,,2,23.6,,,,,,,,,,,,,,,,,,,,Winter FY26 UK/IRE beverage nutritionals (from PDF),,,,,,,2026/2/7,
Starbucks,blonde-white-mocha-oat-drink-grande,Blonde White Mocha - oat drink Grande,,318,4.3,14.4,41.6,188,6.5,,,2.5,33.5,,,,,,,,,,,,,,,,,,,,Winter FY26 UK/IRE beverage nutritionals (from PDF),,,,,,,2026/2/7,
Starbucks,blonde-white-mocha-oat-drink-venti,Blonde White Mocha - oat drink Venti,,415,5.7,18.1,55.7,256,7.7,,,3.5,44.5,,,,,,,,,,,,,,,,,,,,Winter FY26 UK/IRE beverage nutritionals (from PDF),,,,,,,2026/2/7,
Starbucks,blonde-white-mocha-coconut-drink-tall,Blonde White Mocha - coconut drink Tall,,222,3.6,11.3,24.7,84,9.1,,,2.9,24.1,,,,,,,,,,,,,,,,,,,,Winter FY26 UK/IRE beverage nutritionals (from PDF),,,,,,,2026/2/7,
Starbucks,blonde-white-mocha-coconut-drink-grande,Blonde White Mocha - coconut drink Grande,,289,4.8,13.5,34.8,116,11,,,3.7,34.1,,,,,,,,,,,,,,,,,,,,Winter FY26 UK/IRE beverage nutritionals (from PDF),,,,,,,2026/2/7,
Starbucks,blonde-white-mocha-coconut-drink-venti,Blonde White Mocha - coconut drink Venti,,375,6.4,16.9,46.4,156,13.9,,,5.1,45.4,,,,,,,,,,,,,,,,,,,,Winter FY26 UK/IRE beverage nutritionals (from PDF),,,,,,,2026/2/7,
Starbucks,decaf-white-mocha-semi-skimmed-milk-tall,Decaf White Mocha - semi skimmed milk Tall,,266,8,10.5,34.7,144,7.5,,,0.3,33.6,,,,,,,,,,,,,,,,,,,,Winter FY26 UK/IRE beverage nutritionals (from PDF),,,,,,,2026/2/7,
Starbucks,decaf-white-mocha-semi-skimmed-milk-grande,Decaf White Mocha - semi skimmed milk Grande,,345,11.2,12.7,46.5,200,9.1,,,0.3,45.4,,,,,,,,,,,,,,,,,,,,Winter FY26 UK/IRE beverage nutritionals (from PDF),,,,,,,2026/2/7,
Starbucks,decaf-white-mocha-semi-skimmed-milk-venti,Decaf White Mocha - semi skimmed milk Venti,,418,13.5,14.7,57.5,244,10.6,,,0.4,55.9,,,,,,,,,,,,,,,,,,,,Winter FY26 UK/IRE beverage nutritionals (from PDF),,,,,,,2026/2/7,
Starbucks,decaf-white-mocha-whole-milk-tall,Decaf White Mocha - whole milk Tall,,291,7.8,13.5,34.5,144,9.4,,,0.3,33.5,,,,,,,,,,,,,,,,,,,,Winter FY26 UK/IRE beverage nutritionals (from PDF),,,,,,,2026/2/7,
Starbucks,decaf-white-mocha-whole-milk-grande,Decaf White Mocha - whole milk Grande,,382,11,17.1,46.2,196,11.8,,,0.3,45.2,,,,,,,,,,,,,,,,,,,,Winter FY26 UK/IRE beverage nutritionals (from PDF),,,,,,,2026/2/7,
Starbucks,decaf-white-mocha-whole-milk-venti,Decaf White Mocha - whole milk Venti,,462,13.2,20,57.2,240,13.8,,,0.4,55.6,,,,,,,,,,,,,,,,,,,,Winter FY26 UK/IRE beverage nutritionals (from PDF),,,,,,,2026/2/7,
Starbucks,decaf-white-mocha-skimmed-milk-tall,Decaf White Mocha - skimmed milk Tall,,247,8,8.3,34.8,144,6,,,0.3,33.8,,,,,,,,,,,,,,,,,,,,Winter FY26 UK/IRE beverage nutritionals (from PDF),,,,,,,2026/2/7,
Starbucks,decaf-white-mocha-skimmed-milk-grande,Decaf White Mocha - skimmed milk Grande,,317,11.2,9.4,46.7,204,6.8,,,0.3,45.6,,,,,,,,,,,,,,,,,,,,Winter FY26 UK/IRE beverage nutritionals (from PDF),,,,,,,2026/2/7,
Starbucks,decaf-white-mocha-skimmed-milk-venti,Decaf White Mocha - skimmed milk Venti,,384,13.5,10.9,57.7,248,7.9,,,0.4,56.2,,,,,,,,,,,,,,,,,,,,Winter FY26 UK/IRE beverage nutritionals (from PDF),,,,,,,2026/2/7,
Starbucks,decaf-white-mocha-almond-drink-tall,Decaf White Mocha - almond drink Tall,,229,3.2,9.7,31.2,124,5.9,,,0.6,30.1,,,,,,,,,,,,,,,,,,,,Winter FY26 UK/IRE beverage nutritionals (from PDF),,,,,,,2026/2/7,
Starbucks,decaf-white-mocha-almond-drink-grande,Decaf White Mocha - almond drink Grande,,292,4.2,11.5,41.3,168,6.8,,,0.7,40.2,,,,,,,,,,,,,,,,,,,,Winter FY26 UK/IRE beverage nutritionals (from PDF),,,,,,,2026/2/7,
Starbucks,decaf-white-mocha-almond-drink-venti,Decaf White Mocha - almond drink Venti,,354,5.2,13.3,51.3,204,7.8,,,1,49.7,,,,,,,,,,,,,,,,,,,,Winter FY26 UK/IRE beverage nutritionals (from PDF),,,,,,,2026/2/7,
Starbucks,decaf-white-mocha-soya-drink-tall,Decaf White Mocha - soya drink Tall,,255,7.5,10.7,31.3,132,6.3,,,1.2,30.1,,,,,,,,,,,,,,,,,,,,Winter FY26 UK/IRE beverage nutritionals (from PDF),,,,,,,2026/2/7,
Starbucks,decaf-white-mocha-soya-drink-grande,Decaf White Mocha - soya drink Grande,,329,10.5,13,41.5,180,7.2,,,1.7,40.2,,,,,,,,,,,,,,,,,,,,Winter FY26 UK/IRE beverage nutritionals (from PDF),,,,,,,2026/2/7,
Starbucks,decaf-white-mocha-soya-drink-venti,Decaf White Mocha - soya drink Venti,,398,12.7,15.1,51.5,220,8.3,,,2,49.7,,,,,,,,,,,,,,,,,,,,Winter FY26 UK/IRE beverage nutritionals (from PDF),,,,,,,2026/2/7,
Starbucks,decaf-white-mocha-oat-drink-tall,Decaf White Mocha - oat drink Tall,,280,3.7,12.4,37.5,156,6.3,,,1.8,31.3,,,,,,,,,,,,,,,,,,,,Winter FY26 UK/IRE beverage nutritionals (from PDF),,,,,,,2026/2/7,
Starbucks,decaf-white-mocha-oat-drink-grande,Decaf White Mocha - oat drink Grande,,366,4.9,15.5,50.6,216,7.2,,,2.5,41.9,,,,,,,,,,,,,,,,,,,,Winter FY26 UK/IRE beverage nutritionals (from PDF),,,,,,,2026/2/7,
Starbucks,decaf-white-mocha-oat-drink-venti,Decaf White Mocha - oat drink Venti,,442,6,18.1,62.4,264,8.3,,,3.1,51.8,,,,,,,,,,,,,,,,,,,,Winter FY26 UK/IRE beverage nutritionals (from PDF),,,,,,,2026/2/7,
Starbucks,decaf-white-mocha-coconut-drink-tall,Decaf White Mocha - coconut drink Tall,,259,4,11.7,32.8,104,9.4,,,2.6,31.7,,,,,,,,,,,,,,,,,,,,Winter FY26 UK/IRE beverage nutritionals (from PDF),,,,,,,2026/2/7,
Starbucks,decaf-white-mocha-coconut-drink-grande,Decaf White Mocha - coconut drink Grande,,336,5.4,14.5,43.7,144,11.9,,,3.8,42.6,,,,,,,,,,,,,,,,,,,,Winter FY26 UK/IRE beverage nutritionals (from PDF),,,,,,,2026/2/7,
Starbucks,decaf-white-mocha-coconut-drink-venti,Decaf White Mocha - coconut drink Venti,,407,6.6,16.9,54.2,176,13.9,,,4.6,52.6,,,,,,,,,,,,,,,,,,,,Winter FY26 UK/IRE beverage nutritionals (from PDF),,,,,,,2026/2/7,
Starbucks,decaf-iced-americano-tall,Decaf Iced Americano Tall,,8,0.3,0.1,1.2,0,0,,,0.2,0.1,,,,,,,,,,,,,,,,,,,,Winter FY26 UK/IRE beverage nutritionals (from PDF),,,,,,,2026/2/7,
Starbucks,decaf-iced-americano-grande,Decaf Iced Americano Grande,,11,0.4,0.2,1.8,0,0.1,,,0.3,0.2,,,,,,,,,,,,,,,,,,,,Winter FY26 UK/IRE beverage nutritionals (from PDF),,,,,,,2026/2/7,
Starbucks,decaf-iced-americano-venti,Decaf Iced Americano Venti,,15,0.5,0.3,2.3,0,0.1,,,0.4,0.2,,,,,,,,,,,,,,,,,,,,Winter FY26 UK/IRE beverage nutritionals (from PDF),,,,,,,2026/2/7,
Starbucks,blonde-iced-americano-tall,Blonde Iced Americano Tall,,6,0.3,0.1,0.8,0,0,,,0.3,0.1,,,,,,,,,,,,,,,,,,,,Winter FY26 UK/IRE beverage nutritionals (from PDF),,,,,,,2026/2/7,
Starbucks,blonde-iced-americano-grande,Blonde Iced Americano Grande,,9,0.5,0.2,1.1,0,0.1,,,0.4,0.1,,,,,,,,,,,,,,,,,,,,Winter FY26 UK/IRE beverage nutritionals (from PDF),,,,,,,2026/2/7,
Starbucks,blonde-iced-americano-venti,Blonde Iced Americano Venti,,13,0.6,0.3,1.5,0,0.1,,,0.5,0.2,,,,,,,,,,,,,,,,,,,,Winter FY26 UK/IRE beverage nutritionals (from PDF),,,,,,,2026/2/7,
Starbucks,blonde-iced-latte-semi-skimmed-milk-tall,Blonde Iced Latte - semi skimmed milk Tall,,82,5.8,2.8,8.1,68,1.8,,,0.3,7.5,,,,,,,,,,,,,,,,,,,,Winter FY26 UK/IRE beverage nutritionals (from PDF),,,,,,,2026/2/7,
Starbucks,blonde-iced-latte-semi-skimmed-milk-grande,Blonde Iced Latte - semi skimmed milk Grande,,127,9.1,4.4,12.6,108,2.8,,,0.3,11.9,,,,,,,,,,,,,,,,,,,,Winter FY26 UK/IRE beverage nutritionals (from PDF),,,,,,,2026/2/7,
Starbucks,blonde-iced-latte-semi-skimmed-milk-venti,Blonde Iced Latte - semi skimmed milk Venti,,128,9.2,4.4,12.8,108,2.8,,,0.4,11.8,,,,,,,,,,,,,,,,,,,,Winter FY26 UK/IRE beverage nutritionals (from PDF),,,,,,,2026/2/7,
Starbucks,blonde-iced-latte-whole-milk-tall,Blonde Iced Latte - whole milk Tall,,107,5.6,5.8,8,68,3.6,,,0.3,7.3,,,,,,,,,,,,,,,,,,,,Winter FY26 UK/IRE beverage nutritionals (from PDF),,,,,,,2026/2/7,
Starbucks,blonde-iced-latte-whole-milk-grande,Blonde Iced Latte - whole milk Grande,,167,8.8,9.2,12.3,104,5.8,,,0.3,11.6,,,,,,,,,,,,,,,,,,,,Winter FY26 UK/IRE beverage nutritionals (from PDF),,,,,,,2026/2/7,
Starbucks,blonde-iced-latte-whole-milk-venti,Blonde Iced Latte - whole milk Venti,,168,8.9,9.1,12.6,104,5.7,,,0.4,11.5,,,,,,,,,,,,,,,,,,,,Winter FY26 UK/IRE beverage nutritionals (from PDF),,,,,,,2026/2/7,
Starbucks,blonde-iced-latte-skimmed-milk-tall,Blonde Iced Latte - skimmed milk Tall,,63,5.8,0.6,8.3,68,0.2,,,0.3,7.6,,,,,,,,,,,,,,,,,,,,Winter FY26 UK/IRE beverage nutritionals (from PDF),,,,,,,2026/2/7,
Starbucks,blonde-iced-latte-skimmed-milk-grande,Blonde Iced Latte - skimmed milk Grande,,97,9.1,0.9,12.8,112,0.4,,,0.3,12.1,,,,,,,,,,,,,,,,,,,,Winter FY26 UK/IRE beverage nutritionals (from PDF),,,,,,,2026/2/7,
Starbucks,blonde-iced-latte-skimmed-milk-venti,Blonde Iced Latte - skimmed milk Venti,,99,9.2,0.9,13.1,108,0.4,,,0.4,12,,,,,,,,,,,,,,,,,,,,Winter FY26 UK/IRE beverage nutritionals (from PDF),,,,,,,2026/2/7,
Starbucks,blonde-iced-latte-almond-drink-tall,Blonde Iced Latte - almond drink Tall,,46,1.1,2,4.6,44,0.2,,,0.6,3.9,,,,,,,,,,,,,,,,,,,,Winter FY26 UK/IRE beverage nutritionals (from PDF),,,,,,,2026/2/7,
Starbucks,blonde-iced-latte-almond-drink-grande,Blonde Iced Latte - almond drink Grande,,69,1.5,3.1,6.9,72,0.3,,,0.8,6.3,,,,,,,,,,,,,,,,,,,,Winter FY26 UK/IRE beverage nutritionals (from PDF),,,,,,,2026/2/7,
Starbucks,blonde-iced-latte-almond-drink-venti,Blonde Iced Latte - almond drink Venti,,71,1.7,3.1,7.2,72,0.3,,,0.9,6.2,,,,,,,,,,,,,,,,,,,,Winter FY26 UK/IRE beverage nutritionals (from PDF),,,,,,,2026/2/7,
Starbucks,blonde-iced-latte-soya-drink-tall,Blonde Iced Latte - soya drink Tall,,71,5.4,3,4.8,56,0.5,,,1.2,3.9,,,,,,,,,,,,,,,,,,,,Winter FY26 UK/IRE beverage nutritionals (from PDF),,,,,,,2026/2/7,
Starbucks,blonde-iced-latte-soya-drink-grande,Blonde Iced Latte - soya drink Grande,,109,8.4,4.8,7.1,88,0.8,,,1.7,6.2,,,,,,,,,,,,,,,,,,,,Winter FY26 UK/IRE beverage nutritionals (from PDF),,,,,,,2026/2/7,
Starbucks,blonde-iced-latte-soya-drink-venti,Blonde Iced Latte - soya drink Venti,,111,8.5,4.8,7.4,88,0.8,,,1.9,6.2,,,,,,,,,,,,,,,,,,,,Winter FY26 UK/IRE beverage nutritionals (from PDF),,,,,,,2026/2/7,
Starbucks,blonde-iced-latte-oat-drink-tall,Blonde Iced Latte - oat drink Tall,,96,1.5,4.7,11,80,0.5,,,1.8,5.1,,,,,,,,,,,,,,,,,,,,Winter FY26 UK/IRE beverage nutritionals (from PDF),,,,,,,2026/2/7,
Starbucks,blonde-iced-latte-oat-drink-grande,Blonde Iced Latte - oat drink Grande,,149,2.3,7.4,17.1,124,0.8,,,2.7,8.1,,,,,,,,,,,,,,,,,,,,Winter FY26 UK/IRE beverage nutritionals (from PDF),,,,,,,2026/2/7,
Starbucks,blonde-iced-latte-oat-drink-venti,Blonde Iced Latte - oat drink Venti,,151,2.4,7.4,17.3,124,0.8,,,2.8,8.1,,,,,,,,,,,,,,,,,,,,Winter FY26 UK/IRE beverage nutritionals (from PDF),,,,,,,2026/2/7,
Starbucks,blonde-iced-latte-coconut-drink-tall,Blonde Iced Latte - coconut drink Tall,,75,1.9,4.1,6.3,28,3.7,,,2.6,5.6,,,,,,,,,,,,,,,,,,,,Winter FY26 UK/IRE beverage nutritionals (from PDF),,,,,,,2026/2/7,
Starbucks,blonde-iced-latte-coconut-drink-grande,Blonde Iced Latte - coconut drink Grande,,117,2.8,6.4,9.5,44,5.8,,,4,8.9,,,,,,,,,,,,,,,,,,,,Winter FY26 UK/IRE beverage nutritionals (from PDF),,,,,,,2026/2/7,
Starbucks,blonde-iced-latte-coconut-drink-venti,Blonde Iced Latte - coconut drink Venti,,119,3,6.4,9.8,44,5.8,,,4.1,8.8,,,,,,,,,,,,,,,,,,,,Winter FY26 UK/IRE beverage nutritionals (from PDF),,,,,,,2026/2/7,
Starbucks,decaf-iced-latte-semi-skimmed-milk-tall,Decaf Iced Latte - semi skimmed milk Tall,,83,5.8,2.8,8.5,68,1.8,,,0.2,7.5,,,,,,,,,,,,,,,,,,,,Winter FY26 UK/IRE beverage nutritionals (from PDF),,,,,,,2026/2/7,
Starbucks,decaf-iced-latte-semi-skimmed-milk-grande,Decaf Iced Latte - semi skimmed milk Grande,,128,9,4.4,13,108,2.8,,,0.2,11.9,,,,,,,,,,,,,,,,,,,,Winter FY26 UK/IRE beverage nutritionals (from PDF),,,,,,,2026/2/7,
Starbucks,decaf-iced-latte-semi-skimmed-milk-venti,Decaf Iced Latte - semi skimmed milk Venti,,131,9.1,4.4,13.4,108,2.8,,,0.3,11.8,,,,,,,,,,,,,,,,,,,,Winter FY26 UK/IRE beverage nutritionals (from PDF),,,,,,,2026/2/7,
Starbucks,decaf-iced-latte-whole-milk-tall,Decaf Iced Latte - whole milk Tall,,108,5.6,5.8,8.4,68,3.6,,,0.2,7.3,,,,,,,,,,,,,,,,,,,,Winter FY26 UK/IRE beverage nutritionals (from PDF),,,,,,,2026/2/7,
Starbucks,decaf-iced-latte-whole-milk-grande,Decaf Iced Latte - whole milk Grande,,168,8.8,9.2,12.7,104,5.8,,,0.2,11.6,,,,,,,,,,,,,,,,,,,,Winter FY26 UK/IRE beverage nutritionals (from PDF),,,,,,,2026/2/7,
Starbucks,decaf-iced-latte-whole-milk-venti,Decaf Iced Latte - whole milk Venti,,170,8.8,9.1,13.2,104,5.7,,,0.3,11.6,,,,,,,,,,,,,,,,,,,,Winter FY26 UK/IRE beverage nutritionals (from PDF),,,,,,,2026/2/7,
Starbucks,decaf-iced-latte-skimmed-milk-tall,Decaf Iced Latte - skimmed milk Tall,,64,5.8,0.6,8.7,68,0.2,,,0.2,7.6,,,,,,,,,,,,,,,,,,,,Winter FY26 UK/IRE beverage nutritionals (from PDF),,,,,,,2026/2/7,
Starbucks,decaf-iced-latte-skimmed-milk-grande,Decaf Iced Latte - skimmed milk Grande,,98,9,0.9,13.2,112,0.4,,,0.2,12.2,,,,,,,,,,,,,,,,,,,,Winter FY26 UK/IRE beverage nutritionals (from PDF),,,,,,,2026/2/7,
Starbucks,decaf-iced-latte-skimmed-milk-venti,Decaf Iced Latte - skimmed milk Venti,,101,9.1,0.9,13.7,108,0.4,,,0.3,12.1,,,,,,,,,,,,,,,,,,,,Winter FY26 UK/IRE beverage nutritionals (from PDF),,,,,,,2026/2/7,
Starbucks,decaf-iced-latte-almond-drink-tall,Decaf Iced Latte - almond drink Tall,,47,1,2,5,44,0.2,,,0.5,4,,,,,,,,,,,,,,,,,,,,Winter FY26 UK/IRE beverage nutritionals (from PDF),,,,,,,2026/2/7,
Starbucks,decaf-iced-latte-almond-drink-grande,Decaf Iced Latte - almond drink Grande,,70,1.5,3.1,7.3,72,0.3,,,0.7,6.3,,,,,,,,,,,,,,,,,,,,Winter FY26 UK/IRE beverage nutritionals (from PDF),,,,,,,2026/2/7,
Starbucks,decaf-iced-latte-almond-drink-venti,Decaf Iced Latte - almond drink Venti,,73,1.6,3.1,7.9,72,0.3,,,0.8,6.3,,,,,,,,,,,,,,,,,,,,Winter FY26 UK/IRE beverage nutritionals (from PDF),,,,,,,2026/2/7,
Starbucks,decaf-iced-latte-soya-drink-tall,Decaf Iced Latte - soya drink Tall,,72,5.3,3,5.2,56,0.5,,,1.2,3.9,,,,,,,,,,,,,,,,,,,,Winter FY26 UK/IRE beverage nutritionals (from PDF),,,,,,,2026/2/7,
Starbucks,decaf-iced-latte-soya-drink-grande,Decaf Iced Latte - soya drink Grande,,110,8.3,4.8,7.5,88,0.8,,,1.7,6.2,,,,,,,,,,,,,,,,,,,,Winter FY26 UK/IRE beverage nutritionals (from PDF),,,,,,,2026/2/7,
Starbucks,decaf-iced-latte-soya-drink-venti,Decaf Iced Latte - soya drink Venti,,113,8.4,4.8,8.1,88,0.8,,,1.8,6.2,,,,,,,,,,,,,,,,,,,,Winter FY26 UK/IRE beverage nutritionals (from PDF),,,,,,,2026/2/7,
Starbucks,decaf-iced-latte-oat-drink-tall,Decaf Iced Latte - oat drink Tall,,97,1.5,4.7,11.4,80,0.5,,,1.7,5.1,,,,,,,,,,,,,,,,,,,,Winter FY26 UK/IRE beverage nutritionals (from PDF),,,,,,,2026/2/7,
Starbucks,decaf-iced-latte-oat-drink-grande,Decaf Iced Latte - oat drink Grande,,151,2.2,7.4,17.5,124,0.8,,,2.7,8.1,,,,,,,,,,,,,,,,,,,,Winter FY26 UK/IRE beverage nutritionals (from PDF),,,,,,,2026/2/7,
Starbucks,decaf-iced-latte-oat-drink-venti,Decaf Iced Latte - oat drink Venti,,153,2.3,7.4,17.9,124,0.8,,,2.7,8.1,,,,,,,,,,,,,,,,,,,,Winter FY26 UK/IRE beverage nutritionals (from PDF),,,,,,,2026/2/7,
Starbucks,decaf-iced-latte-coconut-drink-tall,Decaf Iced Latte - coconut drink Tall,,77,1.8,4.1,6.7,28,3.7,,,2.6,5.6,,,,,,,,,,,,,,,,,,,,Winter FY26 UK/IRE beverage nutritionals (from PDF),,,,,,,2026/2/7,
Starbucks,decaf-iced-latte-coconut-drink-grande,Decaf Iced Latte - coconut drink Grande,,118,2.8,6.4,9.9,44,5.8,,,4,8.9,,,,,,,,,,,,,,,,,,,,Winter FY26 UK/IRE beverage nutritionals (from PDF),,,,,,,2026/2/7,
Starbucks,decaf-iced-latte-coconut-drink-venti,Decaf Iced Latte - coconut drink Venti,,121,2.9,6.4,10.4,44,5.8,,,4.1,8.8,,,,,,,,,,,,,,,,,,,,Winter FY26 UK/IRE beverage nutritionals (from PDF),,,,,,,2026/2/7,
Starbucks,blonde-classic-iced-cappuccino-semi-skimmed-milk-tall,Blonde Classic Iced Cappuccino - semi skimmed milk Tall,,70,5,2.4,7,56,1.5,,,0.3,6.3,,,,,,,,,,,,,,,,,,,,Winter FY26 UK/IRE beverage nutritionals (from PDF),,,,,,,2026/2/7,
Starbucks,blonde-classic-iced-cappuccino-semi-skimmed-milk-grande,Blonde Classic Iced Cappuccino - semi skimmed milk Grande,,105,7.5,3.6,10.5,88,2.3,,,0.3,9.8,,,,,,,,,,,,,,,,,,,,Winter FY26 UK/IRE beverage nutritionals (from PDF),,,,,,,2026/2/7,
Starbucks,blonde-classic-iced-cappuccino-semi-skimmed-milk-venti,Blonde Classic Iced Cappuccino - semi skimmed milk Venti,,114,8.1,3.9,11.4,96,2.5,,,0.4,10.4,,,,,,,,,,,,,,,,,,,,Winter FY26 UK/IRE beverage nutritionals (from PDF),,,,,,,2026/2/7,
Starbucks,blonde-classic-iced-cappuccino-whole-milk-tall,Blonde Classic Iced Cappuccino - whole milk Tall,,91,4.8,4.9,6.9,56,3.1,,,0.3,6.2,,,,,,,,,,,,,,,,,,,,Winter FY26 UK/IRE beverage nutritionals (from PDF),,,,,,,2026/2/7,
Starbucks,blonde-classic-iced-cappuccino-whole-milk-grande,Blonde Classic Iced Cappuccino - whole milk Grande,,138,7.3,7.6,10.2,88,4.8,,,0.3,9.6,,,,,,,,,,,,,,,,,,,,Winter FY26 UK/IRE beverage nutritionals (from PDF),,,,,,,2026/2/7,
Starbucks,blonde-classic-iced-cappuccino-whole-milk-venti,Blonde Classic Iced Cappuccino - whole milk Venti,,149,7.9,8,11.2,92,5.1,,,0.4,10.2,,,,,,,,,,,,,,,,,,,,Winter FY26 UK/IRE beverage nutritionals (from PDF),,,,,,,2026/2/7,
Starbucks,blonde-classic-iced-cappuccino-skimmed-milk-tall,Blonde Classic Iced Cappuccino - skimmed milk Tall,,54,5,0.5,7.1,60,0.2,,,0.3,6.4,,,,,,,,,,,,,,,,,,,,Winter FY26 UK/IRE beverage nutritionals (from PDF),,,,,,,2026/2/7,
Starbucks,blonde-classic-iced-cappuccino-skimmed-milk-grande,Blonde Classic Iced Cappuccino - skimmed milk Grande,,80,7.5,0.8,10.7,92,0.3,,,0.3,10,,,,,,,,,,,,,,,,,,,,Winter FY26 UK/IRE beverage nutritionals (from PDF),,,,,,,2026/2/7,
Starbucks,blonde-classic-iced-cappuccino-skimmed-milk-venti,Blonde Classic Iced Cappuccino - skimmed milk Venti,,88,8.1,0.9,11.6,96,0.4,,,0.4,10.6,,,,,,,,,,,,,,,,,,,,Winter FY26 UK/IRE beverage nutritionals (from PDF),,,,,,,2026/2/7,
Starbucks,blonde-classic-iced-cappuccino-almond-drink-tall,Blonde Classic Iced Cappuccino - almond drink Tall,,39,1,1.7,4,40,0.2,,,0.5,3.3,,,,,,,,,,,,,,,,,,,,Winter FY26 UK/IRE beverage nutritionals (from PDF),,,,,,,2026/2/7,
Starbucks,blonde-classic-iced-cappuccino-almond-drink-grande,Blonde Classic Iced Cappuccino - almond drink Grande,,58,1.3,2.6,5.8,60,0.2,,,0.7,5.2,,,,,,,,,,,,,,,,,,,,Winter FY26 UK/IRE beverage nutritionals (from PDF),,,,,,,2026/2/7,
Starbucks,blonde-classic-iced-cappuccino-almond-drink-venti,Blonde Classic Iced Cappuccino - almond drink Venti,,64,1.5,2.8,6.5,64,0.3,,,0.8,5.5,,,,,,,,,,,,,,,,,,,,Winter FY26 UK/IRE beverage nutritionals (from PDF),,,,,,,2026/2/7,
Starbucks,blonde-classic-iced-cappuccino-soya-drink-tall,Blonde Classic Iced Cappuccino - soya drink Tall,,61,4.6,2.6,4.1,48,0.4,,,1.1,3.3,,,,,,,,,,,,,,,,,,,,Winter FY26 UK/IRE beverage nutritionals (from PDF),,,,,,,2026/2/7,
Starbucks,blonde-classic-iced-cappuccino-soya-drink-grande,Blonde Classic Iced Cappuccino - soya drink Grande,,91,7,3.9,6,72,0.6,,,1.5,5.1,,,,,,,,,,,,,,,,,,,,Winter FY26 UK/IRE beverage nutritionals (from PDF),,,,,,,2026/2/7,
Starbucks,blonde-classic-iced-cappuccino-soya-drink-venti,Blonde Classic Iced Cappuccino - soya drink Venti,,99,7.5,4.2,6.7,76,0.7,,,1.7,5.5,,,,,,,,,,,,,,,,,,,,Winter FY26 UK/IRE beverage nutritionals (from PDF),,,,,,,2026/2/7,
Starbucks,blonde-classic-iced-cappuccino-oat-drink-tall,Blonde Classic Iced Cappuccino - oat drink Tall,,82,1.3,4,9.4,68,0.4,,,1.6,4.3,,,,,,,,,,,,,,,,,,,,Winter FY26 UK/IRE beverage nutritionals (from PDF),,,,,,,2026/2/7,
Starbucks,blonde-classic-iced-cappuccino-oat-drink-grande,Blonde Classic Iced Cappuccino - oat drink Grande,,124,1.9,6.1,14.2,104,0.6,,,2.3,6.7,,,,,,,,,,,,,,,,,,,,Winter FY26 UK/IRE beverage nutritionals (from PDF),,,,,,,2026/2/7,
Starbucks,blonde-classic-iced-cappuccino-oat-drink-venti,Blonde Classic Iced Cappuccino - oat drink Venti,,134,2.2,6.5,15.3,108,0.7,,,2.5,7.1,,,,,,,,,,,,,,,,,,,,Winter FY26 UK/IRE beverage nutritionals (from PDF),,,,,,,2026/2/7,
Starbucks,blonde-classic-iced-cappuccino-coconut-drink-tall,Blonde Classic Iced Cappuccino - coconut drink Tall,,65,1.6,3.4,5.4,24,3.1,,,2.3,4.7,,,,,,,,,,,,,,,,,,,,Winter FY26 UK/IRE beverage nutritionals (from PDF),,,,,,,2026/2/7,
Starbucks,blonde-classic-iced-cappuccino-coconut-drink-grande,Blonde Classic Iced Cappuccino - coconut drink Grande,,97,2.4,5.3,8,36,4.8,,,3.4,7.3,,,,,,,,,,,,,,,,,,,,Winter FY26 UK/IRE beverage nutritionals (from PDF),,,,,,,2026/2/7,
Starbucks,blonde-classic-iced-cappuccino-coconut-drink-venti,Blonde Classic Iced Cappuccino - coconut drink Venti,,105,2.7,5.6,8.8,40,5.1,,,3.7,7.8,,,,,,,,,,,,,,,,,,,,Winter FY26 UK/IRE beverage nutritionals (from PDF),,,,,,,2026/2/7,
Starbucks,decaf-classic-iced-cappuccino-semi-skimmed-milk-tall,Decaf Classic Iced Cappuccino - semi skimmed milk Tall,,71,4.9,2.4,7.4,56,1.5,,,0.2,6.3,,,,,,,,,,,,,,,,,,,,Winter FY26 UK/IRE beverage nutritionals (from PDF),,,,,,,2026/2/7,
Starbucks,decaf-classic-iced-cappuccino-semi-skimmed-milk-grande,Decaf Classic Iced Cappuccino - semi skimmed milk Grande,,107,7.5,3.6,10.9,88,2.3,,,0.2,9.8,,,,,,,,,,,,,,,,,,,,Winter FY26 UK/IRE beverage nutritionals (from PDF),,,,,,,2026/2/7,
Starbucks,decaf-classic-iced-cappuccino-semi-skimmed-milk-venti,Decaf Classic Iced Cappuccino - semi skimmed milk Venti,,116,8,3.9,12,96,2.5,,,0.3,10.4,,,,,,,,,,,,,,,,,,,,Winter FY26 UK/IRE beverage nutritionals (from PDF),,,,,,,2026/2/7,
Starbucks,decaf-classic-iced-cappuccino-whole-milk-tall,Decaf Classic Iced Cappuccino - whole milk Tall,,92,4.8,4.9,7.3,56,3.1,,,0.2,6.2,,,,,,,,,,,,,,,,,,,,Winter FY26 UK/IRE beverage nutritionals (from PDF),,,,,,,2026/2/7,
Starbucks,decaf-classic-iced-cappuccino-whole-milk-grande,Decaf Classic Iced Cappuccino - whole milk Grande,,140,7.3,7.6,10.7,88,4.8,,,0.2,9.6,,,,,,,,,,,,,,,,,,,,Winter FY26 UK/IRE beverage nutritionals (from PDF),,,,,,,2026/2/7,
Starbucks,decaf-classic-iced-cappuccino-whole-milk-venti,Decaf Classic Iced Cappuccino - whole milk Venti,,151,7.8,8,11.8,92,5.1,,,0.3,10.2,,,,,,,,,,,,,,,,,,,,Winter FY26 UK/IRE beverage nutritionals (from PDF),,,,,,,2026/2/7,
Starbucks,decaf-classic-iced-cappuccino-skimmed-milk-tall,Decaf Classic Iced Cappuccino - skimmed milk Tall,,55,4.9,0.5,7.5,60,0.2,,,0.2,6.5,,,,,,,,,,,,,,,,,,,,Winter FY26 UK/IRE beverage nutritionals (from PDF),,,,,,,2026/2/7,
Starbucks,decaf-classic-iced-cappuccino-skimmed-milk-grande,Decaf Classic Iced Cappuccino - skimmed milk Grande,,82,7.5,0.8,11.1,92,0.3,,,0.2,10,,,,,,,,,,,,,,,,,,,,Winter FY26 UK/IRE beverage nutritionals (from PDF),,,,,,,2026/2/7,
Starbucks,decaf-classic-iced-cappuccino-skimmed-milk-venti,Decaf Classic Iced Cappuccino - skimmed milk Venti,,90,8,0.9,12.2,96,0.4,,,0.3,10.6,,,,,,,,,,,,,,,,,,,,Winter FY26 UK/IRE beverage nutritionals (from PDF),,,,,,,2026/2/7,
Starbucks,decaf-classic-iced-cappuccino-almond-drink-tall,Decaf Classic Iced Cappuccino - almond drink Tall,,41,0.9,1.7,4.4,40,0.2,,,0.5,3.4,,,,,,,,,,,,,,,,,,,,Winter FY26 UK/IRE beverage nutritionals (from PDF),,,,,,,2026/2/7,
Starbucks,decaf-classic-iced-cappuccino-almond-drink-grande,Decaf Classic Iced Cappuccino - almond drink Grande,,59,1.3,2.6,6.2,60,0.2,,,0.6,5.2,,,,,,,,,,,,,,,,,,,,Winter FY26 UK/IRE beverage nutritionals (from PDF),,,,,,,2026/2/7,
Starbucks,decaf-classic-iced-cappuccino-almond-drink-venti,Decaf Classic Iced Cappuccino - almond drink Venti,,66,1.5,2.8,7.1,64,0.3,,,0.8,5.5,,,,,,,,,,,,,,,,,,,,Winter FY26 UK/IRE beverage nutritionals (from PDF),,,,,,,2026/2/7,
Starbucks,decaf-classic-iced-cappuccino-soya-drink-tall,Decaf Classic Iced Cappuccino - soya drink Tall,,62,4.5,2.6,4.5,48,0.4,,,1,3.3,,,,,,,,,,,,,,,,,,,,Winter FY26 UK/IRE beverage nutritionals (from PDF),,,,,,,2026/2/7,
Starbucks,decaf-classic-iced-cappuccino-soya-drink-grande,Decaf Classic Iced Cappuccino - soya drink Grande,,92,6.9,3.9,6.4,72,0.6,,,1.4,5.1,,,,,,,,,,,,,,,,,,,,Winter FY26 UK/IRE beverage nutritionals (from PDF),,,,,,,2026/2/7,
Starbucks,decaf-classic-iced-cappuccino-soya-drink-venti,Decaf Classic Iced Cappuccino - soya drink Venti,,101,7.4,4.2,7.3,76,0.7,,,1.6,5.5,,,,,,,,,,,,,,,,,,,,Winter FY26 UK/IRE beverage nutritionals (from PDF),,,,,,,2026/2/7,
Starbucks,decaf-classic-iced-cappuccino-oat-drink-tall,Decaf Classic Iced Cappuccino - oat drink Tall,,83,1.3,4,9.8,68,0.4,,,1.5,4.4,,,,,,,,,,,,,,,,,,,,Winter FY26 UK/IRE beverage nutritionals (from PDF),,,,,,,2026/2/7,
Starbucks,decaf-classic-iced-cappuccino-oat-drink-grande,Decaf Classic Iced Cappuccino - oat drink Grande,,125,1.9,6.1,14.6,104,0.6,,,2.2,6.7,,,,,,,,,,,,,,,,,,,,Winter FY26 UK/IRE beverage nutritionals (from PDF),,,,,,,2026/2/7,
Starbucks,decaf-classic-iced-cappuccino-oat-drink-venti,Decaf Classic Iced Cappuccino - oat drink Venti,,136,2.1,6.5,15.9,108,0.7,,,2.5,7.1,,,,,,,,,,,,,,,,,,,,Winter FY26 UK/IRE beverage nutritionals (from PDF),,,,,,,2026/2/7,
Starbucks,decaf-classic-iced-cappuccino-coconut-drink-tall,Decaf Classic Iced Cappuccino - coconut drink Tall,,66,1.6,3.4,5.8,24,3.1,,,2.2,4.7,,,,,,,,,,,,,,,,,,,,Winter FY26 UK/IRE beverage nutritionals (from PDF),,,,,,,2026/2/7,
Starbucks,decaf-classic-iced-cappuccino-coconut-drink-grande,Decaf Classic Iced Cappuccino - coconut drink Grande,,98,2.3,5.3,8.4,36,4.8,,,3.3,7.3,,,,,,,,,,,,,,,,,,,,Winter FY26 UK/IRE beverage nutritionals (from PDF),,,,,,,2026/2/7,
Starbucks,decaf-classic-iced-cappuccino-coconut-drink-venti,Decaf Classic Iced Cappuccino - coconut drink Venti,,107,2.6,5.6,9.4,40,5.1,,,3.6,7.8,,,,,,,,,,,,,,,,,,,,Winter FY26 UK/IRE beverage nutritionals (from PDF),,,,,,,2026/2/7,
Starbucks,blonde-iced-latte-macchiato-semi-skimmed-milk-tall,Blonde Iced Latte Macchiato - semi skimmed milk Tall,,90,6.4,3.1,9,76,2,,,0.3,8.3,,,,,,,,,,,,,,,,,,,,Winter FY26 UK/IRE beverage nutritionals (from PDF),,,,,,,2026/2/7,
Starbucks,blonde-iced-latte-macchiato-semi-skimmed-milk-grande,Blonde Iced Latte Macchiato - semi skimmed milk Grande,,131,9.4,4.5,12.9,112,2.9,,,0.3,12.3,,,,,,,,,,,,,,,,,,,,Winter FY26 UK/IRE beverage nutritionals (from PDF),,,,,,,2026/2/7,
Starbucks,blonde-iced-latte-macchiato-semi-skimmed-milk-venti,Blonde Iced Latte Macchiato - semi skimmed milk Venti,,136,9.7,4.7,13.6,116,3,,,0.4,12.6,,,,,,,,,,,,,,,,,,,,Winter FY26 UK/IRE beverage nutritionals (from PDF),,,,,,,2026/2/7,
Starbucks,blonde-iced-latte-macchiato-whole-milk-tall,Blonde Iced Latte Macchiato - whole milk Tall,,118,6.3,6.4,8.8,72,4.1,,,0.3,8.1,,,,,,,,,,,,,,,,,,,,Winter FY26 UK/IRE beverage nutritionals (from PDF),,,,,,,2026/2/7,
Starbucks,blonde-iced-latte-macchiato-whole-milk-grande,Blonde Iced Latte Macchiato - whole milk Grande,,172,9.1,9.5,12.7,108,6,,,0.3,12,,,,,,,,,,,,,,,,,,,,Winter FY26 UK/IRE beverage nutritionals (from PDF),,,,,,,2026/2/7,
Starbucks,blonde-iced-latte-macchiato-whole-milk-venti,Blonde Iced Latte Macchiato - whole milk Venti,,179,9.5,9.7,13.3,112,6.1,,,0.4,12.3,,,,,,,,,,,,,,,,,,,,Winter FY26 UK/IRE beverage nutritionals (from PDF),,,,,,,2026/2/7,
Starbucks,blonde-iced-latte-macchiato-skimmed-milk-tall,Blonde Iced Latte Macchiato - skimmed milk Tall,,69,6.4,0.7,9.2,76,0.3,,,0.3,8.5,,,,,,,,,,,,,,,,,,,,Winter FY26 UK/IRE beverage nutritionals (from PDF),,,,,,,2026/2/7,
Starbucks,blonde-iced-latte-macchiato-skimmed-milk-grande,Blonde Iced Latte Macchiato - skimmed milk Grande,,100,9.4,0.9,13.2,116,0.4,,,0.3,12.5,,,,,,,,,,,,,,,,,,,,Winter FY26 UK/IRE beverage nutritionals (from PDF),,,,,,,2026/2/7,
Starbucks,blonde-iced-latte-macchiato-skimmed-milk-venti,Blonde Iced Latte Macchiato - skimmed milk Venti,,105,9.7,1,13.8,116,0.4,,,0.4,12.8,,,,,,,,,,,,,,,,,,,,Winter FY26 UK/IRE beverage nutritionals (from PDF),,,,,,,2026/2/7,
Starbucks,blonde-iced-latte-macchiato-almond-drink-tall,Blonde Iced Latte Macchiato - almond drink Tall,,50,1.2,2.2,5.1,52,0.2,,,0.6,4.4,,,,,,,,,,,,,,,,,,,,Winter FY26 UK/IRE beverage nutritionals (from PDF),,,,,,,2026/2/7,
Starbucks,blonde-iced-latte-macchiato-almond-drink-grande,Blonde Iced Latte Macchiato - almond drink Grande,,71,1.6,3.2,7.1,76,0.3,,,0.8,6.5,,,,,,,,,,,,,,,,,,,,Winter FY26 UK/IRE beverage nutritionals (from PDF),,,,,,,2026/2/7,
Starbucks,blonde-iced-latte-macchiato-almond-drink-venti,Blonde Iced Latte Macchiato - almond drink Venti,,76,1.8,3.3,7.6,76,0.3,,,0.9,6.6,,,,,,,,,,,,,,,,,,,,Winter FY26 UK/IRE beverage nutritionals (from PDF),,,,,,,2026/2/7,
Starbucks,blonde-iced-latte-macchiato-soya-drink-tall,Blonde Iced Latte Macchiato - soya drink Tall,,78,5.9,3.4,5.2,60,0.6,,,1.3,4.4,,,,,,,,,,,,,,,,,,,,Winter FY26 UK/IRE beverage nutritionals (from PDF),,,,,,,2026/2/7,
Starbucks,blonde-iced-latte-macchiato-soya-drink-grande,Blonde Iced Latte Macchiato - soya drink Grande,,112,8.7,4.9,7.3,92,0.8,,,1.8,6.4,,,,,,,,,,,,,,,,,,,,Winter FY26 UK/IRE beverage nutritionals (from PDF),,,,,,,2026/2/7,
Starbucks,blonde-iced-latte-macchiato-soya-drink-venti,Blonde Iced Latte Macchiato - soya drink Venti,,118,9,5.1,7.9,92,0.8,,,2,6.6,,,,,,,,,,,,,,,,,,,,Winter FY26 UK/IRE beverage nutritionals (from PDF),,,,,,,2026/2/7,
Starbucks,blonde-iced-latte-macchiato-oat-drink-tall,Blonde Iced Latte Macchiato - oat drink Tall,,106,1.7,5.2,12.1,88,0.6,,,2,5.7,,,,,,,,,,,,,,,,,,,,Winter FY26 UK/IRE beverage nutritionals (from PDF),,,,,,,2026/2/7,
Starbucks,blonde-iced-latte-macchiato-oat-drink-grande,Blonde Iced Latte Macchiato - oat drink Grande,,154,2.3,7.7,17.6,128,0.8,,,2.8,8.4,,,,,,,,,,,,,,,,,,,,Winter FY26 UK/IRE beverage nutritionals (from PDF),,,,,,,2026/2/7,
Starbucks,blonde-iced-latte-macchiato-oat-drink-venti,Blonde Iced Latte Macchiato - oat drink Venti,,160,2.5,7.9,18.3,132,0.8,,,3,8.6,,,,,,,,,,,,,,,,,,,,Winter FY26 UK/IRE beverage nutritionals (from PDF),,,,,,,2026/2/7,
Starbucks,blonde-iced-latte-macchiato-coconut-drink-tall,Blonde Iced Latte Macchiato - coconut drink Tall,,83,2.1,4.5,6.9,32,4.1,,,2.9,6.2,,,,,,,,,,,,,,,,,,,,Winter FY26 UK/IRE beverage nutritionals (from PDF),,,,,,,2026/2/7,
Starbucks,blonde-iced-latte-macchiato-coconut-drink-grande,Blonde Iced Latte Macchiato - coconut drink Grande,,120,2.9,6.6,9.8,48,6,,,4.2,9.2,,,,,,,,,,,,,,,,,,,,Winter FY26 UK/IRE beverage nutritionals (from PDF),,,,,,,2026/2/7,
Starbucks,blonde-iced-latte-macchiato-coconut-drink-venti,Blonde Iced Latte Macchiato - coconut drink Venti,,126,3.1,6.8,10.4,48,6.2,,,4.4,9.4,,,,,,,,,,,,,,,,,,,,Winter FY26 UK/IRE beverage nutritionals (from PDF),,,,,,,2026/2/7,
Starbucks,decaf-iced-latte-macchiato-semi-skimmed-milk-tall,Decaf Iced Latte Macchiato - semi skimmed milk Tall,,92,6.4,3.1,9.4,76,2,,,0.2,8.3,,,,,,,,,,,,,,,,,,,,Winter FY26 UK/IRE beverage nutritionals (from PDF),,,,,,,2026/2/7,
Starbucks,decaf-iced-latte-macchiato-semi-skimmed-milk-grande,Decaf Iced Latte Macchiato - semi skimmed milk Grande,,132,9.3,4.5,13.3,112,2.9,,,0.2,12.3,,,,,,,,,,,,,,,,,,,,Winter FY26 UK/IRE beverage nutritionals (from PDF),,,,,,,2026/2/7,
Starbucks,decaf-iced-latte-macchiato-semi-skimmed-milk-venti,Decaf Iced Latte Macchiato - semi skimmed milk Venti,,138,9.7,4.7,14.2,116,3,,,0.3,12.6,,,,,,,,,,,,,,,,,,,,Winter FY26 UK/IRE beverage nutritionals (from PDF),,,,,,,2026/2/7,
Starbucks,decaf-iced-latte-macchiato-whole-milk-tall,Decaf Iced Latte Macchiato - whole milk Tall,,120,6.2,6.4,9.2,72,4.1,,,0.2,8.2,,,,,,,,,,,,,,,,,,,,Winter FY26 UK/IRE beverage nutritionals (from PDF),,,,,,,2026/2/7,
Starbucks,decaf-iced-latte-macchiato-whole-milk-grande,Decaf Iced Latte Macchiato - whole milk Grande,,173,9.1,9.5,13.1,108,6,,,0.2,12,,,,,,,,,,,,,,,,,,,,Winter FY26 UK/IRE beverage nutritionals (from PDF),,,,,,,2026/2/7,
Starbucks,decaf-iced-latte-macchiato-whole-milk-venti,Decaf Iced Latte Macchiato - whole milk Venti,,181,9.4,9.7,13.9,112,6.1,,,0.3,12.3,,,,,,,,,,,,,,,,,,,,Winter FY26 UK/IRE beverage nutritionals (from PDF),,,,,,,2026/2/7,
Starbucks,decaf-iced-latte-macchiato-skimmed-milk-tall,Decaf Iced Latte Macchiato - skimmed milk Tall,,71,6.4,0.7,9.6,76,0.3,,,0.2,8.5,,,,,,,,,,,,,,,,,,,,Winter FY26 UK/IRE beverage nutritionals (from PDF),,,,,,,2026/2/7,
Starbucks,decaf-iced-latte-macchiato-skimmed-milk-grande,Decaf Iced Latte Macchiato - skimmed milk Grande,,101,9.3,0.9,13.6,116,0.4,,,0.2,12.5,,,,,,,,,,,,,,,,,,,,Winter FY26 UK/IRE beverage nutritionals (from PDF),,,,,,,2026/2/7,
Starbucks,decaf-iced-latte-macchiato-skimmed-milk-venti,Decaf Iced Latte Macchiato - skimmed milk Venti,,107,9.7,1,14.5,116,0.4,,,0.3,12.9,,,,,,,,,,,,,,,,,,,,Winter FY26 UK/IRE beverage nutritionals (from PDF),,,,,,,2026/2/7,
Starbucks,decaf-iced-latte-macchiato-almond-drink-tall,Decaf Iced Latte Macchiato - almond drink Tall,,51,1.1,2.2,5.5,52,0.2,,,0.6,4.4,,,,,,,,,,,,,,,,,,,,Winter FY26 UK/IRE beverage nutritionals (from PDF),,,,,,,2026/2/7,
Starbucks,decaf-iced-latte-macchiato-almond-drink-grande,Decaf Iced Latte Macchiato - almond drink Grande,,72,1.5,3.2,7.5,76,0.3,,,0.7,6.5,,,,,,,,,,,,,,,,,,,,Winter FY26 UK/IRE beverage nutritionals (from PDF),,,,,,,2026/2/7,
Starbucks,decaf-iced-latte-macchiato-almond-drink-venti,Decaf Iced Latte Macchiato - almond drink Venti,,78,1.7,3.3,8.3,76,0.3,,,0.9,6.7,,,,,,,,,,,,,,,,,,,,Winter FY26 UK/IRE beverage nutritionals (from PDF),,,,,,,2026/2/7,
Starbucks,decaf-iced-latte-macchiato-soya-drink-tall,Decaf Iced Latte Macchiato - soya drink Tall,,79,5.9,3.4,5.6,60,0.6,,,1.3,4.4,,,,,,,,,,,,,,,,,,,,Winter FY26 UK/IRE beverage nutritionals (from PDF),,,,,,,2026/2/7,
Starbucks,decaf-iced-latte-macchiato-soya-drink-grande,Decaf Iced Latte Macchiato - soya drink Grande,,114,8.6,4.9,7.7,92,0.8,,,1.8,6.4,,,,,,,,,,,,,,,,,,,,Winter FY26 UK/IRE beverage nutritionals (from PDF),,,,,,,2026/2/7,
Starbucks,decaf-iced-latte-macchiato-soya-drink-venti,Decaf Iced Latte Macchiato - soya drink Venti,,120,8.9,5.1,8.5,92,0.8,,,1.9,6.6,,,,,,,,,,,,,,,,,,,,Winter FY26 UK/IRE beverage nutritionals (from PDF),,,,,,,2026/2/7,
Starbucks,decaf-iced-latte-macchiato-oat-drink-tall,Decaf Iced Latte Macchiato - oat drink Tall,,107,1.6,5.2,12.5,88,0.6,,,1.9,5.7,,,,,,,,,,,,,,,,,,,,Winter FY26 UK/IRE beverage nutritionals (from PDF),,,,,,,2026/2/7,
Starbucks,decaf-iced-latte-macchiato-oat-drink-grande,Decaf Iced Latte Macchiato - oat drink Grande,,155,2.3,7.7,18,128,0.8,,,2.7,8.4,,,,,,,,,,,,,,,,,,,,Winter FY26 UK/IRE beverage nutritionals (from PDF),,,,,,,2026/2/7,
Starbucks,decaf-iced-latte-macchiato-oat-drink-venti,Decaf Iced Latte Macchiato - oat drink Venti,,162,2.5,7.9,18.9,132,0.8,,,2.9,8.6,,,,,,,,,,,,,,,,,,,,Winter FY26 UK/IRE beverage nutritionals (from PDF),,,,,,,2026/2/7,
Starbucks,decaf-iced-latte-macchiato-coconut-drink-tall,Decaf Iced Latte Macchiato - coconut drink Tall,,85,2,4.5,7.3,32,4.1,,,2.8,6.2,,,,,,,,,,,,,,,,,,,,Winter FY26 UK/IRE beverage nutritionals (from PDF),,,,,,,2026/2/7,
Starbucks,decaf-iced-latte-macchiato-coconut-drink-grande,Decaf Iced Latte Macchiato - coconut drink Grande,,122,2.9,6.6,10.2,48,6,,,4.1,9.2,,,,,,,,,,,,,,,,,,,,Winter FY26 UK/IRE beverage nutritionals (from PDF),,,,,,,2026/2/7,
Starbucks,decaf-iced-latte-macchiato-coconut-drink-venti,Decaf Iced Latte Macchiato - coconut drink Venti,,128,3,6.8,11,48,6.2,,,4.3,9.4,,,,,,,,,,,,,,,,,,,,Winter FY26 UK/IRE beverage nutritionals (from PDF),,,,,,,2026/2/7,
Starbucks,blonde-iced-caramel-macchiato-semi-skimmed-milk-tall,Blonde Iced Caramel Macchiato - semi skimmed milk Tall,,145,6.5,4.2,20.3,88,2.6,,,0.3,19.1,,,,,,,,,,,,,,,,,,,,Winter FY26 UK/IRE beverage nutritionals (from PDF),,,,,,,2026/2/7,
Starbucks,blonde-iced-caramel-macchiato-semi-skimmed-milk-grande,Blonde Iced Caramel Macchiato - semi skimmed milk Grande,,200,9.5,5.6,27.8,124,3.6,,,0.3,26.6,,,,,,,,,,,,,,,,,,,,Winter FY26 UK/IRE beverage nutritionals (from PDF),,,,,,,2026/2/7,
Starbucks,blonde-iced-caramel-macchiato-semi-skimmed-milk-venti,Blonde Iced Caramel Macchiato - semi skimmed milk Venti,,220,9.8,5.8,32,128,3.6,,,0.4,30.4,,,,,,,,,,,,,,,,,,,,Winter FY26 UK/IRE beverage nutritionals (from PDF),,,,,,,2026/2/7,
Starbucks,blonde-iced-caramel-macchiato-whole-milk-tall,Blonde Iced Caramel Macchiato - whole milk Tall,,173,6.4,7.5,20.1,88,4.7,,,0.3,18.9,,,,,,,,,,,,,,,,,,,,Winter FY26 UK/IRE beverage nutritionals (from PDF),,,,,,,2026/2/7,
Starbucks,blonde-iced-caramel-macchiato-whole-milk-grande,Blonde Iced Caramel Macchiato - whole milk Grande,,241,9.2,10.5,27.6,124,6.6,,,0.3,26.3,,,,,,,,,,,,,,,,,,,,Winter FY26 UK/IRE beverage nutritionals (from PDF),,,,,,,2026/2/7,
Starbucks,blonde-iced-caramel-macchiato-whole-milk-venti,Blonde Iced Caramel Macchiato - whole milk Venti,,262,9.6,10.8,31.8,124,6.8,,,0.4,30.2,,,,,,,,,,,,,,,,,,,,Winter FY26 UK/IRE beverage nutritionals (from PDF),,,,,,,2026/2/7,
Starbucks,blonde-iced-caramel-macchiato-skimmed-milk-tall,Blonde Iced Caramel Macchiato - skimmed milk Tall,,124,6.5,1.7,20.4,92,0.9,,,0.3,19.3,,,,,,,,,,,,,,,,,,,,Winter FY26 UK/IRE beverage nutritionals (from PDF),,,,,,,2026/2/7,
Starbucks,blonde-iced-caramel-macchiato-skimmed-milk-grande,Blonde Iced Caramel Macchiato - skimmed milk Grande,,169,9.5,2,28.1,128,1,,,0.3,26.9,,,,,,,,,,,,,,,,,,,,Winter FY26 UK/IRE beverage nutritionals (from PDF),,,,,,,2026/2/7,
Starbucks,blonde-iced-caramel-macchiato-skimmed-milk-venti,Blonde Iced Caramel Macchiato - skimmed milk Venti,,188,9.8,2.1,32.3,132,1.1,,,0.4,30.7,,,,,,,,,,,,,,,,,,,,Winter FY26 UK/IRE beverage nutritionals (from PDF),,,,,,,2026/2/7,
Starbucks,blonde-iced-caramel-macchiato-almond-drink-tall,Blonde Iced Caramel Macchiato - almond drink Tall,,105,1.3,3.3,16.3,64,0.9,,,0.6,15.2,,,,,,,,,,,,,,,,,,,,Winter FY26 UK/IRE beverage nutritionals (from PDF),,,,,,,2026/2/7,
Starbucks,blonde-iced-caramel-macchiato-almond-drink-grande,Blonde Iced Caramel Macchiato - almond drink Grande,,140,1.7,4.2,22,88,1,,,0.8,20.8,,,,,,,,,,,,,,,,,,,,Winter FY26 UK/IRE beverage nutritionals (from PDF),,,,,,,2026/2/7,
Starbucks,blonde-iced-caramel-macchiato-almond-drink-venti,Blonde Iced Caramel Macchiato - almond drink Venti,,159,1.9,4.4,26.1,92,1,,,0.9,24.5,,,,,,,,,,,,,,,,,,,,Winter FY26 UK/IRE beverage nutritionals (from PDF),,,,,,,2026/2/7,
Starbucks,blonde-iced-caramel-macchiato-soya-drink-tall,Blonde Iced Caramel Macchiato - soya drink Tall,,133,6,4.4,16.5,76,1.2,,,1.3,15.2,,,,,,,,,,,,,,,,,,,,Winter FY26 UK/IRE beverage nutritionals (from PDF),,,,,,,2026/2/7,
Starbucks,blonde-iced-caramel-macchiato-soya-drink-grande,Blonde Iced Caramel Macchiato - soya drink Grande,,182,8.7,6,22.2,104,1.5,,,1.8,20.7,,,,,,,,,,,,,,,,,,,,Winter FY26 UK/IRE beverage nutritionals (from PDF),,,,,,,2026/2/7,
Starbucks,blonde-iced-caramel-macchiato-soya-drink-venti,Blonde Iced Caramel Macchiato - soya drink Venti,,201,9.1,6.2,26.3,108,1.5,,,2,24.4,,,,,,,,,,,,,,,,,,,,Winter FY26 UK/IRE beverage nutritionals (from PDF),,,,,,,2026/2/7,
Starbucks,blonde-iced-caramel-macchiato-oat-drink-tall,Blonde Iced Caramel Macchiato - oat drink Tall,,161,1.8,6.3,23.4,100,1.2,,,2,16.5,,,,,,,,,,,,,,,,,,,,Winter FY26 UK/IRE beverage nutritionals (from PDF),,,,,,,2026/2/7,
Starbucks,blonde-iced-caramel-macchiato-oat-drink-grande,Blonde Iced Caramel Macchiato - oat drink Grande,,223,2.4,8.7,32.5,144,1.5,,,2.8,22.7,,,,,,,,,,,,,,,,,,,,Winter FY26 UK/IRE beverage nutritionals (from PDF),,,,,,,2026/2/7,
Starbucks,blonde-iced-caramel-macchiato-oat-drink-venti,Blonde Iced Caramel Macchiato - oat drink Venti,,244,2.6,9,36.8,148,1.5,,,3,26.5,,,,,,,,,,,,,,,,,,,,Winter FY26 UK/IRE beverage nutritionals (from PDF),,,,,,,2026/2/7,
Starbucks,blonde-iced-caramel-macchiato-coconut-drink-tall,Blonde Iced Caramel Macchiato - coconut drink Tall,,138,2.2,5.6,18.2,44,4.7,,,2.9,17,,,,,,,,,,,,,,,,,,,,Winter FY26 UK/IRE beverage nutritionals (from PDF),,,,,,,2026/2/7,
Starbucks,blonde-iced-caramel-macchiato-coconut-drink-grande,Blonde Iced Caramel Macchiato - coconut drink Grande,,189,3,7.7,24.7,60,6.7,,,4.2,23.5,,,,,,,,,,,,,,,,,,,,Winter FY26 UK/IRE beverage nutritionals (from PDF),,,,,,,2026/2/7,
Starbucks,blonde-iced-caramel-macchiato-coconut-drink-venti,Blonde Iced Caramel Macchiato - coconut drink Venti,,209,3.2,7.9,28.9,60,6.8,,,4.4,27.2,,,,,,,,,,,,,,,,,,,,Winter FY26 UK/IRE beverage nutritionals (from PDF),,,,,,,2026/2/7,
Starbucks,decaf-iced-caramel-macchiato-semi-skimmed-milk-tall,Decaf Iced Caramel Macchiato - semi skimmed milk Tall,,147,6.5,4.2,20.7,88,2.6,,,0.2,19.1,,,,,,,,,,,,,,,,,,,,Winter FY26 UK/IRE beverage nutritionals (from PDF),,,,,,,2026/2/7,
Starbucks,decaf-iced-caramel-macchiato-semi-skimmed-milk-grande,Decaf Iced Caramel Macchiato - semi skimmed milk Grande,,201,9.4,5.6,28.2,124,3.6,,,0.2,26.6,,,,,,,,,,,,,,,,,,,,Winter FY26 UK/IRE beverage nutritionals (from PDF),,,,,,,2026/2/7,
Starbucks,decaf-iced-caramel-macchiato-semi-skimmed-milk-venti,Decaf Iced Caramel Macchiato - semi skimmed milk Venti,,222,9.7,5.8,32.7,128,3.6,,,0.3,30.5,,,,,,,,,,,,,,,,,,,,Winter FY26 UK/IRE beverage nutritionals (from PDF),,,,,,,2026/2/7,
Starbucks,decaf-iced-caramel-macchiato-whole-milk-tall,Decaf Iced Caramel Macchiato - whole milk Tall,,175,6.3,7.5,20.5,88,4.7,,,0.2,19,,,,,,,,,,,,,,,,,,,,Winter FY26 UK/IRE beverage nutritionals (from PDF),,,,,,,2026/2/7,
Starbucks,decaf-iced-caramel-macchiato-whole-milk-grande,Decaf Iced Caramel Macchiato - whole milk Grande,,243,9.2,10.5,28,124,6.6,,,0.2,26.4,,,,,,,,,,,,,,,,,,,,Winter FY26 UK/IRE beverage nutritionals (from PDF),,,,,,,2026/2/7,
Starbucks,decaf-iced-caramel-macchiato-whole-milk-venti,Decaf Iced Caramel Macchiato - whole milk Venti,,264,9.5,10.8,32.4,124,6.8,,,0.3,30.2,,,,,,,,,,,,,,,,,,,,Winter FY26 UK/IRE beverage nutritionals (from PDF),,,,,,,2026/2/7,
Starbucks,decaf-iced-caramel-macchiato-skimmed-milk-tall,Decaf Iced Caramel Macchiato - skimmed milk Tall,,126,6.5,1.7,20.8,92,0.9,,,0.2,19.3,,,,,,,,,,,,,,,,,,,,Winter FY26 UK/IRE beverage nutritionals (from PDF),,,,,,,2026/2/7,
Starbucks,decaf-iced-caramel-macchiato-skimmed-milk-grande,Decaf Iced Caramel Macchiato - skimmed milk Grande,,170,9.4,2,28.5,128,1,,,0.2,26.9,,,,,,,,,,,,,,,,,,,,Winter FY26 UK/IRE beverage nutritionals (from PDF),,,,,,,2026/2/7,
Starbucks,decaf-iced-caramel-macchiato-skimmed-milk-venti,Decaf Iced Caramel Macchiato - skimmed milk Venti,,190,9.7,2.1,32.9,132,1.1,,,0.3,30.7,,,,,,,,,,,,,,,,,,,,Winter FY26 UK/IRE beverage nutritionals (from PDF),,,,,,,2026/2/7,
Starbucks,decaf-iced-caramel-macchiato-almond-drink-tall,Decaf Iced Caramel Macchiato - almond drink Tall,,106,1.2,3.3,16.7,64,0.9,,,0.6,15.2,,,,,,,,,,,,,,,,,,,,Winter FY26 UK/IRE beverage nutritionals (from PDF),,,,,,,2026/2/7,
Starbucks,decaf-iced-caramel-macchiato-almond-drink-grande,Decaf Iced Caramel Macchiato - almond drink Grande,,142,1.6,4.2,22.4,88,1,,,0.7,20.8,,,,,,,,,,,,,,,,,,,,Winter FY26 UK/IRE beverage nutritionals (from PDF),,,,,,,2026/2/7,
Starbucks,decaf-iced-caramel-macchiato-almond-drink-venti,Decaf Iced Caramel Macchiato - almond drink Venti,,161,1.8,4.4,26.7,92,1,,,0.9,24.5,,,,,,,,,,,,,,,,,,,,Winter FY26 UK/IRE beverage nutritionals (from PDF),,,,,,,2026/2/7,
Starbucks,decaf-iced-caramel-macchiato-soya-drink-tall,Decaf Iced Caramel Macchiato - soya drink Tall,,134,6,4.4,16.9,76,1.2,,,1.3,15.2,,,,,,,,,,,,,,,,,,,,Winter FY26 UK/IRE beverage nutritionals (from PDF),,,,,,,2026/2/7,
Starbucks,decaf-iced-caramel-macchiato-soya-drink-grande,Decaf Iced Caramel Macchiato - soya drink Grande,,183,8.7,6,22.6,104,1.5,,,1.8,20.8,,,,,,,,,,,,,,,,,,,,Winter FY26 UK/IRE beverage nutritionals (from PDF),,,,,,,2026/2/7,
Starbucks,decaf-iced-caramel-macchiato-soya-drink-venti,Decaf Iced Caramel Macchiato - soya drink Venti,,203,9,6.2,26.9,108,1.5,,,1.9,24.5,,,,,,,,,,,,,,,,,,,,Winter FY26 UK/IRE beverage nutritionals (from PDF),,,,,,,2026/2/7,
Starbucks,decaf-iced-caramel-macchiato-oat-drink-tall,Decaf Iced Caramel Macchiato - oat drink Tall,,162,1.7,6.3,23.8,100,1.2,,,1.9,16.5,,,,,,,,,,,,,,,,,,,,Winter FY26 UK/IRE beverage nutritionals (from PDF),,,,,,,2026/2/7,
Starbucks,decaf-iced-caramel-macchiato-oat-drink-grande,Decaf Iced Caramel Macchiato - oat drink Grande,,224,2.4,8.7,32.9,144,1.5,,,2.7,22.7,,,,,,,,,,,,,,,,,,,,Winter FY26 UK/IRE beverage nutritionals (from PDF),,,,,,,2026/2/7,
Starbucks,decaf-iced-caramel-macchiato-oat-drink-venti,Decaf Iced Caramel Macchiato - oat drink Venti,,246,2.6,9,37.4,148,1.5,,,2.9,26.5,,,,,,,,,,,,,,,,,,,,Winter FY26 UK/IRE beverage nutritionals (from PDF),,,,,,,2026/2/7,
Starbucks,decaf-iced-caramel-macchiato-coconut-drink-tall,Decaf Iced Caramel Macchiato - coconut drink Tall,,140,2.1,5.6,18.6,44,4.7,,,2.8,17,,,,,,,,,,,,,,,,,,,,Winter FY26 UK/IRE beverage nutritionals (from PDF),,,,,,,2026/2/7,
Starbucks,decaf-iced-caramel-macchiato-coconut-drink-grande,Decaf Iced Caramel Macchiato - coconut drink Grande,,191,2.9,7.7,25.1,60,6.7,,,4.1,23.5,,,,,,,,,,,,,,,,,,,,Winter FY26 UK/IRE beverage nutritionals (from PDF),,,,,,,2026/2/7,
Starbucks,decaf-iced-caramel-macchiato-coconut-drink-venti,Decaf Iced Caramel Macchiato - coconut drink Venti,,211,3.1,7.9,29.5,60,6.8,,,4.3,27.3,,,,,,,,,,,,,,,,,,,,Winter FY26 UK/IRE beverage nutritionals (from PDF),,,,,,,2026/2/7,
Starbucks,blonde-iced-mocha-semi-skimmed-milk-tall,Blonde Iced Mocha - semi skimmed milk Tall,,223,7.3,12.6,19.2,68,8.7,,,1.5,17.9,,,,,,,,,,,,,,,,,,,,Winter FY26 UK/IRE beverage nutritionals (from PDF),,,,,,,2026/2/7,
Starbucks,blonde-iced-mocha-semi-skimmed-milk-grande,Blonde Iced Mocha - semi skimmed milk Grande,,314,10.7,17.2,28,100,11.9,,,2.2,26.3,,,,,,,,,,,,,,,,,,,,Winter FY26 UK/IRE beverage nutritionals (from PDF),,,,,,,2026/2/7,
Starbucks,blonde-iced-mocha-semi-skimmed-milk-venti,Blonde Iced Mocha - semi skimmed milk Venti,,344,11.6,17.7,33,96,12.2,,,2.9,30.7,,,,,,,,,,,,,,,,,,,,Winter FY26 UK/IRE beverage nutritionals (from PDF),,,,,,,2026/2/7,
Starbucks,blonde-iced-mocha-whole-milk-tall,Blonde Iced Mocha - whole milk Tall,,244,7.2,15.1,19.1,64,10.3,,,1.5,17.7,,,,,,,,,,,,,,,,,,,,Winter FY26 UK/IRE beverage nutritionals (from PDF),,,,,,,2026/2/7,
Starbucks,blonde-iced-mocha-whole-milk-grande,Blonde Iced Mocha - whole milk Grande,,345,10.5,20.9,27.8,96,14.2,,,2.2,26.1,,,,,,,,,,,,,,,,,,,,Winter FY26 UK/IRE beverage nutritionals (from PDF),,,,,,,2026/2/7,
Starbucks,blonde-iced-mocha-whole-milk-venti,Blonde Iced Mocha - whole milk Venti,,374,11.4,21.3,32.8,96,14.5,,,2.9,30.5,,,,,,,,,,,,,,,,,,,,Winter FY26 UK/IRE beverage nutritionals (from PDF),,,,,,,2026/2/7,
Starbucks,blonde-iced-mocha-skimmed-milk-tall,Blonde Iced Mocha - skimmed milk Tall,,207,7.3,10.8,19.3,68,7.5,,,1.5,18,,,,,,,,,,,,,,,,,,,,Winter FY26 UK/IRE beverage nutritionals (from PDF),,,,,,,2026/2/7,
Starbucks,blonde-iced-mocha-skimmed-milk-grande,Blonde Iced Mocha - skimmed milk Grande,,290,10.7,14.4,28.2,100,10,,,2.2,26.5,,,,,,,,,,,,,,,,,,,,Winter FY26 UK/IRE beverage nutritionals (from PDF),,,,,,,2026/2/7,
Starbucks,blonde-iced-mocha-skimmed-milk-venti,Blonde Iced Mocha - skimmed milk Venti,,321,11.6,15,33.2,100,10.3,,,2.9,30.9,,,,,,,,,,,,,,,,,,,,Winter FY26 UK/IRE beverage nutritionals (from PDF),,,,,,,2026/2/7,
Starbucks,blonde-iced-mocha-almond-drink-tall,Blonde Iced Mocha - almond drink Tall,,193,3.4,11.9,16.3,48,7.4,,,1.8,14.9,,,,,,,,,,,,,,,,,,,,Winter FY26 UK/IRE beverage nutritionals (from PDF),,,,,,,2026/2/7,
Starbucks,blonde-iced-mocha-almond-drink-grande,Blonde Iced Mocha - almond drink Grande,,269,4.8,16.2,23.6,72,9.9,,,2.5,21.9,,,,,,,,,,,,,,,,,,,,Winter FY26 UK/IRE beverage nutritionals (from PDF),,,,,,,2026/2/7,
Starbucks,blonde-iced-mocha-almond-drink-venti,Blonde Iced Mocha - almond drink Venti,,300,5.8,16.7,28.7,72,10.3,,,3.3,26.4,,,,,,,,,,,,,,,,,,,,Winter FY26 UK/IRE beverage nutritionals (from PDF),,,,,,,2026/2/7,
Starbucks,blonde-iced-mocha-soya-drink-tall,Blonde Iced Mocha - soya drink Tall,,213,7,12.8,16.4,56,7.7,,,2.3,14.9,,,,,,,,,,,,,,,,,,,,Winter FY26 UK/IRE beverage nutritionals (from PDF),,,,,,,2026/2/7,
Starbucks,blonde-iced-mocha-soya-drink-grande,Blonde Iced Mocha - soya drink Grande,,300,10.2,17.5,23.7,84,10.3,,,3.3,21.9,,,,,,,,,,,,,,,,,,,,Winter FY26 UK/IRE beverage nutritionals (from PDF),,,,,,,2026/2/7,
Starbucks,blonde-iced-mocha-soya-drink-venti,Blonde Iced Mocha - soya drink Venti,,330,11.1,18,28.9,84,10.6,,,4.1,26.4,,,,,,,,,,,,,,,,,,,,Winter FY26 UK/IRE beverage nutritionals (from PDF),,,,,,,2026/2/7,
Starbucks,blonde-iced-mocha-oat-drink-tall,Blonde Iced Mocha - oat drink Tall,,234,3.8,14.2,21.6,76,7.7,,,2.8,15.9,,,,,,,,,,,,,,,,,,,,Winter FY26 UK/IRE beverage nutritionals (from PDF),,,,,,,2026/2/7,
Starbucks,blonde-iced-mocha-oat-drink-grande,Blonde Iced Mocha - oat drink Grande,,332,5.4,19.6,31.5,112,10.3,,,4.1,23.4,,,,,,,,,,,,,,,,,,,,Winter FY26 UK/IRE beverage nutritionals (from PDF),,,,,,,2026/2/7,
Starbucks,blonde-iced-mocha-oat-drink-venti,Blonde Iced Mocha - oat drink Venti,,361,6.4,20,36.5,112,10.6,,,4.8,27.8,,,,,,,,,,,,,,,,,,,,Winter FY26 UK/IRE beverage nutritionals (from PDF),,,,,,,2026/2/7,
Starbucks,blonde-iced-mocha-coconut-drink-tall,Blonde Iced Mocha - coconut drink Tall,,217,4,13.7,17.6,36,10.3,,,3.5,16.3,,,,,,,,,,,,,,,,,,,,Winter FY26 UK/IRE beverage nutritionals (from PDF),,,,,,,2026/2/7,
Starbucks,blonde-iced-mocha-coconut-drink-grande,Blonde Iced Mocha - coconut drink Grande,,306,5.8,18.8,25.6,48,14.3,,,5.1,24,,,,,,,,,,,,,,,,,,,,Winter FY26 UK/IRE beverage nutritionals (from PDF),,,,,,,2026/2/7,
Starbucks,blonde-iced-mocha-coconut-drink-venti,Blonde Iced Mocha - coconut drink Venti,,336,6.8,19.2,30.7,48,14.5,,,5.8,28.4,,,,,,,,,,,,,,,,,,,,Winter FY26 UK/IRE beverage nutritionals (from PDF),,,,,,,2026/2/7,
Starbucks,decaf-iced-mocha-semi-skimmed-milk-tall,Decaf Iced Mocha - semi skimmed milk Tall,,246,7.7,12.9,23.8,60,8.9,,,2.1,21.8,,,,,,,,,,,,,,,,,,,,Winter FY26 UK/IRE beverage nutritionals (from PDF),,,,,,,2026/2/7,
Starbucks,decaf-iced-mocha-semi-skimmed-milk-grande,Decaf Iced Mocha - semi skimmed milk Grande,,343,11.4,17.7,33.1,96,12.2,,,2.7,30.7,,,,,,,,,,,,,,,,,,,,Winter FY26 UK/IRE beverage nutritionals (from PDF),,,,,,,2026/2/7,
Starbucks,decaf-iced-mocha-semi-skimmed-milk-venti,Decaf Iced Mocha - semi skimmed milk Venti,,363,11.6,17.8,37.4,88,12.3,,,3.5,34.2,,,,,,,,,,,,,,,,,,,,Winter FY26 UK/IRE beverage nutritionals (from PDF),,,,,,,2026/2/7,
Starbucks,decaf-iced-mocha-whole-milk-tall,Decaf Iced Mocha - whole milk Tall,,265,7.5,15.1,23.7,60,10.3,,,2.1,21.6,,,,,,,,,,,,,,,,,,,,Winter FY26 UK/IRE beverage nutritionals (from PDF),,,,,,,2026/2/7,
Starbucks,decaf-iced-mocha-whole-milk-grande,Decaf Iced Mocha - whole milk Grande,,373,11.2,21.3,32.9,96,14.5,,,2.7,30.5,,,,,,,,,,,,,,,,,,,,Winter FY26 UK/IRE beverage nutritionals (from PDF),,,,,,,2026/2/7,
Starbucks,decaf-iced-mocha-whole-milk-venti,Decaf Iced Mocha - whole milk Venti,,390,11.4,21,37.2,88,14.2,,,3.5,34,,,,,,,,,,,,,,,,,,,,Winter FY26 UK/IRE beverage nutritionals (from PDF),,,,,,,2026/2/7,
Starbucks,decaf-iced-mocha-skimmed-milk-tall,Decaf Iced Mocha - skimmed milk Tall,,232,7.7,11.3,23.9,64,7.8,,,2.1,21.9,,,,,,,,,,,,,,,,,,,,Winter FY26 UK/IRE beverage nutritionals (from PDF),,,,,,,2026/2/7,
Starbucks,decaf-iced-mocha-skimmed-milk-grande,Decaf Iced Mocha - skimmed milk Grande,,319,11.4,15,33.3,100,10.3,,,2.7,30.9,,,,,,,,,,,,,,,,,,,,Winter FY26 UK/IRE beverage nutritionals (from PDF),,,,,,,2026/2/7,
Starbucks,decaf-iced-mocha-skimmed-milk-venti,Decaf Iced Mocha - skimmed milk Venti,,343,11.6,15.5,37.6,88,10.6,,,3.5,34.3,,,,,,,,,,,,,,,,,,,,Winter FY26 UK/IRE beverage nutritionals (from PDF),,,,,,,2026/2/7,
Starbucks,decaf-iced-mocha-almond-drink-tall,Decaf Iced Mocha - almond drink Tall,,219,4.2,12.3,21.2,44,7.7,,,2.3,19.2,,,,,,,,,,,,,,,,,,,,Winter FY26 UK/IRE beverage nutritionals (from PDF),,,,,,,2026/2/7,
Starbucks,decaf-iced-mocha-almond-drink-grande,Decaf Iced Mocha - almond drink Grande,,298,5.6,16.7,28.8,72,10.3,,,3.1,26.4,,,,,,,,,,,,,,,,,,,,Winter FY26 UK/IRE beverage nutritionals (from PDF),,,,,,,2026/2/7,
Starbucks,decaf-iced-mocha-almond-drink-venti,Decaf Iced Mocha - almond drink Venti,,325,6.5,17,33.7,64,10.6,,,3.8,30.4,,,,,,,,,,,,,,,,,,,,Winter FY26 UK/IRE beverage nutritionals (from PDF),,,,,,,2026/2/7,
Starbucks,decaf-iced-mocha-soya-drink-tall,Decaf Iced Mocha - soya drink Tall,,238,7.3,13.1,21.3,52,8,,,2.8,19.1,,,,,,,,,,,,,,,,,,,,Winter FY26 UK/IRE beverage nutritionals (from PDF),,,,,,,2026/2/7,
Starbucks,decaf-iced-mocha-soya-drink-grande,Decaf Iced Mocha - soya drink Grande,,329,10.9,18,29,84,10.6,,,3.9,26.4,,,,,,,,,,,,,,,,,,,,Winter FY26 UK/IRE beverage nutritionals (from PDF),,,,,,,2026/2/7,
Starbucks,decaf-iced-mocha-soya-drink-venti,Decaf Iced Mocha - soya drink Venti,,352,11.1,18.1,33.8,76,10.9,,,4.5,30.4,,,,,,,,,,,,,,,,,,,,Winter FY26 UK/IRE beverage nutritionals (from PDF),,,,,,,2026/2/7,
Starbucks,decaf-iced-mocha-oat-drink-tall,Decaf Iced Mocha - oat drink Tall,,257,4.5,14.3,25.9,68,8,,,3.2,20,,,,,,,,,,,,,,,,,,,,Winter FY26 UK/IRE beverage nutritionals (from PDF),,,,,,,2026/2/7,
Starbucks,decaf-iced-mocha-oat-drink-grande,Decaf Iced Mocha - oat drink Grande,,360,6.2,20,36.6,112,10.6,,,4.6,27.8,,,,,,,,,,,,,,,,,,,,Winter FY26 UK/IRE beverage nutritionals (from PDF),,,,,,,2026/2/7,
Starbucks,decaf-iced-mocha-oat-drink-venti,Decaf Iced Mocha - oat drink Venti,,378,7,19.9,40.4,100,10.9,,,5.1,31.6,,,,,,,,,,,,,,,,,,,,Winter FY26 UK/IRE beverage nutritionals (from PDF),,,,,,,2026/2/7,
Starbucks,decaf-iced-mocha-coconut-drink-tall,Decaf Iced Mocha - coconut drink Tall,,242,4.8,13.8,22.4,32,10.3,,,3.9,20.4,,,,,,,,,,,,,,,,,,,,Winter FY26 UK/IRE beverage nutritionals (from PDF),,,,,,,2026/2/7,
Starbucks,decaf-iced-mocha-coconut-drink-grande,Decaf Iced Mocha - coconut drink Grande,,335,6.6,19.2,30.8,48,14.5,,,5.6,28.4,,,,,,,,,,,,,,,,,,,,Winter FY26 UK/IRE beverage nutritionals (from PDF),,,,,,,2026/2/7,
Starbucks,decaf-iced-mocha-coconut-drink-venti,Decaf Iced Mocha - coconut drink Venti,,357,7.4,19.2,35.4,44,14.3,,,6,32.1,,,,,,,,,,,,,,,,,,,,Winter FY26 UK/IRE beverage nutritionals (from PDF),,,,,,,2026/2/7,
Starbucks,blonde-iced-white-mocha-semi-skimmed-milk-tall,Blonde Iced White Mocha - semi skimmed milk Tall,,251,6.8,13.3,25.9,112,9.5,,,0.3,25.3,,,,,,,,,,,,,,,,,,,,Winter FY26 UK/IRE beverage nutritionals (from PDF),,,,,,,2026/2/7,
Starbucks,blonde-iced-white-mocha-semi-skimmed-milk-grande,Blonde Iced White Mocha - semi skimmed milk Grande,,363,10.4,18.4,38.7,176,13.2,,,0.3,38.1,,,,,,,,,,,,,,,,,,,,Winter FY26 UK/IRE beverage nutritionals (from PDF),,,,,,,2026/2/7,
Starbucks,blonde-iced-white-mocha-semi-skimmed-milk-venti,Blonde Iced White Mocha - semi skimmed milk Venti,,402,10.6,19.1,46.6,192,13.7,,,0.5,45.6,,,,,,,,,,,,,,,,,,,,Winter FY26 UK/IRE beverage nutritionals (from PDF),,,,,,,2026/2/7,
Starbucks,blonde-iced-white-mocha-whole-milk-tall,Blonde Iced White Mocha - whole milk Tall,,272,6.7,15.8,25.8,112,11.1,,,0.3,25.1,,,,,,,,,,,,,,,,,,,,Winter FY26 UK/IRE beverage nutritionals (from PDF),,,,,,,2026/2/7,
Starbucks,blonde-iced-white-mocha-whole-milk-grande,Blonde Iced White Mocha - whole milk Grande,,397,10.2,22.5,38.5,172,15.7,,,0.3,37.9,,,,,,,,,,,,,,,,,,,,Winter FY26 UK/IRE beverage nutritionals (from PDF),,,,,,,2026/2/7,
Starbucks,blonde-iced-white-mocha-whole-milk-venti,Blonde Iced White Mocha - whole milk Venti,,433,10.4,22.8,46.4,188,16,,,0.5,45.4,,,,,,,,,,,,,,,,,,,,Winter FY26 UK/IRE beverage nutritionals (from PDF),,,,,,,2026/2/7,
Starbucks,blonde-iced-white-mocha-skimmed-milk-tall,Blonde Iced White Mocha - skimmed milk Tall,,235,6.8,11.4,26.1,116,8.2,,,0.3,25.4,,,,,,,,,,,,,,,,,,,,Winter FY26 UK/IRE beverage nutritionals (from PDF),,,,,,,2026/2/7,
Starbucks,blonde-iced-white-mocha-skimmed-milk-grande,Blonde Iced White Mocha - skimmed milk Grande,,338,10.4,15.5,38.9,176,11.1,,,0.3,38.3,,,,,,,,,,,,,,,,,,,,Winter FY26 UK/IRE beverage nutritionals (from PDF),,,,,,,2026/2/7,
Starbucks,blonde-iced-white-mocha-skimmed-milk-venti,Blonde Iced White Mocha - skimmed milk Venti,,378,10.6,16.4,46.8,192,11.8,,,0.5,45.8,,,,,,,,,,,,,,,,,,,,Winter FY26 UK/IRE beverage nutritionals (from PDF),,,,,,,2026/2/7,
Starbucks,blonde-iced-white-mocha-almond-drink-tall,Blonde Iced White Mocha - almond drink Tall,,221,2.8,12.6,23,96,8.2,,,0.6,22.3,,,,,,,,,,,,,,,,,,,,Winter FY26 UK/IRE beverage nutritionals (from PDF),,,,,,,2026/2/7,
Starbucks,blonde-iced-white-mocha-almond-drink-grande,Blonde Iced White Mocha - almond drink Grande,,315,4,17.3,34,144,11.1,,,0.7,33.3,,,,,,,,,,,,,,,,,,,,Winter FY26 UK/IRE beverage nutritionals (from PDF),,,,,,,2026/2/7,
Starbucks,blonde-iced-white-mocha-almond-drink-venti,Blonde Iced White Mocha - almond drink Venti,,357,4.7,18.1,42.2,164,11.8,,,0.9,41.2,,,,,,,,,,,,,,,,,,,,Winter FY26 UK/IRE beverage nutritionals (from PDF),,,,,,,2026/2/7,
Starbucks,blonde-iced-white-mocha-soya-drink-tall,Blonde Iced White Mocha - soya drink Tall,,242,6.4,13.5,23.1,104,8.4,,,1.1,22.3,,,,,,,,,,,,,,,,,,,,Winter FY26 UK/IRE beverage nutritionals (from PDF),,,,,,,2026/2/7,
Starbucks,blonde-iced-white-mocha-soya-drink-grande,Blonde Iced White Mocha - soya drink Grande,,348,9.8,18.8,34.2,156,11.5,,,1.6,33.3,,,,,,,,,,,,,,,,,,,,Winter FY26 UK/IRE beverage nutritionals (from PDF),,,,,,,2026/2/7,
Starbucks,blonde-iced-white-mocha-soya-drink-venti,Blonde Iced White Mocha - soya drink Venti,,388,10,19.4,42.4,176,12.1,,,1.6,41.2,,,,,,,,,,,,,,,,,,,,Winter FY26 UK/IRE beverage nutritionals (from PDF),,,,,,,2026/2/7,
Starbucks,blonde-iced-white-mocha-oat-drink-tall,Blonde Iced White Mocha - oat drink Tall,,263,3.2,14.9,28.3,124,8.4,,,1.6,23.3,,,,,,,,,,,,,,,,,,,,Winter FY26 UK/IRE beverage nutritionals (from PDF),,,,,,,2026/2/7,
Starbucks,blonde-iced-white-mocha-oat-drink-grande,Blonde Iced White Mocha - oat drink Grande,,382,4.6,21,42.5,188,11.5,,,2.4,34.9,,,,,,,,,,,,,,,,,,,,Winter FY26 UK/IRE beverage nutritionals (from PDF),,,,,,,2026/2/7,
Starbucks,blonde-iced-white-mocha-oat-drink-venti,Blonde Iced White Mocha - oat drink Venti,,419,5.3,21.4,50.1,204,12.1,,,2.4,42.6,,,,,,,,,,,,,,,,,,,,Winter FY26 UK/IRE beverage nutritionals (from PDF),,,,,,,2026/2/7,
Starbucks,blonde-iced-white-mocha-coconut-drink-tall,Blonde Iced White Mocha - coconut drink Tall,,246,3.5,14.3,24.4,80,11.1,,,2.3,23.7,,,,,,,,,,,,,,,,,,,,Winter FY26 UK/IRE beverage nutritionals (from PDF),,,,,,,2026/2/7,
Starbucks,blonde-iced-white-mocha-coconut-drink-grande,Blonde Iced White Mocha - coconut drink Grande,,355,5.1,20.1,36.2,120,15.7,,,3.5,35.5,,,,,,,,,,,,,,,,,,,,Winter FY26 UK/IRE beverage nutritionals (from PDF),,,,,,,2026/2/7,
Starbucks,blonde-iced-white-mocha-coconut-drink-venti,Blonde Iced White Mocha - coconut drink Venti,,394,5.7,20.6,44.2,144,16.1,,,3.4,43.2,,,,,,,,,,,,,,,,,,,,Winter FY26 UK/IRE beverage nutritionals (from PDF),,,,,,,2026/2/7,
Starbucks,decaf-iced-white-mocha-semi-skimmed-milk-tall,Decaf Iced White Mocha - semi skimmed milk Tall,,289,6.9,13.9,33.9,132,10,,,0.3,32.9,,,,,,,,,,,,,,,,,,,,Winter FY26 UK/IRE beverage nutritionals (from PDF),,,,,,,2026/2/7,
Starbucks,decaf-iced-white-mocha-semi-skimmed-milk-grande,Decaf Iced White Mocha - semi skimmed milk Grande,,402,10.5,19.1,46.8,192,13.7,,,0.3,45.7,,,,,,,,,,,,,,,,,,,,Winter FY26 UK/IRE beverage nutritionals (from PDF),,,,,,,2026/2/7,
Starbucks,decaf-iced-white-mocha-semi-skimmed-milk-venti,Decaf Iced White Mocha - semi skimmed milk Venti,,438,10.5,19.6,54.6,208,14.2,,,0.4,53,,,,,,,,,,,,,,,,,,,,Winter FY26 UK/IRE beverage nutritionals (from PDF),,,,,,,2026/2/7,
Starbucks,decaf-iced-white-mocha-whole-milk-tall,Decaf Iced White Mocha - whole milk Tall,,308,6.7,16.1,33.8,128,11.4,,,0.3,32.7,,,,,,,,,,,,,,,,,,,,Winter FY26 UK/IRE beverage nutritionals (from PDF),,,,,,,2026/2/7,
Starbucks,decaf-iced-white-mocha-whole-milk-grande,Decaf Iced White Mocha - whole milk Grande,,433,10.3,22.8,46.6,192,16.1,,,0.3,45.5,,,,,,,,,,,,,,,,,,,,Winter FY26 UK/IRE beverage nutritionals (from PDF),,,,,,,2026/2/7,
Starbucks,decaf-iced-white-mocha-whole-milk-venti,Decaf Iced White Mocha - whole milk Venti,,466,10.3,23,54.4,204,16.3,,,0.4,52.8,,,,,,,,,,,,,,,,,,,,Winter FY26 UK/IRE beverage nutritionals (from PDF),,,,,,,2026/2/7,
Starbucks,decaf-iced-white-mocha-skimmed-milk-tall,Decaf Iced White Mocha - skimmed milk Tall,,275,6.9,12.3,34,132,8.9,,,0.3,33,,,,,,,,,,,,,,,,,,,,Winter FY26 UK/IRE beverage nutritionals (from PDF),,,,,,,2026/2/7,
Starbucks,decaf-iced-white-mocha-skimmed-milk-grande,Decaf Iced White Mocha - skimmed milk Grande,,378,10.5,16.3,47,196,11.8,,,0.3,45.9,,,,,,,,,,,,,,,,,,,,Winter FY26 UK/IRE beverage nutritionals (from PDF),,,,,,,2026/2/7,
Starbucks,decaf-iced-white-mocha-skimmed-milk-venti,Decaf Iced White Mocha - skimmed milk Venti,,417,10.5,17.2,54.8,208,12.5,,,0.4,53.2,,,,,,,,,,,,,,,,,,,,Winter FY26 UK/IRE beverage nutritionals (from PDF),,,,,,,2026/2/7,
Starbucks,decaf-iced-white-mocha-almond-drink-tall,Decaf Iced White Mocha - almond drink Tall,,262,3.3,13.3,31.3,116,8.9,,,0.5,30.2,,,,,,,,,,,,,,,,,,,,Winter FY26 UK/IRE beverage nutritionals (from PDF),,,,,,,2026/2/7,
Starbucks,decaf-iced-white-mocha-almond-drink-grande,Decaf Iced White Mocha - almond drink Grande,,356,4.5,18,42.3,164,11.7,,,0.7,41.3,,,,,,,,,,,,,,,,,,,,Winter FY26 UK/IRE beverage nutritionals (from PDF),,,,,,,2026/2/7,
Starbucks,decaf-iced-white-mocha-almond-drink-venti,Decaf Iced White Mocha - almond drink Venti,,398,5.2,18.7,50.6,184,12.4,,,0.8,49,,,,,,,,,,,,,,,,,,,,Winter FY26 UK/IRE beverage nutritionals (from PDF),,,,,,,2026/2/7,
Starbucks,decaf-iced-white-mocha-soya-drink-tall,Decaf Iced White Mocha - soya drink Tall,,281,6.5,14.1,31.4,120,9.1,,,1,30.2,,,,,,,,,,,,,,,,,,,,Winter FY26 UK/IRE beverage nutritionals (from PDF),,,,,,,2026/2/7,
Starbucks,decaf-iced-white-mocha-soya-drink-grande,Decaf Iced White Mocha - soya drink Grande,,388,10,19.4,42.5,176,12.1,,,1.5,41.2,,,,,,,,,,,,,,,,,,,,Winter FY26 UK/IRE beverage nutritionals (from PDF),,,,,,,2026/2/7,
Starbucks,decaf-iced-white-mocha-soya-drink-venti,Decaf Iced White Mocha - soya drink Venti,,426,10,19.9,50.8,192,12.8,,,1.5,49,,,,,,,,,,,,,,,,,,,,Winter FY26 UK/IRE beverage nutritionals (from PDF),,,,,,,2026/2/7,
Starbucks,decaf-iced-white-mocha-oat-drink-tall,Decaf Iced White Mocha - oat drink Tall,,299,3.7,15.3,36,140,9.1,,,1.4,31.1,,,,,,,,,,,,,,,,,,,,Winter FY26 UK/IRE beverage nutritionals (from PDF),,,,,,,2026/2/7,
Starbucks,decaf-iced-white-mocha-oat-drink-grande,Decaf Iced White Mocha - oat drink Grande,,419,5.1,21.5,50.3,208,12.1,,,2.2,42.7,,,,,,,,,,,,,,,,,,,,Winter FY26 UK/IRE beverage nutritionals (from PDF),,,,,,,2026/2/7,
Starbucks,decaf-iced-white-mocha-oat-drink-venti,Decaf Iced White Mocha - oat drink Venti,,454,5.7,21.8,57.8,220,12.8,,,2.1,50.4,,,,,,,,,,,,,,,,,,,,Winter FY26 UK/IRE beverage nutritionals (from PDF),,,,,,,2026/2/7,
Starbucks,decaf-iced-white-mocha-coconut-drink-tall,Decaf Iced White Mocha - coconut drink Tall,,284,3.9,14.8,32.5,100,11.4,,,2,31.5,,,,,,,,,,,,,,,,,,,,Winter FY26 UK/IRE beverage nutritionals (from PDF),,,,,,,2026/2/7,
Starbucks,decaf-iced-white-mocha-coconut-drink-grande,Decaf Iced White Mocha - coconut drink Grande,,394,5.6,20.7,44.4,144,16.1,,,3.3,43.3,,,,,,,,,,,,,,,,,,,,Winter FY26 UK/IRE beverage nutritionals (from PDF),,,,,,,2026/2/7,
Starbucks,decaf-iced-white-mocha-coconut-drink-venti,Decaf Iced White Mocha - coconut drink Venti,,431,6.1,21,52.5,164,16.3,,,3.1,50.9,,,,,,,,,,,,,,,,,,,,Winter FY26 UK/IRE beverage nutritionals (from PDF),,,,,,,2026/2/7,
Starbucks,signature-iced-brown-sugar-oat-shaken-espresso-semi-skimmed-milk-tall,Signature Iced Brown Sugar Oat Shaken Espresso - semi skimmed milk Tall,,101,4.4,2.1,15.9,48,1.3,,,0.3,15,,,,,,,,,,,,,,,,,,,,Winter FY26 UK/IRE beverage nutritionals (from PDF),,,,,,,2026/2/7,
Starbucks,signature-iced-brown-sugar-oat-shaken-espresso-semi-skimmed-milk-grande,Signature Iced Brown Sugar Oat Shaken Espresso - semi skimmed milk Grande,,129,5.5,2.6,20.8,60,1.6,,,0.4,19.4,,,,,,,,,,,,,,,,,,,,Winter FY26 UK/IRE beverage nutritionals (from PDF),,,,,,,2026/2/7,
Starbucks,signature-iced-brown-sugar-oat-shaken-espresso-semi-skimmed-milk-venti,Signature Iced Brown Sugar Oat Shaken Espresso - semi skimmed milk Venti,,155,6.4,3,25.4,68,1.8,,,0.5,23.5,,,,,,,,,,,,,,,,,,,,Winter FY26 UK/IRE beverage nutritionals (from PDF),,,,,,,2026/2/7,
Starbucks,signature-iced-brown-sugar-oat-shaken-espresso-whole-milk-tall,Signature Iced Brown Sugar Oat Shaken Espresso - whole milk Tall,,119,4.3,4.3,15.8,48,2.7,,,0.3,14.9,,,,,,,,,,,,,,,,,,,,Winter FY26 UK/IRE beverage nutritionals (from PDF),,,,,,,2026/2/7,
Starbucks,signature-iced-brown-sugar-oat-shaken-espresso-whole-milk-grande,Signature Iced Brown Sugar Oat Shaken Espresso - whole milk Grande,,152,5.4,5.2,20.6,60,3.3,,,0.4,19.2,,,,,,,,,,,,,,,,,,,,Winter FY26 UK/IRE beverage nutritionals (from PDF),,,,,,,2026/2/7,
Starbucks,signature-iced-brown-sugar-oat-shaken-espresso-whole-milk-venti,Signature Iced Brown Sugar Oat Shaken Espresso - whole milk Venti,,181,6.2,6,25.2,68,3.8,,,0.5,23.3,,,,,,,,,,,,,,,,,,,,Winter FY26 UK/IRE beverage nutritionals (from PDF),,,,,,,2026/2/7,
Starbucks,signature-iced-brown-sugar-oat-shaken-espresso-skimmed-milk-tall,Signature Iced Brown Sugar Oat Shaken Espresso - skimmed milk Tall,,87,4.4,0.5,16.1,52,0.2,,,0.3,15.1,,,,,,,,,,,,,,,,,,,,Winter FY26 UK/IRE beverage nutritionals (from PDF),,,,,,,2026/2/7,
Starbucks,signature-iced-brown-sugar-oat-shaken-espresso-skimmed-milk-grande,Signature Iced Brown Sugar Oat Shaken Espresso - skimmed milk Grande,,113,5.5,0.6,20.9,64,0.2,,,0.4,19.5,,,,,,,,,,,,,,,,,,,,Winter FY26 UK/IRE beverage nutritionals (from PDF),,,,,,,2026/2/7,
Starbucks,signature-iced-brown-sugar-oat-shaken-espresso-skimmed-milk-venti,Signature Iced Brown Sugar Oat Shaken Espresso - skimmed milk Venti,,136,6.4,0.7,25.5,72,0.3,,,0.5,23.7,,,,,,,,,,,,,,,,,,,,Winter FY26 UK/IRE beverage nutritionals (from PDF),,,,,,,2026/2/7,
Starbucks,signature-iced-brown-sugar-oat-shaken-espresso-almond-drink-tall,Signature Iced Brown Sugar Oat Shaken Espresso - almond drink Tall,,74,1,1.5,13.4,32,0.2,,,0.5,12.4,,,,,,,,,,,,,,,,,,,,Winter FY26 UK/IRE beverage nutritionals (from PDF),,,,,,,2026/2/7,
Starbucks,signature-iced-brown-sugar-oat-shaken-espresso-almond-drink-grande,Signature Iced Brown Sugar Oat Shaken Espresso - almond drink Grande,,97,1.3,1.9,17.6,40,0.2,,,0.7,16.2,,,,,,,,,,,,,,,,,,,,Winter FY26 UK/IRE beverage nutritionals (from PDF),,,,,,,2026/2/7,
Starbucks,signature-iced-brown-sugar-oat-shaken-espresso-almond-drink-venti,Signature Iced Brown Sugar Oat Shaken Espresso - almond drink Venti,,119,1.6,2.2,21.8,48,0.2,,,0.9,19.9,,,,,,,,,,,,,,,,,,,,Winter FY26 UK/IRE beverage nutritionals (from PDF),,,,,,,2026/2/7,
Starbucks,signature-iced-brown-sugar-oat-shaken-espresso-soya-drink-tall,Signature Iced Brown Sugar Oat Shaken Espresso - soya drink Tall,,93,4.1,2.3,13.5,40,0.4,,,0.9,12.4,,,,,,,,,,,,,,,,,,,,Winter FY26 UK/IRE beverage nutritionals (from PDF),,,,,,,2026/2/7,
Starbucks,signature-iced-brown-sugar-oat-shaken-espresso-soya-drink-grande,Signature Iced Brown Sugar Oat Shaken Espresso - soya drink Grande,,120,5.1,2.8,17.8,48,0.5,,,1.2,16.2,,,,,,,,,,,,,,,,,,,,Winter FY26 UK/IRE beverage nutritionals (from PDF),,,,,,,2026/2/7,
Starbucks,signature-iced-brown-sugar-oat-shaken-espresso-soya-drink-venti,Signature Iced Brown Sugar Oat Shaken Espresso - soya drink Venti,,144,6,3.2,21.9,56,0.6,,,1.5,19.9,,,,,,,,,,,,,,,,,,,,Winter FY26 UK/IRE beverage nutritionals (from PDF),,,,,,,2026/2/7,
Starbucks,signature-iced-brown-sugar-oat-shaken-espresso-oat-drink-tall,Signature Iced Brown Sugar Oat Shaken Espresso - oat drink Tall,,111,1.3,3.5,18,56,0.4,,,1.4,13.2,,,,,,,,,,,,,,,,,,,,Winter FY26 UK/IRE beverage nutritionals (from PDF),,,,,,,2026/2/7,
Starbucks,signature-iced-brown-sugar-oat-shaken-espresso-oat-drink-grande,Signature Iced Brown Sugar Oat Shaken Espresso - oat drink Grande,,142,1.7,4.3,23.3,72,0.5,,,1.8,17.3,,,,,,,,,,,,,,,,,,,,Winter FY26 UK/IRE beverage nutritionals (from PDF),,,,,,,2026/2/7,
Starbucks,signature-iced-brown-sugar-oat-shaken-espresso-oat-drink-venti,Signature Iced Brown Sugar Oat Shaken Espresso - oat drink Venti,,170,2.1,4.9,28.3,80,0.6,,,2.1,21.1,,,,,,,,,,,,,,,,,,,,Winter FY26 UK/IRE beverage nutritionals (from PDF),,,,,,,2026/2/7,
Starbucks,signature-iced-brown-sugar-oat-shaken-espresso-coconut-drink-tall,Signature Iced Brown Sugar Oat Shaken Espresso - coconut drink Tall,,96,1.6,3,14.6,20,2.7,,,2,13.6,,,,,,,,,,,,,,,,,,,,Winter FY26 UK/IRE beverage nutritionals (from PDF),,,,,,,2026/2/7,
Starbucks,signature-iced-brown-sugar-oat-shaken-espresso-coconut-drink-grande,Signature Iced Brown Sugar Oat Shaken Espresso - coconut drink Grande,,124,2,3.7,19.1,24,3.3,,,2.5,17.7,,,,,,,,,,,,,,,,,,,,Winter FY26 UK/IRE beverage nutritionals (from PDF),,,,,,,2026/2/7,
Starbucks,signature-iced-brown-sugar-oat-shaken-espresso-coconut-drink-venti,Signature Iced Brown Sugar Oat Shaken Espresso - coconut drink Venti,,149,2.4,4.3,23.5,28,3.8,,,2.9,21.6,,,,,,,,,,,,,,,,,,,,Winter FY26 UK/IRE beverage nutritionals (from PDF),,,,,,,2026/2/7,
Starbucks,decaf-iced-brown-sugar-oat-shaken-espresso-semi-skimmed-milk-tall,Decaf Iced Brown Sugar Oat Shaken Espresso - semi skimmed milk Tall,,101,4.3,2.1,16.2,48,1.3,,,0.2,15,,,,,,,,,,,,,,,,,,,,Winter FY26 UK/IRE beverage nutritionals (from PDF),,,,,,,2026/2/7,
Starbucks,decaf-iced-brown-sugar-oat-shaken-espresso-semi-skimmed-milk-grande,Decaf Iced Brown Sugar Oat Shaken Espresso - semi skimmed milk Grande,,130,5.3,2.6,21.2,60,1.6,,,0.3,19.4,,,,,,,,,,,,,,,,,,,,Winter FY26 UK/IRE beverage nutritionals (from PDF),,,,,,,2026/2/7,
Starbucks,decaf-iced-brown-sugar-oat-shaken-espresso-semi-skimmed-milk-venti,Decaf Iced Brown Sugar Oat Shaken Espresso - semi skimmed milk Venti,,156,6.1,3,25.9,68,1.8,,,0.4,23.5,,,,,,,,,,,,,,,,,,,,Winter FY26 UK/IRE beverage nutritionals (from PDF),,,,,,,2026/2/7,
Starbucks,decaf-iced-brown-sugar-oat-shaken-espresso-whole-milk-tall,Decaf Iced Brown Sugar Oat Shaken Espresso - whole milk Tall,,120,4.2,4.3,16.1,48,2.7,,,0.2,14.9,,,,,,,,,,,,,,,,,,,,Winter FY26 UK/IRE beverage nutritionals (from PDF),,,,,,,2026/2/7,
Starbucks,decaf-iced-brown-sugar-oat-shaken-espresso-whole-milk-grande,Decaf Iced Brown Sugar Oat Shaken Espresso - whole milk Grande,,152,5.2,5.2,21,60,3.3,,,0.3,19.2,,,,,,,,,,,,,,,,,,,,Winter FY26 UK/IRE beverage nutritionals (from PDF),,,,,,,2026/2/7,
Starbucks,decaf-iced-brown-sugar-oat-shaken-espresso-whole-milk-venti,Decaf Iced Brown Sugar Oat Shaken Espresso - whole milk Venti,,182,6,6,25.8,68,3.8,,,0.4,23.4,,,,,,,,,,,,,,,,,,,,Winter FY26 UK/IRE beverage nutritionals (from PDF),,,,,,,2026/2/7,
Starbucks,decaf-iced-brown-sugar-oat-shaken-espresso-skimmed-milk-tall,Decaf Iced Brown Sugar Oat Shaken Espresso - skimmed milk Tall,,88,4.3,0.5,16.3,52,0.2,,,0.2,15.1,,,,,,,,,,,,,,,,,,,,Winter FY26 UK/IRE beverage nutritionals (from PDF),,,,,,,2026/2/7,
Starbucks,decaf-iced-brown-sugar-oat-shaken-espresso-skimmed-milk-grande,Decaf Iced Brown Sugar Oat Shaken Espresso - skimmed milk Grande,,113,5.3,0.6,21.3,64,0.2,,,0.3,19.5,,,,,,,,,,,,,,,,,,,,Winter FY26 UK/IRE beverage nutritionals (from PDF),,,,,,,2026/2/7,
Starbucks,decaf-iced-brown-sugar-oat-shaken-espresso-skimmed-milk-venti,Decaf Iced Brown Sugar Oat Shaken Espresso - skimmed milk Venti,,137,6.1,0.7,26.1,72,0.3,,,0.4,23.7,,,,,,,,,,,,,,,,,,,,Winter FY26 UK/IRE beverage nutritionals (from PDF),,,,,,,2026/2/7,
Starbucks,decaf-iced-brown-sugar-oat-shaken-espresso-almond-drink-tall,Decaf Iced Brown Sugar Oat Shaken Espresso - almond drink Tall,,75,0.8,1.5,13.6,32,0.2,,,0.5,12.4,,,,,,,,,,,,,,,,,,,,Winter FY26 UK/IRE beverage nutritionals (from PDF),,,,,,,2026/2/7,
Starbucks,decaf-iced-brown-sugar-oat-shaken-espresso-almond-drink-grande,Decaf Iced Brown Sugar Oat Shaken Espresso - almond drink Grande,,98,1.1,1.9,18,40,0.2,,,0.6,16.2,,,,,,,,,,,,,,,,,,,,Winter FY26 UK/IRE beverage nutritionals (from PDF),,,,,,,2026/2/7,
Starbucks,decaf-iced-brown-sugar-oat-shaken-espresso-almond-drink-venti,Decaf Iced Brown Sugar Oat Shaken Espresso - almond drink Venti,,120,1.3,2.2,22.3,48,0.2,,,0.8,20,,,,,,,,,,,,,,,,,,,,Winter FY26 UK/IRE beverage nutritionals (from PDF),,,,,,,2026/2/7,
Starbucks,decaf-iced-brown-sugar-oat-shaken-espresso-soya-drink-tall,Decaf Iced Brown Sugar Oat Shaken Espresso - soya drink Tall,,93,4,2.3,13.7,40,0.4,,,0.9,12.4,,,,,,,,,,,,,,,,,,,,Winter FY26 UK/IRE beverage nutritionals (from PDF),,,,,,,2026/2/7,
Starbucks,decaf-iced-brown-sugar-oat-shaken-espresso-soya-drink-grande,Decaf Iced Brown Sugar Oat Shaken Espresso - soya drink Grande,,120,4.9,2.8,18.2,48,0.5,,,1.2,16.2,,,,,,,,,,,,,,,,,,,,Winter FY26 UK/IRE beverage nutritionals (from PDF),,,,,,,2026/2/7,
Starbucks,decaf-iced-brown-sugar-oat-shaken-espresso-soya-drink-venti,Decaf Iced Brown Sugar Oat Shaken Espresso - soya drink Venti,,145,5.7,3.2,22.5,56,0.6,,,1.4,19.9,,,,,,,,,,,,,,,,,,,,Winter FY26 UK/IRE beverage nutritionals (from PDF),,,,,,,2026/2/7,
Starbucks,decaf-iced-brown-sugar-oat-shaken-espresso-oat-drink-tall,Decaf Iced Brown Sugar Oat Shaken Espresso - oat drink Tall,,112,1.2,3.5,18.3,56,0.4,,,1.3,13.3,,,,,,,,,,,,,,,,,,,,Winter FY26 UK/IRE beverage nutritionals (from PDF),,,,,,,2026/2/7,
Starbucks,decaf-iced-brown-sugar-oat-shaken-espresso-oat-drink-grande,Decaf Iced Brown Sugar Oat Shaken Espresso - oat drink Grande,,143,1.5,4.3,23.7,72,0.5,,,1.7,17.3,,,,,,,,,,,,,,,,,,,,Winter FY26 UK/IRE beverage nutritionals (from PDF),,,,,,,2026/2/7,
Starbucks,decaf-iced-brown-sugar-oat-shaken-espresso-oat-drink-venti,Decaf Iced Brown Sugar Oat Shaken Espresso - oat drink Venti,,171,1.8,4.9,28.8,80,0.6,,,2,21.1,,,,,,,,,,,,,,,,,,,,Winter FY26 UK/IRE beverage nutritionals (from PDF),,,,,,,2026/2/7,
Starbucks,decaf-iced-brown-sugar-oat-shaken-espresso-coconut-drink-tall,Decaf Iced Brown Sugar Oat Shaken Espresso - coconut drink Tall,,97,1.4,3,14.8,20,2.7,,,1.9,13.6,,,,,,,,,,,,,,,,,,,,Winter FY26 UK/IRE beverage nutritionals (from PDF),,,,,,,2026/2/7,
Starbucks,decaf-iced-brown-sugar-oat-shaken-espresso-coconut-drink-grande,Decaf Iced Brown Sugar Oat Shaken Espresso - coconut drink Grande,,124,1.8,3.7,19.5,24,3.3,,,2.4,17.7,,,,,,,,,,,,,,,,,,,,Winter FY26 UK/IRE beverage nutritionals (from PDF),,,,,,,2026/2/7,
Starbucks,decaf-iced-brown-sugar-oat-shaken-espresso-coconut-drink-venti,Decaf Iced Brown Sugar Oat Shaken Espresso - coconut drink Venti,,150,2.1,4.3,24,28,3.8,,,2.8,21.6,,,,,,,,,,,,,,,,,,,,Winter FY26 UK/IRE beverage nutritionals (from PDF),,,,,,,2026/2/7,
Starbucks,blonde-starbucks-doubleshot-iced-coffee-mini,Blonde Starbucks Doubleshot Iced Coffee Mini,,86,1.3,8,2.1,12,5,,,0.3,1.4,,,,,,,,,,,,,,,,,,,,Winter FY26 UK/IRE beverage nutritionals (from PDF),,,,,,,2026/2/7,
Starbucks,decaf-starbucks-doubleshot-iced-coffee-mini,Decaf Starbucks Doubleshot Iced Coffee Mini,,88,1.3,8,2.5,12,5,,,0.2,1.4,,,,,,,,,,,,,,,,,,,,Winter FY26 UK/IRE beverage nutritionals (from PDF),,,,,,,2026/2/7,
Starbucks,blonde-starbucks-doubleshot-vanilla-iced-coffee-mini,Blonde Starbucks Doubleshot Vanilla Iced Coffee Mini,,102,1.3,8,6.1,12,5,,,0.3,5.3,,,,,,,,,,,,,,,,,,,,Winter FY26 UK/IRE beverage nutritionals (from PDF),,,,,,,2026/2/7,
Starbucks,decaf-starbucks-doubleshot-vanilla-iced-coffee-mini,Decaf Starbucks Doubleshot Vanilla Iced Coffee Mini,,103,1.3,8,6.5,12,5,,,0.2,5.3,,,,,,,,,,,,,,,,,,,,Winter FY26 UK/IRE beverage nutritionals (from PDF),,,,,,,2026/2/7,
Starbucks,decaf-coffee-frappuccino-semi-skimmed-milk-tall,Decaf Coffee Frappuccino - semi skimmed milk Tall,,208,3.3,10.5,24.9,152,7.4,,,0.1,24.4,,,,,,,,,,,,,,,,,,,,Winter FY26 UK/IRE beverage nutritionals (from PDF),,,,,,,2026/2/7,
Starbucks,decaf-coffee-frappuccino-semi-skimmed-milk-grande,Decaf Coffee Frappuccino - semi skimmed milk Grande,,265,3.9,13.6,31.4,184,9.6,,,0.2,30.5,,,,,,,,,,,,,,,,,,,,Winter FY26 UK/IRE beverage nutritionals (from PDF),,,,,,,2026/2/7,
Starbucks,decaf-coffee-frappuccino-semi-skimmed-milk-venti,Decaf Coffee Frappuccino - semi skimmed milk Venti,,293,3.9,13.6,38.2,224,9.6,,,0.3,37,,,,,,,,,,,,,,,,,,,,Winter FY26 UK/IRE beverage nutritionals (from PDF),,,,,,,2026/2/7,
Starbucks,decaf-coffee-frappuccino-whole-milk-tall,Decaf Coffee Frappuccino - whole milk Tall,,220,3.3,11.9,24.9,148,8.3,,,0.1,24.3,,,,,,,,,,,,,,,,,,,,Winter FY26 UK/IRE beverage nutritionals (from PDF),,,,,,,2026/2/7,
Starbucks,decaf-coffee-frappuccino-whole-milk-grande,Decaf Coffee Frappuccino - whole milk Grande,,278,3.8,15.1,31.3,184,10.6,,,0.2,30.4,,,,,,,,,,,,,,,,,,,,Winter FY26 UK/IRE beverage nutritionals (from PDF),,,,,,,2026/2/7,
Starbucks,decaf-coffee-frappuccino-whole-milk-venti,Decaf Coffee Frappuccino - whole milk Venti,,305,3.8,15.1,38.1,224,10.6,,,0.3,36.9,,,,,,,,,,,,,,,,,,,,Winter FY26 UK/IRE beverage nutritionals (from PDF),,,,,,,2026/2/7,
Starbucks,decaf-coffee-frappuccino-skimmed-milk-tall,Decaf Coffee Frappuccino - skimmed milk Tall,,200,3.3,9.5,25,152,6.7,,,0.1,24.5,,,,,,,,,,,,,,,,,,,,Winter FY26 UK/IRE beverage nutritionals (from PDF),,,,,,,2026/2/7,
Starbucks,decaf-coffee-frappuccino-skimmed-milk-grande,Decaf Coffee Frappuccino - skimmed milk Grande,,255,3.9,12.5,31.4,188,8.9,,,0.2,30.6,,,,,,,,,,,,,,,,,,,,Winter FY26 UK/IRE beverage nutritionals (from PDF),,,,,,,2026/2/7,
Starbucks,decaf-coffee-frappuccino-skimmed-milk-venti,Decaf Coffee Frappuccino - skimmed milk Venti,,283,3.9,12.5,38.3,224,8.9,,,0.3,37,,,,,,,,,,,,,,,,,,,,Winter FY26 UK/IRE beverage nutritionals (from PDF),,,,,,,2026/2/7,
Starbucks,decaf-coffee-frappuccino-almond-drink-tall,Decaf Coffee Frappuccino - almond drink Tall,,192,1.1,10.1,23.3,140,6.7,,,0.2,22.7,,,,,,,,,,,,,,,,,,,,Winter FY26 UK/IRE beverage nutritionals (from PDF),,,,,,,2026/2/7,
Starbucks,decaf-coffee-frappuccino-almond-drink-grande,Decaf Coffee Frappuccino - almond drink Grande,,246,1.4,13.2,29.6,172,8.8,,,0.3,28.7,,,,,,,,,,,,,,,,,,,,Winter FY26 UK/IRE beverage nutritionals (from PDF),,,,,,,2026/2/7,
Starbucks,decaf-coffee-frappuccino-almond-drink-venti,Decaf Coffee Frappuccino - almond drink Venti,,275,1.5,13.2,36.5,212,8.8,,,0.4,35.2,,,,,,,,,,,,,,,,,,,,Winter FY26 UK/IRE beverage nutritionals (from PDF),,,,,,,2026/2/7,
Starbucks,decaf-coffee-frappuccino-soya-drink-tall,Decaf Coffee Frappuccino - soya drink Tall,,203,3.1,10.6,23.3,144,6.8,,,0.5,22.7,,,,,,,,,,,,,,,,,,,,Winter FY26 UK/IRE beverage nutritionals (from PDF),,,,,,,2026/2/7,
Starbucks,decaf-coffee-frappuccino-soya-drink-grande,Decaf Coffee Frappuccino - soya drink Grande,,259,3.7,13.7,29.6,180,9,,,0.7,28.7,,,,,,,,,,,,,,,,,,,,Winter FY26 UK/IRE beverage nutritionals (from PDF),,,,,,,2026/2/7,
Starbucks,decaf-coffee-frappuccino-soya-drink-venti,Decaf Coffee Frappuccino - soya drink Venti,,287,3.6,13.7,36.5,216,9,,,0.7,35.2,,,,,,,,,,,,,,,,,,,,Winter FY26 UK/IRE beverage nutritionals (from PDF),,,,,,,2026/2/7,
Starbucks,decaf-coffee-frappuccino-oat-drink-tall,Decaf Coffee Frappuccino - oat drink Tall,,215,1.3,11.4,26.3,156,6.8,,,0.8,23.3,,,,,,,,,,,,,,,,,,,,Winter FY26 UK/IRE beverage nutritionals (from PDF),,,,,,,2026/2/7,
Starbucks,decaf-coffee-frappuccino-oat-drink-grande,Decaf Coffee Frappuccino - oat drink Grande,,272,1.7,14.6,32.8,192,9,,,1,29.3,,,,,,,,,,,,,,,,,,,,Winter FY26 UK/IRE beverage nutritionals (from PDF),,,,,,,2026/2/7,
Starbucks,decaf-coffee-frappuccino-oat-drink-venti,Decaf Coffee Frappuccino - oat drink Venti,,300,1.7,14.5,39.6,228,9,,,1,35.8,,,,,,,,,,,,,,,,,,,,Winter FY26 UK/IRE beverage nutritionals (from PDF),,,,,,,2026/2/7,
Starbucks,decaf-coffee-frappuccino-coconut-drink-tall,Decaf Coffee Frappuccino - coconut drink Tall,,206,1.5,11.1,24.1,132,8.3,,,1.2,23.5,,,,,,,,,,,,,,,,,,,,Winter FY26 UK/IRE beverage nutritionals (from PDF),,,,,,,2026/2/7,
Starbucks,decaf-coffee-frappuccino-coconut-drink-grande,Decaf Coffee Frappuccino - coconut drink Grande,,262,1.9,14.3,30.4,164,10.6,,,1.4,29.5,,,,,,,,,,,,,,,,,,,,Winter FY26 UK/IRE beverage nutritionals (from PDF),,,,,,,2026/2/7,
Starbucks,decaf-coffee-frappuccino-coconut-drink-venti,Decaf Coffee Frappuccino - coconut drink Venti,,290,1.9,14.2,37.3,204,10.6,,,1.4,36,,,,,,,,,,,,,,,,,,,,Winter FY26 UK/IRE beverage nutritionals (from PDF),,,,,,,2026/2/7,
Starbucks,decaf-caramel-frappuccino-semi-skimmed-milk-tall,Decaf Caramel Frappuccino - semi skimmed milk Tall,,252,3.2,12,32.4,156,8.4,,,0.1,31.4,,,,,,,,,,,,,,,,,,,,Winter FY26 UK/IRE beverage nutritionals (from PDF),,,,,,,2026/2/7,
Starbucks,decaf-caramel-frappuccino-semi-skimmed-milk-grande,Decaf Caramel Frappuccino - semi skimmed milk Grande,,319,3.8,15.3,41,196,10.7,,,0.2,39.6,,,,,,,,,,,,,,,,,,,,Winter FY26 UK/IRE beverage nutritionals (from PDF),,,,,,,2026/2/7,
Starbucks,decaf-caramel-frappuccino-semi-skimmed-milk-venti,Decaf Caramel Frappuccino - semi skimmed milk Venti,,358,3.9,15.5,50.2,240,10.8,,,0.3,48.4,,,,,,,,,,,,,,,,,,,,Winter FY26 UK/IRE beverage nutritionals (from PDF),,,,,,,2026/2/7,
Starbucks,decaf-caramel-frappuccino-whole-milk-tall,Decaf Caramel Frappuccino - whole milk Tall,,263,3.1,13.3,32.4,156,9.2,,,0.1,31.4,,,,,,,,,,,,,,,,,,,,Winter FY26 UK/IRE beverage nutritionals (from PDF),,,,,,,2026/2/7,
Starbucks,decaf-caramel-frappuccino-whole-milk-grande,Decaf Caramel Frappuccino - whole milk Grande,,331,3.8,16.8,41,196,11.6,,,0.2,39.6,,,,,,,,,,,,,,,,,,,,Winter FY26 UK/IRE beverage nutritionals (from PDF),,,,,,,2026/2/7,
Starbucks,decaf-caramel-frappuccino-whole-milk-venti,Decaf Caramel Frappuccino - whole milk Venti,,370,3.8,17,50.1,240,11.7,,,0.3,48.3,,,,,,,,,,,,,,,,,,,,Winter FY26 UK/IRE beverage nutritionals (from PDF),,,,,,,2026/2/7,
Starbucks,decaf-caramel-frappuccino-skimmed-milk-tall,Decaf Caramel Frappuccino - skimmed milk Tall,,244,3.2,11.1,32.5,156,7.8,,,0.1,31.5,,,,,,,,,,,,,,,,,,,,Winter FY26 UK/IRE beverage nutritionals (from PDF),,,,,,,2026/2/7,
Starbucks,decaf-caramel-frappuccino-skimmed-milk-grande,Decaf Caramel Frappuccino - skimmed milk Grande,,310,3.8,14.3,41.1,196,10,,,0.2,39.7,,,,,,,,,,,,,,,,,,,,Winter FY26 UK/IRE beverage nutritionals (from PDF),,,,,,,2026/2/7,
Starbucks,decaf-caramel-frappuccino-skimmed-milk-venti,Decaf Caramel Frappuccino - skimmed milk Venti,,349,3.9,14.5,50.3,240,10.1,,,0.3,48.4,,,,,,,,,,,,,,,,,,,,Winter FY26 UK/IRE beverage nutritionals (from PDF),,,,,,,2026/2/7,
Starbucks,decaf-caramel-frappuccino-almond-drink-tall,Decaf Caramel Frappuccino - almond drink Tall,,237,1.2,11.7,31,148,7.7,,,0.2,30,,,,,,,,,,,,,,,,,,,,Winter FY26 UK/IRE beverage nutritionals (from PDF),,,,,,,2026/2/7,
Starbucks,decaf-caramel-frappuccino-almond-drink-grande,Decaf Caramel Frappuccino - almond drink Grande,,302,1.6,14.9,39.3,188,10,,,0.3,37.9,,,,,,,,,,,,,,,,,,,,Winter FY26 UK/IRE beverage nutritionals (from PDF),,,,,,,2026/2/7,
Starbucks,decaf-caramel-frappuccino-almond-drink-venti,Decaf Caramel Frappuccino - almond drink Venti,,341,1.7,15.2,48.5,228,10.1,,,0.4,46.7,,,,,,,,,,,,,,,,,,,,Winter FY26 UK/IRE beverage nutritionals (from PDF),,,,,,,2026/2/7,
Starbucks,decaf-caramel-frappuccino-soya-drink-tall,Decaf Caramel Frappuccino - soya drink Tall,,247,3,12.1,31,152,7.9,,,0.5,29.9,,,,,,,,,,,,,,,,,,,,Winter FY26 UK/IRE beverage nutritionals (from PDF),,,,,,,2026/2/7,
Starbucks,decaf-caramel-frappuccino-soya-drink-grande,Decaf Caramel Frappuccino - soya drink Grande,,314,3.6,15.5,39.4,192,10.1,,,0.6,37.9,,,,,,,,,,,,,,,,,,,,Winter FY26 UK/IRE beverage nutritionals (from PDF),,,,,,,2026/2/7,
Starbucks,decaf-caramel-frappuccino-soya-drink-venti,Decaf Caramel Frappuccino - soya drink Venti,,353,3.7,15.7,48.6,232,10.2,,,0.7,46.7,,,,,,,,,,,,,,,,,,,,Winter FY26 UK/IRE beverage nutritionals (from PDF),,,,,,,2026/2/7,
Starbucks,decaf-caramel-frappuccino-oat-drink-tall,Decaf Caramel Frappuccino - oat drink Tall,,258,1.4,12.8,33.6,160,7.9,,,0.7,30.4,,,,,,,,,,,,,,,,,,,,Winter FY26 UK/IRE beverage nutritionals (from PDF),,,,,,,2026/2/7,
Starbucks,decaf-caramel-frappuccino-oat-drink-grande,Decaf Caramel Frappuccino - oat drink Grande,,326,1.8,16.3,42.4,204,10.1,,,0.9,38.5,,,,,,,,,,,,,,,,,,,,Winter FY26 UK/IRE beverage nutritionals (from PDF),,,,,,,2026/2/7,
Starbucks,decaf-caramel-frappuccino-oat-drink-venti,Decaf Caramel Frappuccino - oat drink Venti,,365,1.9,16.4,51.5,244,10.2,,,1,47.2,,,,,,,,,,,,,,,,,,,,Winter FY26 UK/IRE beverage nutritionals (from PDF),,,,,,,2026/2/7,
Starbucks,decaf-caramel-frappuccino-coconut-drink-tall,Decaf Caramel Frappuccino - coconut drink Tall,,249,1.5,12.6,31.7,140,9.2,,,1.1,30.6,,,,,,,,,,,,,,,,,,,,Winter FY26 UK/IRE beverage nutritionals (from PDF),,,,,,,2026/2/7,
Starbucks,decaf-caramel-frappuccino-coconut-drink-grande,Decaf Caramel Frappuccino - coconut drink Grande,,316,1.9,15.9,40.1,180,11.6,,,1.3,38.7,,,,,,,,,,,,,,,,,,,,Winter FY26 UK/IRE beverage nutritionals (from PDF),,,,,,,2026/2/7,
Starbucks,decaf-caramel-frappuccino-coconut-drink-venti,Decaf Caramel Frappuccino - coconut drink Venti,,355,2,16.1,49.3,220,11.7,,,1.4,47.5,,,,,,,,,,,,,,,,,,,,Winter FY26 UK/IRE beverage nutritionals (from PDF),,,,,,,2026/2/7,
Starbucks,decaf-mocha-frappuccino-semi-skimmed-milk-tall,Decaf Mocha Frappuccino - semi skimmed milk Tall,,226,3.9,10.9,27.6,140,7.7,,,0.7,26.8,,,,,,,,,,,,,,,,,,,,Winter FY26 UK/IRE beverage nutritionals (from PDF),,,,,,,2026/2/7,
Starbucks,decaf-mocha-frappuccino-semi-skimmed-milk-grande,Decaf Mocha Frappuccino - semi skimmed milk Grande,,300,5,14.3,37.1,184,10,,,1,35.8,,,,,,,,,,,,,,,,,,,,Winter FY26 UK/IRE beverage nutritionals (from PDF),,,,,,,2026/2/7,
Starbucks,decaf-mocha-frappuccino-semi-skimmed-milk-venti,Decaf Mocha Frappuccino - semi skimmed milk Venti,,336,5.2,14.4,45.4,220,10.1,,,1.3,43.7,,,,,,,,,,,,,,,,,,,,Winter FY26 UK/IRE beverage nutritionals (from PDF),,,,,,,2026/2/7,
Starbucks,decaf-mocha-frappuccino-whole-milk-tall,Decaf Mocha Frappuccino - whole milk Tall,,237,3.9,12.2,27.6,140,8.5,,,0.7,26.8,,,,,,,,,,,,,,,,,,,,Winter FY26 UK/IRE beverage nutritionals (from PDF),,,,,,,2026/2/7,
Starbucks,decaf-mocha-frappuccino-whole-milk-grande,Decaf Mocha Frappuccino - whole milk Grande,,312,4.9,15.8,37.1,184,11,,,1,35.8,,,,,,,,,,,,,,,,,,,,Winter FY26 UK/IRE beverage nutritionals (from PDF),,,,,,,2026/2/7,
Starbucks,decaf-mocha-frappuccino-whole-milk-venti,Decaf Mocha Frappuccino - whole milk Venti,,349,5.2,15.9,45.4,220,11,,,1.3,43.6,,,,,,,,,,,,,,,,,,,,Winter FY26 UK/IRE beverage nutritionals (from PDF),,,,,,,2026/2/7,
Starbucks,decaf-mocha-frappuccino-skimmed-milk-tall,Decaf Mocha Frappuccino - skimmed milk Tall,,218,3.9,9.9,27.7,140,7,,,0.7,26.9,,,,,,,,,,,,,,,,,,,,Winter FY26 UK/IRE beverage nutritionals (from PDF),,,,,,,2026/2/7,
Starbucks,decaf-mocha-frappuccino-skimmed-milk-grande,Decaf Mocha Frappuccino - skimmed milk Grande,,290,5,13.1,37.2,184,9.3,,,1,35.9,,,,,,,,,,,,,,,,,,,,Winter FY26 UK/IRE beverage nutritionals (from PDF),,,,,,,2026/2/7,
Starbucks,decaf-mocha-frappuccino-skimmed-milk-venti,Decaf Mocha Frappuccino - skimmed milk Venti,,327,5.2,13.4,45.5,220,9.4,,,1.3,43.7,,,,,,,,,,,,,,,,,,,,Winter FY26 UK/IRE beverage nutritionals (from PDF),,,,,,,2026/2/7,
Starbucks,decaf-mocha-frappuccino-almond-drink-tall,Decaf Mocha Frappuccino - almond drink Tall,,211,1.9,10.5,26.1,128,7,,,0.8,25.3,,,,,,,,,,,,,,,,,,,,Winter FY26 UK/IRE beverage nutritionals (from PDF),,,,,,,2026/2/7,
Starbucks,decaf-mocha-frappuccino-almond-drink-grande,Decaf Mocha Frappuccino - almond drink Grande,,281,2.6,13.8,35.3,172,9.2,,,1.1,34.1,,,,,,,,,,,,,,,,,,,,Winter FY26 UK/IRE beverage nutritionals (from PDF),,,,,,,2026/2/7,
Starbucks,decaf-mocha-frappuccino-almond-drink-venti,Decaf Mocha Frappuccino - almond drink Venti,,319,2.9,14,43.7,208,9.4,,,1.4,42,,,,,,,,,,,,,,,,,,,,Winter FY26 UK/IRE beverage nutritionals (from PDF),,,,,,,2026/2/7,
Starbucks,decaf-mocha-frappuccino-soya-drink-tall,Decaf Mocha Frappuccino - soya drink Tall,,221,3.7,11,26.2,132,7.1,,,1.1,25.3,,,,,,,,,,,,,,,,,,,,Winter FY26 UK/IRE beverage nutritionals (from PDF),,,,,,,2026/2/7,
Starbucks,decaf-mocha-frappuccino-soya-drink-grande,Decaf Mocha Frappuccino - soya drink Grande,,294,4.7,14.4,35.4,176,9.4,,,1.4,34,,,,,,,,,,,,,,,,,,,,Winter FY26 UK/IRE beverage nutritionals (from PDF),,,,,,,2026/2/7,
Starbucks,decaf-mocha-frappuccino-soya-drink-venti,Decaf Mocha Frappuccino - soya drink Venti,,331,5,14.5,43.8,216,9.5,,,1.7,41.9,,,,,,,,,,,,,,,,,,,,Winter FY26 UK/IRE beverage nutritionals (from PDF),,,,,,,2026/2/7,
Starbucks,decaf-mocha-frappuccino-oat-drink-tall,Decaf Mocha Frappuccino - oat drink Tall,,232,2.1,11.7,28.8,144,7.1,,,1.3,25.8,,,,,,,,,,,,,,,,,,,,Winter FY26 UK/IRE beverage nutritionals (from PDF),,,,,,,2026/2/7,
Starbucks,decaf-mocha-frappuccino-oat-drink-grande,Decaf Mocha Frappuccino - oat drink Grande,,307,2.8,15.2,38.6,188,9.4,,,1.7,34.6,,,,,,,,,,,,,,,,,,,,Winter FY26 UK/IRE beverage nutritionals (from PDF),,,,,,,2026/2/7,
Starbucks,decaf-mocha-frappuccino-oat-drink-venti,Decaf Mocha Frappuccino - oat drink Venti,,343,3.2,15.4,46.8,224,9.5,,,2,42.5,,,,,,,,,,,,,,,,,,,,Winter FY26 UK/IRE beverage nutritionals (from PDF),,,,,,,2026/2/7,
Starbucks,decaf-mocha-frappuccino-coconut-drink-tall,Decaf Mocha Frappuccino - coconut drink Tall,,223,2.2,11.4,26.8,124,8.5,,,1.7,26,,,,,,,,,,,,,,,,,,,,Winter FY26 UK/IRE beverage nutritionals (from PDF),,,,,,,2026/2/7,
Starbucks,decaf-mocha-frappuccino-coconut-drink-grande,Decaf Mocha Frappuccino - coconut drink Grande,,296,3,14.9,36.2,164,11,,,2.2,34.9,,,,,,,,,,,,,,,,,,,,Winter FY26 UK/IRE beverage nutritionals (from PDF),,,,,,,2026/2/7,
Starbucks,decaf-mocha-frappuccino-coconut-drink-venti,Decaf Mocha Frappuccino - coconut drink Venti,,333,3.3,15,44.5,200,11,,,2.4,42.7,,,,,,,,,,,,,,,,,,,,Winter FY26 UK/IRE beverage nutritionals (from PDF),,,,,,,2026/2/7,
Starbucks,decaf-java-chip-frappuccino-semi-skimmed-milk-tall,Decaf Java Chip Frappuccino - semi skimmed milk Tall,,269,4.5,13.2,32.3,156,9.5,,,1.3,30.3,,,,,,,,,,,,,,,,,,,,Winter FY26 UK/IRE beverage nutritionals (from PDF),,,,,,,2026/2/7,
Starbucks,decaf-java-chip-frappuccino-semi-skimmed-milk-grande,Decaf Java Chip Frappuccino - semi skimmed milk Grande,,358,5.7,17.4,43.5,204,12.6,,,1.8,40.5,,,,,,,,,,,,,,,,,,,,Winter FY26 UK/IRE beverage nutritionals (from PDF),,,,,,,2026/2/7,
Starbucks,decaf-java-chip-frappuccino-semi-skimmed-milk-venti,Decaf Java Chip Frappuccino - semi skimmed milk Venti,,406,6.1,18.3,52.8,244,13.3,,,2.3,48.9,,,,,,,,,,,,,,,,,,,,Winter FY26 UK/IRE beverage nutritionals (from PDF),,,,,,,2026/2/7,
Starbucks,decaf-java-chip-frappuccino-whole-milk-tall,Decaf Java Chip Frappuccino - whole milk Tall,,280,4.4,14.4,32.3,152,10.3,,,1.3,30.2,,,,,,,,,,,,,,,,,,,,Winter FY26 UK/IRE beverage nutritionals (from PDF),,,,,,,2026/2/7,
Starbucks,decaf-java-chip-frappuccino-whole-milk-grande,Decaf Java Chip Frappuccino - whole milk Grande,,370,5.6,18.9,43.4,204,13.5,,,1.8,40.4,,,,,,,,,,,,,,,,,,,,Winter FY26 UK/IRE beverage nutritionals (from PDF),,,,,,,2026/2/7,
Starbucks,decaf-java-chip-frappuccino-whole-milk-venti,Decaf Java Chip Frappuccino - whole milk Venti,,418,6,19.7,52.7,244,14.2,,,2.3,48.9,,,,,,,,,,,,,,,,,,,,Winter FY26 UK/IRE beverage nutritionals (from PDF),,,,,,,2026/2/7,
Starbucks,decaf-java-chip-frappuccino-skimmed-milk-tall,Decaf Java Chip Frappuccino - skimmed milk Tall,,261,4.5,12.2,32.4,156,8.9,,,1.3,30.4,,,,,,,,,,,,,,,,,,,,Winter FY26 UK/IRE beverage nutritionals (from PDF),,,,,,,2026/2/7,
Starbucks,decaf-java-chip-frappuccino-skimmed-milk-grande,Decaf Java Chip Frappuccino - skimmed milk Grande,,348,5.7,16.3,43.6,208,11.8,,,1.8,40.6,,,,,,,,,,,,,,,,,,,,Winter FY26 UK/IRE beverage nutritionals (from PDF),,,,,,,2026/2/7,
Starbucks,decaf-java-chip-frappuccino-skimmed-milk-venti,Decaf Java Chip Frappuccino - skimmed milk Venti,,398,6.1,17.3,52.9,248,12.6,,,2.3,49,,,,,,,,,,,,,,,,,,,,Winter FY26 UK/IRE beverage nutritionals (from PDF),,,,,,,2026/2/7,
Starbucks,decaf-java-chip-frappuccino-almond-drink-tall,Decaf Java Chip Frappuccino - almond drink Tall,,254,2.5,12.8,30.9,144,8.9,,,1.4,28.8,,,,,,,,,,,,,,,,,,,,Winter FY26 UK/IRE beverage nutritionals (from PDF),,,,,,,2026/2/7,
Starbucks,decaf-java-chip-frappuccino-almond-drink-grande,Decaf Java Chip Frappuccino - almond drink Grande,,340,3.3,17,41.7,196,11.8,,,1.9,38.7,,,,,,,,,,,,,,,,,,,,Winter FY26 UK/IRE beverage nutritionals (from PDF),,,,,,,2026/2/7,
Starbucks,decaf-java-chip-frappuccino-almond-drink-venti,Decaf Java Chip Frappuccino - almond drink Venti,,389,3.8,17.9,51.1,236,12.6,,,2.4,47.3,,,,,,,,,,,,,,,,,,,,Winter FY26 UK/IRE beverage nutritionals (from PDF),,,,,,,2026/2/7,
Starbucks,decaf-java-chip-frappuccino-soya-drink-tall,Decaf Java Chip Frappuccino - soya drink Tall,,265,4.3,13.3,30.9,148,9,,,1.7,28.8,,,,,,,,,,,,,,,,,,,,Winter FY26 UK/IRE beverage nutritionals (from PDF),,,,,,,2026/2/7,
Starbucks,decaf-java-chip-frappuccino-soya-drink-grande,Decaf Java Chip Frappuccino - soya drink Grande,,352,5.4,17.5,41.8,200,12,,,2.2,38.7,,,,,,,,,,,,,,,,,,,,Winter FY26 UK/IRE beverage nutritionals (from PDF),,,,,,,2026/2/7,
Starbucks,decaf-java-chip-frappuccino-soya-drink-venti,Decaf Java Chip Frappuccino - soya drink Venti,,401,5.9,18.4,51.2,240,12.7,,,2.7,47.3,,,,,,,,,,,,,,,,,,,,Winter FY26 UK/IRE beverage nutritionals (from PDF),,,,,,,2026/2/7,
Starbucks,decaf-java-chip-frappuccino-oat-drink-tall,Decaf Java Chip Frappuccino - oat drink Tall,,275,2.7,14,33.5,160,9,,,2,29.3,,,,,,,,,,,,,,,,,,,,Winter FY26 UK/IRE beverage nutritionals (from PDF),,,,,,,2026/2/7,
Starbucks,decaf-java-chip-frappuccino-oat-drink-grande,Decaf Java Chip Frappuccino - oat drink Grande,,365,3.5,18.3,44.9,212,12,,,2.5,39.3,,,,,,,,,,,,,,,,,,,,Winter FY26 UK/IRE beverage nutritionals (from PDF),,,,,,,2026/2/7,
Starbucks,decaf-java-chip-frappuccino-oat-drink-venti,Decaf Java Chip Frappuccino - oat drink Venti,,413,4,19.2,54.1,252,12.7,,,3,47.8,,,,,,,,,,,,,,,,,,,,Winter FY26 UK/IRE beverage nutritionals (from PDF),,,,,,,2026/2/7,
Starbucks,decaf-java-chip-frappuccino-coconut-drink-tall,Decaf Java Chip Frappuccino - coconut drink Tall,,267,2.8,13.7,31.5,136,10.3,,,2.3,29.5,,,,,,,,,,,,,,,,,,,,Winter FY26 UK/IRE beverage nutritionals (from PDF),,,,,,,2026/2/7,
Starbucks,decaf-java-chip-frappuccino-coconut-drink-grande,Decaf Java Chip Frappuccino - coconut drink Grande,,355,3.7,18,42.5,188,13.5,,,3,39.6,,,,,,,,,,,,,,,,,,,,Winter FY26 UK/IRE beverage nutritionals (from PDF),,,,,,,2026/2/7,
Starbucks,decaf-java-chip-frappuccino-coconut-drink-venti,Decaf Java Chip Frappuccino - coconut drink Venti,,404,4.2,18.9,51.9,228,14.2,,,3.4,48,,,,,,,,,,,,,,,,,,,,Winter FY26 UK/IRE beverage nutritionals (from PDF),,,,,,,2026/2/7,
Starbucks,blonde-pistachio-velvet-latte-semi-skimmed-milk-tall,Blonde Pistachio Velvet Latte - semi skimmed milk Tall,,188,10.2,5.1,25.3,168,3.4,,,0.3,24.5,,,,,,,,,,,,,,,,,,,,Winter FY26 UK/IRE beverage nutritionals (from PDF),,,,,,,2026/2/7,
Starbucks,blonde-pistachio-velvet-latte-semi-skimmed-milk-grande,Blonde Pistachio Velvet Latte - semi skimmed milk Grande,,245,12.8,6.5,33.6,216,4.5,,,0.3,32.8,,,,,,,,,,,,,,,,,,,,Winter FY26 UK/IRE beverage nutritionals (from PDF),,,,,,,2026/2/7,
Starbucks,blonde-pistachio-velvet-latte-semi-skimmed-milk-venti,Blonde Pistachio Velvet Latte - semi skimmed milk Venti,,305,15.5,8.1,42.2,268,5.5,,,0.5,41,,,,,,,,,,,,,,,,,,,,Winter FY26 UK/IRE beverage nutritionals (from PDF),,,,,,,2026/2/7,
Starbucks,blonde-pistachio-velvet-latte-whole-milk-tall,Blonde Pistachio Velvet Latte - whole milk Tall,,222,10,9.1,25.1,164,6,,,0.3,24.3,,,,,,,,,,,,,,,,,,,,Winter FY26 UK/IRE beverage nutritionals (from PDF),,,,,,,2026/2/7,
Starbucks,blonde-pistachio-velvet-latte-whole-milk-grande,Blonde Pistachio Velvet Latte - whole milk Grande,,288,12.5,11.6,33.3,216,7.6,,,0.3,32.6,,,,,,,,,,,,,,,,,,,,Winter FY26 UK/IRE beverage nutritionals (from PDF),,,,,,,2026/2/7,
Starbucks,blonde-pistachio-velvet-latte-whole-milk-venti,Blonde Pistachio Velvet Latte - whole milk Venti,,356,15.2,14.2,41.9,264,9.4,,,0.5,40.7,,,,,,,,,,,,,,,,,,,,Winter FY26 UK/IRE beverage nutritionals (from PDF),,,,,,,2026/2/7,
Starbucks,blonde-pistachio-velvet-latte-skimmed-milk-tall,Blonde Pistachio Velvet Latte - skimmed milk Tall,,163,10.2,2.1,25.5,168,1.4,,,0.3,24.8,,,,,,,,,,,,,,,,,,,,Winter FY26 UK/IRE beverage nutritionals (from PDF),,,,,,,2026/2/7,
Starbucks,blonde-pistachio-velvet-latte-skimmed-milk-grande,Blonde Pistachio Velvet Latte - skimmed milk Grande,,213,12.8,2.8,33.9,220,1.9,,,0.3,33.1,,,,,,,,,,,,,,,,,,,,Winter FY26 UK/IRE beverage nutritionals (from PDF),,,,,,,2026/2/7,
Starbucks,blonde-pistachio-velvet-latte-skimmed-milk-venti,Blonde Pistachio Velvet Latte - skimmed milk Venti,,266,15.5,3.6,42.5,272,2.4,,,0.5,41.4,,,,,,,,,,,,,,,,,,,,Winter FY26 UK/IRE beverage nutritionals (from PDF),,,,,,,2026/2/7,
Starbucks,blonde-pistachio-velvet-latte-almond-drink-tall,Blonde Pistachio Velvet Latte - almond drink Tall,,140,3.8,4,20.5,136,1.3,,,0.7,19.8,,,,,,,,,,,,,,,,,,,,Winter FY26 UK/IRE beverage nutritionals (from PDF),,,,,,,2026/2/7,
Starbucks,blonde-pistachio-velvet-latte-almond-drink-grande,Blonde Pistachio Velvet Latte - almond drink Grande,,184,4.8,5.1,27.6,180,1.8,,,0.9,26.8,,,,,,,,,,,,,,,,,,,,Winter FY26 UK/IRE beverage nutritionals (from PDF),,,,,,,2026/2/7,
Starbucks,blonde-pistachio-velvet-latte-almond-drink-venti,Blonde Pistachio Velvet Latte - almond drink Venti,,231,5.8,6.4,35,224,2.3,,,1.1,33.8,,,,,,,,,,,,,,,,,,,,Winter FY26 UK/IRE beverage nutritionals (from PDF),,,,,,,2026/2/7,
Starbucks,blonde-pistachio-velvet-latte-soya-drink-tall,Blonde Pistachio Velvet Latte - soya drink Tall,,174,9.6,5.4,20.7,148,1.7,,,1.6,19.8,,,,,,,,,,,,,,,,,,,,Winter FY26 UK/IRE beverage nutritionals (from PDF),,,,,,,2026/2/7,
Starbucks,blonde-pistachio-velvet-latte-soya-drink-grande,Blonde Pistachio Velvet Latte - soya drink Grande,,226,12,6.9,27.8,196,2.3,,,1.9,26.8,,,,,,,,,,,,,,,,,,,,Winter FY26 UK/IRE beverage nutritionals (from PDF),,,,,,,2026/2/7,
Starbucks,blonde-pistachio-velvet-latte-soya-drink-venti,Blonde Pistachio Velvet Latte - soya drink Venti,,282,14.6,8.5,35.2,240,2.9,,,2.4,33.8,,,,,,,,,,,,,,,,,,,,Winter FY26 UK/IRE beverage nutritionals (from PDF),,,,,,,2026/2/7,
Starbucks,blonde-pistachio-velvet-latte-oat-drink-tall,Blonde Pistachio Velvet Latte - oat drink Tall,,207,4.4,7.6,29.1,180,1.7,,,2.4,21.4,,,,,,,,,,,,,,,,,,,,Winter FY26 UK/IRE beverage nutritionals (from PDF),,,,,,,2026/2/7,
Starbucks,blonde-pistachio-velvet-latte-oat-drink-grande,Blonde Pistachio Velvet Latte - oat drink Grande,,269,5.5,9.7,38.4,236,2.3,,,2.9,28.8,,,,,,,,,,,,,,,,,,,,Winter FY26 UK/IRE beverage nutritionals (from PDF),,,,,,,2026/2/7,
Starbucks,blonde-pistachio-velvet-latte-oat-drink-venti,Blonde Pistachio Velvet Latte - oat drink Venti,,334,6.8,12,48,292,2.9,,,3.6,36.2,,,,,,,,,,,,,,,,,,,,Winter FY26 UK/IRE beverage nutritionals (from PDF),,,,,,,2026/2/7,
Starbucks,blonde-pistachio-velvet-latte-coconut-drink-tall,Blonde Pistachio Velvet Latte - coconut drink Tall,,180,4.9,6.8,22.7,112,6,,,3.5,22,,,,,,,,,,,,,,,,,,,,Winter FY26 UK/IRE beverage nutritionals (from PDF),,,,,,,2026/2/7,
Starbucks,blonde-pistachio-velvet-latte-coconut-drink-grande,Blonde Pistachio Velvet Latte - coconut drink Grande,,234,6.1,8.7,30.4,152,7.7,,,4.3,29.6,,,,,,,,,,,,,,,,,,,,Winter FY26 UK/IRE beverage nutritionals (from PDF),,,,,,,2026/2/7,
Starbucks,blonde-pistachio-velvet-latte-coconut-drink-venti,Blonde Pistachio Velvet Latte - coconut drink Venti,,292,7.5,10.6,38.3,188,9.4,,,5.3,37.2,,,,,,,,,,,,,,,,,,,,Winter FY26 UK/IRE beverage nutritionals (from PDF),,,,,,,2026/2/7,
Starbucks,decaf-pistachio-velvet-latte-semi-skimmed-milk-tall,Decaf Pistachio Velvet Latte - semi skimmed milk Tall,,213,10.4,5.5,30.3,184,3.8,,,0.3,29.2,,,,,,,,,,,,,,,,,,,,Winter FY26 UK/IRE beverage nutritionals (from PDF),,,,,,,2026/2/7,
Starbucks,decaf-pistachio-velvet-latte-semi-skimmed-milk-grande,Decaf Pistachio Velvet Latte - semi skimmed milk Grande,,265,12.6,6.8,38.2,232,4.7,,,0.3,37,,,,,,,,,,,,,,,,,,,,Winter FY26 UK/IRE beverage nutritionals (from PDF),,,,,,,2026/2/7,
Starbucks,decaf-pistachio-velvet-latte-semi-skimmed-milk-venti,Decaf Pistachio Velvet Latte - semi skimmed milk Venti,,341,16.5,8.9,48.5,296,6.1,,,0.4,46.8,,,,,,,,,,,,,,,,,,,,Winter FY26 UK/IRE beverage nutritionals (from PDF),,,,,,,2026/2/7,
Starbucks,decaf-pistachio-velvet-latte-whole-milk-tall,Decaf Pistachio Velvet Latte - whole milk Tall,,246,10.2,9.4,30.1,184,6.3,,,0.3,29,,,,,,,,,,,,,,,,,,,,Winter FY26 UK/IRE beverage nutritionals (from PDF),,,,,,,2026/2/7,
Starbucks,decaf-pistachio-velvet-latte-whole-milk-grande,Decaf Pistachio Velvet Latte - whole milk Grande,,306,12.4,11.6,37.9,232,7.7,,,0.3,36.7,,,,,,,,,,,,,,,,,,,,Winter FY26 UK/IRE beverage nutritionals (from PDF),,,,,,,2026/2/7,
Starbucks,decaf-pistachio-velvet-latte-whole-milk-venti,Decaf Pistachio Velvet Latte - whole milk Venti,,396,16.2,15.3,48.2,292,10.2,,,0.4,46.5,,,,,,,,,,,,,,,,,,,,Winter FY26 UK/IRE beverage nutritionals (from PDF),,,,,,,2026/2/7,
Starbucks,decaf-pistachio-velvet-latte-skimmed-milk-tall,Decaf Pistachio Velvet Latte - skimmed milk Tall,,188,10.4,2.5,30.5,188,1.8,,,0.3,29.4,,,,,,,,,,,,,,,,,,,,Winter FY26 UK/IRE beverage nutritionals (from PDF),,,,,,,2026/2/7,
Starbucks,decaf-pistachio-velvet-latte-skimmed-milk-grande,Decaf Pistachio Velvet Latte - skimmed milk Grande,,235,12.6,3.2,38.4,236,2.3,,,0.3,37.3,,,,,,,,,,,,,,,,,,,,Winter FY26 UK/IRE beverage nutritionals (from PDF),,,,,,,2026/2/7,
Starbucks,decaf-pistachio-velvet-latte-skimmed-milk-venti,Decaf Pistachio Velvet Latte - skimmed milk Venti,,300,16.5,4.1,48.9,300,2.8,,,0.4,47.1,,,,,,,,,,,,,,,,,,,,Winter FY26 UK/IRE beverage nutritionals (from PDF),,,,,,,2026/2/7,
Starbucks,decaf-pistachio-velvet-latte-almond-drink-tall,Decaf Pistachio Velvet Latte - almond drink Tall,,165,4.1,4.4,25.7,156,1.7,,,0.7,24.5,,,,,,,,,,,,,,,,,,,,Winter FY26 UK/IRE beverage nutritionals (from PDF),,,,,,,2026/2/7,
Starbucks,decaf-pistachio-velvet-latte-almond-drink-grande,Decaf Pistachio Velvet Latte - almond drink Grande,,207,5,5.4,32.5,196,2.2,,,0.8,31.3,,,,,,,,,,,,,,,,,,,,Winter FY26 UK/IRE beverage nutritionals (from PDF),,,,,,,2026/2/7,
Starbucks,decaf-pistachio-velvet-latte-almond-drink-venti,Decaf Pistachio Velvet Latte - almond drink Venti,,263,6.2,7.1,40.9,248,2.7,,,1.1,39.1,,,,,,,,,,,,,,,,,,,,Winter FY26 UK/IRE beverage nutritionals (from PDF),,,,,,,2026/2/7,
Starbucks,decaf-pistachio-velvet-latte-soya-drink-tall,Decaf Pistachio Velvet Latte - soya drink Tall,,198,9.8,5.8,25.8,168,2.1,,,1.5,24.5,,,,,,,,,,,,,,,,,,,,Winter FY26 UK/IRE beverage nutritionals (from PDF),,,,,,,2026/2/7,
Starbucks,decaf-pistachio-velvet-latte-soya-drink-grande,Decaf Pistachio Velvet Latte - soya drink Grande,,247,11.9,7.1,32.7,212,2.7,,,1.8,31.3,,,,,,,,,,,,,,,,,,,,Winter FY26 UK/IRE beverage nutritionals (from PDF),,,,,,,2026/2/7,
Starbucks,decaf-pistachio-velvet-latte-soya-drink-venti,Decaf Pistachio Velvet Latte - soya drink Venti,,317,15.5,9.4,41.2,268,3.4,,,2.5,39.1,,,,,,,,,,,,,,,,,,,,Winter FY26 UK/IRE beverage nutritionals (from PDF),,,,,,,2026/2/7,
Starbucks,decaf-pistachio-velvet-latte-oat-drink-tall,Decaf Pistachio Velvet Latte - oat drink Tall,,232,4.7,8,34.1,200,2.1,,,2.3,26.1,,,,,,,,,,,,,,,,,,,,Winter FY26 UK/IRE beverage nutritionals (from PDF),,,,,,,2026/2/7,
Starbucks,decaf-pistachio-velvet-latte-oat-drink-grande,Decaf Pistachio Velvet Latte - oat drink Grande,,288,5.7,9.8,42.7,252,2.7,,,2.8,33.2,,,,,,,,,,,,,,,,,,,,Winter FY26 UK/IRE beverage nutritionals (from PDF),,,,,,,2026/2/7,
Starbucks,decaf-pistachio-velvet-latte-oat-drink-venti,Decaf Pistachio Velvet Latte - oat drink Venti,,372,7.2,13,54.7,320,3.4,,,3.8,41.7,,,,,,,,,,,,,,,,,,,,Winter FY26 UK/IRE beverage nutritionals (from PDF),,,,,,,2026/2/7,
Starbucks,decaf-pistachio-velvet-latte-coconut-drink-tall,Decaf Pistachio Velvet Latte - coconut drink Tall,,205,5.2,7.1,27.8,132,6.3,,,3.4,26.7,,,,,,,,,,,,,,,,,,,,Winter FY26 UK/IRE beverage nutritionals (from PDF),,,,,,,2026/2/7,
Starbucks,decaf-pistachio-velvet-latte-coconut-drink-grande,Decaf Pistachio Velvet Latte - coconut drink Grande,,255,6.3,8.8,35.2,168,7.7,,,4.1,34,,,,,,,,,,,,,,,,,,,,Winter FY26 UK/IRE beverage nutritionals (from PDF),,,,,,,2026/2/7,
Starbucks,decaf-pistachio-velvet-latte-coconut-drink-venti,Decaf Pistachio Velvet Latte - coconut drink Venti,,327,7.9,11.6,44.4,212,10.2,,,5.6,42.7,,,,,,,,,,,,,,,,,,,,Winter FY26 UK/IRE beverage nutritionals (from PDF),,,,,,,2026/2/7,
Starbucks,blonde-iced-pistachio-latte-semi-skimmed-milk-tall,Blonde Iced Pistachio Latte - semi skimmed milk Tall,,155,7.7,3.9,22,136,2.7,,,0.3,21.3,,,,,,,,,,,,,,,,,,,,Winter FY26 UK/IRE beverage nutritionals (from PDF),,,,,,,2026/2/7,
Starbucks,blonde-iced-pistachio-latte-semi-skimmed-milk-grande,Blonde Iced Pistachio Latte - semi skimmed milk Grande,,222,11.1,5.7,31.3,196,3.9,,,0.3,30.6,,,,,,,,,,,,,,,,,,,,Winter FY26 UK/IRE beverage nutritionals (from PDF),,,,,,,2026/2/7,
Starbucks,blonde-iced-pistachio-latte-semi-skimmed-milk-venti,Blonde Iced Pistachio Latte - semi skimmed milk Venti,,257,12,6.4,37.5,224,4.4,,,0.5,36.4,,,,,,,,,,,,,,,,,,,,Winter FY26 UK/IRE beverage nutritionals (from PDF),,,,,,,2026/2/7,
Starbucks,blonde-iced-pistachio-latte-whole-milk-tall,Blonde Iced Pistachio Latte - whole milk Tall,,177,7.6,6.6,21.9,136,4.4,,,0.3,21.1,,,,,,,,,,,,,,,,,,,,Winter FY26 UK/IRE beverage nutritionals (from PDF),,,,,,,2026/2/7,
Starbucks,blonde-iced-pistachio-latte-whole-milk-grande,Blonde Iced Pistachio Latte - whole milk Grande,,257,10.9,9.9,31.1,196,6.5,,,0.3,30.3,,,,,,,,,,,,,,,,,,,,Winter FY26 UK/IRE beverage nutritionals (from PDF),,,,,,,2026/2/7,
Starbucks,blonde-iced-pistachio-latte-whole-milk-venti,Blonde Iced Pistachio Latte - whole milk Venti,,292,11.8,10.6,37.3,224,7.1,,,0.5,36.1,,,,,,,,,,,,,,,,,,,,Winter FY26 UK/IRE beverage nutritionals (from PDF),,,,,,,2026/2/7,
Starbucks,blonde-iced-pistachio-latte-skimmed-milk-tall,Blonde Iced Pistachio Latte - skimmed milk Tall,,138,7.7,1.9,22.1,136,1.3,,,0.3,21.4,,,,,,,,,,,,,,,,,,,,Winter FY26 UK/IRE beverage nutritionals (from PDF),,,,,,,2026/2/7,
Starbucks,blonde-iced-pistachio-latte-skimmed-milk-grande,Blonde Iced Pistachio Latte - skimmed milk Grande,,196,11.1,2.6,31.6,200,1.8,,,0.3,30.8,,,,,,,,,,,,,,,,,,,,Winter FY26 UK/IRE beverage nutritionals (from PDF),,,,,,,2026/2/7,
Starbucks,blonde-iced-pistachio-latte-skimmed-milk-venti,Blonde Iced Pistachio Latte - skimmed milk Venti,,230,12,3.3,37.7,228,2.3,,,0.5,36.6,,,,,,,,,,,,,,,,,,,,Winter FY26 UK/IRE beverage nutritionals (from PDF),,,,,,,2026/2/7,
Starbucks,blonde-iced-pistachio-latte-almond-drink-tall,Blonde Iced Pistachio Latte - almond drink Tall,,122,3.5,3.1,18.8,116,1.2,,,0.6,18.1,,,,,,,,,,,,,,,,,,,,Winter FY26 UK/IRE beverage nutritionals (from PDF),,,,,,,2026/2/7,
Starbucks,blonde-iced-pistachio-latte-almond-drink-grande,Blonde Iced Pistachio Latte - almond drink Grande,,172,4.5,4.6,26.4,164,1.8,,,0.8,25.7,,,,,,,,,,,,,,,,,,,,Winter FY26 UK/IRE beverage nutritionals (from PDF),,,,,,,2026/2/7,
Starbucks,blonde-iced-pistachio-latte-almond-drink-venti,Blonde Iced Pistachio Latte - almond drink Venti,,206,5.3,5.2,32.5,192,2.2,,,0.9,31.4,,,,,,,,,,,,,,,,,,,,Winter FY26 UK/IRE beverage nutritionals (from PDF),,,,,,,2026/2/7,
Starbucks,blonde-iced-pistachio-latte-soya-drink-tall,Blonde Iced Pistachio Latte - soya drink Tall,,145,7.3,4.1,18.9,124,1.5,,,1.2,18,,,,,,,,,,,,,,,,,,,,Winter FY26 UK/IRE beverage nutritionals (from PDF),,,,,,,2026/2/7,
Starbucks,blonde-iced-pistachio-latte-soya-drink-grande,Blonde Iced Pistachio Latte - soya drink Grande,,207,10.5,6,26.6,180,2.2,,,1.6,25.6,,,,,,,,,,,,,,,,,,,,Winter FY26 UK/IRE beverage nutritionals (from PDF),,,,,,,2026/2/7,
Starbucks,blonde-iced-pistachio-latte-soya-drink-venti,Blonde Iced Pistachio Latte - soya drink Venti,,241,11.4,6.7,32.7,208,2.6,,,1.8,31.3,,,,,,,,,,,,,,,,,,,,Winter FY26 UK/IRE beverage nutritionals (from PDF),,,,,,,2026/2/7,
Starbucks,blonde-iced-pistachio-latte-oat-drink-tall,Blonde Iced Pistachio Latte - oat drink Tall,,168,3.9,5.6,24.6,148,1.5,,,1.7,19.1,,,,,,,,,,,,,,,,,,,,Winter FY26 UK/IRE beverage nutritionals (from PDF),,,,,,,2026/2/7,
Starbucks,blonde-iced-pistachio-latte-oat-drink-grande,Blonde Iced Pistachio Latte - oat drink Grande,,242,5.2,8.3,35.3,212,2.2,,,2.5,27.3,,,,,,,,,,,,,,,,,,,,Winter FY26 UK/IRE beverage nutritionals (from PDF),,,,,,,2026/2/7,
Starbucks,blonde-iced-pistachio-latte-oat-drink-venti,Blonde Iced Pistachio Latte - oat drink Venti,,277,6,9.1,41.5,240,2.6,,,2.6,33,,,,,,,,,,,,,,,,,,,,Winter FY26 UK/IRE beverage nutritionals (from PDF),,,,,,,2026/2/7,
Starbucks,blonde-iced-pistachio-latte-coconut-drink-tall,Blonde Iced Pistachio Latte - coconut drink Tall,,149,4.2,5,20.3,100,4.4,,,2.4,19.5,,,,,,,,,,,,,,,,,,,,Winter FY26 UK/IRE beverage nutritionals (from PDF),,,,,,,2026/2/7,
Starbucks,blonde-iced-pistachio-latte-coconut-drink-grande,Blonde Iced Pistachio Latte - coconut drink Grande,,213,5.6,7.5,28.7,140,6.6,,,3.6,27.9,,,,,,,,,,,,,,,,,,,,Winter FY26 UK/IRE beverage nutritionals (from PDF),,,,,,,2026/2/7,
Starbucks,blonde-iced-pistachio-latte-coconut-drink-venti,Blonde Iced Pistachio Latte - coconut drink Venti,,248,6.5,8.1,34.8,168,7.1,,,3.8,33.7,,,,,,,,,,,,,,,,,,,,Winter FY26 UK/IRE beverage nutritionals (from PDF),,,,,,,2026/2/7,
Starbucks,decaf-iced-pistachio-latte-semi-skimmed-milk-tall,Decaf Iced Pistachio Latte - semi skimmed milk Tall,,177,7.7,4.2,26.8,152,3,,,0.3,25.6,,,,,,,,,,,,,,,,,,,,Winter FY26 UK/IRE beverage nutritionals (from PDF),,,,,,,2026/2/7,
Starbucks,decaf-iced-pistachio-latte-semi-skimmed-milk-grande,Decaf Iced Pistachio Latte - semi skimmed milk Grande,,243,11,6,36,212,4.2,,,0.3,34.8,,,,,,,,,,,,,,,,,,,,Winter FY26 UK/IRE beverage nutritionals (from PDF),,,,,,,2026/2/7,
Starbucks,decaf-iced-pistachio-latte-semi-skimmed-milk-venti,Decaf Iced Pistachio Latte - semi skimmed milk Venti,,275,11.7,6.5,42.1,240,4.6,,,0.4,40.3,,,,,,,,,,,,,,,,,,,,Winter FY26 UK/IRE beverage nutritionals (from PDF),,,,,,,2026/2/7,
Starbucks,decaf-iced-pistachio-latte-whole-milk-tall,Decaf Iced Pistachio Latte - whole milk Tall,,198,7.6,6.7,26.7,152,4.5,,,0.3,25.5,,,,,,,,,,,,,,,,,,,,Winter FY26 UK/IRE beverage nutritionals (from PDF),,,,,,,2026/2/7,
Starbucks,decaf-iced-pistachio-latte-whole-milk-grande,Decaf Iced Pistachio Latte - whole milk Grande,,276,10.8,9.9,35.8,212,6.7,,,0.3,34.6,,,,,,,,,,,,,,,,,,,,Winter FY26 UK/IRE beverage nutritionals (from PDF),,,,,,,2026/2/7,
Starbucks,decaf-iced-pistachio-latte-whole-milk-venti,Decaf Iced Pistachio Latte - whole milk Venti,,308,11.5,10.4,41.9,236,7,,,0.4,40.1,,,,,,,,,,,,,,,,,,,,Winter FY26 UK/IRE beverage nutritionals (from PDF),,,,,,,2026/2/7,
Starbucks,decaf-iced-pistachio-latte-skimmed-milk-tall,Decaf Iced Pistachio Latte - skimmed milk Tall,,161,7.7,2.3,26.9,156,1.7,,,0.3,25.8,,,,,,,,,,,,,,,,,,,,Winter FY26 UK/IRE beverage nutritionals (from PDF),,,,,,,2026/2/7,
Starbucks,decaf-iced-pistachio-latte-skimmed-milk-grande,Decaf Iced Pistachio Latte - skimmed milk Grande,,218,11,3.1,36.2,216,2.2,,,0.3,35,,,,,,,,,,,,,,,,,,,,Winter FY26 UK/IRE beverage nutritionals (from PDF),,,,,,,2026/2/7,
Starbucks,decaf-iced-pistachio-latte-skimmed-milk-venti,Decaf Iced Pistachio Latte - skimmed milk Venti,,251,11.7,3.7,42.3,240,2.6,,,0.4,40.5,,,,,,,,,,,,,,,,,,,,Winter FY26 UK/IRE beverage nutritionals (from PDF),,,,,,,2026/2/7,
Starbucks,decaf-iced-pistachio-latte-almond-drink-tall,Decaf Iced Pistachio Latte - almond drink Tall,,146,3.7,3.5,23.8,136,1.6,,,0.5,22.7,,,,,,,,,,,,,,,,,,,,Winter FY26 UK/IRE beverage nutritionals (from PDF),,,,,,,2026/2/7,
Starbucks,decaf-iced-pistachio-latte-almond-drink-grande,Decaf Iced Pistachio Latte - almond drink Grande,,195,4.8,4.9,31.4,184,2.1,,,0.7,30.2,,,,,,,,,,,,,,,,,,,,Winter FY26 UK/IRE beverage nutritionals (from PDF),,,,,,,2026/2/7,
Starbucks,decaf-iced-pistachio-latte-almond-drink-venti,Decaf Iced Pistachio Latte - almond drink Venti,,228,5.5,5.5,37.5,208,2.6,,,0.8,35.7,,,,,,,,,,,,,,,,,,,,Winter FY26 UK/IRE beverage nutritionals (from PDF),,,,,,,2026/2/7,
Starbucks,decaf-iced-pistachio-latte-soya-drink-tall,Decaf Iced Pistachio Latte - soya drink Tall,,167,7.4,4.4,23.9,144,1.9,,,1.1,22.6,,,,,,,,,,,,,,,,,,,,Winter FY26 UK/IRE beverage nutritionals (from PDF),,,,,,,2026/2/7,
Starbucks,decaf-iced-pistachio-latte-soya-drink-grande,Decaf Iced Pistachio Latte - soya drink Grande,,228,10.4,6.3,31.5,196,2.5,,,1.5,30.2,,,,,,,,,,,,,,,,,,,,Winter FY26 UK/IRE beverage nutritionals (from PDF),,,,,,,2026/2/7,
Starbucks,decaf-iced-pistachio-latte-soya-drink-venti,Decaf Iced Pistachio Latte - soya drink Venti,,261,11.1,6.8,37.7,220,3,,,1.6,35.7,,,,,,,,,,,,,,,,,,,,Winter FY26 UK/IRE beverage nutritionals (from PDF),,,,,,,2026/2/7,
Starbucks,decaf-iced-pistachio-latte-oat-drink-tall,Decaf Iced Pistachio Latte - oat drink Tall,,189,4.1,5.8,29.2,164,1.9,,,1.6,23.6,,,,,,,,,,,,,,,,,,,,Winter FY26 UK/IRE beverage nutritionals (from PDF),,,,,,,2026/2/7,
Starbucks,decaf-iced-pistachio-latte-oat-drink-grande,Decaf Iced Pistachio Latte - oat drink Grande,,261,5.4,8.5,39.7,228,2.5,,,2.3,31.7,,,,,,,,,,,,,,,,,,,,Winter FY26 UK/IRE beverage nutritionals (from PDF),,,,,,,2026/2/7,
Starbucks,decaf-iced-pistachio-latte-oat-drink-venti,Decaf Iced Pistachio Latte - oat drink Venti,,293,6.1,9,45.7,252,3,,,2.4,37.3,,,,,,,,,,,,,,,,,,,,Winter FY26 UK/IRE beverage nutritionals (from PDF),,,,,,,2026/2/7,
Starbucks,decaf-iced-pistachio-latte-coconut-drink-tall,Decaf Iced Pistachio Latte - coconut drink Tall,,171,4.4,5.2,25.2,120,4.6,,,2.3,24,,,,,,,,,,,,,,,,,,,,Winter FY26 UK/IRE beverage nutritionals (from PDF),,,,,,,2026/2/7,
Starbucks,decaf-iced-pistachio-latte-coconut-drink-grande,Decaf Iced Pistachio Latte - coconut drink Grande,,235,5.8,7.6,33.5,160,6.7,,,3.4,32.3,,,,,,,,,,,,,,,,,,,,Winter FY26 UK/IRE beverage nutritionals (from PDF),,,,,,,2026/2/7,
Starbucks,decaf-iced-pistachio-latte-coconut-drink-venti,Decaf Iced Pistachio Latte - coconut drink Venti,,267,6.6,8.1,39.6,188,7.1,,,3.5,37.9,,,,,,,,,,,,,,,,,,,,Winter FY26 UK/IRE beverage nutritionals (from PDF),,,,,,,2026/2/7,
Starbucks,signature-pistachio-iced-oat-shaken-espresso-semi-skimmed-milk-tall,Signature Pistachio Iced Oat Shaken Espresso - semi skimmed milk Tall,,142,5.3,3,23.1,124,2.2,,,0.3,22.2,,,,,,,,,,,,,,,,,,,,Winter FY26 UK/IRE beverage nutritionals (from PDF),,,,,,,2026/2/7,
Starbucks,signature-pistachio-iced-oat-shaken-espresso-semi-skimmed-milk-grande,Signature Pistachio Iced Oat Shaken Espresso - semi skimmed milk Grande,,172,6,3.4,29,148,2.5,,,0.5,27.6,,,,,,,,,,,,,,,,,,,,Winter FY26 UK/IRE beverage nutritionals (from PDF),,,,,,,2026/2/7,
Starbucks,signature-pistachio-iced-oat-shaken-espresso-semi-skimmed-milk-venti,Signature Pistachio Iced Oat Shaken Espresso - semi skimmed milk Venti,,210,7.1,4.2,35.5,176,3.1,,,0.6,33.7,,,,,,,,,,,,,,,,,,,,Winter FY26 UK/IRE beverage nutritionals (from PDF),,,,,,,2026/2/7,
Starbucks,signature-pistachio-iced-oat-shaken-espresso-whole-milk-tall,Signature Pistachio Iced Oat Shaken Espresso - whole milk Tall,,151,5.3,4.1,23.1,120,2.9,,,0.3,22.2,,,,,,,,,,,,,,,,,,,,Winter FY26 UK/IRE beverage nutritionals (from PDF),,,,,,,2026/2/7,
Starbucks,signature-pistachio-iced-oat-shaken-espresso-whole-milk-grande,Signature Pistachio Iced Oat Shaken Espresso - whole milk Grande,,181,5.9,4.4,28.9,148,3.2,,,0.5,27.6,,,,,,,,,,,,,,,,,,,,Winter FY26 UK/IRE beverage nutritionals (from PDF),,,,,,,2026/2/7,
Starbucks,signature-pistachio-iced-oat-shaken-espresso-whole-milk-venti,Signature Pistachio Iced Oat Shaken Espresso - whole milk Venti,,220,7.1,5.4,35.4,176,3.8,,,0.6,33.7,,,,,,,,,,,,,,,,,,,,Winter FY26 UK/IRE beverage nutritionals (from PDF),,,,,,,2026/2/7,
Starbucks,signature-pistachio-iced-oat-shaken-espresso-skimmed-milk-tall,Signature Pistachio Iced Oat Shaken Espresso - skimmed milk Tall,,134,5.3,2.1,23.2,124,1.6,,,0.3,22.3,,,,,,,,,,,,,,,,,,,,Winter FY26 UK/IRE beverage nutritionals (from PDF),,,,,,,2026/2/7,
Starbucks,signature-pistachio-iced-oat-shaken-espresso-skimmed-milk-grande,Signature Pistachio Iced Oat Shaken Espresso - skimmed milk Grande,,166,6,2.7,29,148,2,,,0.5,27.7,,,,,,,,,,,,,,,,,,,,Winter FY26 UK/IRE beverage nutritionals (from PDF),,,,,,,2026/2/7,
Starbucks,signature-pistachio-iced-oat-shaken-espresso-skimmed-milk-venti,Signature Pistachio Iced Oat Shaken Espresso - skimmed milk Venti,,203,7.1,3.3,35.6,180,2.5,,,0.6,33.8,,,,,,,,,,,,,,,,,,,,Winter FY26 UK/IRE beverage nutritionals (from PDF),,,,,,,2026/2/7,
Starbucks,signature-pistachio-iced-oat-shaken-espresso-almond-drink-tall,Signature Pistachio Iced Oat Shaken Espresso - almond drink Tall,,128,3.5,2.6,21.8,112,1.5,,,0.5,20.9,,,,,,,,,,,,,,,,,,,,Winter FY26 UK/IRE beverage nutritionals (from PDF),,,,,,,2026/2/7,
Starbucks,signature-pistachio-iced-oat-shaken-espresso-almond-drink-grande,Signature Pistachio Iced Oat Shaken Espresso - almond drink Grande,,160,4.4,3.2,27.8,140,2,,,0.6,26.4,,,,,,,,,,,,,,,,,,,,Winter FY26 UK/IRE beverage nutritionals (from PDF),,,,,,,2026/2/7,
Starbucks,signature-pistachio-iced-oat-shaken-espresso-almond-drink-venti,Signature Pistachio Iced Oat Shaken Espresso - almond drink Venti,,196,5.2,3.9,34.1,168,2.5,,,0.8,32.3,,,,,,,,,,,,,,,,,,,,Winter FY26 UK/IRE beverage nutritionals (from PDF),,,,,,,2026/2/7,
Starbucks,signature-pistachio-iced-oat-shaken-espresso-soya-drink-tall,Signature Pistachio Iced Oat Shaken Espresso - soya drink Tall,,137,5.2,3,21.8,116,1.7,,,0.7,20.8,,,,,,,,,,,,,,,,,,,,Winter FY26 UK/IRE beverage nutritionals (from PDF),,,,,,,2026/2/7,
Starbucks,signature-pistachio-iced-oat-shaken-espresso-soya-drink-grande,Signature Pistachio Iced Oat Shaken Espresso - soya drink Grande,,169,5.8,3.5,27.8,144,2.1,,,0.8,26.4,,,,,,,,,,,,,,,,,,,,Winter FY26 UK/IRE beverage nutritionals (from PDF),,,,,,,2026/2/7,
Starbucks,signature-pistachio-iced-oat-shaken-espresso-soya-drink-venti,Signature Pistachio Iced Oat Shaken Espresso - soya drink Venti,,206,7,4.3,34.1,172,2.6,,,1,32.3,,,,,,,,,,,,,,,,,,,,Winter FY26 UK/IRE beverage nutritionals (from PDF),,,,,,,2026/2/7,
Starbucks,signature-pistachio-iced-oat-shaken-espresso-oat-drink-tall,Signature Pistachio Iced Oat Shaken Espresso - oat drink Tall,,147,3.7,3.7,24.2,128,1.7,,,0.9,21.3,,,,,,,,,,,,,,,,,,,,Winter FY26 UK/IRE beverage nutritionals (from PDF),,,,,,,2026/2/7,
Starbucks,signature-pistachio-iced-oat-shaken-espresso-oat-drink-grande,Signature Pistachio Iced Oat Shaken Espresso - oat drink Grande,,177,4.5,4.1,29.9,152,2.1,,,1,26.8,,,,,,,,,,,,,,,,,,,,Winter FY26 UK/IRE beverage nutritionals (from PDF),,,,,,,2026/2/7,
Starbucks,signature-pistachio-iced-oat-shaken-espresso-oat-drink-venti,Signature Pistachio Iced Oat Shaken Espresso - oat drink Venti,,216,5.4,5,36.6,184,2.6,,,1.3,32.8,,,,,,,,,,,,,,,,,,,,Winter FY26 UK/IRE beverage nutritionals (from PDF),,,,,,,2026/2/7,
Starbucks,signature-pistachio-iced-oat-shaken-espresso-coconut-drink-tall,Signature Pistachio Iced Oat Shaken Espresso - coconut drink Tall,,139,3.8,3.4,22.4,108,2.9,,,1.2,21.5,,,,,,,,,,,,,,,,,,,,Winter FY26 UK/IRE beverage nutritionals (from PDF),,,,,,,2026/2/7,
Starbucks,signature-pistachio-iced-oat-shaken-espresso-coconut-drink-grande,Signature Pistachio Iced Oat Shaken Espresso - coconut drink Grande,,170,4.6,3.9,28.3,132,3.2,,,1.3,27,,,,,,,,,,,,,,,,,,,,Winter FY26 UK/IRE beverage nutritionals (from PDF),,,,,,,2026/2/7,
Starbucks,signature-pistachio-iced-oat-shaken-espresso-coconut-drink-venti,Signature Pistachio Iced Oat Shaken Espresso - coconut drink Venti,,208,5.6,4.7,34.7,160,3.9,,,1.6,33,,,,,,,,,,,,,,,,,,,,Winter FY26 UK/IRE beverage nutritionals (from PDF),,,,,,,2026/2/7,
Starbucks,decaf-pistachio-iced-oat-shaken-espresso-semi-skimmed-milk-tall,Decaf Pistachio Iced Oat Shaken Espresso - semi skimmed milk Tall,,142,5.2,3,23.4,124,2.2,,,0.3,22.2,,,,,,,,,,,,,,,,,,,,Winter FY26 UK/IRE beverage nutritionals (from PDF),,,,,,,2026/2/7,
Starbucks,decaf-pistachio-iced-oat-shaken-espresso-semi-skimmed-milk-grande,Decaf Pistachio Iced Oat Shaken Espresso - semi skimmed milk Grande,,173,5.8,3.4,29.4,148,2.5,,,0.4,27.7,,,,,,,,,,,,,,,,,,,,Winter FY26 UK/IRE beverage nutritionals (from PDF),,,,,,,2026/2/7,
Starbucks,decaf-pistachio-iced-oat-shaken-espresso-semi-skimmed-milk-venti,Decaf Pistachio Iced Oat Shaken Espresso - semi skimmed milk Venti,,211,6.9,4.2,36,176,3.1,,,0.5,33.8,,,,,,,,,,,,,,,,,,,,Winter FY26 UK/IRE beverage nutritionals (from PDF),,,,,,,2026/2/7,
Starbucks,decaf-pistachio-iced-oat-shaken-espresso-whole-milk-tall,Decaf Pistachio Iced Oat Shaken Espresso - whole milk Tall,,152,5.2,4.1,23.3,120,2.9,,,0.3,22.2,,,,,,,,,,,,,,,,,,,,Winter FY26 UK/IRE beverage nutritionals (from PDF),,,,,,,2026/2/7,
Starbucks,decaf-pistachio-iced-oat-shaken-espresso-whole-milk-grande,Decaf Pistachio Iced Oat Shaken Espresso - whole milk Grande,,181,5.7,4.4,29.3,148,3.2,,,0.4,27.6,,,,,,,,,,,,,,,,,,,,Winter FY26 UK/IRE beverage nutritionals (from PDF),,,,,,,2026/2/7,
Starbucks,decaf-pistachio-iced-oat-shaken-espresso-whole-milk-venti,Decaf Pistachio Iced Oat Shaken Espresso - whole milk Venti,,221,6.8,5.4,36,176,3.8,,,0.5,33.7,,,,,,,,,,,,,,,,,,,,Winter FY26 UK/IRE beverage nutritionals (from PDF),,,,,,,2026/2/7,
Starbucks,decaf-pistachio-iced-oat-shaken-espresso-skimmed-milk-tall,Decaf Pistachio Iced Oat Shaken Espresso - skimmed milk Tall,,135,5.2,2.1,23.5,124,1.6,,,0.3,22.3,,,,,,,,,,,,,,,,,,,,Winter FY26 UK/IRE beverage nutritionals (from PDF),,,,,,,2026/2/7,
Starbucks,decaf-pistachio-iced-oat-shaken-espresso-skimmed-milk-grande,Decaf Pistachio Iced Oat Shaken Espresso - skimmed milk Grande,,167,5.8,2.7,29.4,148,2,,,0.4,27.7,,,,,,,,,,,,,,,,,,,,Winter FY26 UK/IRE beverage nutritionals (from PDF),,,,,,,2026/2/7,
Starbucks,decaf-pistachio-iced-oat-shaken-espresso-skimmed-milk-venti,Decaf Pistachio Iced Oat Shaken Espresso - skimmed milk Venti,,204,6.9,3.3,36.1,180,2.5,,,0.5,33.8,,,,,,,,,,,,,,,,,,,,Winter FY26 UK/IRE beverage nutritionals (from PDF),,,,,,,2026/2/7,
Starbucks,decaf-pistachio-iced-oat-shaken-espresso-almond-drink-tall,Decaf Pistachio Iced Oat Shaken Espresso - almond drink Tall,,128,3.4,2.6,22,112,1.5,,,0.4,20.9,,,,,,,,,,,,,,,,,,,,Winter FY26 UK/IRE beverage nutritionals (from PDF),,,,,,,2026/2/7,
Starbucks,decaf-pistachio-iced-oat-shaken-espresso-almond-drink-grande,Decaf Pistachio Iced Oat Shaken Espresso - almond drink Grande,,161,4.2,3.2,28.2,140,2,,,0.5,26.5,,,,,,,,,,,,,,,,,,,,Winter FY26 UK/IRE beverage nutritionals (from PDF),,,,,,,2026/2/7,
Starbucks,decaf-pistachio-iced-oat-shaken-espresso-almond-drink-venti,Decaf Pistachio Iced Oat Shaken Espresso - almond drink Venti,,197,5,3.9,34.6,168,2.5,,,0.7,32.3,,,,,,,,,,,,,,,,,,,,Winter FY26 UK/IRE beverage nutritionals (from PDF),,,,,,,2026/2/7,
Starbucks,decaf-pistachio-iced-oat-shaken-espresso-soya-drink-tall,Decaf Pistachio Iced Oat Shaken Espresso - soya drink Tall,,138,5,3,22.1,116,1.7,,,0.6,20.9,,,,,,,,,,,,,,,,,,,,Winter FY26 UK/IRE beverage nutritionals (from PDF),,,,,,,2026/2/7,
Starbucks,decaf-pistachio-iced-oat-shaken-espresso-soya-drink-grande,Decaf Pistachio Iced Oat Shaken Espresso - soya drink Grande,,169,5.6,3.5,28.2,144,2.1,,,0.7,26.5,,,,,,,,,,,,,,,,,,,,Winter FY26 UK/IRE beverage nutritionals (from PDF),,,,,,,2026/2/7,
Starbucks,decaf-pistachio-iced-oat-shaken-espresso-soya-drink-venti,Decaf Pistachio Iced Oat Shaken Espresso - soya drink Venti,,207,6.7,4.3,34.7,172,2.6,,,0.9,32.3,,,,,,,,,,,,,,,,,,,,Winter FY26 UK/IRE beverage nutritionals (from PDF),,,,,,,2026/2/7,
Starbucks,decaf-pistachio-iced-oat-shaken-espresso-oat-drink-tall,Decaf Pistachio Iced Oat Shaken Espresso - oat drink Tall,,148,3.6,3.7,24.5,128,1.7,,,0.9,21.3,,,,,,,,,,,,,,,,,,,,Winter FY26 UK/IRE beverage nutritionals (from PDF),,,,,,,2026/2/7,
Starbucks,decaf-pistachio-iced-oat-shaken-espresso-oat-drink-grande,Decaf Pistachio Iced Oat Shaken Espresso - oat drink Grande,,178,4.3,4.1,30.3,152,2.1,,,0.9,26.9,,,,,,,,,,,,,,,,,,,,Winter FY26 UK/IRE beverage nutritionals (from PDF),,,,,,,2026/2/7,
Starbucks,decaf-pistachio-iced-oat-shaken-espresso-oat-drink-venti,Decaf Pistachio Iced Oat Shaken Espresso - oat drink Venti,,217,5.2,5,37.2,184,2.6,,,1.2,32.8,,,,,,,,,,,,,,,,,,,,Winter FY26 UK/IRE beverage nutritionals (from PDF),,,,,,,2026/2/7,
Starbucks,decaf-pistachio-iced-oat-shaken-espresso-coconut-drink-tall,Decaf Pistachio Iced Oat Shaken Espresso - coconut drink Tall,,140,3.7,3.4,22.7,108,2.9,,,1.2,21.5,,,,,,,,,,,,,,,,,,,,Winter FY26 UK/IRE beverage nutritionals (from PDF),,,,,,,2026/2/7,
Starbucks,decaf-pistachio-iced-oat-shaken-espresso-coconut-drink-grande,Decaf Pistachio Iced Oat Shaken Espresso - coconut drink Grande,,171,4.4,3.9,28.7,132,3.2,,,1.2,27,,,,,,,,,,,,,,,,,,,,Winter FY26 UK/IRE beverage nutritionals (from PDF),,,,,,,2026/2/7,
Starbucks,decaf-pistachio-iced-oat-shaken-espresso-coconut-drink-venti,Decaf Pistachio Iced Oat Shaken Espresso - coconut drink Venti,,209,5.3,4.7,35.3,160,3.9,,,1.5,33,,,,,,,,,,,,,,,,,,,,Winter FY26 UK/IRE beverage nutritionals (from PDF),,,,,,,2026/2/7,
Starbucks,blonde-pistachio-macchiato-semi-skimmed-milk-tall,Blonde Pistachio Macchiato - semi skimmed milk Tall,,175,8.9,5,23.2,148,3.4,,,0.3,22.5,,,,,,,,,,,,,,,,,,,,Winter FY26 UK/IRE beverage nutritionals (from PDF),,,,,,,2026/2/7,
Starbucks,blonde-pistachio-macchiato-semi-skimmed-milk-grande,Blonde Pistachio Macchiato - semi skimmed milk Grande,,222,10.8,6.3,30.4,192,4.3,,,0.3,29.6,,,,,,,,,,,,,,,,,,,,Winter FY26 UK/IRE beverage nutritionals (from PDF),,,,,,,2026/2/7,
Starbucks,blonde-pistachio-macchiato-semi-skimmed-milk-venti,Blonde Pistachio Macchiato - semi skimmed milk Venti,,287,14,8.1,39.2,244,5.6,,,0.5,38.1,,,,,,,,,,,,,,,,,,,,Winter FY26 UK/IRE beverage nutritionals (from PDF),,,,,,,2026/2/7,
Starbucks,blonde-pistachio-macchiato-whole-milk-tall,Blonde Pistachio Macchiato - whole milk Tall,,210,8.7,9.2,23,148,6.1,,,0.3,22.3,,,,,,,,,,,,,,,,,,,,Winter FY26 UK/IRE beverage nutritionals (from PDF),,,,,,,2026/2/7,
Starbucks,blonde-pistachio-macchiato-whole-milk-grande,Blonde Pistachio Macchiato - whole milk Grande,,264,10.5,11.3,30.1,188,7.5,,,0.3,29.3,,,,,,,,,,,,,,,,,,,,Winter FY26 UK/IRE beverage nutritionals (from PDF),,,,,,,2026/2/7,
Starbucks,blonde-pistachio-macchiato-whole-milk-venti,Blonde Pistachio Macchiato - whole milk Venti,,341,13.7,14.6,38.9,240,9.6,,,0.5,37.7,,,,,,,,,,,,,,,,,,,,Winter FY26 UK/IRE beverage nutritionals (from PDF),,,,,,,2026/2/7,
Starbucks,blonde-pistachio-macchiato-skimmed-milk-tall,Blonde Pistachio Macchiato - skimmed milk Tall,,148,8.9,2,23.4,152,1.3,,,0.3,22.7,,,,,,,,,,,,,,,,,,,,Winter FY26 UK/IRE beverage nutritionals (from PDF),,,,,,,2026/2/7,
Starbucks,blonde-pistachio-macchiato-skimmed-milk-grande,Blonde Pistachio Macchiato - skimmed milk Grande,,190,10.8,2.6,30.7,192,1.8,,,0.3,29.9,,,,,,,,,,,,,,,,,,,,Winter FY26 UK/IRE beverage nutritionals (from PDF),,,,,,,2026/2/7,
Starbucks,blonde-pistachio-macchiato-skimmed-milk-venti,Blonde Pistachio Macchiato - skimmed milk Venti,,246,14,3.3,39.5,248,2.3,,,0.5,38.4,,,,,,,,,,,,,,,,,,,,Winter FY26 UK/IRE beverage nutritionals (from PDF),,,,,,,2026/2/7,
Starbucks,blonde-pistachio-macchiato-almond-drink-tall,Blonde Pistachio Macchiato - almond drink Tall,,124,2.3,3.9,18.3,116,1.2,,,0.7,17.5,,,,,,,,,,,,,,,,,,,,Winter FY26 UK/IRE beverage nutritionals (from PDF),,,,,,,2026/2/7,
Starbucks,blonde-pistachio-macchiato-almond-drink-grande,Blonde Pistachio Macchiato - almond drink Grande,,161,2.9,4.9,24.5,152,1.7,,,0.8,23.7,,,,,,,,,,,,,,,,,,,,Winter FY26 UK/IRE beverage nutritionals (from PDF),,,,,,,2026/2/7,
Starbucks,blonde-pistachio-macchiato-almond-drink-venti,Blonde Pistachio Macchiato - almond drink Venti,,209,3.8,6.3,31.6,196,2.2,,,1.2,30.4,,,,,,,,,,,,,,,,,,,,Winter FY26 UK/IRE beverage nutritionals (from PDF),,,,,,,2026/2/7,
Starbucks,blonde-pistachio-macchiato-soya-drink-tall,Blonde Pistachio Macchiato - soya drink Tall,,159,8.3,5.4,18.5,132,1.7,,,1.6,17.5,,,,,,,,,,,,,,,,,,,,Winter FY26 UK/IRE beverage nutritionals (from PDF),,,,,,,2026/2/7,
Starbucks,blonde-pistachio-macchiato-soya-drink-grande,Blonde Pistachio Macchiato - soya drink Grande,,203,10.1,6.7,24.7,168,2.2,,,1.9,23.7,,,,,,,,,,,,,,,,,,,,Winter FY26 UK/IRE beverage nutritionals (from PDF),,,,,,,2026/2/7,
Starbucks,blonde-pistachio-macchiato-soya-drink-venti,Blonde Pistachio Macchiato - soya drink Venti,,263,13,8.6,31.9,216,2.8,,,2.5,30.4,,,,,,,,,,,,,,,,,,,,Winter FY26 UK/IRE beverage nutritionals (from PDF),,,,,,,2026/2/7,
Starbucks,blonde-pistachio-macchiato-oat-drink-tall,Blonde Pistachio Macchiato - oat drink Tall,,195,2.9,7.7,27.2,164,1.7,,,2.5,19.2,,,,,,,,,,,,,,,,,,,,Winter FY26 UK/IRE beverage nutritionals (from PDF),,,,,,,2026/2/7,
Starbucks,blonde-pistachio-macchiato-oat-drink-grande,Blonde Pistachio Macchiato - oat drink Grande,,246,3.6,9.4,35.1,208,2.2,,,2.9,25.7,,,,,,,,,,,,,,,,,,,,Winter FY26 UK/IRE beverage nutritionals (from PDF),,,,,,,2026/2/7,
Starbucks,blonde-pistachio-macchiato-oat-drink-venti,Blonde Pistachio Macchiato - oat drink Venti,,317,4.7,12.2,45.3,268,2.8,,,3.8,33,,,,,,,,,,,,,,,,,,,,Winter FY26 UK/IRE beverage nutritionals (from PDF),,,,,,,2026/2/7,
Starbucks,blonde-pistachio-macchiato-coconut-drink-tall,Blonde Pistachio Macchiato - coconut drink Tall,,166,3.4,6.8,20.6,92,6.1,,,3.6,19.8,,,,,,,,,,,,,,,,,,,,Winter FY26 UK/IRE beverage nutritionals (from PDF),,,,,,,2026/2/7,
Starbucks,blonde-pistachio-macchiato-coconut-drink-grande,Blonde Pistachio Macchiato - coconut drink Grande,,211,4.2,8.4,27.2,124,7.5,,,4.3,26.5,,,,,,,,,,,,,,,,,,,,Winter FY26 UK/IRE beverage nutritionals (from PDF),,,,,,,2026/2/7,
Starbucks,blonde-pistachio-macchiato-coconut-drink-venti,Blonde Pistachio Macchiato - coconut drink Venti,,273,5.5,10.8,35.1,160,9.7,,,5.6,34,,,,,,,,,,,,,,,,,,,,Winter FY26 UK/IRE beverage nutritionals (from PDF),,,,,,,2026/2/7,
Starbucks,decaf-pistachio-macchiato-semi-skimmed-milk-tall,Decaf Pistachio Macchiato - semi skimmed milk Tall,,176,8.9,5,23.6,148,3.4,,,0.3,22.5,,,,,,,,,,,,,,,,,,,,Winter FY26 UK/IRE beverage nutritionals (from PDF),,,,,,,2026/2/7,
Starbucks,decaf-pistachio-macchiato-semi-skimmed-milk-grande,Decaf Pistachio Macchiato - semi skimmed milk Grande,,223,10.7,6.3,30.8,192,4.3,,,0.3,29.6,,,,,,,,,,,,,,,,,,,,Winter FY26 UK/IRE beverage nutritionals (from PDF),,,,,,,2026/2/7,
Starbucks,decaf-pistachio-macchiato-semi-skimmed-milk-venti,Decaf Pistachio Macchiato - semi skimmed milk Venti,,289,13.9,8.1,39.8,244,5.6,,,0.4,38.1,,,,,,,,,,,,,,,,,,,,Winter FY26 UK/IRE beverage nutritionals (from PDF),,,,,,,2026/2/7,
Starbucks,decaf-pistachio-macchiato-whole-milk-tall,Decaf Pistachio Macchiato - whole milk Tall,,211,8.7,9.2,23.4,148,6.1,,,0.3,22.3,,,,,,,,,,,,,,,,,,,,Winter FY26 UK/IRE beverage nutritionals (from PDF),,,,,,,2026/2/7,
Starbucks,decaf-pistachio-macchiato-whole-milk-grande,Decaf Pistachio Macchiato - whole milk Grande,,265,10.5,11.3,30.5,188,7.5,,,0.3,29.4,,,,,,,,,,,,,,,,,,,,Winter FY26 UK/IRE beverage nutritionals (from PDF),,,,,,,2026/2/7,
Starbucks,decaf-pistachio-macchiato-whole-milk-venti,Decaf Pistachio Macchiato - whole milk Venti,,343,13.6,14.6,39.5,240,9.6,,,0.4,37.7,,,,,,,,,,,,,,,,,,,,Winter FY26 UK/IRE beverage nutritionals (from PDF),,,,,,,2026/2/7,
Starbucks,decaf-pistachio-macchiato-skimmed-milk-short,Decaf Pistachio Macchiato - skimmed milk Short,,80,4.6,1.1,13,80,0.7,,,0.1,12.4,,,,,,,,,,,,,,,,,,,,Winter FY26 UK/IRE beverage nutritionals (from PDF),,,,,,,2026/2/7,
Starbucks,decaf-pistachio-macchiato-skimmed-milk-tall,Decaf Pistachio Macchiato - skimmed milk Tall,,150,8.9,2,23.8,152,1.3,,,0.3,22.7,,,,,,,,,,,,,,,,,,,,Winter FY26 UK/IRE beverage nutritionals (from PDF),,,,,,,2026/2/7,
Starbucks,decaf-pistachio-macchiato-skimmed-milk-grande,Decaf Pistachio Macchiato - skimmed milk Grande,,192,10.7,2.6,31.1,192,1.8,,,0.3,29.9,,,,,,,,,,,,,,,,,,,,Winter FY26 UK/IRE beverage nutritionals (from PDF),,,,,,,2026/2/7,
Starbucks,decaf-pistachio-macchiato-skimmed-milk-venti,Decaf Pistachio Macchiato - skimmed milk Venti,,248,13.9,3.3,40.1,248,2.3,,,0.4,38.4,,,,,,,,,,,,,,,,,,,,Winter FY26 UK/IRE beverage nutritionals (from PDF),,,,,,,2026/2/7,
Starbucks,decaf-pistachio-macchiato-almond-drink-short,Decaf Pistachio Macchiato - almond drink Short,,68,1.2,2.1,10.4,64,0.7,,,0.4,9.8,,,,,,,,,,,,,,,,,,,,Winter FY26 UK/IRE beverage nutritionals (from PDF),,,,,,,2026/2/7,
Starbucks,decaf-pistachio-macchiato-almond-drink-tall,Decaf Pistachio Macchiato - almond drink Tall,,125,2.2,3.9,18.7,116,1.2,,,0.7,17.5,,,,,,,,,,,,,,,,,,,,Winter FY26 UK/IRE beverage nutritionals (from PDF),,,,,,,2026/2/7,
Starbucks,decaf-pistachio-macchiato-almond-drink-grande,Decaf Pistachio Macchiato - almond drink Grande,,163,2.8,4.9,24.9,152,1.7,,,0.8,23.7,,,,,,,,,,,,,,,,,,,,Winter FY26 UK/IRE beverage nutritionals (from PDF),,,,,,,2026/2/7,
Starbucks,decaf-pistachio-macchiato-almond-drink-venti,Decaf Pistachio Macchiato - almond drink Venti,,211,3.7,6.3,32.2,196,2.2,,,1.1,30.5,,,,,,,,,,,,,,,,,,,,Winter FY26 UK/IRE beverage nutritionals (from PDF),,,,,,,2026/2/7,
Starbucks,decaf-pistachio-macchiato-soya-drink-short,Decaf Pistachio Macchiato - soya drink Short,,86,4.2,2.8,10.5,72,0.9,,,0.8,9.8,,,,,,,,,,,,,,,,,,,,Winter FY26 UK/IRE beverage nutritionals (from PDF),,,,,,,2026/2/7,
Starbucks,decaf-pistachio-macchiato-soya-drink-tall,Decaf Pistachio Macchiato - soya drink Tall,,161,8.3,5.4,18.9,132,1.7,,,1.6,17.5,,,,,,,,,,,,,,,,,,,,Winter FY26 UK/IRE beverage nutritionals (from PDF),,,,,,,2026/2/7,
Starbucks,decaf-pistachio-macchiato-soya-drink-grande,Decaf Pistachio Macchiato - soya drink Grande,,205,10,6.7,25.1,168,2.2,,,1.8,23.7,,,,,,,,,,,,,,,,,,,,Winter FY26 UK/IRE beverage nutritionals (from PDF),,,,,,,2026/2/7,
Starbucks,decaf-pistachio-macchiato-soya-drink-venti,Decaf Pistachio Macchiato - soya drink Venti,,265,13,8.6,32.5,216,2.8,,,2.4,30.4,,,,,,,,,,,,,,,,,,,,Winter FY26 UK/IRE beverage nutritionals (from PDF),,,,,,,2026/2/7,
Starbucks,decaf-pistachio-macchiato-oat-drink-short,Decaf Pistachio Macchiato - oat drink Short,,104,1.5,4,14.9,88,0.9,,,1.2,10.6,,,,,,,,,,,,,,,,,,,,Winter FY26 UK/IRE beverage nutritionals (from PDF),,,,,,,2026/2/7,
Starbucks,decaf-pistachio-macchiato-oat-drink-tall,Decaf Pistachio Macchiato - oat drink Tall,,196,2.9,7.7,27.6,164,1.7,,,2.4,19.2,,,,,,,,,,,,,,,,,,,,Winter FY26 UK/IRE beverage nutritionals (from PDF),,,,,,,2026/2/7,
Starbucks,decaf-pistachio-macchiato-oat-drink-grande,Decaf Pistachio Macchiato - oat drink Grande,,247,3.6,9.4,35.5,208,2.2,,,2.8,25.7,,,,,,,,,,,,,,,,,,,,Winter FY26 UK/IRE beverage nutritionals (from PDF),,,,,,,2026/2/7,
Starbucks,decaf-pistachio-macchiato-oat-drink-venti,Decaf Pistachio Macchiato - oat drink Venti,,319,4.7,12.2,45.9,268,2.8,,,3.7,33,,,,,,,,,,,,,,,,,,,,Winter FY26 UK/IRE beverage nutritionals (from PDF),,,,,,,2026/2/7,
Starbucks,decaf-pistachio-macchiato-coconut-drink-short,Decaf Pistachio Macchiato - coconut drink Short,,89,1.8,3.5,11.5,52,3.2,,,1.8,11,,,,,,,,,,,,,,,,,,,,Winter FY26 UK/IRE beverage nutritionals (from PDF),,,,,,,2026/2/7,
Starbucks,decaf-pistachio-macchiato-coconut-drink-tall,Decaf Pistachio Macchiato - coconut drink Tall,,167,3.4,6.8,21,92,6.1,,,3.6,19.8,,,,,,,,,,,,,,,,,,,,Winter FY26 UK/IRE beverage nutritionals (from PDF),,,,,,,2026/2/7,
Starbucks,decaf-pistachio-macchiato-coconut-drink-grande,Decaf Pistachio Macchiato - coconut drink Grande,,213,4.2,8.4,27.6,124,7.5,,,4.2,26.5,,,,,,,,,,,,,,,,,,,,Winter FY26 UK/IRE beverage nutritionals (from PDF),,,,,,,2026/2/7,
Starbucks,decaf-pistachio-macchiato-coconut-drink-venti,Decaf Pistachio Macchiato - coconut drink Venti,,275,5.4,10.8,35.7,160,9.7,,,5.5,34,,,,,,,,,,,,,,,,,,,,Winter FY26 UK/IRE beverage nutritionals (from PDF),,,,,,,2026/2/7,
Starbucks,blonde-iced-pistachio-macchiato-semi-skimmed-milk-tall,Blonde Iced Pistachio Macchiato - semi skimmed milk Tall,,137,6.2,3.7,19.5,116,2.6,,,0.3,18.8,,,,,,,,,,,,,,,,,,,,Winter FY26 UK/IRE beverage nutritionals (from PDF),,,,,,,2026/2/7,
Starbucks,blonde-iced-pistachio-macchiato-semi-skimmed-milk-grande,Blonde Iced Pistachio Macchiato - semi skimmed milk Grande,,200,9.2,5.5,28.3,172,3.8,,,0.3,27.5,,,,,,,,,,,,,,,,,,,,Winter FY26 UK/IRE beverage nutritionals (from PDF),,,,,,,2026/2/7,
Starbucks,blonde-iced-pistachio-macchiato-semi-skimmed-milk-venti,Blonde Iced Pistachio Macchiato - semi skimmed milk Venti,,230,9.9,6.1,33.7,196,4.3,,,0.5,32.5,,,,,,,,,,,,,,,,,,,,Winter FY26 UK/IRE beverage nutritionals (from PDF),,,,,,,2026/2/7,
Starbucks,blonde-iced-pistachio-macchiato-whole-milk-tall,Blonde Iced Pistachio Macchiato - whole milk Tall,,160,6,6.4,19.4,112,4.3,,,0.3,18.6,,,,,,,,,,,,,,,,,,,,Winter FY26 UK/IRE beverage nutritionals (from PDF),,,,,,,2026/2/7,
Starbucks,blonde-iced-pistachio-macchiato-whole-milk-grande,Blonde Iced Pistachio Macchiato - whole milk Grande,,235,9,9.6,28.1,168,6.4,,,0.3,27.3,,,,,,,,,,,,,,,,,,,,Winter FY26 UK/IRE beverage nutritionals (from PDF),,,,,,,2026/2/7,
Starbucks,blonde-iced-pistachio-macchiato-whole-milk-venti,Blonde Iced Pistachio Macchiato - whole milk Venti,,266,9.7,10.3,33.4,192,6.9,,,0.5,32.3,,,,,,,,,,,,,,,,,,,,Winter FY26 UK/IRE beverage nutritionals (from PDF),,,,,,,2026/2/7,
Starbucks,blonde-iced-pistachio-macchiato-skimmed-milk-tall,Blonde Iced Pistachio Macchiato - skimmed milk Tall,,120,6.2,1.7,19.7,116,1.2,,,0.3,18.9,,,,,,,,,,,,,,,,,,,,Winter FY26 UK/IRE beverage nutritionals (from PDF),,,,,,,2026/2/7,
Starbucks,blonde-iced-pistachio-macchiato-skimmed-milk-grande,Blonde Iced Pistachio Macchiato - skimmed milk Grande,,174,9.2,2.4,28.5,172,1.7,,,0.3,27.7,,,,,,,,,,,,,,,,,,,,Winter FY26 UK/IRE beverage nutritionals (from PDF),,,,,,,2026/2/7,
Starbucks,blonde-iced-pistachio-macchiato-skimmed-milk-venti,Blonde Iced Pistachio Macchiato - skimmed milk Venti,,204,9.9,3,33.9,196,2.1,,,0.5,32.7,,,,,,,,,,,,,,,,,,,,Winter FY26 UK/IRE beverage nutritionals (from PDF),,,,,,,2026/2/7,
Starbucks,blonde-iced-pistachio-macchiato-almond-drink-tall,Blonde Iced Pistachio Macchiato - almond drink Tall,,104,1.9,3,16.3,96,1.2,,,0.6,15.6,,,,,,,,,,,,,,,,,,,,Winter FY26 UK/IRE beverage nutritionals (from PDF),,,,,,,2026/2/7,
Starbucks,blonde-iced-pistachio-macchiato-almond-drink-grande,Blonde Iced Pistachio Macchiato - almond drink Grande,,150,2.7,4.4,23.4,140,1.6,,,0.8,22.6,,,,,,,,,,,,,,,,,,,,Winter FY26 UK/IRE beverage nutritionals (from PDF),,,,,,,2026/2/7,
Starbucks,blonde-iced-pistachio-macchiato-almond-drink-venti,Blonde Iced Pistachio Macchiato - almond drink Venti,,179,3.2,4.9,28.7,164,2.1,,,0.9,27.5,,,,,,,,,,,,,,,,,,,,Winter FY26 UK/IRE beverage nutritionals (from PDF),,,,,,,2026/2/7,
Starbucks,blonde-iced-pistachio-macchiato-soya-drink-tall,Blonde Iced Pistachio Macchiato - soya drink Tall,,127,5.8,3.9,16.5,104,1.4,,,1.2,15.6,,,,,,,,,,,,,,,,,,,,Winter FY26 UK/IRE beverage nutritionals (from PDF),,,,,,,2026/2/7,
Starbucks,blonde-iced-pistachio-macchiato-soya-drink-grande,Blonde Iced Pistachio Macchiato - soya drink Grande,,185,8.6,5.8,23.6,152,2.1,,,1.6,22.6,,,,,,,,,,,,,,,,,,,,Winter FY26 UK/IRE beverage nutritionals (from PDF),,,,,,,2026/2/7,
Starbucks,blonde-iced-pistachio-macchiato-soya-drink-venti,Blonde Iced Pistachio Macchiato - soya drink Venti,,215,9.3,6.4,28.9,176,2.5,,,1.8,27.5,,,,,,,,,,,,,,,,,,,,Winter FY26 UK/IRE beverage nutritionals (from PDF),,,,,,,2026/2/7,
Starbucks,blonde-iced-pistachio-macchiato-oat-drink-tall,Blonde Iced Pistachio Macchiato - oat drink Tall,,150,2.3,5.4,22.1,124,1.4,,,1.7,16.7,,,,,,,,,,,,,,,,,,,,Winter FY26 UK/IRE beverage nutritionals (from PDF),,,,,,,2026/2/7,
Starbucks,blonde-iced-pistachio-macchiato-oat-drink-grande,Blonde Iced Pistachio Macchiato - oat drink Grande,,220,3.3,8.1,32.2,188,2.1,,,2.4,24.2,,,,,,,,,,,,,,,,,,,,Winter FY26 UK/IRE beverage nutritionals (from PDF),,,,,,,2026/2/7,
Starbucks,blonde-iced-pistachio-macchiato-oat-drink-venti,Blonde Iced Pistachio Macchiato - oat drink Venti,,250,3.8,8.8,37.7,208,2.5,,,2.6,29.2,,,,,,,,,,,,,,,,,,,,Winter FY26 UK/IRE beverage nutritionals (from PDF),,,,,,,2026/2/7,
Starbucks,blonde-iced-pistachio-macchiato-coconut-drink-tall,Blonde Iced Pistachio Macchiato - coconut drink Tall,,131,2.6,4.8,17.8,80,4.3,,,2.4,17.1,,,,,,,,,,,,,,,,,,,,Winter FY26 UK/IRE beverage nutritionals (from PDF),,,,,,,2026/2/7,
Starbucks,blonde-iced-pistachio-macchiato-coconut-drink-grande,Blonde Iced Pistachio Macchiato - coconut drink Grande,,192,3.8,7.2,25.7,116,6.5,,,3.6,24.9,,,,,,,,,,,,,,,,,,,,Winter FY26 UK/IRE beverage nutritionals (from PDF),,,,,,,2026/2/7,
Starbucks,blonde-iced-pistachio-macchiato-coconut-drink-venti,Blonde Iced Pistachio Macchiato - coconut drink Venti,,221,4.3,7.9,31,140,7,,,3.8,29.9,,,,,,,,,,,,,,,,,,,,Winter FY26 UK/IRE beverage nutritionals (from PDF),,,,,,,2026/2/7,
Starbucks,decaf-iced-pistachio-macchiato-semi-skimmed-milk-tall,Decaf Iced Pistachio Macchiato - semi skimmed milk Tall,,138,6.1,3.7,19.9,116,2.6,,,0.3,18.8,,,,,,,,,,,,,,,,,,,,Winter FY26 UK/IRE beverage nutritionals (from PDF),,,,,,,2026/2/7,
Starbucks,decaf-iced-pistachio-macchiato-semi-skimmed-milk-grande,Decaf Iced Pistachio Macchiato - semi skimmed milk Grande,,202,9.2,5.5,28.7,172,3.8,,,0.3,27.5,,,,,,,,,,,,,,,,,,,,Winter FY26 UK/IRE beverage nutritionals (from PDF),,,,,,,2026/2/7,
Starbucks,decaf-iced-pistachio-macchiato-semi-skimmed-milk-venti,Decaf Iced Pistachio Macchiato - semi skimmed milk Venti,,232,9.8,6.1,34.3,196,4.3,,,0.4,32.6,,,,,,,,,,,,,,,,,,,,Winter FY26 UK/IRE beverage nutritionals (from PDF),,,,,,,2026/2/7,
Starbucks,decaf-iced-pistachio-macchiato-whole-milk-tall,Decaf Iced Pistachio Macchiato - whole milk Tall,,161,6,6.4,19.8,112,4.3,,,0.3,18.7,,,,,,,,,,,,,,,,,,,,Winter FY26 UK/IRE beverage nutritionals (from PDF),,,,,,,2026/2/7,
Starbucks,decaf-iced-pistachio-macchiato-whole-milk-grande,Decaf Iced Pistachio Macchiato - whole milk Grande,,237,9,9.6,28.5,168,6.4,,,0.3,27.3,,,,,,,,,,,,,,,,,,,,Winter FY26 UK/IRE beverage nutritionals (from PDF),,,,,,,2026/2/7,
Starbucks,decaf-iced-pistachio-macchiato-whole-milk-venti,Decaf Iced Pistachio Macchiato - whole milk Venti,,268,9.6,10.3,34,192,6.9,,,0.4,32.3,,,,,,,,,,,,,,,,,,,,Winter FY26 UK/IRE beverage nutritionals (from PDF),,,,,,,2026/2/7,
Starbucks,decaf-iced-pistachio-macchiato-skimmed-milk-tall,Decaf Iced Pistachio Macchiato - skimmed milk Tall,,121,6.1,1.7,20.1,116,1.2,,,0.3,18.9,,,,,,,,,,,,,,,,,,,,Winter FY26 UK/IRE beverage nutritionals (from PDF),,,,,,,2026/2/7,
Starbucks,decaf-iced-pistachio-macchiato-skimmed-milk-grande,Decaf Iced Pistachio Macchiato - skimmed milk Grande,,176,9.2,2.4,28.9,172,1.7,,,0.3,27.8,,,,,,,,,,,,,,,,,,,,Winter FY26 UK/IRE beverage nutritionals (from PDF),,,,,,,2026/2/7,
Starbucks,decaf-iced-pistachio-macchiato-skimmed-milk-venti,Decaf Iced Pistachio Macchiato - skimmed milk Venti,,206,9.8,3,34.5,196,2.1,,,0.4,32.8,,,,,,,,,,,,,,,,,,,,Winter FY26 UK/IRE beverage nutritionals (from PDF),,,,,,,2026/2/7,
Starbucks,decaf-iced-pistachio-macchiato-almond-drink-tall,Decaf Iced Pistachio Macchiato - almond drink Tall,,106,1.9,3,16.7,96,1.2,,,0.5,15.6,,,,,,,,,,,,,,,,,,,,Winter FY26 UK/IRE beverage nutritionals (from PDF),,,,,,,2026/2/7,
Starbucks,decaf-iced-pistachio-macchiato-almond-drink-grande,Decaf Iced Pistachio Macchiato - almond drink Grande,,152,2.6,4.4,23.8,140,1.6,,,0.7,22.6,,,,,,,,,,,,,,,,,,,,Winter FY26 UK/IRE beverage nutritionals (from PDF),,,,,,,2026/2/7,
Starbucks,decaf-iced-pistachio-macchiato-almond-drink-venti,Decaf Iced Pistachio Macchiato - almond drink Venti,,181,3.1,4.9,29.3,164,2.1,,,0.9,27.6,,,,,,,,,,,,,,,,,,,,Winter FY26 UK/IRE beverage nutritionals (from PDF),,,,,,,2026/2/7,
Starbucks,decaf-iced-pistachio-macchiato-soya-drink-tall,Decaf Iced Pistachio Macchiato - soya drink Tall,,128,5.7,3.9,16.9,104,1.4,,,1.1,15.6,,,,,,,,,,,,,,,,,,,,Winter FY26 UK/IRE beverage nutritionals (from PDF),,,,,,,2026/2/7,
Starbucks,decaf-iced-pistachio-macchiato-soya-drink-grande,Decaf Iced Pistachio Macchiato - soya drink Grande,,186,8.6,5.8,24,152,2.1,,,1.6,22.6,,,,,,,,,,,,,,,,,,,,Winter FY26 UK/IRE beverage nutritionals (from PDF),,,,,,,2026/2/7,
Starbucks,decaf-iced-pistachio-macchiato-soya-drink-venti,Decaf Iced Pistachio Macchiato - soya drink Venti,,217,9.2,6.4,29.5,176,2.5,,,1.7,27.5,,,,,,,,,,,,,,,,,,,,Winter FY26 UK/IRE beverage nutritionals (from PDF),,,,,,,2026/2/7,
Starbucks,decaf-iced-pistachio-macchiato-oat-drink-tall,Decaf Iced Pistachio Macchiato - oat drink Tall,,151,2.3,5.4,22.5,124,1.4,,,1.6,16.7,,,,,,,,,,,,,,,,,,,,Winter FY26 UK/IRE beverage nutritionals (from PDF),,,,,,,2026/2/7,
Starbucks,decaf-iced-pistachio-macchiato-oat-drink-grande,Decaf Iced Pistachio Macchiato - oat drink Grande,,221,3.2,8.1,32.6,188,2.1,,,2.4,24.3,,,,,,,,,,,,,,,,,,,,Winter FY26 UK/IRE beverage nutritionals (from PDF),,,,,,,2026/2/7,
Starbucks,decaf-iced-pistachio-macchiato-oat-drink-venti,Decaf Iced Pistachio Macchiato - oat drink Venti,,252,3.8,8.8,38.3,208,2.5,,,2.6,29.2,,,,,,,,,,,,,,,,,,,,Winter FY26 UK/IRE beverage nutritionals (from PDF),,,,,,,2026/2/7,
Starbucks,decaf-iced-pistachio-macchiato-coconut-drink-tall,Decaf Iced Pistachio Macchiato - coconut drink Tall,,133,2.6,4.8,18.2,80,4.3,,,2.4,17.1,,,,,,,,,,,,,,,,,,,,Winter FY26 UK/IRE beverage nutritionals (from PDF),,,,,,,2026/2/7,
Starbucks,decaf-iced-pistachio-macchiato-coconut-drink-grande,Decaf Iced Pistachio Macchiato - coconut drink Grande,,193,3.7,7.2,26.1,116,6.5,,,3.6,24.9,,,,,,,,,,,,,,,,,,,,Winter FY26 UK/IRE beverage nutritionals (from PDF),,,,,,,2026/2/7,
Starbucks,decaf-iced-pistachio-macchiato-coconut-drink-venti,Decaf Iced Pistachio Macchiato - coconut drink Venti,,223,4.2,7.9,31.6,140,7,,,3.8,29.9,,,,,,,,,,,,,,,,,,,,Winter FY26 UK/IRE beverage nutritionals (from PDF),,,,,,,2026/2/7,
Starbucks,signature-ristretto-bianco-semi-skimmed-milk-short,Signature Ristretto Bianco - semi skimmed milk Short,,81,5.8,2.6,8.7,68,1.7,,,0,7.2,,,,,,,,,,,,,,,,,,,,Winter FY26 UK/IRE beverage nutritionals (from PDF),,,,,,,2026/2/7,
Starbucks,signature-ristretto-bianco-whole-milk-short,Signature Ristretto Bianco - whole milk Short,,106,5.7,5.5,8.5,64,3.5,,,0,7.1,,,,,,,,,,,,,,,,,,,,Winter FY26 UK/IRE beverage nutritionals (from PDF),,,,,,,2026/2/7,
Starbucks,signature-ristretto-bianco-skimmed-milk-short,Signature Ristretto Bianco - skimmed milk Short,,63,5.8,0.5,8.8,68,0.2,,,0,7.4,,,,,,,,,,,,,,,,,,,,Winter FY26 UK/IRE beverage nutritionals (from PDF),,,,,,,2026/2/7,
Starbucks,signature-ristretto-bianco-almond-drink-short,Signature Ristretto Bianco - almond drink Short,,46,1.2,1.9,5.2,44,0.2,,,0.3,3.8,,,,,,,,,,,,,,,,,,,,Winter FY26 UK/IRE beverage nutritionals (from PDF),,,,,,,2026/2/7,
Starbucks,signature-ristretto-bianco-soya-drink-short,Signature Ristretto Bianco - soya drink Short,,71,5.4,2.9,5.4,56,0.5,,,0.9,3.8,,,,,,,,,,,,,,,,,,,,Winter FY26 UK/IRE beverage nutritionals (from PDF),,,,,,,2026/2/7,
Starbucks,signature-ristretto-bianco-oat-drink-short,Signature Ristretto Bianco - oat drink Short,,95,1.7,4.5,11.4,76,0.5,,,1.5,4.9,,,,,,,,,,,,,,,,,,,,Winter FY26 UK/IRE beverage nutritionals (from PDF),,,,,,,2026/2/7,
Starbucks,signature-ristretto-bianco-coconut-drink-short,Signature Ristretto Bianco - coconut drink Short,,75,2,3.9,6.8,28,3.6,,,2.3,5.4,,,,,,,,,,,,,,,,,,,,Winter FY26 UK/IRE beverage nutritionals (from PDF),,,,,,,2026/2/7,
Starbucks,decaf-ristretto-bianco-semi-skimmed-milk-short,Decaf Ristretto Bianco - semi skimmed milk Short,,85,5.8,2.8,8.9,68,1.7,,,0.3,7.3,,,,,,,,,,,,,,,,,,,,Winter FY26 UK/IRE beverage nutritionals (from PDF),,,,,,,2026/2/7,
Starbucks,decaf-ristretto-bianco-whole-milk-short,Decaf Ristretto Bianco - whole milk Short,,109,5.6,5.7,8.8,64,3.6,,,0.3,7.2,,,,,,,,,,,,,,,,,,,,Winter FY26 UK/IRE beverage nutritionals (from PDF),,,,,,,2026/2/7,
Starbucks,decaf-ristretto-bianco-skimmed-milk-short,Decaf Ristretto Bianco - skimmed milk Short,,66,5.8,0.7,9.1,68,0.3,,,0.3,7.5,,,,,,,,,,,,,,,,,,,,Winter FY26 UK/IRE beverage nutritionals (from PDF),,,,,,,2026/2/7,
Starbucks,decaf-ristretto-bianco-almond-drink-short,Decaf Ristretto Bianco - almond drink Short,,50,1.2,2,5.5,44,0.2,,,0.6,3.9,,,,,,,,,,,,,,,,,,,,Winter FY26 UK/IRE beverage nutritionals (from PDF),,,,,,,2026/2/7,
Starbucks,decaf-ristretto-bianco-soya-drink-short,Decaf Ristretto Bianco - soya drink Short,,74,5.3,3,5.6,56,0.5,,,1.2,3.9,,,,,,,,,,,,,,,,,,,,Winter FY26 UK/IRE beverage nutritionals (from PDF),,,,,,,2026/2/7,
Starbucks,decaf-ristretto-bianco-oat-drink-short,Decaf Ristretto Bianco - oat drink Short,,99,1.6,4.6,11.7,76,0.5,,,1.8,5.1,,,,,,,,,,,,,,,,,,,,Winter FY26 UK/IRE beverage nutritionals (from PDF),,,,,,,2026/2/7,
Starbucks,decaf-ristretto-bianco-coconut-drink-short,Decaf Ristretto Bianco - coconut drink Short,,79,1.9,4,7.1,28,3.6,,,2.6,5.5,,,,,,,,,,,,,,,,,,,,Winter FY26 UK/IRE beverage nutritionals (from PDF),,,,,,,2026/2/7,
Dunkin,vanilla-creme-cold-brew-large-large,Vanilla Creme Cold Brew - Large Large,,280,2,5,55,45,3,0,15,0,54,52,,,,,,,,,,,0,,339,,92,,0,,,,,,,,,2026/2/7,
Dunkin,medium-medium,Medium Medium,,190,2,3,38,30,2,0,10,0,38,36,,,,,,,,,,,0,,240,,59,,0,,,,,,,,,2026/2/7,
Dunkin,vanilla-creme-cold-brew-small-small,Vanilla Creme Cold Brew - Small Small,,150,1,3,29,25,2,0,10,0,29,27,,,,,,,,,,,0,,179,,53,,0,,,,,,,,,2026/2/7,
Dunkin,ham-cheese-croissant-stuffer-1-croissant-standard,Ham & Cheese Croissant Stuffer 1 Croissant standard,,330,14,17,30,580,10,0,60,2,6,4,,,,,,,,,,,1,,176,,209,,2,,,,,,,,,2026/2/7,
Dunkin,brownie-batter-doniut-1-donut-standard,Brownie Batter Doniut 1 Donut standard,,330,5,14,48,320,6,0,0,2,25,25,,,,,,,,,,,0,,117,,18,,2,,,,,,,,,2026/2/7,
Dunkin,valentine-sprinkles1-donut-standard,Valentine Sprinkles1 Donut standard,,270,5,12,37,290,5,0,0,1,15,15,,,,,,,,,,,0,,76,,13,,2,,,,,,,,,2026/2/7,
Dunkin,cupids-choice-donut-1-donut-standard,Cupids Choice Donut 1 Donut standard,,290,4,11,43,330,5,0,0,1,20,20,,,,,,,,,,,0,,66,,33,,2,,,,,,,,,2026/2/7,
Dunkin,golden-chocolate-donut-1-donut-standard,Golden Chocolate Donut 1 Donut standard,,350,5,15,50,340,7,0,0,1,28,28,,,,,,,,,,,1,,80,,14,,2,,,,,,,,,2026/2/7,
Dunkin,valentine-sprinkles1-donut-standard,Valentine Sprinkles1 Donut standard,,270,4,12,37,280,5,0,0,1,16,15,,,,,,,,,,,0,,59,,12,,2,,,,,,,,,2026/2/7,
Dunkin,valentine-sprinkles1-donut-standard,Valentine Sprinkles1 Donut standard,,270,4,12,37,280,5,0,0,1,15,15,,,,,,,,,,,0,,59,,12,,2,,,,,,,,,2026/2/7,
Dunkin,allcaps-donut-1-donut-standard,#ALLCAPS Donut 1 Donut standard,,270,4,11,37,290,4.5,0,0,1,16,16,,,,,,,,,,,0,,59,,12,,2,,,,,,,,,2026/2/7,
Dunkin,birdland-donut-1-donut-standard,Birdland Donut 1 Donut standard,,270,4,11,37,290,4.5,0,0,1,16,16,,,,,,,,,,,0,,63,,12,,2,,,,,,,,,2026/2/7,
Dunkin,bulls-donut-1-donut-standard,Bulls Donut 1 Donut standard,,270,4,11,37,290,4.5,0,0,1,16,16,,,,,,,,,,,0,,59,,12,,2,,,,,,,,,2026/2/7,
Dunkin,buttermilk-donut-1-donut-standard,Buttermilk Donut 1 Donut standard,,330,3,17,41,390,7,0,25,1,20,20,,,,,,,,,,,0,,63,,23,,2,,,,,,,,,2026/2/7,
Dunkin,sprinkles-donut1-donut-standard,Sprinkles Donut1 Donut standard,,270,5,12,36,290,5,0,0,1,15,14,,,,,,,,,,,0,,85,,13,,2,,,,,,,,,2026/2/7,
Dunkin,cleveland-guardians-donut-1-donut-standard,Cleveland Guardians Donut 1 Donut standard,,270,4,12,37,280,5,0,0,1,15,15,,,,,,,,,,,0,,59,,12,,2,,,,,,,,,2026/2/7,
Dunkin,dodgers-donut-1-donut-standard,Dodgers Donut 1 Donut standard,,270,4,12,37,280,5,0,0,1,15,15,,,,,,,,,,,0,,58,,12,,2,,,,,,,,,2026/2/7,
Dunkin,fenway-faithful-donut-1-donut-standard,Fenway Faithful Donut 1 Donut standard,,270,4,12,37,280,5,0,0,1,15,15,,,,,,,,,,,0,,59,,12,,2,,,,,,,,,2026/2/7,
Dunkin,go-hornets-donut-1-donut-standard,Go Hornets Donut 1 Donut standard,,270,4,12,37,280,5,0,0,1,15,15,,,,,,,,,,,0,,58,,12,,2,,,,,,,,,2026/2/7,
Dunkin,guava-donut-1-donut-standard,Guava Donut 1 Donut standard,,240,4,10,32,280,4,0,0,1,12,11,,,,,,,,,,,1,,72,,12,,2,,,,,,,,,2026/2/7,
Dunkin,inter-miami-donut-1-donut-standard,Inter Miami Donut 1 Donut standard,,270,4,11,37,280,4.5,0,0,1,17,16,,,,,,,,,,,0,,59,,12,,2,,,,,,,,,2026/2/7,
Dunkin,jaguars-hall-of-fame-donut-1-donut-standard,Jaguars Hall of Fame Donut 1 Donut standard,,270,4,12,37,280,5,0,0,1,15,14,,,,,,,,,,,0,,68,,12,,2,,,,,,,,,2026/2/7,
Dunkin,orioles-magic-donut-1-donut-standard,Orioles Magic Donut 1 Donut standard,,350,4,15,47,300,6,0,0,1,27,27,,,,,,,,,,,1,,69,,12,,2,,,,,,,,,2026/2/7,
Dunkin,padres-donut-1-donut-standard,Padres Donut 1 Donut standard,,270,4,12,36,290,5,0,0,1,15,14,,,,,,,,,,,0,,75,,13,,2,,,,,,,,,2026/2/7,
Dunkin,pittsburgh-cr-me-donut-1-donut-standard,Pittsburgh Crème Donut 1 Donut standard,,350,5,16,47,310,7,0,0,1,26,25,,,,,,,,,,,1,,81,,13,,2,,,,,,,,,2026/2/7,
Dunkin,pittsburgh-penguins-donut-1-donut-standard,Pittsburgh Penguins Donut 1 Donut standard,,270,4,12,36,290,5,0,0,1,15,14,,,,,,,,,,,0,,75,,13,,2,,,,,,,,,2026/2/7,
Dunkin,poe-s-purple-donut-1-donut-standard,Poe's Purple Donut 1 Donut standard,,270,4,11,37,290,4.5,0,0,1,16,16,,,,,,,,,,,0,,63,,12,,2,,,,,,,,,2026/2/7,
Dunkin,raven-s-flock-donut-1-donut-standard,Raven's Flock Donut 1 Donut standard,,350,5,16,47,300,7,0,0,1,26,25,,,,,,,,,,,1,,75,,12,,2,,,,,,,,,2026/2/7,
Dunkin,redland-donut-1-donut-standard,Redland Donut 1 Donut standard,,270,4,11,37,290,4.5,0,0,1,16,16,,,,,,,,,,,0,,59,,12,,2,,,,,,,,,2026/2/7,
Dunkin,reds-donut-1-donut-standard,Reds Donut 1 Donut standard,,270,4,12,37,280,5,0,0,1,15,15,,,,,,,,,,,0,,64,,12,,2,,,,,,,,,2026/2/7,
Dunkin,tn-titans-donut-1-donut-standard,TN Titans Donut 1 Donut standard,,270,4,12,37,280,5,0,0,1,15,15,,,,,,,,,,,0,,58,,12,,2,,,,,,,,,2026/2/7,
Dunkin,the-goat-donut-1-donut-standard,The GOAT Donut 1 Donut standard,,270,4,11,37,290,4.5,0,0,1,16,16,,,,,,,,,,,0,,59,,12,,2,,,,,,,,,2026/2/7,
Dunkin,refresher-large-large,Refresher - Large Large,,430,15,10,71,150,6,0,45,0,66,53,,,,,,,,,,,3,,499,,465,,0,,,,,,,,,2026/2/7,
Dunkin,refresher-medium-medium,Refresher - Medium Medium,,310,11,7,50,110,4,0,30,0,47,37,,,,,,,,,,,2,,361,,338,,0,,,,,,,,,2026/2/7,
Dunkin,refresher-small-small,Refresher - Small Small,,230,8,5,37,80,3.5,0,25,0,35,28,,,,,,,,,,,1,,259,,239,,0,,,,,,,,,2026/2/7,
Dunkin,macchiato-large-large,Macchiato - Large Large,,310,13,5,51,140,3,0,25,0,47,36,,,,,,,,,,,3,,574,,398,,0,,,,,,,,,2026/2/7,
Dunkin,macchiato-medium-medium,Macchiato - Medium Medium,,230,10,4,38,105,2.5,0,20,0,35,27,,,,,,,,,,,2,,439,,298,,0,,,,,,,,,2026/2/7,
Dunkin,macchiato-small-small,Macchiato - Small Small,,160,7,2.5,26,70,1.5,0,15,0,23,18,,,,,,,,,,,1,,311,,199,,0,,,,,,,,,2026/2/7,
Dunkin,macchiato-large-large,Macchiato - Large Large,,310,13,5,51,150,3,0,25,0,47,36,,,,,,,,,,,3,,581,,413,,0,,,,,,,,,2026/2/7,
Dunkin,macchiato-medium-medium,Macchiato - Medium Medium,,230,10,4,38,115,2.5,0,20,0,35,27,,,,,,,,,,,2,,442,,309,,0,,,,,,,,,2026/2/7,
Dunkin,macchiato-small-small,Macchiato - Small Small,,160,7,2.5,26,80,1.5,0,15,0,23,18,,,,,,,,,,,1,,313,,207,,0,,,,,,,,,2026/2/7,
Dunkin,with-protein-milk-large-large,with Protein Milk - Large Large,,270,7,1.5,55,310,1,0,10,0,52,43,,,,,,,,,,,1,,494,,248,,0,,,,,,,,,2026/2/7,
Dunkin,with-protein-milk-medium-medium,with Protein Milk - Medium Medium,,200,5,1,41,230,0.5,0,5,0,39,32,,,,,,,,,,,0,,370,,185,,0,,,,,,,,,2026/2/7,
Dunkin,with-protein-milk-small-small,with Protein Milk - Small Small,,140,3,0.5,28,160,0,0,5,0,26,21,,,,,,,,,,,0,,247,,124,,0,,,,,,,,,2026/2/7,
Dunkin,protein-milk-large-large,Protein Milk - Large Large,,270,6,1.5,55,115,1,0,10,0,54,46,,,,,,,,,,,1,,658,,218,,0,,,,,,,,,2026/2/7,
Dunkin,protein-milk-medium-medium,Protein Milk - Medium Medium,,200,5,1,41,85,0.5,0,10,0,40,35,,,,,,,,,,,0,,493,,162,,0,,,,,,,,,2026/2/7,
Dunkin,protein-milk-small-small,Protein Milk - Small Small,,140,3,0.5,28,60,0,0,5,0,27,23,,,,,,,,,,,0,,329,,109,,0,,,,,,,,,2026/2/7,
Dunkin,protein-latte-large-large,Protein Latte - Large Large,,380,20,8,56,230,4.5,0,40,0,51,34,,,,,,,,,,,4,,801,,661,,1,,,,,,,,,2026/2/7,
Dunkin,protein-latte-medium-medium,Protein Latte - Medium Medium,,290,15,6,42,170,3.5,0,30,0,38,26,,,,,,,,,,,3,,596,,495,,1,,,,,,,,,2026/2/7,
Dunkin,protein-latte-small-small,Protein Latte - Small Small,,190,10,4,28,115,2.5,0,20,0,26,17,,,,,,,,,,,2,,401,,330,,1,,,,,,,,,2026/2/7,
Dunkin,hot-buff-chai-large-large,Hot Buff Chai - Large Large,,390,20,8,58,220,4.5,0,40,2,53,36,,,,,,,,,,,4,,681,,599,,1,,,,,,,,,2026/2/7,
Dunkin,hot-buff-chai-medium-medium,Hot Buff Chai - Medium Medium,,290,15,6,44,170,3.5,0,30,2,40,27,,,,,,,,,,,3,,511,,449,,1,,,,,,,,,2026/2/7,
Dunkin,hot-buff-chai-small-small,Hot Buff Chai - Small Small,,200,10,4,29,110,2.5,0,20,1,27,18,,,,,,,,,,,2,,341,,299,,0,,,,,,,,,2026/2/7,
Dunkin,iced-buff-chai-large-large,Iced Buff Chai - Large Large,,390,20,8,58,240,4.5,0,40,2,53,36,,,,,,,,,,,4,,687,,614,,1,,,,,,,,,2026/2/7,
Dunkin,iced-buff-chai-medium-medium,Iced Buff Chai - Medium Medium,,290,15,6,44,180,3.5,0,30,2,40,27,,,,,,,,,,,3,,515,,460,,1,,,,,,,,,2026/2/7,
Dunkin,iced-buff-chai-small-small,Iced Buff Chai - Small Small,,200,10,4,29,120,2.5,0,20,1,27,18,,,,,,,,,,,2,,343,,307,,0,,,,,,,,,2026/2/7,
Dunkin,refresher-large-large,Refresher - Large Large,,440,15,10,73,170,6,0,45,0,68,55,,,,,,,,,,,3,,499,,466,,0,,,,,,,,,2026/2/7,
Dunkin,refresher-medium-medium,Refresher - Medium Medium,,320,11,7,52,120,4,0,30,0,49,39,,,,,,,,,,,2,,361,,339,,0,,,,,,,,,2026/2/7,
Dunkin,refresher-small-small,Refresher - Small Small,,240,8,5,38,85,3.5,0,25,0,36,29,,,,,,,,,,,1,,259,,240,,0,,,,,,,,,2026/2/7,
Dunkin,refresher-large-large,Refresher - Large Large,,440,15,10,69,160,6,0,45,0,66,52,,,,,,,,,,,3,,499,,465,,0,,,,,,,,,2026/2/7,
Dunkin,refresher-medium-medium,Refresher - Medium Medium,,310,11,7,49,115,4,0,30,0,47,37,,,,,,,,,,,2,,361,,338,,0,,,,,,,,,2026/2/7,
Dunkin,refresher-small-small,Refresher - Small Small,,230,8,5,36,85,3.5,0,25,0,35,28,,,,,,,,,,,1,,259,,239,,0,,,,,,,,,2026/2/7,
Dunkin,protein-milk-large-large,Protein Milk - Large Large,,50,4,1.5,9,55,1,0,5,0,3,0,,,,,,,,,,,1,,328,,115,,0,,,,,,,,,2026/2/7,
Dunkin,protein-milk-medium-medium,Protein Milk - Medium Medium,,40,3,1,7,40,0.5,0,5,0,2,0,,,,,,,,,,,0,,246,,85,,0,,,,,,,,,2026/2/7,
Dunkin,protein-milk-small-small,Protein Milk - Small Small,,25,2,0.5,4,30,0,0,5,0,1,0,,,,,,,,,,,0,,164,,58,,0,,,,,,,,,2026/2/7,
Dunkin,refresher-large-large,Refresher - Large Large,,410,4,8,81,150,3.5,0,15,3,60,56,,,,,,,,,,,4,,486,,414,,0,,,,,,,,,2026/2/7,
Dunkin,refresher-medium-medium,Refresher - Medium Medium,,290,3,5,58,110,2,0,10,2,42,40,,,,,,,,,,,3,,351,,300,,0,,,,,,,,,2026/2/7,
Dunkin,refresher-small-small,Refresher - Small Small,,220,2,4.5,43,80,2,0,10,1,32,30,,,,,,,,,,,2,,253,,214,,0,,,,,,,,,2026/2/7,
Dunkin,daydream-refresher-large-large,Daydream Refresher - Large Large,,400,3,8,78,190,3.5,0,15,3,60,58,,,,,,,,,,,4,,514,,370,,1,,,,,,,,,2026/2/7,
Dunkin,daydream-refresher-medium-medium,Daydream Refresher - Medium Medium,,280,2,5,56,130,2.5,0,10,2,42,41,,,,,,,,,,,3,,368,,274,,1,,,,,,,,,2026/2/7,
Dunkin,daydream-refresher-small-small,Daydream Refresher - Small Small,,210,1,4.5,41,100,2,0,10,2,32,31,,,,,,,,,,,2,,269,,187,,1,,,,,,,,,2026/2/7,
Dunkin,large-large,Large Large,,410,4,8,80,160,3.5,0,15,3,60,56,,,,,,,,,,,4,,486,,414,,0,,,,,,,,,2026/2/7,
Dunkin,medium-medium,Medium Medium,,290,2,5,57,115,2,0,10,2,42,40,,,,,,,,,,,3,,351,,300,,0,,,,,,,,,2026/2/7,
Dunkin,small-small,Small Small,,220,2,4.5,42,80,2,0,10,1,32,30,,,,,,,,,,,2,,253,,214,,0,,,,,,,,,2026/2/7,
Dunkin,refresher-large-large,Refresher - Large Large,,410,4,8,81,160,3.5,0,15,3,62,59,,,,,,,,,,,4,,490,,410,,0,,,,,,,,,2026/2/7,
Dunkin,refresher-medium-medium,Refresher - Medium Medium,,290,2,5,58,115,2,0,10,2,44,42,,,,,,,,,,,3,,350,,300,,0,,,,,,,,,2026/2/7,
Dunkin,refresher-small-small,Refresher - Small Small,,220,2,4.5,42,85,2,0,10,1,33,31,,,,,,,,,,,2,,250,,210,,0,,,,,,,,,2026/2/7,
Dunkin,large-large,Large Large,,400,4,8,79,150,3.5,0,15,3,60,56,,,,,,,,,,,4,,486,,414,,0,,,,,,,,,2026/2/7,
Dunkin,medium-medium,Medium Medium,,280,3,5,57,110,2,0,10,2,42,40,,,,,,,,,,,3,,351,,300,,0,,,,,,,,,2026/2/7,
Dunkin,small-small,Small Small,,210,2,4.5,41,80,2,0,10,1,32,30,,,,,,,,,,,2,,253,,214,,0,,,,,,,,,2026/2/7,
Dunkin,large-large,Large Large,,400,4,8,77,160,3.5,0,15,3,59,55,,,,,,,,,,,4,,490,,410,,0,,,,,,,,,2026/2/7,
Dunkin,medium-medium,Medium Medium,,280,2,5,55,115,2,0,10,2,41,39,,,,,,,,,,,3,,350,,300,,0,,,,,,,,,2026/2/7,
Dunkin,small-small,Small Small,,210,2,4.5,40,80,2,0,10,1,31,29,,,,,,,,,,,2,,250,,210,,0,,,,,,,,,2026/2/7,
Dunkin,refresher-large-large,Refresher - Large Large,,310,0,0,78,20,0,0,0,0,74,74,,,,,,,,,,,0,,20,,26,,0,,,,,,,,,2026/2/7,
Dunkin,refresher-medium-medium,Refresher - Medium Medium,,240,0,0,58,15,0,0,0,0,55,55,,,,,,,,,,,0,,15,,19,,0,,,,,,,,,2026/2/7,
Dunkin,refresher-small-small,Refresher - Small Small,,160,0,0,39,10,0,0,0,0,37,37,,,,,,,,,,,0,,10,,13,,0,,,,,,,,,2026/2/7,
Dunkin,lemonade-refresher-large-large,Lemonade Refresher - Large Large,,330,0,0,80,30,0,0,0,0,74,74,,,,,,,,,,,0,,20,,30,,0,,,,,,,,,2026/2/7,
Dunkin,lemonade-refresher-medium-medium,Lemonade Refresher - Medium Medium,,250,0,0,60,20,0,0,0,0,56,55,,,,,,,,,,,0,,20,,20,,0,,,,,,,,,2026/2/7,
Dunkin,lemonade-refresher-small-small,Lemonade Refresher - Small Small,,160,0,0,40,15,0,0,0,0,37,37,,,,,,,,,,,0,,10,,10,,0,,,,,,,,,2026/2/7,
Dunkin,refresher-large-large,Refresher - Large Large,,320,0,0,78,25,0,0,0,0,75,75,,,,,,,,,,,0,,20,,30,,0,,,,,,,,,2026/2/7,
Dunkin,refresher-medium-medium,Refresher - Medium Medium,,240,0,0,59,20,0,0,0,0,56,56,,,,,,,,,,,0,,10,,20,,0,,,,,,,,,2026/2/7,
Dunkin,refresher-small-small,Refresher - Small Small,,160,0,0,39,15,0,0,0,0,37,37,,,,,,,,,,,0,,10,,10,,0,,,,,,,,,2026/2/7,
Dunkin,large-large,- Large Large,,340,21,8,45,180,4.5,0,40,2,42,25,,,,,,,,,,,4,,602,,578,,0,,,,,,,,,2026/2/7,
Dunkin,medium-medium,- Medium Medium,,260,15,6,34,135,3.5,0,30,1,31,19,,,,,,,,,,,3,,452,,433,,0,,,,,,,,,2026/2/7,
Dunkin,small-small,- Small Small,,170,10,4,23,90,2.5,0,20,1,21,12,,,,,,,,,,,2,,301,,289,,0,,,,,,,,,2026/2/7,
Dunkin,large-large,- Large Large,,340,21,8,45,190,4.5,0,40,2,42,25,,,,,,,,,,,4,,606,,587,,0,,,,,,,,,2026/2/7,
Dunkin,medium-medium,- Medium Medium,,260,15,6,34,140,3.5,0,30,1,31,19,,,,,,,,,,,3,,454,,440,,0,,,,,,,,,2026/2/7,
Dunkin,small-small,- Small Small,,170,10,4,23,95,2.5,0,20,1,21,12,,,,,,,,,,,2,,303,,294,,0,,,,,,,,,2026/2/7,
Dunkin,large-large,Large Large,,400,20,8,63,190,4.5,0,40,0,58,41,,,,,,,,,,,4,,608,,594,,0,,,,,,,,,2026/2/7,
Dunkin,medium-medium,Medium Medium,,290,15,6,44,140,3.5,0,30,0,40,28,,,,,,,,,,,3,,455,,444,,0,,,,,,,,,2026/2/7,
Dunkin,small-small,Small Small,,190,10,4,29,95,2.5,0,20,0,27,18,,,,,,,,,,,2,,304,,297,,0,,,,,,,,,2026/2/7,
Dunkin,latte-large-large,Latte - Large Large,,370,20,8,55,210,4.5,0,40,0,51,34,,,,,,,,,,,4,,796,,645,,1,,,,,,,,,2026/2/7,
Dunkin,latte-medium-medium,Latte - Medium Medium,,280,15,6,42,160,3.5,0,30,0,38,26,,,,,,,,,,,3,,593,,484,,1,,,,,,,,,2026/2/7,
Dunkin,latte-small-small,Latte - Small Small,,190,10,4,28,105,2.5,0,20,0,26,17,,,,,,,,,,,2,,398,,323,,1,,,,,,,,,2026/2/7,
Dunkin,latte-large-large,Latte - Large Large,,370,20,8,55,220,4.5,0,40,0,51,34,,,,,,,,,,,4,,799,,655,,1,,,,,,,,,2026/2/7,
Dunkin,latte-medium-medium,Latte - Medium Medium,,280,15,6,42,170,3.5,0,30,0,38,26,,,,,,,,,,,3,,595,,490,,1,,,,,,,,,2026/2/7,
Dunkin,latte-small-small,Latte - Small Small,,190,10,4,28,110,2.5,0,20,0,26,17,,,,,,,,,,,2,,400,,327,,1,,,,,,,,,2026/2/7,
Dunkin,mango-protein-refresher-large-large,Mango Protein Refresher - Large Large,,390,19,8,60,200,4.5,0,40,0,56,39,,,,,,,,,,,4,,608,,595,,0,,,,,,,,,2026/2/7,
Dunkin,medium-medium,Medium Medium,,300,15,6,45,150,3.5,0,30,0,42,29,,,,,,,,,,,3,,455,,445,,0,,,,,,,,,2026/2/7,
Dunkin,mango-protein-refresher-small-small,Mango Protein Refresher - Small Small,,200,10,4,30,100,2.5,0,20,0,28,19,,,,,,,,,,,2,,304,,298,,0,,,,,,,,,2026/2/7,
Dunkin,protein-hot-latte-large-large,Protein Hot Latte - Large Large,,230,20,8,19,190,4.5,0,40,0,17,0,,,,,,,,,,,4,,694,,579,,0,,,,,,,,,2026/2/7,
Dunkin,protein-hot-latte-medium-medium,Protein Hot Latte - Medium Medium,,170,15,6,14,140,3.5,0,30,0,13,0,,,,,,,,,,,3,,516,,434,,0,,,,,,,,,2026/2/7,
Dunkin,protein-hot-latte-small-small,Protein Hot Latte - Small Small,,110,10,4,10,95,2.5,0,20,0,8,0,,,,,,,,,,,2,,347,,290,,0,,,,,,,,,2026/2/7,
Dunkin,vanilla-large-large,Vanilla - Large Large,,230,20,8,25,200,4.5,0,40,0,17,0,,,,,,,,,,,4,,699,,579,,0,,,,,,,,,2026/2/7,
Dunkin,vanilla-medium-medium,Vanilla - Medium Medium,,170,15,6,18,150,3.5,0,30,0,13,0,,,,,,,,,,,3,,520,,434,,0,,,,,,,,,2026/2/7,
Dunkin,vanilla-small-small,Vanilla - Small Small,,120,10,4,12,100,2.5,0,20,0,8,0,,,,,,,,,,,2,,349,,290,,0,,,,,,,,,2026/2/7,
Dunkin,protein-iced-latte-large-large,Protein Iced Latte - Large Large,,230,20,8,19,210,4.5,0,40,0,17,0,,,,,,,,,,,4,,699,,595,,0,,,,,,,,,2026/2/7,
Dunkin,protein-iced-latte-medium-medium,Protein Iced Latte - Medium Medium,,170,15,6,14,150,3.5,0,30,0,13,0,,,,,,,,,,,3,,520,,445,,0,,,,,,,,,2026/2/7,
Dunkin,protein-iced-latte-small-small,Protein Iced Latte - Small Small,,110,10,4,10,105,2.5,0,20,0,8,0,,,,,,,,,,,2,,350,,298,,0,,,,,,,,,2026/2/7,
Dunkin,vanilla-large-large,Vanilla - Large Large,,230,20,8,25,210,4.5,0,40,0,17,0,,,,,,,,,,,4,,702,,589,,0,,,,,,,,,2026/2/7,
Dunkin,vanilla-medium-medium,Vanilla - Medium Medium,,170,15,6,18,150,3.5,0,30,0,13,0,,,,,,,,,,,3,,522,,441,,0,,,,,,,,,2026/2/7,
Dunkin,vanilla-small-small,Vanilla - Small Small,,120,10,4,12,105,2.5,0,20,0,8,0,,,,,,,,,,,2,,351,,295,,0,,,,,,,,,2026/2/7,
Dunkin,protein-matcha-hot-latte-large-large,Protein Matcha Hot Latte - Large Large,,330,21,8,45,180,4.5,0,40,2,42,25,,,,,,,,,,,4,,602,,578,,0,,,,,,,,,2026/2/7,
Dunkin,medium-medium,Medium Medium,,250,15,6,33,135,3.5,0,30,1,31,19,,,,,,,,,,,3,,452,,433,,0,,,,,,,,,2026/2/7,
Dunkin,protein-matcha-hot-latte-small-small,Protein Matcha Hot Latte - Small Small,,170,10,4,22,90,2.5,0,20,1,21,12,,,,,,,,,,,2,,301,,289,,0,,,,,,,,,2026/2/7,
Dunkin,protein-matcha-iced-latte-large-large,Protein Matcha Iced Latte - Large Large,,330,21,8,45,190,4.5,0,40,2,42,25,,,,,,,,,,,4,,607,,593,,0,,,,,,,,,2026/2/7,
Dunkin,medium-medium,Medium Medium,,250,15,6,33,150,3.5,0,30,1,31,19,,,,,,,,,,,3,,455,,444,,0,,,,,,,,,2026/2/7,
Dunkin,protein-matcha-iced-latte-small-small,Protein Matcha Iced Latte - Small Small,,170,10,4,22,95,2.5,0,20,1,21,12,,,,,,,,,,,2,,304,,297,,0,,,,,,,,,2026/2/7,
Dunkin,large-large,Large Large,,390,19,8,57,200,4.5,0,40,0,53,37,,,,,,,,,,,4,,608,,594,,0,,,,,,,,,2026/2/7,
Dunkin,medium-medium,Medium Medium,,290,15,6,42,150,3.5,0,30,0,40,27,,,,,,,,,,,3,,455,,444,,0,,,,,,,,,2026/2/7,
Dunkin,small-small,Small Small,,190,10,4,28,100,2.5,0,20,0,27,18,,,,,,,,,,,2,,304,,297,,0,,,,,,,,,2026/2/7,
Dunkin,large-large,- Large Large,,170,0,0,41,20,0,0,0,0,37,37,,,,,,,,,,,0,,137,,16,,0,,,,,,,,,2026/2/7,
Dunkin,medium-medium,- Medium Medium,,120,0,0,31,15,0,0,0,0,28,28,,,,,,,,,,,0,,102,,11,,0,,,,,,,,,2026/2/7,
Dunkin,small-small,- Small Small,,80,0,0,21,10,0,0,0,0,19,18,,,,,,,,,,,0,,68,,8,,0,,,,,,,,,2026/2/7,
Dunkin,berry-sangria-refresher-large-large,Berry Sangria Refresher - Large Large,,160,1,0,40,15,0,0,0,0,37,37,,,,,,,,,,,0,,34,,16,,0,,,,,,,,,2026/2/7,
Dunkin,berry-sangria-refresher-medium-medium,Berry Sangria Refresher - Medium Medium,,120,1,0,30,10,0,0,0,0,28,28,,,,,,,,,,,0,,25,,11,,0,,,,,,,,,2026/2/7,
Dunkin,berry-sangria-refresher-small-small,Berry Sangria Refresher - Small Small,,80,0,0,20,5,0,0,0,0,18,18,,,,,,,,,,,0,,17,,8,,0,,,,,,,,,2026/2/7,
Dunkin,blush-spritz-refresher-large-large,Blush Spritz Refresher - Large Large,,160,0,0,39,15,0,0,0,0,37,37,,,,,,,,,,,0,,5,,16,,0,,,,,,,,,2026/2/7,
Dunkin,blush-spritz-refresher-medium-medium,Blush Spritz Refresher - Medium Medium,,120,0,0,29,10,0,0,0,0,27,27,,,,,,,,,,,0,,4,,11,,0,,,,,,,,,2026/2/7,
Dunkin,blush-spritz-refresher-small-small,Blush Spritz Refresher - Small Small,,80,0,0,19,10,0,0,0,0,18,18,,,,,,,,,,,0,,3,,8,,0,,,,,,,,,2026/2/7,
Dunkin,wicked-pink-refresher-large-large,Wicked Pink Refresher - Large Large,,170,0,0,39,15,0,0,0,0,37,37,,,,,,,,,,,0,,5,,16,,0,,,,,,,,,2026/2/7,
Dunkin,wicked-pink-refresher-medium-medium,Wicked Pink Refresher - Medium Medium,,130,0,0,29,10,0,0,0,0,27,27,,,,,,,,,,,0,,4,,11,,0,,,,,,,,,2026/2/7,
Dunkin,wicked-pink-refresher-small-small,Wicked Pink Refresher - Small Small,,90,0,0,20,10,0,0,0,0,18,18,,,,,,,,,,,0,,3,,8,,0,,,,,,,,,2026/2/7,
Dunkin,dunkin-refresher-large-large,Dunkin' Refresher - Large Large,,170,0,0,42,20,0,0,0,0,39,39,,,,,,,,,,,0,,5,,17,,0,,,,,,,,,2026/2/7,
Dunkin,dunkin-refresher-medium-medium,Dunkin' Refresher - Medium Medium,,130,0,0,32,15,0,0,0,0,29,29,,,,,,,,,,,0,,4,,12,,0,,,,,,,,,2026/2/7,
Dunkin,dunkin-refresher-small-small,Dunkin' Refresher - Small Small,,90,0,0,21,10,0,0,0,0,19,19,,,,,,,,,,,0,,3,,9,,0,,,,,,,,,2026/2/7,
Dunkin,dunkin-refresher-large-large,Dunkin' Refresher - Large Large,,170,0,0,39,15,0,0,0,0,37,37,,,,,,,,,,,0,,5,,16,,0,,,,,,,,,2026/2/7,
Dunkin,dunkin-refresher-medium-medium,Dunkin' Refresher - Medium Medium,,130,0,0,29,10,0,0,0,0,27,27,,,,,,,,,,,0,,4,,11,,0,,,,,,,,,2026/2/7,
Dunkin,dunkin-refresher-small-small,Dunkin' Refresher - Small Small,,80,0,0,19,10,0,0,0,0,18,18,,,,,,,,,,,0,,3,,8,,0,,,,,,,,,2026/2/7,
Dunkin,large-large,Large Large,,500,2,2,118,190,0,0,0,0,112,111,,,,,,,,,,,2,,327,,374,,1,,,,,,,,,2026/2/7,
Dunkin,medium-medium,Medium Medium,,370,2,1.5,88,140,0,0,0,0,84,84,,,,,,,,,,,1,,245,,280,,0,,,,,,,,,2026/2/7,
Dunkin,small-small,Small Small,,250,1,1,59,95,0,0,0,0,56,56,,,,,,,,,,,1,,164,,187,,0,,,,,,,,,2026/2/7,
Dunkin,large-large,Large Large,,1100,9,40,178,260,23,1.5,125,3,165,159,,,,,,,,,,,2,,899,,231,,2,,,,,,,,,2026/2/7,
Dunkin,medium-medium,Medium Medium,,840,7,31,137,200,18,1,95,2,126,122,,,,,,,,,,,2,,696,,178,,2,,,,,,,,,2026/2/7,
Dunkin,small-small,Small Small,,600,5,22,96,135,13,0.5,70,2,88,85,,,,,,,,,,,1,,497,,126,,1,,,,,,,,,2026/2/7,
Dunkin,almondmilk-large-large,Almondmilk - Large Large,,470,3,2,111,130,0,0,0,2,109,109,,,,,,,,,,,6,,141,,362,,1,,,,,,,,,2026/2/7,
Dunkin,almondmilk-medium-medium,Almondmilk - Medium Medium,,350,2,1.5,84,100,0,0,15,2,82,81,,,,,,,,,,,4,,106,,272,,0,,,,,,,,,2026/2/7,
Dunkin,almondmilk-small-small,Almondmilk - Small Small,,240,1,1,56,65,0,0,0,1,54,54,,,,,,,,,,,3,,71,,181,,0,,,,,,,,,2026/2/7,
Dunkin,loaded-hash-browns-1-bowl-standard,Loaded Hash Browns 1 Bowl standard,,320,9,22,24,1240,6,0,20,2,4,1,,,,,,,,,,,0,,429,,86,,1,,,,,,,,,2026/2/7,
Dunkin,extra-large-extra-large,- Extra Large Extra Large,,680,4,15,134,510,14,0,0,3,114,111,,,,,,,,,,,0,,462,,157,,2,,,,,,,,,2026/2/7,
Dunkin,large-large,- Large Large,,600,4,14,118,460,13,0,0,3,99,97,,,,,,,,,,,0,,410,,135,,2,,,,,,,,,2026/2/7,
Dunkin,medium-medium,- Medium Medium,,440,3,10,86,330,9,0,0,2,72,71,,,,,,,,,,,0,,296,,98,,1,,,,,,,,,2026/2/7,
Dunkin,small-small,- Small Small,,300,2,7,58,220,6,0,0,2,49,48,,,,,,,,,,,0,,200,,66,,1,,,,,,,,,2026/2/7,
Dunkin,hot-dunkalatte-large-large,Hot Dunkalatte - Large Large,,410,15,13,60,330,7,0,40,0,58,36,,,,,,,,,,,0,,1059,,527,,0,,,,,,,,,2026/2/7,
Dunkin,hot-dunkalatte-medium-medium,Hot Dunkalatte - Medium Medium,,310,11,10,45,250,5,0,30,0,43,27,,,,,,,,,,,0,,789,,395,,0,,,,,,,,,2026/2/7,
Dunkin,hot-dunkalatte-small-small,Hot Dunkalatte - Small Small,,210,8,6,30,170,3.5,0,20,0,29,18,,,,,,,,,,,0,,529,,264,,0,,,,,,,,,2026/2/7,
Dunkin,large-large,- Large Large,,90,1,2.5,15,180,0,0,0,1,13,13,,,,,,,,,,,3,,265,,475,,1,,,,,,,,,2026/2/7,
Dunkin,medium-medium,- Medium Medium,,60,1,2,11,130,0,0,0,0,10,10,,,,,,,,,,,2,,194,,355,,1,,,,,,,,,2026/2/7,
Dunkin,small-small,- Small Small,,45,1,1,8,90,0,0,0,0,6,6,,,,,,,,,,,1,,133,,238,,0,,,,,,,,,2026/2/7,
Dunkin,large-large,Large Large,,340,5,12,53,320,6,0,35,0,50,42,,,,,,,,,,,1,,482,,204,,0,,,,,,,,,2026/2/7,
Dunkin,medium-medium,Medium Medium,,260,4,9,39,240,4.5,0,30,0,37,31,,,,,,,,,,,0,,361,,152,,0,,,,,,,,,2026/2/7,
Dunkin,small-small,Small Small,,170,3,6,26,160,3,0,20,0,25,21,,,,,,,,,,,0,,241,,102,,0,,,,,,,,,2026/2/7,
Dunkin,with-chocolate-cold-foam-large-large,with Chocolate Cold Foam - Large Large,,390,3,17,57,140,9,0.5,50,1,54,52,,,,,,,,,,,1,,462,,157,,2,,,,,,,,,2026/2/7,
Dunkin,medium-medium,Medium Medium,,270,2,12,40,95,7,0,35,0,38,37,,,,,,,,,,,1,,329,,114,,1,,,,,,,,,2026/2/7,
Dunkin,with-chocolate-cold-foam-small-small,with Chocolate Cold Foam - Small Small,,210,2,9,31,75,5,0,25,0,29,28,,,,,,,,,,,0,,244,,81,,1,,,,,,,,,2026/2/7,
Dunkin,coffee-large-large,Coffee - Large Large,,340,4,12,53,95,7,0,35,2,47,46,,,,,,,,,,,1,,653,,84,,2,,,,,,,,,2026/2/7,
Dunkin,coffee-medium-medium,Coffee - Medium Medium,,250,3,9,40,70,5,0,25,2,35,34,,,,,,,,,,,0,,490,,62,,1,,,,,,,,,2026/2/7,
Dunkin,coffee-small-small,Coffee - Small Small,,170,2,6,26,45,3.5,0,20,1,24,23,,,,,,,,,,,0,,327,,42,,1,,,,,,,,,2026/2/7,
Dunkin,coffee-large-large,Coffee - Large Large,,20,1,0,8,30,0,0,0,0,0,0,,,,,,,,,,,0,,254,,20,,0,,,,,,,,,2026/2/7,
Dunkin,coffee-medium-medium,Coffee - Medium Medium,,15,0,0,6,20,0,0,0,0,0,0,,,,,,,,,,,0,,190,,14,,0,,,,,,,,,2026/2/7,
Dunkin,coffee-small-small,Coffee - Small Small,,10,0,0,4,15,0,0,0,0,0,0,,,,,,,,,,,0,,127,,10,,0,,,,,,,,,2026/2/7,
Dunkin,chocolate-cold-foam-large-large,Chocolate Cold Foam - Large Large,,460,5,17,74,150,10,0.5,50,3,65,63,,,,,,,,,,,1,,711,,102,,3,,,,,,,,,2026/2/7,
Dunkin,chocolate-cold-foam-medium-medium,Chocolate Cold Foam - Medium Medium,,330,3,12,52,100,7,0,35,2,46,45,,,,,,,,,,,1,,515,,73,,2,,,,,,,,,2026/2/7,
Dunkin,chocolate-cold-foam-small-small,Chocolate Cold Foam - Small Small,,240,2,9,39,80,5,0,25,1,35,34,,,,,,,,,,,0,,368,,53,,1,,,,,,,,,2026/2/7,
Dunkin,large-large,Large Large,,10,1,0,5,30,0,0,0,0,0,0,,,,,,,,,,,0,,254,,20,,0,,,,,,,,,2026/2/7,
Dunkin,medium-medium,Medium Medium,,5,0,0,4,20,0,0,0,0,0,0,,,,,,,,,,,0,,190,,14,,0,,,,,,,,,2026/2/7,
Dunkin,small-small,Small Small,,5,0,0,3,15,0,0,0,0,0,0,,,,,,,,,,,0,,127,,10,,0,,,,,,,,,2026/2/7,
Dunkin,toffee-nut-iced-coffee-large-large,Toffee Nut Iced Coffee - Large Large,,350,5,12,54,130,6,0,40,0,53,46,,,,,,,,,,,1,,649,,177,,0,,,,,,,,,2026/2/7,
Dunkin,toffee-nut-iced-coffee-medium-medium,Toffee Nut Iced Coffee - Medium Medium,,260,4,9,40,95,4.5,0,30,0,40,35,,,,,,,,,,,0,,487,,132,,0,,,,,,,,,2026/2/7,
Dunkin,toffee-nut-iced-coffee-small-small,Toffee Nut Iced Coffee - Small Small,,170,3,6,27,65,3,0,20,0,26,23,,,,,,,,,,,0,,325,,89,,0,,,,,,,,,2026/2/7,
Dunkin,large-large,Large Large,,230,2,2.5,51,135,0,0,0,2,37,36,,,,,,,,,,,3,,501,,304,,1,,,,,,,,,2026/2/7,
Dunkin,medium-medium,Medium Medium,,180,1,2,40,105,0,0,0,2,28,27,,,,,,,,,,,2,,407,,248,,1,,,,,,,,,2026/2/7,
Dunkin,small-small,Small Small,,120,1,1.5,26,70,0,0,0,1,18,18,,,,,,,,,,,1,,273,,153,,1,,,,,,,,,2026/2/7,
Dunkin,espresso-large-large,Espresso - Large Large,,240,2,2.5,54,140,0,0,0,2,38,37,,,,,,,,,,,3,,537,,334,,1,,,,,,,,,2026/2/7,
Dunkin,espresso-medium-medium,Espresso - Medium Medium,,180,1,2,40,105,0,0,0,2,29,28,,,,,,,,,,,2,,409,,250,,1,,,,,,,,,2026/2/7,
Dunkin,espresso-small-small,Espresso - Small Small,,120,1,1.5,27,75,0,0,0,1,19,19,,,,,,,,,,,1,,291,,168,,1,,,,,,,,,2026/2/7,
Dunkin,cocoa-cloud-latte-large-large,Cocoa Cloud Latte - Large Large,,500,13,17,74,260,10,0,50,1,70,52,,,,,,,,,,,5,,802,,517,,2,,,,,,,,,2026/2/7,
Dunkin,cocoa-cloud-latte-medium-medium,Cocoa Cloud Latte - Medium Medium,,360,9,12,53,190,7,0,35,0,50,37,,,,,,,,,,,4,,579,,384,,1,,,,,,,,,2026/2/7,
Dunkin,cocoa-cloud-latte-small-small,Cocoa Cloud Latte - Small Small,,260,6,9,39,140,5,0,30,0,37,28,,,,,,,,,,,2,,413,,261,,1,,,,,,,,,2026/2/7,
Dunkin,shakin-espresso-large-large,Shakin' Espresso - Large Large,,120,6,6,11,110,3.5,0,20,0,9,0,,,,,,,,,,,2,,385,,225,,0,,,,,,,,,2026/2/7,
Dunkin,shakin-espresso-medium-medium,Shakin' Espresso - Medium Medium,,90,4,4.5,8,85,2.5,0,15,0,7,0,,,,,,,,,,,2,,295,,168,,0,,,,,,,,,2026/2/7,
Dunkin,shakin-espresso-small-small,Shakin' Espresso - Small Small,,60,3,3,6,60,2,0,10,0,4,0,,,,,,,,,,,1,,215,,113,,0,,,,,,,,,2026/2/7,
Dunkin,iced-latte-large-large,Iced Latte - Large Large,,140,12,0,26,190,0,0,5,0,18,0,,,,,,,,,,,4,,675,,465,,0,,,,,,,,,2026/2/7,
Dunkin,iced-latte-medium-medium,Iced Latte - Medium Medium,,110,9,0,19,140,0,0,5,0,14,0,,,,,,,,,,,3,,501,,348,,0,,,,,,,,,2026/2/7,
Dunkin,iced-latte-small-small,Iced Latte - Small Small,,70,6,0,13,95,0,0,5,0,9,0,,,,,,,,,,,2,,337,,233,,0,,,,,,,,,2026/2/7,
Dunkin,latte-large-large,Latte - Large Large,,330,3,5,70,200,1,0,0,4,43,41,,,,,,,,,,,6,,717,,528,,1,,,,,,,,,2026/2/7,
Dunkin,latte-medium-medium,Latte - Medium Medium,,250,2,4,53,150,0.5,0,0,3,32,31,,,,,,,,,,,4,,533,,396,,1,,,,,,,,,2026/2/7,
Dunkin,latte-small-small,Latte - Small Small,,160,1,2.5,35,100,0,0,0,2,21,21,,,,,,,,,,,3,,358,,264,,0,,,,,,,,,2026/2/7,
Dunkin,iced-dunkalatte-large-large,Iced Dunkalatte - Large Large,,410,15,13,60,350,7,0,40,0,58,36,,,,,,,,,,,0,,1064,,543,,0,,,,,,,,,2026/2/7,
Dunkin,iced-dunkalatte-medium-medium,Iced Dunkalatte - Medium Medium,,310,11,10,45,260,5,0,30,0,43,27,,,,,,,,,,,0,,793,,406,,0,,,,,,,,,2026/2/7,
Dunkin,iced-dunkalatte-small-small,Iced Dunkalatte - Small Small,,210,8,6,30,170,3.5,0,20,0,29,18,,,,,,,,,,,0,,532,,272,,0,,,,,,,,,2026/2/7,
Dunkin,cold-foam-large-large,Cold Foam - Large Large,,520,14,16,77,250,10,0.5,50,2,70,51,,,,,,,,,,,5,,638,,498,,1,,,,,,,,,2026/2/7,
Dunkin,cold-foam-medium-medium,Cold Foam - Medium Medium,,380,10,12,56,180,7,0,35,2,51,37,,,,,,,,,,,4,,464,,362,,0,,,,,,,,,2026/2/7,
Dunkin,cold-foam-small-small,Cold Foam - Small Small,,280,7,9,41,130,5,0,25,1,38,28,,,,,,,,,,,2,,323,,250,,0,,,,,,,,,2026/2/7,
Dunkin,cold-foam-large-large,Cold Foam - Large Large,,460,14,16,63,200,9,0,50,2,59,40,,,,,,,,,,,9,,547,,466,,0,,,,,,,,,2026/2/7,
Dunkin,cold-foam-medium-medium,Cold Foam - Medium Medium,,340,11,12,46,150,7,0,35,2,43,29,,,,,,,,,,,6,,406,,346,,0,,,,,,,,,2026/2/7,
Dunkin,cold-foam-small-small,Cold Foam - Small Small,,250,7,9,35,110,5,0,25,1,32,22,,,,,,,,,,,4,,284,,240,,0,,,,,,,,,2026/2/7,
Dunkin,sweet-on-you-cloud-latte-large-large,Sweet On You Cloud Latte - Large Large,,580,16,17,89,280,10,0,60,0,87,62,,,,,,,,,,,5,,1019,,598,,0,,,,,,,,,2026/2/7,
Dunkin,medium-medium,Medium Medium,,420,12,12,64,200,7,0,40,0,63,44,,,,,,,,,,,4,,746,,438,,0,,,,,,,,,2026/2/7,
Dunkin,sweet-on-you-cloud-latte-small-small,Sweet On You Cloud Latte - Small Small,,310,8,9,47,140,5,0,30,0,45,33,,,,,,,,,,,2,,519,,306,,0,,,,,,,,,2026/2/7,
Dunkin,the-perfect-matcha-large-large,The Perfect Matcha - Large Large,,460,15,17,62,200,10,0,55,1,61,41,,,,,,,,,,,5,,581,,493,,0,,,,,,,,,2026/2/7,
Dunkin,the-perfect-matcha-medium-medium,The Perfect Matcha - Medium Medium,,330,11,12,44,140,7,0,35,1,43,28,,,,,,,,,,,4,,422,,360,,0,,,,,,,,,2026/2/7,
Dunkin,the-perfect-matcha-small-small,The Perfect Matcha - Small Small,,240,7,9,33,100,5,0,30,1,32,22,,,,,,,,,,,2,,300,,253,,0,,,,,,,,,2026/2/7,
Dunkin,large-large,Large Large,,420,15,13,61,350,7,0,40,0,58,36,,,,,,,,,,,0,,1064,,543,,0,,,,,,,,,2026/2/7,
Dunkin,medium-medium,Medium Medium,,310,11,10,46,260,5,0,30,0,43,27,,,,,,,,,,,0,,793,,406,,0,,,,,,,,,2026/2/7,
Dunkin,small-small,Small Small,,210,8,6,30,170,3.5,0,20,0,29,18,,,,,,,,,,,0,,532,,272,,0,,,,,,,,,2026/2/7,
Dunkin,large-large,Large Large,,570,14,18,91,270,11,0,50,3,81,63,,,,,,,,,,,5,,1051,,462,,3,,,,,,,,,2026/2/7,
Dunkin,medium-medium,Medium Medium,,410,10,13,65,190,7,0,35,2,58,45,,,,,,,,,,,4,,766,,343,,2,,,,,,,,,2026/2/7,
Dunkin,small-small,Small Small,,300,7,9,47,140,6,0,30,1,43,34,,,,,,,,,,,2,,538,,233,,1,,,,,,,,,2026/2/7,
Dunkin,iced-tea-lemonade-large-large,Iced Tea Lemonade - Large Large,,160,0,0,38,25,0,0,0,0,37,37,,,,,,,,,,,0,,105,,20,,0,,,,,,,,,2026/2/7,
Dunkin,iced-tea-lemonade-medium-medium,Iced Tea Lemonade - Medium Medium,,120,0,0,30,20,0,0,0,0,29,29,,,,,,,,,,,0,,79,,14,,0,,,,,,,,,2026/2/7,
Dunkin,iced-tea-lemonade-small-small,Iced Tea Lemonade - Small Small,,80,0,0,19,15,0,0,0,0,18,18,,,,,,,,,,,0,,53,,10,,0,,,,,,,,,2026/2/7,
Dunkin,wicked-green-matcha-large-large,Wicked Green Matcha - Large Large,,490,14,12,81,180,7,0,35,2,78,61,,,,,,,,,,,9,,524,,439,,0,,,,,,,,,2026/2/7,
Dunkin,wicked-green-matcha-medium-medium,Wicked Green Matcha - Medium Medium,,370,10,9,61,130,5,0,25,1,59,45,,,,,,,,,,,6,,393,,329,,0,,,,,,,,,2026/2/7,
Dunkin,wicked-green-matcha-small-small,Wicked Green Matcha - Small Small,,240,7,6,41,90,3.5,0,20,1,39,30,,,,,,,,,,,4,,262,,220,,0,,,,,,,,,2026/2/7,
Dunkin,butternut-munchkins-1-donut-hole-standard,Butternut Munchkins 1 Donut Hole standard,,90,1,4,12,70,2,0,5,0,7,7,,,,,,,,,,,0,,16,,4,,0,,,,,,,,,2026/2/7,
Dunkin,valentine-sprinkle-munchkin-1-donut-hole-standard,Valentine Sprinkle Munchkin 1 Donut Hole standard,,90,1,3.5,14,80,2,0,0,0,7,7,,,,,,,,,,,0,,31,,7,,0,,,,,,,,,2026/2/7,
Dunkin,old-fashion-munchkins1-donut-hole-standard,Old-Fashion Munchkins1 Donut Hole standard,,110,1,5,15,65,3,0,5,0,9,8,,,,,,,,,,,0,,8,,4,,0,,,,,,,,,2026/2/7,
Dunkin,bacon-cheddar-omelet-bites-2-omelet-bites-standard,Bacon & Cheddar Omelet Bites 2 Omelet Bites standard,,280,17,19,7,520,10,0.5,185,0,2,0,,,,,,,,,,,5,,156,,238,,1,,,,,,,,,2026/2/7,
Dunkin,braided-apple-pie-1-pie-standard,Braided Apple Pie 1 Pie standard,,400,5,18,53,350,7,0,0,2,20,18,,,,,,,,,,,4,,74,,11,,2,,,,,,,,,2026/2/7,
Dunkin,punch-large,Punch Large,,430,0,0,100,120,0,0,0,0,98,98,,,,,,,,,,,0,,5,,12,,0,,,,,,,,,2026/2/7,
Dunkin,punch-large,Punch Large,,440,0,0,103,120,0,0,0,1,98,94,,,,,,,,,,,0,,120,,19,,0,,,,,,,,,2026/2/7,
Dunkin,bacon-jam-grilled-cheese-1-sandwich-standard,Bacon Jam Grilled Cheese 1 Sandwich standard,,650,30,30,65,1710,14,0,90,3,12,11,,,,,,,,,,,0,,320,,424,,4,,,,,,,,,2026/2/7,
Dunkin,with-chipotle-aioli1-sandwich-680-34-9-0-200-1-standard,"with Chipotle Aioli1 Sandwich 680 34 9 0 200 1, standard",,540,,69,1,24,4,10,6,320,140,5,,,,,,,,,,,,,,,,,,,,,,,,,,2026/2/7,
Dunkin,breakast-sandwich1-sandwich-standard,Breakast Sandwich1 Sandwich standard,,610,20,39,43,950,17,0,230,2,10,9,,,,,,,,,,,14,,212,,221,,4,,,,,,,,,2026/2/7,
Dunkin,up-wrap1-wrap-standard,Up Wrap1 Wrap standard,,280,12,17,19,580,7,0,105,1,4,3,,,,,,,,,,,0.5,,90,,210,,1.8,,,,,,,,,2026/2/7,
Dunkin,breakfast-sandwich1-sandwich-standard,Breakfast Sandwich1 Sandwich standard,,610,21,39,45,950,17,0,230,2,11,10,,,,,,,,,,,14,,223,,222,,4,,,,,,,,,2026/2/7,
Dunkin,wake-up-wrap1-wrap-standard,Wake-Up Wrap1 Wrap standard,,280,12,17,19,580,7,0,105,1,3,3,,,,,,,,,,,1,,97,,208,,2,,,,,,,,,2026/2/7,
Dunkin,sandwich1-sandwich-standard,Sandwich1 Sandwich standard,,560,21,36,38,770,18,0,245,1,9,8,,,,,,,,,,,13.9,,250,,200,,3.1,,,,,,,,,2026/2/7,
Dunkin,wrap1-wrap-standard,Wrap1 Wrap standard,,260,12,16,17,490,7,0,110,0,3,3,,,,,,,,,,,0.6,,110,,200,,1.4,,,,,,,,,2026/2/7,
Dunkin,breakfast-sandwich1-sandwich-standard,Breakfast Sandwich1 Sandwich standard,,560,21,36,38,770,18,0,245,1,9,8,,,,,,,,,,,14,,256,,210,,3,,,,,,,,,2026/2/7,
Dunkin,up-wrap1-wrap-standard,Up Wrap1 Wrap standard,,230,10,13,17,590,5,0,105,0,3,3,,,,,,,,,,,0.6,,120,,140,,1.4,,,,,,,,,2026/2/7,
Dunkin,sandwich1-sandwich-standard,Sandwich1 Sandwich standard,,640,25,40,45,1100,19,0,260,1,15,14,,,,,,,,,,,14,,323,,209,,3,,,,,,,,,2026/2/7,
Dunkin,maple-sugar-snackin-bacon-8-pieces-standard,Maple Sugar Snackin' Bacon 8 Pieces standard,,190,10,12,10,500,4.5,0,35,0,9,9,,,,,,,,,,,0,,160,,20,,0.5,,,,,,,,,2026/2/7,
Dunkin,snackin-bacon8-pieces-standard,Snackin' Bacon8 Pieces standard,,190,10,12,10,500,4.5,0,35,0,9,9,,,,,,,,,,,0,,171,,17,,1,,,,,,,,,2026/2/7,
Dunkin,stuffed-bagel-minis-everything-2-bagel-minis-standard,Stuffed Bagel Minis - Everything 2 Bagel Minis standard,,260,8,12,34,400,7,0,30,3,5,2,,,,,,,,,,,0,,120,,60,,2,,,,,,,,,2026/2/7,
Dunkin,stuffed-bagel-minis-plain-2-bagel-minis-standard,Stuffed Bagel Minis - Plain 2 Bagel Minis standard,,240,7,10,32,400,6,0,30,2,5,2,,,,,,,,,,,0,,120,,45,,2,,,,,,,,,2026/2/7,
Dunkin,avocado-spread-1-unit-standard,Avocado Spread 1 Unit standard,,80,1,7,4,200,1,0,0,3,0,0,,,,,,,,,,,0,,232,,6,,0,,,,,,,,,2026/2/7,
Dunkin,avocado-toast-1-piece-standard,Avocado Toast 1 Piece standard,,240,6,11,34,530,1.5,0,0,6,1,0,,,,,,,,,,,0,,371,,47,,2,,,,,,,,,2026/2/7,
Dunkin,bacon-topped-avocado-toast-1-piece-standard,Bacon Topped Avocado Toast 1 Piece standard,,290,10,14,32,740,3.5,0,15,5,2,1,,,,,,,,,,,0,,378,,26,,2,,,,,,,,,2026/2/7,
Dunkin,cinnamon-raisin-bagel-1-bagel-standard,Cinnamon Raisin Bagel 1 Bagel standard,,320,11,1,67,510,0,0,0,4,13,6,,,,,,,,,,,0,,160,,38,,3,,,,,,,,,2026/2/7,
Dunkin,everything-bagel-1-bagel-standard,Everything Bagel 1 Bagel standard,,340,12,3,67,630,0.5,0,0,5,8,4,,,,,,,,,,,0,,182,,57,,4,,,,,,,,,2026/2/7,
Dunkin,multigrain-bagel-1-bagel-standard,Multigrain Bagel 1 Bagel standard,,380,15,8,63,550,1,0,0,8,8,7,,,,,,,,,,,0,,297,,52,,5,,,,,,,,,2026/2/7,
Dunkin,plain-bagel-1-bagel-standard,Plain Bagel 1 Bagel standard,,300,11,1,64,620,0,0,0,4,7,4,,,,,,,,,,,0,,126,,20,,4,,,,,,,,,2026/2/7,
Dunkin,sesame-seed-bagel-1-bagel-standard,Sesame Seed Bagel 1 Bagel standard,,350,12,5,64,630,1,0,0,5,7,4,,,,,,,,,,,0,,152,,24,,4,,,,,,,,,2026/2/7,
Dunkin,white-cheddar-bagel-twist-1-bagel-twist-standard,White Cheddar Bagel Twist 1 Bagel Twist standard,,390,16,8,64,760,4.5,0,20,4,7,4,,,,,,,,,,,0,,142,,171,,4,,,,,,,,,2026/2/7,
Dunkin,cold-foam-large-large,Cold Foam - Large Large,,350,4,4,70,115,2.5,0,15,0,67,61,,,,,,,,,,,0,,613,,158,,0,,,,,,,,,2026/2/7,
Dunkin,cold-foam-medium-medium,Cold Foam - Medium Medium,,250,3,3,51,85,1.5,0,10,0,49,45,,,,,,,,,,,0,,455,,115,,0,,,,,,,,,2026/2/7,
Dunkin,cold-foam-small-small,Cold Foam - Small Small,,200,2,2.5,38,65,1.5,0,10,0,37,33,,,,,,,,,,,0,,317,,86,,0,,,,,,,,,2026/2/7,
Dunkin,cold-brew-coffee-large-large,Cold Brew Coffee - Large Large,,5,1,0,0,20,0,0,0,0,0,0,,,,,,,,,,,0,,275,,21,,0,,,,,,,,,2026/2/7,
Dunkin,cold-brew-coffee-medium-medium,Cold Brew Coffee - Medium Medium,,5,0,0,0,15,0,0,0,0,0,0,,,,,,,,,,,0,,206,,15,,0,,,,,,,,,2026/2/7,
Dunkin,cold-brew-coffee-small-small,Cold Brew Coffee - Small Small,,5,0,0,0,10,0,0,0,0,0,0,,,,,,,,,,,0,,137,,11,,0,,,,,,,,,2026/2/7,
Dunkin,large-large,Large Large,,120,2,12,2,65,6,0,35,0,2,0,,,,,,,,,,,1,,330,,75,,0,,,,,,,,,2026/2/7,
Dunkin,medium-medium,Medium Medium,,90,2,9,1,45,4.5,0,25,0,1,0,,,,,,,,,,,0,,247,,55,,0,,,,,,,,,2026/2/7,
Dunkin,small-small,Small Small,,60,1,6,1,30,3,0,20,0,1,0,,,,,,,,,,,0,,165,,37,,0,,,,,,,,,2026/2/7,
Dunkin,sugar-large-large,Sugar - Large Large,,260,2,12,37,65,6,0,35,0,36,35,,,,,,,,,,,1,,330,,75,,0,,,,,,,,,2026/2/7,
Dunkin,sugar-medium-medium,Sugar - Medium Medium,,190,2,9,27,45,4.5,0,25,0,27,26,,,,,,,,,,,0,,247,,55,,0,,,,,,,,,2026/2/7,
Dunkin,sugar-small-small,Sugar - Small Small,,130,1,6,18,30,3,0,20,0,18,17,,,,,,,,,,,0,,165,,38,,0,,,,,,,,,2026/2/7,
Dunkin,large-large,Large Large,,50,1,1.5,8,65,0,0,0,1,2,1,,,,,,,,,,,2,,397,,145,,0,,,,,,,,,2026/2/7,
Dunkin,medium-medium,Medium Medium,,30,1,1,5,45,0,0,0,1,1,1,,,,,,,,,,,1,,289,,98,,0,,,,,,,,,2026/2/7,
Dunkin,small-small,Small Small,,15,1,0,3,25,0,0,0,0,1,0,,,,,,,,,,,1,,181,,52,,0,,,,,,,,,2026/2/7,
Dunkin,foam-and-cream-large-large,Foam and Cream - Large Large,,240,4,16,20,85,9,0,50,0,19,16,,,,,,,,,,,1,,356,,134,,0,,,,,,,,,2026/2/7,
Dunkin,foam-and-cream-medium-medium,Foam and Cream - Medium Medium,,170,3,12,14,60,7,0,40,0,14,11,,,,,,,,,,,1,,263,,97,,0,,,,,,,,,2026/2/7,
Dunkin,foam-and-cream-small-small,Foam and Cream - Small Small,,140,2,9,13,50,5,0,30,0,13,11,,,,,,,,,,,0,,196,,80,,0,,,,,,,,,2026/2/7,
Dunkin,foam-black-large-large,"Foam, Black - Large Large",,130,2,5,18,45,3,0,15,0,18,16,,,,,,,,,,,0,,301,,80,,0,,,,,,,,,2026/2/7,
Dunkin,foam-black-medium-medium,"Foam, Black - Medium Medium",,90,2,3.5,13,30,2,0,10,0,12,11,,,,,,,,,,,0,,221,,56,,0,,,,,,,,,2026/2/7,
Dunkin,foam-black-small-small,"Foam, Black - Small Small",,90,2,3.5,13,25,2,0,10,0,12,11,,,,,,,,,,,0,,169,,53,,0,,,,,,,,,2026/2/7,
Dunkin,nitro-cold-brew-coffee-small-small,Nitro Cold Brew Coffee - Small Small,,5,0,0,0,5,0,0,0,0,0,0,,,,,,,,,,,0,,148,,6,,0,,,,,,,,,2026/2/7,
Dunkin,cold-foam-small-small,Cold Foam - Small Small,,90,2,3.5,13,25,2,0,10,0,12,11,,,,,,,,,,,0,,246,,51,,0,,,,,,,,,2026/2/7,
Dunkin,the-caramel-cold-foam-large-large,The Caramel Cold Foam - Large Large,,340,4,4,70,115,2.5,0,15,0,68,61,,,,,,,,,,,0,,613,,159,,0,,,,,,,,,2026/2/7,
Dunkin,the-caramel-cold-foam-medium-medium,The Caramel Cold Foam - Medium Medium,,250,3,3,52,85,1.5,0,10,0,50,45,,,,,,,,,,,0,,455,,116,,0,,,,,,,,,2026/2/7,
Dunkin,the-caramel-cold-foam-small-small,The Caramel Cold Foam - Small Small,,190,2,2.5,39,65,1.5,0,10,0,37,34,,,,,,,,,,,0,,317,,87,,0,,,,,,,,,2026/2/7,
Dunkin,vanilla-cream-cold-brew-large-large,Vanilla Cream Cold Brew - Large Large,,130,2,12,2,65,6,0,35,0,2,0,,,,,,,,,,,1,,348,,75,,0,,,,,,,,,2026/2/7,
Dunkin,medium-medium,Medium Medium,,100,2,9,2,45,4.5,0,25,0,1,0,,,,,,,,,,,0,,260,,56,,0,,,,,,,,,2026/2/7,
Dunkin,vanilla-cream-cold-brew-small-small,Vanilla Cream Cold Brew - Small Small,,60,1,6,1,30,3,0,20,0,1,0,,,,,,,,,,,0,,174,,38,,0,,,,,,,,,2026/2/7,
Dunkin,butter-packet-1-packet-standard,Butter Packet 1 Packet standard,,35,0,4,0,30,2.5,0,10,0,0,0,,,,,,,,,,,0,,1,,1,,0,,,,,,,,,2026/2/7,
Dunkin,butter-spread-with-canola-oil-1-portion-standard,Butter Spread with Canola Oil 1 Portion standard,,100,0,11,0,85,4,0,15,0,0,0,,,,,,,,,,,0,,3,,3,,0,,,,,,,,,2026/2/7,
Dunkin,blue-raspberry-coolatta-large-large,Blue Raspberry Coolatta® - Large Large,,460,0,0,112,60,0,0,0,0,110,110,,,,,,,,,,,0,,9,,24,,0,,,,,,,,,2026/2/7,
Dunkin,medium-medium,Medium Medium,,350,0,0,84,45,0,0,0,0,83,83,,,,,,,,,,,0,,7,,18,,0,,,,,,,,,2026/2/7,
Dunkin,blue-raspberry-coolatta-small-small,Blue Raspberry Coolatta® - Small Small,,230,0,0,56,30,0,0,0,0,55,55,,,,,,,,,,,0,,4,,10,,0,,,,,,,,,2026/2/7,
Dunkin,strawberry-coolatta-large-large,Strawberry Coolatta® - Large Large,,470,0,0,115,25,0,0,0,1,110,106,,,,,,,,,,,0,,124,,32,,0,,,,,,,,,2026/2/7,
Dunkin,strawberry-coolatta-medium-medium,Strawberry Coolatta® - Medium Medium,,350,0,0,86,15,0,0,0,1,83,80,,,,,,,,,,,0,,93,,24,,0,,,,,,,,,2026/2/7,
Dunkin,strawberry-coolatta-small-small,Strawberry Coolatta® - Small Small,,240,0,0,57,10,0,0,0,1,55,53,,,,,,,,,,,0,,62,,16,,0,,,,,,,,,2026/2/7,
Dunkin,vanilla-bean-coolatta-large-large,Vanilla Bean Coolatta® - Large Large,,790,10,6,172,320,3.5,0,20,0,167,150,,,,,,,,,,,2,,456,,379,,0,,,,,,,,,2026/2/7,
Dunkin,vanilla-bean-coolatta-medium-medium,Vanilla Bean Coolatta® - Medium Medium,,590,7,4.5,129,240,2.5,0,15,0,125,113,,,,,,,,,,,2,,342,,284,,0,,,,,,,,,2026/2/7,
Dunkin,vanilla-bean-coolatta-small-small,Vanilla Bean Coolatta® - Small Small,,390,5,3,86,160,1.5,0,10,0,83,75,,,,,,,,,,,1,,228,,190,,0,,,,,,,,,2026/2/7,
Dunkin,classic-plain-cream-cheese-spread-1-unit-standard,Classic Plain Cream Cheese Spread 1 Unit standard,,120,2,12,3,200,8,0,40,0,3,0,,,,,,,,,,,0,,0,,36,,0,,,,,,,,,2026/2/7,
Dunkin,spread1-unit-standard,Spread1 Unit standard,,100,2,10,2,200,6,0,35,0,1,0,,,,,,,,,,,0,,0,,33,,0,,,,,,,,,2026/2/7,
Dunkin,strawberry-cream-cheese-spread-1-unit-standard,Strawberry Cream Cheese Spread 1 Unit standard,,130,2,10,9,100,6,0,30,0,8,7,,,,,,,,,,,0,,0,,32,,0,,,,,,,,,2026/2/7,
Dunkin,apple-n-spice-donut-1-donut-standard,Apple 'n Spice Donut 1 Donut standard,,230,4,10,31,300,4,0,0,1,10,10,,,,,,,,,,,1,,67,,14,,2,,,,,,,,,2026/2/7,
Dunkin,apple-crumb-donut-1-donut-standard,Apple Crumb Donut 1 Donut standard,,290,5,11,44,310,4.5,0,0,1,21,21,,,,,,,,,,,1,,73,,12,,2,,,,,,,,,2026/2/7,
Dunkin,apple-fritter-1-fritter-standard,Apple Fritter 1 Fritter standard,,470,6,28,47,410,12,0,0,2,17,15,,,,,,,,,,,0,,96,,25,,1,,,,,,,,,2026/2/7,
Dunkin,apple-stick-1-stick-standard,Apple Stick 1 Stick standard,,470,4,30,50,440,15,0,30,1,24,23,,,,,,,,,,,0,,78,,30,,2,,,,,,,,,2026/2/7,
Dunkin,bavarian-kreme-donut-1-donut-standard,Bavarian Kreme Donut 1 Donut standard,,240,4,11,31,310,4,0,0,1,11,11,,,,,,,,,,,1,,59,,12,,2,,,,,,,,,2026/2/7,
Dunkin,bismark-1-bismark-standard,Bismark 1 Bismark standard,,480,6,22,63,470,9,0,0,1,34,34,,,,,,,,,,,2,,87,,19,,3,,,,,,,,,2026/2/7,
Dunkin,boston-kreme-donut-1-donut-standard,Boston Kreme Donut 1 Donut standard,,270,5,11,39,320,4.5,0,0,1,18,17,,,,,,,,,,,1,,81,,33,,2,,,,,,,,,2026/2/7,
Dunkin,butternut-donut-1-donut-standard,Butternut Donut 1 Donut standard,,430,4,21,57,320,10,0,20,1,34,33,,,,,,,,,,,0,,79,,25,,2,,,,,,,,,2026/2/7,
Dunkin,chocolate-butternut-donut-1-donut-standard,Chocolate Butternut Donut 1 Donut standard,,450,4,24,57,420,11,0,0,1,35,34,,,,,,,,,,,0,,70,,26,,1,,,,,,,,,2026/2/7,
Dunkin,chocolate-cr-me-donut-1-donut-standard,Chocolate Crème Donut 1 Donut standard,,290,5,14,36,300,6,0,0,1,14,14,,,,,,,,,,,1,,101,,14,,2,,,,,,,,,2026/2/7,
Dunkin,chocolate-dipped-french-cruller-1-donut-standard,Chocolate Dipped French Cruller 1 Donut standard,,280,3,15,33,150,7,0,50,0,20,20,,,,,,,,,,,0,,37,,13,,0,,,,,,,,,2026/2/7,
Dunkin,chocolate-frosted-cake-donut-1-donut-standard,Chocolate Frosted Cake Donut 1 Donut standard,,360,4,20,41,340,9,0,20,1,21,20,,,,,,,,,,,0,,85,,25,,2,,,,,,,,,2026/2/7,
Dunkin,chocolate-frosted-donut-1-donut-standard,Chocolate Frosted Donut 1 Donut standard,,260,4,11,34,290,4.5,0,0,1,13,13,,,,,,,,,,,0,,75,,13,,2,,,,,,,,,2026/2/7,
Dunkin,donut1-donut-standard,Donut1 Donut standard,,270,4,12,36,290,5,0,0,1,15,14,,,,,,,,,,,0,,75,,13,,2,,,,,,,,,2026/2/7,
Dunkin,chocolate-headlight-donut-1-donut-standard,Chocolate Headlight Donut 1 Donut standard,,310,5,14,41,310,6,0,0,1,19,18,,,,,,,,,,,0,,105,,15,,2,,,,,,,,,2026/2/7,
Dunkin,chocolate-long-john-1-long-john-standard,Chocolate Long John 1 Long John standard,,320,6,15,41,400,6,0,0,1,16,16,,,,,,,,,,,2,,101,,17,,3,,,,,,,,,2026/2/7,
Dunkin,cinnamon-donut-1-donut-standard,Cinnamon Donut 1 Donut standard,,330,4,20,34,320,9,0,20,1,13,13,,,,,,,,,,,0,,66,,27,,2,,,,,,,,,2026/2/7,
Dunkin,cinnamon-stick-1-stick-standard,Cinnamon Stick 1 Stick standard,,430,4,30,39,380,15,0,30,1,16,15,,,,,,,,,,,0,,63,,29,,2,,,,,,,,,2026/2/7,
Dunkin,coconut-donut-1-donut-standard,Coconut Donut 1 Donut standard,,410,4,21,50,320,11,0,20,1,28,27,,,,,,,,,,,0,,89,,25,,2,,,,,,,,,2026/2/7,
Dunkin,coffee-roll-1-coffee-roll-standard,Coffee Roll 1 Coffee Roll standard,,390,7,19,48,440,8,0,0,2,17,16,,,,,,,,,,,0,,92,,27,,3,,,,,,,,,2026/2/7,
Dunkin,double-chocolate-donut-1-donut-standard,Double Chocolate Donut 1 Donut standard,,380,4,23,41,430,11,0,0,1,22,21,,,,,,,,,,,0,,75,,26,,1,,,,,,,,,2026/2/7,
Dunkin,french-cruller-1-donut-standard,French Cruller 1 Donut standard,,230,3,14,21,135,7,0,50,0,10,10,,,,,,,,,,,0,,17,,12,,0,,,,,,,,,2026/2/7,
Dunkin,frosted-vanilla-cr-me-donut-1-donut-standard,Frosted Vanilla Crème Donut 1 Donut standard,,330,5,16,44,310,6,0,0,1,24,24,,,,,,,,,,,1,,81,,13,,2,,,,,,,,,2026/2/7,
Dunkin,glazed-blueberry-donut-1-donut-standard,Glazed Blueberry Donut 1 Donut standard,,350,4,18,44,380,7,0,30,1,21,21,,,,,,,,,,,0,,68,,20,,1,,,,,,,,,2026/2/7,
Dunkin,glazed-chocolate-donut-1-donut-standard,Glazed Chocolate Donut 1 Donut standard,,370,4,23,41,420,10,0,0,1,21,20,,,,,,,,,,,0,,57,,25,,1,,,,,,,,,2026/2/7,
Dunkin,glazed-chocolate-stick-1-stick-standard,Glazed Chocolate Stick 1 Stick standard,,410,4,25,42,480,10,0,0,2,20,19,,,,,,,,,,,0,,126,,31,,2,,,,,,,,,2026/2/7,
Dunkin,glazed-donut-1-donut-standard,Glazed Donut 1 Donut standard,,240,4,11,33,270,4.5,0,0,1,13,12,,,,,,,,,,,0,,56,,12,,2,,,,,,,,,2026/2/7,
Dunkin,glazed-jelly-donut-1-donut-standard,Glazed Jelly Donut 1 Donut standard,,280,4,10,44,290,4,0,0,1,21,20,,,,,,,,,,,1,,60,,12,,2,,,,,,,,,2026/2/7,
Dunkin,glazed-jelly-stick-1-stick-standard,Glazed Jelly Stick 1 Stick standard,,540,4,30,66,430,15,0,30,1,37,36,,,,,,,,,,,0,,67,,29,,2,,,,,,,,,2026/2/7,
Dunkin,glazed-stick-1-stick-standard,Glazed Stick 1 Stick standard,,470,4,30,48,380,15,0,30,1,24,23,,,,,,,,,,,0,,64,,27,,2,,,,,,,,,2026/2/7,
Dunkin,glazed-strawberry-donut-1-donut-standard,Glazed Strawberry Donut 1 Donut standard,,280,4,10,44,280,4,0,0,1,23,23,,,,,,,,,,,1,,67,,12,,2,,,,,,,,,2026/2/7,
Dunkin,jelly-donut-1-donut-standard,Jelly Donut 1 Donut standard,,250,4,10,36,290,4,0,0,1,13,13,,,,,,,,,,,1,,58,,13,,2,,,,,,,,,2026/2/7,
Dunkin,jelly-stick-1-stick-standard,Jelly Stick 1 Stick standard,,500,4,30,57,420,15,0,30,1,29,28,,,,,,,,,,,0,,65,,29,,2,,,,,,,,,2026/2/7,
Dunkin,lemon-donut-1-donut-standard,Lemon Donut 1 Donut standard,,230,4,10,31,310,4,0,0,1,10,10,,,,,,,,,,,1,,59,,12,,2,,,,,,,,,2026/2/7,
Dunkin,lemon-stick-1-stick-standard,Lemon Stick 1 Stick standard,,480,4,30,50,460,15,0,30,1,24,23,,,,,,,,,,,0,,67,,28,,2,,,,,,,,,2026/2/7,
Dunkin,maple-cr-me-donut-1-donut-standard,Maple Crème Donut 1 Donut standard,,290,4,14,38,290,5,0,0,1,18,18,,,,,,,,,,,1,,61,,12,,2,,,,,,,,,2026/2/7,
Dunkin,maple-cr-me-stick-1-stick-standard,Maple Crème Stick 1 Stick standard,,460,5,22,59,440,9,0,0,1,34,34,,,,,,,,,,,2,,89,,17,,2,,,,,,,,,2026/2/7,
Dunkin,maple-frosted-donut-1-donut-standard,Maple Frosted Donut 1 Donut standard,,260,4,11,35,280,4.5,0,0,1,14,14,,,,,,,,,,,0,,59,,12,,2,,,,,,,,,2026/2/7,
Dunkin,maple-vanilla-cr-me-donut-1-donut-standard,Maple Vanilla Crème Donut 1 Donut standard,,330,4,15,45,300,6,0,0,1,25,25,,,,,,,,,,,1,,65,,12,,2,,,,,,,,,2026/2/7,
Dunkin,old-fashioned-donut-1-donut-standard,Old Fashioned Donut 1 Donut standard,,310,4,19,30,320,9,0,20,1,10,9,,,,,,,,,,,0,,64,,24,,2,,,,,,,,,2026/2/7,
Dunkin,peanut-donut-1-donut-standard,Peanut Donut 1 Donut standard,,470,8,27,50,320,10,0,20,2,26,25,,,,,,,,,,,0,,162,,33,,2,,,,,,,,,2026/2/7,
Dunkin,plain-stick-1-stick-standard,Plain Stick 1 Stick standard,,420,4,30,36,380,15,0,30,1,13,12,,,,,,,,,,,0,,62,,27,,2,,,,,,,,,2026/2/7,
Dunkin,powdered-donut-1-donut-standard,Powdered Donut 1 Donut standard,,330,4,20,34,320,9,0,20,1,14,13,,,,,,,,,,,0,,64,,24,,2,,,,,,,,,2026/2/7,
Dunkin,powdered-stick-1-stick-standard,Powdered Stick 1 Stick standard,,440,4,30,42,380,15,0,30,1,18,17,,,,,,,,,,,0,,62,,27,,2,,,,,,,,,2026/2/7,
Dunkin,sour-cream-donut-1-donut-standard,Sour Cream Donut 1 Donut standard,,360,4,17,49,360,7,0,10,1,25,25,,,,,,,,,,,0,,16,,15,,1,,,,,,,,,2026/2/7,
Dunkin,strawberry-frosted-donut-1-donut-standard,Strawberry Frosted Donut 1 Donut standard,,260,4,11,35,280,4.5,0,0,1,14,14,,,,,,,,,,,0,,59,,12,,2,,,,,,,,,2026/2/7,
Dunkin,donut1-donut-standard,Donut1 Donut standard,,270,4,12,37,280,5,0,0,1,16,15,,,,,,,,,,,0,,59,,12,,2,,,,,,,,,2026/2/7,
Dunkin,sugared-donut-1-donut-standard,Sugared Donut 1 Donut standard,,210,4,11,24,270,4.5,0,0,1,5,4,,,,,,,,,,,0,,55,,12,,2,,,,,,,,,2026/2/7,
Dunkin,sugared-stick-1-stick-standard,Sugared Stick 1 Stick standard,,430,4,30,39,380,15,0,30,1,16,15,,,,,,,,,,,0,,62,,27,,2,,,,,,,,,2026/2/7,
Dunkin,taillight-donut-1-donut-standard,Taillight Donut 1 Donut standard,,320,4,15,41,310,6,0,0,1,21,20,,,,,,,,,,,0,,78,,13,,2,,,,,,,,,2026/2/7,
Dunkin,toasted-coconut-donut-1-donut-standard,Toasted Coconut Donut 1 Donut standard,,430,5,22,52,360,11,0,20,3,29,28,,,,,,,,,,,1,,97,,27,,2,,,,,,,,,2026/2/7,
Dunkin,vanilla-cr-me-donut-1-donut-standard,Vanilla Crème Donut 1 Donut standard,,300,4,15,37,290,6,0,0,1,18,17,,,,,,,,,,,1,,61,,12,,2,,,,,,,,,2026/2/7,
Dunkin,vanilla-frosted-donut-1-donut-standard,Vanilla Frosted Donut 1 Donut standard,,260,4,11,34,280,4.5,0,0,1,14,13,,,,,,,,,,,0,,58,,12,,2,,,,,,,,,2026/2/7,
Dunkin,vanilla-frosted-sprinkles-donut-1-donut-standard,Vanilla Frosted Sprinkles Donut 1 Donut standard,,270,4,11,37,280,4.5,0,0,1,16,15,,,,,,,,,,,0,,60,,12,,2,,,,,,,,,2026/2/7,
Dunkin,vanilla-headlight-donut-1-donut-standard,Vanilla Headlight Donut 1 Donut standard,,310,4,15,41,310,6,0,0,1,21,20,,,,,,,,,,,0,,78,,13,,2,,,,,,,,,2026/2/7,
Dunkin,vanilla-long-john-1-long-john-standard,Vanilla Long John 1 Long John standard,,320,5,15,42,400,6,0,0,1,17,16,,,,,,,,,,,2,,81,,16,,2,,,,,,,,,2026/2/7,
Dunkin,clair-1-clair-standard,Éclair 1 Éclair standard,,360,6,16,50,470,6,0,0,1,23,22,,,,,,,,,,,2,,108,,49,,3,,,,,,,,,2026/2/7,
Dunkin,apple-streusel-donut-1-donut-standard,Apple Streusel Donut 1 Donut standard,,310,5,12,46,310,4.5,0,0,1,23,23,,,,,,,,,,,1,,72,,13,,2,,,,,,,,,2026/2/7,
Dunkin,chocolate-coconut-donut-1-donut-standard,Chocolate Coconut Donut 1 Donut standard,,430,4,25,50,420,12,0,0,1,29,28,,,,,,,,,,,0,,80,,26,,1,,,,,,,,,2026/2/7,
Dunkin,chocolate-cr-me-stick-1-stick-standard,Chocolate Crème Stick 1 Stick standard,,460,6,23,58,450,9,0,0,2,33,33,,,,,,,,,,,2,,108,,18,,3,,,,,,,,,2026/2/7,
Dunkin,cr-me-delight-donut-1-donut-standard,Crème Delight Donut 1 Donut standard,,330,5,16,44,310,6,0,0,1,24,24,,,,,,,,,,,1,,81,,13,,2,,,,,,,,,2026/2/7,
Dunkin,french-apple-donut-1-donut-standard,French Apple Donut 1 Donut standard,,270,4,10,40,310,4,0,0,1,19,18,,,,,,,,,,,1,,69,,12,,2,,,,,,,,,2026/2/7,
Dunkin,glazed-lemon-donut-1-donut-standard,Glazed Lemon Donut 1 Donut standard,,270,4,10,40,310,4,0,0,1,19,18,,,,,,,,,,,1,,62,,12,,2,,,,,,,,,2026/2/7,
Dunkin,indy-cr-me-donut-1-donut-standard,Indy Crème Donut 1 Donut standard,,330,5,16,44,310,6,0,0,1,24,24,,,,,,,,,,,1,,81,,13,,2,,,,,,,,,2026/2/7,
Dunkin,maple-long-john-donut-1-donut-standard,Maple Long John Donut 1 Donut standard,,320,5,15,42,400,6,0,0,1,18,17,,,,,,,,,,,2,,81,,16,,2,,,,,,,,,2026/2/7,
Dunkin,marble-frosted-donut-1-donut-standard,Marble Frosted Donut 1 Donut standard,,270,4,11,37,290,4.5,0,0,1,16,16,,,,,,,,,,,0,,63,,12,,2,,,,,,,,,2026/2/7,
Dunkin,new-yorker-donut-1-donut-standard,New Yorker Donut 1 Donut standard,,330,5,16,44,310,6,0,0,1,24,24,,,,,,,,,,,1,,81,,13,,2,,,,,,,,,2026/2/7,
Dunkin,lemonade-refresher-large-large,Lemonade Refresher - Large Large,,320,0,0,80,30,0,0,0,0,76,76,,,,,,,,,,,0,,20,,27,,0,,,,,,,,,2026/2/7,
Dunkin,lemonade-refresher-medium-medium,Lemonade Refresher - Medium Medium,,240,0,0,60,20,0,0,0,0,57,57,,,,,,,,,,,0,,15,,20,,0,,,,,,,,,2026/2/7,
Dunkin,lemonade-refresher-small-small,Lemonade Refresher - Small Small,,160,0,0,40,15,0,0,0,0,38,38,,,,,,,,,,,0,,10,,14,,0,,,,,,,,,2026/2/7,
Dunkin,lemonade-refresher-large-large,Lemonade Refresher - Large Large,,310,0,0,75,25,0,0,0,0,72,72,,,,,,,,,,,0,,19,,26,,0,,,,,,,,,2026/2/7,
Dunkin,lemonade-refresher-medium-medium,Lemonade Refresher - Medium Medium,,230,0,0,56,20,0,0,0,0,54,54,,,,,,,,,,,0,,14,,19,,0,,,,,,,,,2026/2/7,
Dunkin,lemonade-refresher-small-small,Lemonade Refresher - Small Small,,160,0,0,37,15,0,0,0,0,36,36,,,,,,,,,,,0,,10,,13,,0,,,,,,,,,2026/2/7,
Dunkin,refresher-large-large,Refresher - Large Large,,170,1,0,42,25,0,0,0,0,39,39,,,,,,,,,,,0,,34,,17,,0,,,,,,,,,2026/2/7,
Dunkin,refresher-medium-medium,Refresher - Medium Medium,,130,1,0,32,15,0,0,0,0,29,29,,,,,,,,,,,0,,25,,12,,0,,,,,,,,,2026/2/7,
Dunkin,refresher-small-small,Refresher - Small Small,,90,0,0,21,10,0,0,0,0,19,19,,,,,,,,,,,0,,17,,9,,0,,,,,,,,,2026/2/7,
Dunkin,refresher-large-large,Refresher - Large Large,,170,1,0,39,20,0,0,0,0,37,37,,,,,,,,,,,0,,33,,16,,0,,,,,,,,,2026/2/7,
Dunkin,refresher-medium-medium,Refresher - Medium Medium,,130,1,0,29,15,0,0,0,0,27,27,,,,,,,,,,,0,,24,,10,,0,,,,,,,,,2026/2/7,
Dunkin,refresher-small-small,Refresher - Small Small,,80,0,0,19,10,0,0,0,0,18,18,,,,,,,,,,,0,,16,,8,,0,,,,,,,,,2026/2/7,
Dunkin,chocolate-large-large,Chocolate - Large Large,,900,12,17,175,570,13,0,40,1,162,144,,,,,,,,,,,3,,657,,419,,0,,,,,,,,,2026/2/7,
Dunkin,chocolate-medium-medium,Chocolate - Medium Medium,,700,9,14,134,430,10,0,30,1,124,111,,,,,,,,,,,2,,513,,322,,0,,,,,,,,,2026/2/7,
Dunkin,chocolate-small-small,Chocolate - Small Small,,500,6,11,95,290,8,0,25,1,87,77,,,,,,,,,,,1,,372,,227,,0,,,,,,,,,2026/2/7,
Dunkin,large-large,Large Large,,900,11,17,176,380,12,0,40,1,165,148,,,,,,,,,,,3,,825,,392,,0,,,,,,,,,2026/2/7,
Dunkin,medium-medium,Medium Medium,,700,9,14,135,290,10,0,35,1,126,114,,,,,,,,,,,2,,639,,302,,0,,,,,,,,,2026/2/7,
Dunkin,small-small,Small Small,,500,6,11,95,200,8,0,30,1,88,80,,,,,,,,,,,1,,456,,213,,0,,,,,,,,,2026/2/7,
Dunkin,chocolate-large-large,Chocolate - Large Large,,900,11,17,175,370,12,0,40,1,162,144,,,,,,,,,,,3,,788,,372,,0,,,,,,,,,2026/2/7,
Dunkin,chocolate-medium-medium,Chocolate - Medium Medium,,700,9,14,135,280,10,0,35,1,124,111,,,,,,,,,,,2,,612,,287,,0,,,,,,,,,2026/2/7,
Dunkin,chocolate-small-small,Chocolate - Small Small,,500,6,11,95,190,8,0,30,1,87,77,,,,,,,,,,,1,,438,,204,,0,,,,,,,,,2026/2/7,
Dunkin,frozen-chocolate-large-large,Frozen Chocolate - Large Large,,890,10,18,175,330,13,0,35,4,158,148,,,,,,,,,,,3,,829,,281,,2,,,,,,,,,2026/2/7,
Dunkin,frozen-chocolate-medium-medium,Frozen Chocolate - Medium Medium,,690,7,15,134,250,10,0,30,3,121,113,,,,,,,,,,,2,,643,,214,,2,,,,,,,,,2026/2/7,
Dunkin,frozen-chocolate-small-small,Frozen Chocolate - Small Small,,490,5,11,94,170,8,0,25,2,84,79,,,,,,,,,,,1,,458,,149,,1,,,,,,,,,2026/2/7,
Dunkin,with-cream-large-large,with Cream - Large Large,,1050,10,35,175,460,19,1,110,0,168,156,,,,,,,,,,,2,,627,,326,,0,,,,,,,,,2026/2/7,
Dunkin,with-cream-medium-medium,with Cream - Medium Medium,,780,7,26,131,350,14,1,80,0,126,117,,,,,,,,,,,1,,471,,244,,0,,,,,,,,,2026/2/7,
Dunkin,with-cream-small-small,with Cream - Small Small,,520,5,17,88,230,9,0.5,55,0,84,78,,,,,,,,,,,1,,314,,163,,0,,,,,,,,,2026/2/7,
Dunkin,with-skim-milk-large-large,with Skim Milk - Large Large,,760,11,0,179,410,0,0,5,0,172,156,,,,,,,,,,,2,,668,,385,,0,,,,,,,,,2026/2/7,
Dunkin,with-skim-milk-medium-medium,with Skim Milk - Medium Medium,,570,8,0,134,310,0,0,5,0,129,117,,,,,,,,,,,2,,501,,289,,0,,,,,,,,,2026/2/7,
Dunkin,with-skim-milk-small-small,with Skim Milk - Small Small,,380,5,0,90,210,0,0,0,0,86,78,,,,,,,,,,,1,,334,,193,,0,,,,,,,,,2026/2/7,
Dunkin,with-whole-milk-large-large,with Whole Milk - Large Large,,810,10,6,179,410,3.5,0,20,0,171,156,,,,,,,,,,,2,,623,,368,,0,,,,,,,,,2026/2/7,
Dunkin,with-whole-milk-medium-medium,with Whole Milk - Medium Medium,,610,8,4.5,134,310,2.5,0,15,0,129,117,,,,,,,,,,,2,,467,,276,,0,,,,,,,,,2026/2/7,
Dunkin,with-whole-milk-small-small,with Whole Milk - Small Small,,410,5,3,89,210,2,0,10,0,86,78,,,,,,,,,,,1,,312,,184,,0,,,,,,,,,2026/2/7,
Dunkin,large-large,Large Large,,1120,11,39,180,300,23,1.5,130,0,172,160,,,,,,,,,,,2,,893,,342,,0,,,,,,,,,2026/2/7,
Dunkin,medium-medium,Medium Medium,,860,8,30,138,230,17,1,100,0,132,122,,,,,,,,,,,2,,689,,264,,0,,,,,,,,,2026/2/7,
Dunkin,small-small,Small Small,,610,6,21,97,160,13,0.5,70,0,92,85,,,,,,,,,,,1,,491,,189,,0,,,,,,,,,2026/2/7,
Dunkin,cream-large-large,Cream - Large Large,,1000,9,35,164,270,18,1,110,0,158,148,,,,,,,,,,,2,,794,,298,,0,,,,,,,,,2026/2/7,
Dunkin,cream-medium-medium,Cream - Medium Medium,,750,7,26,123,210,14,1,85,0,119,111,,,,,,,,,,,1,,595,,224,,0,,,,,,,,,2026/2/7,
Dunkin,cream-small-small,Cream - Small Small,,500,5,17,82,135,9,0.5,55,0,79,74,,,,,,,,,,,1,,397,,149,,0,,,,,,,,,2026/2/7,
Dunkin,skim-milk-large-large,Skim Milk - Large Large,,720,10,0,168,220,0,0,10,0,162,148,,,,,,,,,,,2,,834,,358,,0,,,,,,,,,2026/2/7,
Dunkin,skim-milk-medium-medium,Skim Milk - Medium Medium,,540,8,0,126,170,0,0,5,0,122,111,,,,,,,,,,,2,,626,,268,,0,,,,,,,,,2026/2/7,
Dunkin,skim-milk-small-small,Skim Milk - Small Small,,360,5,0,84,110,0,0,5,0,81,74,,,,,,,,,,,1,,417,,179,,0,,,,,,,,,2026/2/7,
Dunkin,whole-milk-large-large,Whole Milk - Large Large,,770,10,6,168,220,3.5,0,25,0,162,148,,,,,,,,,,,2,,789,,341,,0,,,,,,,,,2026/2/7,
Dunkin,whole-milk-medium-medium,Whole Milk - Medium Medium,,580,7,4.5,126,170,2.5,0,15,0,122,111,,,,,,,,,,,2,,592,,256,,0,,,,,,,,,2026/2/7,
Dunkin,whole-milk-small-small,Whole Milk - Small Small,,380,5,3,84,110,1.5,0,10,0,81,74,,,,,,,,,,,1,,395,,170,,0,,,,,,,,,2026/2/7,
Dunkin,with-cream-large-large,with Cream - Large Large,,1000,9,35,163,260,18,1,110,0,156,144,,,,,,,,,,,2,,757,,279,,0,,,,,,,,,2026/2/7,
Dunkin,with-cream-medium-medium,with Cream - Medium Medium,,750,7,26,123,200,14,1,85,0,117,108,,,,,,,,,,,1,,568,,209,,0,,,,,,,,,2026/2/7,
Dunkin,with-cream-small-small,with Cream - Small Small,,500,5,17,82,130,9,0.5,55,0,78,72,,,,,,,,,,,1,,379,,140,,0,,,,,,,,,2026/2/7,
Dunkin,with-skim-milk-large-large,with Skim Milk - Large Large,,710,10,0,167,210,0,0,10,0,160,144,,,,,,,,,,,2,,798,,338,,0,,,,,,,,,2026/2/7,
Dunkin,with-skim-milk-medium-medium,with Skim Milk - Medium Medium,,540,8,0,126,160,0,0,5,0,120,108,,,,,,,,,,,2,,598,,254,,0,,,,,,,,,2026/2/7,
Dunkin,with-skim-milk-small-small,with Skim Milk - Small Small,,360,5,0,84,105,0,0,5,0,80,72,,,,,,,,,,,1,,399,,169,,0,,,,,,,,,2026/2/7,
Dunkin,with-whole-milk-large-large,with Whole Milk - Large Large,,760,10,6,167,210,3.5,0,25,0,160,144,,,,,,,,,,,2,,753,,321,,0,,,,,,,,,2026/2/7,
Dunkin,with-whole-milk-medium-medium,with Whole Milk - Medium Medium,,570,7,4.5,125,160,2.5,0,15,0,120,108,,,,,,,,,,,2,,565,,241,,0,,,,,,,,,2026/2/7,
Dunkin,with-whole-milk-small-small,with Whole Milk - Small Small,,380,5,3,84,105,1.5,0,10,0,80,72,,,,,,,,,,,1,,376,,161,,0,,,,,,,,,2026/2/7,
Dunkin,frozen-coffee-with-cream-large-large,Frozen Coffee with Cream - Large Large,,780,7,35,113,200,18,1,105,0,108,103,,,,,,,,,,,2,,1841,,204,,2,,,,,,,,,2026/2/7,
Dunkin,medium-medium,Medium Medium,,590,5,26,85,150,14,1,80,0,81,77,,,,,,,,,,,1,,1381,,153,,2,,,,,,,,,2026/2/7,
Dunkin,frozen-coffee-with-cream-small-small,Frozen Coffee with Cream - Small Small,,390,3,17,57,100,9,0.5,55,0,54,51,,,,,,,,,,,1,,920,,102,,1,,,,,,,,,2026/2/7,
Dunkin,large-large,Large Large,,500,8,0,117,150,0,0,5,0,112,103,,,,,,,,,,,2,,1881,,263,,2,,,,,,,,,2026/2/7,
Dunkin,medium-medium,Medium Medium,,370,6,0,88,115,0,0,5,0,84,77,,,,,,,,,,,2,,1411,,198,,2,,,,,,,,,2026/2/7,
Dunkin,small-small,Small Small,,250,4,0,59,75,0,0,0,0,56,51,,,,,,,,,,,1,,941,,132,,1,,,,,,,,,2026/2/7,
Dunkin,large-large,Large Large,,550,7,6,117,150,3.5,0,20,0,111,103,,,,,,,,,,,2,,1836,,246,,2,,,,,,,,,2026/2/7,
Dunkin,medium-medium,Medium Medium,,410,5,4.5,88,115,2.5,0,15,0,84,77,,,,,,,,,,,2,,1377,,185,,2,,,,,,,,,2026/2/7,
Dunkin,small-small,Small Small,,270,4,3,58,75,1.5,0,10,0,56,51,,,,,,,,,,,1,,918,,123,,1,,,,,,,,,2026/2/7,
Dunkin,cream-large-large,Cream - Large Large,,990,8,35,163,240,19,1,105,2,153,148,,,,,,,,,,,2,,798,,206,,2,,,,,,,,,2026/2/7,
Dunkin,cream-medium-medium,Cream - Medium Medium,,740,6,27,122,180,14,1,80,2,115,111,,,,,,,,,,,1,,598,,155,,2,,,,,,,,,2026/2/7,
Dunkin,cream-small-small,Cream - Small Small,,490,4,18,81,120,9,0.5,55,1,76,74,,,,,,,,,,,1,,399,,103,,1,,,,,,,,,2026/2/7,
Dunkin,skim-milk-large-large,Skim Milk - Large Large,,700,9,1,167,190,0.5,0,5,2,157,148,,,,,,,,,,,2,,838,,265,,2,,,,,,,,,2026/2/7,
Dunkin,skim-milk-medium-medium,Skim Milk - Medium Medium,,530,7,0.5,125,140,0,0,5,2,118,111,,,,,,,,,,,2,,629,,199,,1,,,,,,,,,2026/2/7,
Dunkin,skim-milk-small-small,Skim Milk - Small Small,,350,5,0,83,95,0,0,0,1,78,74,,,,,,,,,,,1,,419,,133,,1,,,,,,,,,2026/2/7,
Dunkin,whole-milk-large-large,Whole Milk - Large Large,,750,9,7,167,190,4,0,20,2,156,148,,,,,,,,,,,2,,793,,248,,2,,,,,,,,,2026/2/7,
Dunkin,whole-milk-medium-medium,Whole Milk - Medium Medium,,570,6,5,125,140,3,0,15,2,117,111,,,,,,,,,,,2,,595,,186,,1,,,,,,,,,2026/2/7,
Dunkin,whole-milk-small-small,Whole Milk - Small Small,,380,4,3.5,83,95,2,0,10,1,78,74,,,,,,,,,,,1,,397,,124,,1,,,,,,,,,2026/2/7,
Dunkin,frozen-chai-latte-large-large,Frozen Chai Latte - Large Large,,690,12,12,132,220,7,0,35,2,129,111,,,,,,,,,,,5,,567,,434,,1,,,,,,,,,2026/2/7,
Dunkin,frozen-chai-latte-medium-medium,Frozen Chai Latte - Medium Medium,,520,9,9,99,160,5,0,25,2,96,83,,,,,,,,,,,4,,426,,325,,0,,,,,,,,,2026/2/7,
Dunkin,frozen-chai-latte-small-small,Frozen Chai Latte - Small Small,,350,6,6,66,110,3.5,0,20,1,64,55,,,,,,,,,,,2,,284,,217,,0,,,,,,,,,2026/2/7,
Dunkin,milk-large-large,Milk - Large Large,,480,8,0,111,95,0,0,5,2,109,100,,,,,,,,,,,6,,293,,242,,0,,,,,,,,,2026/2/7,
Dunkin,milk-medium-medium,Milk - Medium Medium,,360,6,0,83,70,0,0,5,1,82,75,,,,,,,,,,,5,,220,,182,,0,,,,,,,,,2026/2/7,
Dunkin,milk-small-small,Milk - Small Small,,240,4,0,55,50,0,0,0,1,54,50,,,,,,,,,,,3,,146,,121,,0,,,,,,,,,2026/2/7,
Dunkin,milk-large-large,Milk - Large Large,,530,8,6,110,95,3.5,0,20,2,109,100,,,,,,,,,,,6,,248,,225,,0,,,,,,,,,2026/2/7,
Dunkin,milk-medium-medium,Milk - Medium Medium,,390,6,4.5,83,75,2.5,0,15,1,81,75,,,,,,,,,,,5,,186,,169,,0,,,,,,,,,2026/2/7,
Dunkin,milk-small-small,Milk - Small Small,,260,4,3,55,50,1.5,0,10,1,54,50,,,,,,,,,,,3,,124,,113,,0,,,,,,,,,2026/2/7,
Dunkin,hash-browns-6-pieces-standard,Hash Browns 6 Pieces standard,,110,1,6,13,360,1.5,0,0,1,1,0,,,,,,,,,,,0,,187,,6,,0,,,,,,,,,2026/2/7,
Dunkin,americano-large-large,Americano - Large Large,,10,0,0,2,30,0,0,0,0,0,0,,,,,,,,,,,0,,142,,15,,0,,,,,,,,,2026/2/7,
Dunkin,americano-medium-medium,Americano - Medium Medium,,10,0,0,2,25,0,0,0,0,0,0,,,,,,,,,,,0,,118,,12,,0,,,,,,,,,2026/2/7,
Dunkin,americano-small-small,Americano - Small Small,,5,0,0,1,15,0,0,0,0,0,0,,,,,,,,,,,0,,94,,7,,0,,,,,,,,,2026/2/7,
Dunkin,large-large,Large Large,,310,11,0,64,370,0,0,5,0,60,42,,,,,,,,,,,3,,653,,431,,0,,,,,,,,,2026/2/7,
Dunkin,medium-medium,Medium Medium,,230,9,0,48,280,0,0,5,0,45,31,,,,,,,,,,,2,,485,,323,,0,,,,,,,,,2026/2/7,
Dunkin,small-small,Small Small,,150,6,0,32,190,0,0,5,0,30,21,,,,,,,,,,,1,,326,,215,,0,,,,,,,,,2026/2/7,
Dunkin,large-large,Large Large,,370,11,8,63,370,4.5,0,25,0,60,42,,,,,,,,,,,3,,593,,408,,0,,,,,,,,,2026/2/7,
Dunkin,medium-medium,Medium Medium,,280,8,6,47,280,3.5,0,20,0,45,31,,,,,,,,,,,2,,440,,306,,0,,,,,,,,,2026/2/7,
Dunkin,small-small,Small Small,,190,5,4,32,190,2.5,0,15,0,30,21,,,,,,,,,,,2,,297,,204,,0,,,,,,,,,2026/2/7,
Dunkin,large-large,Large Large,,90,8,0,13,115,0,0,5,0,12,0,,,,,,,,,,,3,,474,,300,,0,,,,,,,,,2026/2/7,
Dunkin,medium-medium,Medium Medium,,70,6,0,10,85,0,0,5,0,9,0,,,,,,,,,,,2,,351,,225,,0,,,,,,,,,2026/2/7,
Dunkin,small-small,Small Small,,45,4,0,7,55,0,0,0,0,6,0,,,,,,,,,,,1,,237,,150,,0,,,,,,,,,2026/2/7,
Dunkin,sugar-large-large,Sugar - Large Large,,230,8,0,48,115,0,0,5,0,47,35,,,,,,,,,,,3,,475,,301,,0,,,,,,,,,2026/2/7,
Dunkin,sugar-medium-medium,Sugar - Medium Medium,,170,6,0,36,85,0,0,5,0,35,26,,,,,,,,,,,2,,351,,225,,0,,,,,,,,,2026/2/7,
Dunkin,sugar-small-small,Sugar - Small Small,,110,4,0,24,55,0,0,0,0,23,17,,,,,,,,,,,1,,237,,150,,0,,,,,,,,,2026/2/7,
Dunkin,large-large,Large Large,,160,8,8,13,115,4.5,0,25,0,12,0,,,,,,,,,,,3,,414,,277,,0,,,,,,,,,2026/2/7,
Dunkin,medium-medium,Medium Medium,,120,6,6,10,85,3.5,0,20,0,9,0,,,,,,,,,,,2,,306,,208,,0,,,,,,,,,2026/2/7,
Dunkin,small-small,Small Small,,80,4,4,7,60,2.5,0,10,0,6,0,,,,,,,,,,,2,,207,,139,,0,,,,,,,,,2026/2/7,
Dunkin,sugar-large-large,Sugar - Large Large,,290,8,8,48,115,4.5,0,25,0,46,35,,,,,,,,,,,3,,415,,278,,0,,,,,,,,,2026/2/7,
Dunkin,sugar-medium-medium,Sugar - Medium Medium,,220,6,6,36,85,3.5,0,20,0,35,26,,,,,,,,,,,2,,306,,208,,0,,,,,,,,,2026/2/7,
Dunkin,sugar-small-small,Sugar - Small Small,,150,4,4,24,60,2.5,0,10,0,23,17,,,,,,,,,,,2,,207,,139,,0,,,,,,,,,2026/2/7,
Dunkin,with-skim-milk-large-large,with Skim Milk - Large Large,,310,11,0,65,180,0,0,10,0,63,46,,,,,,,,,,,3,,821,,404,,0,,,,,,,,,2026/2/7,
Dunkin,with-skim-milk-medium-medium,with Skim Milk - Medium Medium,,230,8,0,49,135,0,0,5,0,47,35,,,,,,,,,,,2,,611,,303,,0,,,,,,,,,2026/2/7,
Dunkin,with-skim-milk-small-small,with Skim Milk - Small Small,,160,6,0,33,90,0,0,5,0,32,23,,,,,,,,,,,1,,410,,202,,0,,,,,,,,,2026/2/7,
Dunkin,with-whole-milk-large-large,with Whole Milk - Large Large,,380,11,8,65,180,4.5,0,30,0,63,46,,,,,,,,,,,3,,761,,381,,0,,,,,,,,,2026/2/7,
Dunkin,with-whole-milk-medium-medium,with Whole Milk - Medium Medium,,280,8,6,48,135,3.5,0,20,0,47,35,,,,,,,,,,,2,,566,,285,,0,,,,,,,,,2026/2/7,
Dunkin,with-whole-milk-small-small,with Whole Milk - Small Small,,190,5,4,32,90,2.5,0,15,0,31,23,,,,,,,,,,,2,,380,,190,,0,,,,,,,,,2026/2/7,
Dunkin,large-large,Large Large,,310,11,0,65,170,0,0,10,0,61,42,,,,,,,,,,,3,,784,,384,,0,,,,,,,,,2026/2/7,
Dunkin,medium-medium,Medium Medium,,230,8,0,48,130,0,0,5,0,46,31,,,,,,,,,,,2,,584,,288,,0,,,,,,,,,2026/2/7,
Dunkin,small-small,Small Small,,150,5,0,32,85,0,0,5,0,30,21,,,,,,,,,,,1,,392,,192,,0,,,,,,,,,2026/2/7,
Dunkin,large-large,Large Large,,370,10,8,64,170,4.5,0,30,0,60,42,,,,,,,,,,,3,,724,,361,,0,,,,,,,,,2026/2/7,
Dunkin,medium-medium,Medium Medium,,280,8,6,48,130,3.5,0,20,0,45,31,,,,,,,,,,,2,,539,,271,,0,,,,,,,,,2026/2/7,
Dunkin,small-small,Small Small,,190,5,4,32,85,2.5,0,15,0,30,21,,,,,,,,,,,2,,362,,181,,0,,,,,,,,,2026/2/7,
Dunkin,skim-milk-large-large,Skim Milk - Large Large,,300,10,1,64,140,0.5,0,5,2,58,46,,,,,,,,,,,3,,825,,311,,2,,,,,,,,,2026/2/7,
Dunkin,skim-milk-medium-medium,Skim Milk - Medium Medium,,220,7,1,48,105,0.5,0,5,2,43,34,,,,,,,,,,,2,,614,,233,,1,,,,,,,,,2026/2/7,
Dunkin,skim-milk-small-small,Skim Milk - Small Small,,150,5,0.5,32,70,0,0,0,1,29,23,,,,,,,,,,,1,,412,,156,,1,,,,,,,,,2026/2/7,
Dunkin,whole-milk-large-large,Whole Milk - Large Large,,360,9,9,63,140,5,0,25,2,57,46,,,,,,,,,,,3,,765,,288,,2,,,,,,,,,2026/2/7,
Dunkin,whole-milk-medium-medium,Whole Milk - Medium Medium,,270,7,7,48,110,4,0,20,2,43,34,,,,,,,,,,,2,,569,,216,,1,,,,,,,,,2026/2/7,
Dunkin,whole-milk-small-small,Whole Milk - Small Small,,180,5,4.5,32,70,2.5,0,10,1,29,23,,,,,,,,,,,2,,382,,144,,1,,,,,,,,,2026/2/7,
Dunkin,box-o-joe-r-hot-chocolate-1-small-cup-standard,Box 'O Joe(R) Hot Chocolate 1 Small Cup standard,,220,2,7,40,210,6,0,0,2,32,31,,,,,,,,,,,0,,150,,34,,0,,,,,,,,,2026/2/7,
Dunkin,large-large,- Large Large,,400,3,12,71,390,11,0,0,3,55,53,,,,,,,,,,,0,,354,,61,,1,,,,,,,,,2026/2/7,
Dunkin,medium-medium,- Medium Medium,,280,2,9,51,280,8,0,0,2,39,38,,,,,,,,,,,0,,251,,43,,0,,,,,,,,,2026/2/7,
Dunkin,small-small,- Small Small,,190,2,6,35,190,5,0,0,1,27,26,,,,,,,,,,,0,,173,,30,,0,,,,,,,,,2026/2/7,
Dunkin,largex-large,LargeX Large,,500,4,15,89,480,14,0,0,3,71,68,,,,,,,,,,,0,,335,,76,,1,,,,,,,,,2026/2/7,
Dunkin,original-hot-chocolate-large-large,Original Hot Chocolate - Large Large,,460,4,14,82,440,13,0,0,3,65,63,,,,,,,,,,,0,,308,,70,,1,,,,,,,,,2026/2/7,
Dunkin,original-hot-chocolate-medium-medium,Original Hot Chocolate - Medium Medium,,330,3,10,59,320,9,0,0,2,46,45,,,,,,,,,,,0,,220,,50,,0,,,,,,,,,2026/2/7,
Dunkin,original-hot-chocolate-small-small,Original Hot Chocolate - Small Small,,220,2,7,40,210,6,0,0,2,32,31,,,,,,,,,,,0,,150,,34,,0,,,,,,,,,2026/2/7,
Dunkin,box-o-joe-1-small-cup-standard,Box 'O Joe® 1 Small Cup standard,,5,0,0,0,5,0,0,0,0,0,0,,,,,,,,,,,0,,155,,6,,0,,,,,,,,,2026/2/7,
Dunkin,black-extra-largex-large,Black - Extra LargeX Large,,270,5,0,63,330,0,0,0,0,60,52,,,,,,,,,,,0,,502,,174,,0,,,,,,,,,2026/2/7,
Dunkin,black-large-large,Black - Large Large,,220,4,0,50,270,0,0,0,0,48,42,,,,,,,,,,,0,,412,,140,,0,,,,,,,,,2026/2/7,
Dunkin,black-medium-medium,Black - Medium Medium,,170,3,0,38,200,0,0,0,0,36,31,,,,,,,,,,,0,,322,,106,,0,,,,,,,,,2026/2/7,
Dunkin,black-small-small,Black - Small Small,,110,2,0,25,135,0,0,0,0,24,21,,,,,,,,,,,0,,232,,71,,0,,,,,,,,,2026/2/7,
Dunkin,cream-extra-largex-large,Cream - Extra LargeX Large,,420,7,15,65,390,8,0,45,0,62,52,,,,,,,,,,,1,,572,,242,,0,,,,,,,,,2026/2/7,
Dunkin,cream-large-large,Cream - Large Large,,330,5,12,52,310,6,0,35,0,50,42,,,,,,,,,,,1,,468,,194,,0,,,,,,,,,2026/2/7,
Dunkin,cream-medium-medium,Cream - Medium Medium,,250,4,9,39,230,4.5,0,30,0,37,31,,,,,,,,,,,0,,364,,146,,0,,,,,,,,,2026/2/7,
Dunkin,cream-small-small,Cream - Small Small,,170,3,6,26,160,3,0,20,0,25,21,,,,,,,,,,,0,,260,,98,,0,,,,,,,,,2026/2/7,
Dunkin,black-extra-largex-large,Black - Extra LargeX Large,,280,4,0,64,95,0,0,5,0,64,58,,,,,,,,,,,0,,712,,140,,0,,,,,,,,,2026/2/7,
Dunkin,black-large-large,Black - Large Large,,230,3,0,52,75,0,0,5,0,51,46,,,,,,,,,,,0,,580,,113,,0,,,,,,,,,2026/2/7,
Dunkin,black-medium-medium,Black - Medium Medium,,170,3,0,39,60,0,0,5,0,38,35,,,,,,,,,,,0,,448,,85,,0,,,,,,,,,2026/2/7,
Dunkin,black-small-small,Black - Small Small,,110,2,0,26,40,0,0,0,0,26,23,,,,,,,,,,,0,,316,,57,,0,,,,,,,,,2026/2/7,
Dunkin,cream-extra-largex-large,Cream - Extra LargeX Large,,420,6,15,67,150,8,0,50,0,66,58,,,,,,,,,,,1,,782,,208,,0,,,,,,,,,2026/2/7,
Dunkin,cream-large-large,Cream - Large Large,,340,5,12,53,120,6,0,40,0,53,46,,,,,,,,,,,1,,636,,167,,0,,,,,,,,,2026/2/7,
Dunkin,cream-medium-medium,Cream - Medium Medium,,260,4,9,40,90,4.5,0,30,0,40,35,,,,,,,,,,,0,,490,,126,,0,,,,,,,,,2026/2/7,
Dunkin,cream-small-small,Cream - Small Small,,170,3,6,27,60,3,0,20,0,26,23,,,,,,,,,,,0,,344,,84,,0,,,,,,,,,2026/2/7,
Dunkin,extra-largex-large,Extra LargeX Large,,280,4,0,64,85,0,0,5,0,61,52,,,,,,,,,,,0,,666,,116,,0,,,,,,,,,2026/2/7,
Dunkin,large-large,Large Large,,220,3,0,51,70,0,0,5,0,49,42,,,,,,,,,,,0,,543,,93,,0,,,,,,,,,2026/2/7,
Dunkin,medium-medium,Medium Medium,,170,2,0,38,50,0,0,5,0,37,31,,,,,,,,,,,0,,420,,71,,0,,,,,,,,,2026/2/7,
Dunkin,small-small,Small Small,,110,2,0,26,35,0,0,0,0,24,21,,,,,,,,,,,0,,298,,48,,0,,,,,,,,,2026/2/7,
Dunkin,with-cream-extra-largex-large,with Cream - Extra LargeX Large,,420,6,15,66,135,8,0,50,0,63,52,,,,,,,,,,,1,,736,,184,,0,,,,,,,,,2026/2/7,
Dunkin,with-cream-large-large,with Cream - Large Large,,340,5,12,53,110,6,0,40,0,50,42,,,,,,,,,,,1,,599,,147,,0,,,,,,,,,2026/2/7,
Dunkin,with-cream-medium-medium,with Cream - Medium Medium,,250,4,9,40,85,4.5,0,30,0,38,31,,,,,,,,,,,0,,463,,111,,0,,,,,,,,,2026/2/7,
Dunkin,with-cream-small-small,with Cream - Small Small,,170,2,6,26,55,3,0,20,0,25,21,,,,,,,,,,,0,,326,,75,,0,,,,,,,,,2026/2/7,
Dunkin,hot-coffee-extra-large-x-large,Hot Coffee - Extra Large X Large,,5,1,0,0,15,0,0,0,0,0,0,,,,,,,,,,,0,,311,,13,,0,,,,,,,,,2026/2/7,
Dunkin,hot-coffee-large-large,Hot Coffee - Large Large,,5,1,0,0,10,0,0,0,0,0,0,,,,,,,,,,,0,,259,,11,,0,,,,,,,,,2026/2/7,
Dunkin,hot-coffee-medium-medium,Hot Coffee - Medium Medium,,5,1,0,0,10,0,0,0,0,0,0,,,,,,,,,,,0,,207,,8,,0,,,,,,,,,2026/2/7,
Dunkin,hot-coffee-small-small,Hot Coffee - Small Small,,5,0,0,0,5,0,0,0,0,0,0,,,,,,,,,,,0,,155,,6,,0,,,,,,,,,2026/2/7,
Dunkin,extra-largex-large,Extra LargeX Large,,45,1,1.5,7,85,0,0,0,0,7,6,,,,,,,,,,,1,,344,,243,,0,,,,,,,,,2026/2/7,
Dunkin,large-large,Large Large,,35,1,1,5,65,0,0,0,0,5,5,,,,,,,,,,,1,,284,,183,,0,,,,,,,,,2026/2/7,
Dunkin,medium-medium,Medium Medium,,25,1,0.5,4,45,0,0,0,0,3,3,,,,,,,,,,,1,,198,,123,,0,,,,,,,,,2026/2/7,
Dunkin,small-small,Small Small,,15,0,0,2,25,0,0,0,0,2,2,,,,,,,,,,,0,,138,,63,,0,,,,,,,,,2026/2/7,
Dunkin,largex-large,LargeX Large,,150,3,15,2,65,8,0,45,0,2,0,,,,,,,,,,,1,,381,,80,,0,,,,,,,,,2026/2/7,
Dunkin,hot-coffee-with-cream-large-large,Hot Coffee with Cream - Large Large,,120,2,12,2,55,6,0,35,0,2,0,,,,,,,,,,,1,,315,,64,,0,,,,,,,,,2026/2/7,
Dunkin,hot-coffee-with-cream-medium-medium,Hot Coffee with Cream - Medium Medium,,90,2,9,1,40,4.5,0,25,0,1,0,,,,,,,,,,,0,,249,,49,,0,,,,,,,,,2026/2/7,
Dunkin,hot-coffee-with-cream-small-small,Hot Coffee with Cream - Small Small,,60,1,6,1,30,3,0,20,0,1,0,,,,,,,,,,,0,,183,,33,,0,,,,,,,,,2026/2/7,
Dunkin,extra-largex-large,- Extra LargeX Large,,320,3,15,46,65,8,0,45,0,46,43,,,,,,,,,,,1,,382,,80,,0,,,,,,,,,2026/2/7,
Dunkin,large-large,- Large Large,,260,2,12,37,55,6,0,35,0,36,35,,,,,,,,,,,1,,316,,65,,0,,,,,,,,,2026/2/7,
Dunkin,medium-medium,- Medium Medium,,190,2,9,27,40,4.5,0,25,0,27,26,,,,,,,,,,,0,,250,,49,,0,,,,,,,,,2026/2/7,
Dunkin,small-small,- Small Small,,130,1,6,18,30,3,0,20,0,18,17,,,,,,,,,,,0,,184,,34,,0,,,,,,,,,2026/2/7,
Dunkin,largex-large,LargeX Large,,60,1,1.5,10,65,0,0,0,1,2,2,,,,,,,,,,,3,,427,,177,,0,,,,,,,,,2026/2/7,
Dunkin,hot-coffee-with-oatmilk-large-large,Hot Coffee with Oatmilk - Large Large,,45,1,1.5,8,50,0,0,0,1,2,1,,,,,,,,,,,2,,340,,133,,0,,,,,,,,,2026/2/7,
Dunkin,hot-coffee-with-oatmilk-medium-medium,Hot Coffee with Oatmilk - Medium Medium,,30,1,1,5,35,0,0,0,1,1,1,,,,,,,,,,,1,,253,,90,,0,,,,,,,,,2026/2/7,
Dunkin,hot-coffee-with-oatmilk-small-small,Hot Coffee with Oatmilk - Small Small,,15,1,0,3,20,0,0,0,0,1,0,,,,,,,,,,,1,,165,,47,,0,,,,,,,,,2026/2/7,
Dunkin,largex-large,LargeX Large,,30,3,0,4,45,0,0,0,0,4,0,,,,,,,,,,,1,,396,,105,,0,,,,,,,,,2026/2/7,
Dunkin,hot-coffee-with-skim-milk-large-large,Hot Coffee with Skim Milk - Large Large,,25,3,0,3,35,0,0,0,0,3,0,,,,,,,,,,,1,,328,,84,,0,,,,,,,,,2026/2/7,
Dunkin,medium-medium,Medium Medium,,20,2,0,2,25,0,0,0,0,2,0,,,,,,,,,,,1,,259,,64,,0,,,,,,,,,2026/2/7,
Dunkin,hot-coffee-with-skim-milk-small-small,Hot Coffee with Skim Milk - Small Small,,15,1,0,2,20,0,0,0,0,2,0,,,,,,,,,,,0,,190,,43,,0,,,,,,,,,2026/2/7,
Dunkin,sugar-extra-largex-large,Sugar - Extra LargeX Large,,200,3,0,47,45,0,0,0,0,47,43,,,,,,,,,,,1,,398,,105,,0,,,,,,,,,2026/2/7,
Dunkin,sugar-large-large,Sugar - Large Large,,160,3,0,38,35,0,0,0,0,38,35,,,,,,,,,,,1,,329,,85,,0,,,,,,,,,2026/2/7,
Dunkin,sugar-medium-medium,Sugar - Medium Medium,,120,2,0,28,25,0,0,0,0,28,26,,,,,,,,,,,1,,260,,64,,0,,,,,,,,,2026/2/7,
Dunkin,sugar-small-small,Sugar - Small Small,,80,1,0,19,20,0,0,0,0,19,17,,,,,,,,,,,0,,190,,43,,0,,,,,,,,,2026/2/7,
Dunkin,largex-large,LargeX Large,,170,1,0,44,15,0,0,0,0,43,43,,,,,,,,,,,0,,311,,13,,0,,,,,,,,,2026/2/7,
Dunkin,hot-coffee-with-sugar-large-large,Hot Coffee with Sugar - Large Large,,140,1,0,35,10,0,0,0,0,35,35,,,,,,,,,,,0,,260,,11,,0,,,,,,,,,2026/2/7,
Dunkin,hot-coffee-with-sugar-medium-medium,Hot Coffee with Sugar - Medium Medium,,110,1,0,26,10,0,0,0,0,26,26,,,,,,,,,,,0,,208,,9,,0,,,,,,,,,2026/2/7,
Dunkin,hot-coffee-with-sugar-small-small,Hot Coffee with Sugar - Small Small,,70,0,0,17,5,0,0,0,0,17,17,,,,,,,,,,,0,,156,,7,,0,,,,,,,,,2026/2/7,
Dunkin,extra-largex-large,Extra LargeX Large,,50,3,2.5,4,45,1.5,0,10,0,4,0,,,,,,,,,,,1,,379,,98,,0,,,,,,,,,2026/2/7,
Dunkin,large-large,Large Large,,40,2,2,3,35,1,0,5,0,3,0,,,,,,,,,,,1,,313,,78,,0,,,,,,,,,2026/2/7,
Dunkin,medium-medium,Medium Medium,,30,2,1.5,2,25,1,0,5,0,2,0,,,,,,,,,,,1,,248,,59,,0,,,,,,,,,2026/2/7,
Dunkin,small-small,Small Small,,20,1,1,1,20,0.5,0,5,0,1,0,,,,,,,,,,,0,,183,,40,,0,,,,,,,,,2026/2/7,
Dunkin,sugar-extra-largex-large,Sugar - Extra LargeX Large,,220,3,2.5,47,45,1.5,0,10,0,47,43,,,,,,,,,,,1,,380,,98,,0,,,,,,,,,2026/2/7,
Dunkin,sugar-large-large,Sugar - Large Large,,190,2,2,42,35,1,0,5,0,42,39,,,,,,,,,,,1,,314,,79,,0,,,,,,,,,2026/2/7,
Dunkin,sugar-medium-medium,Sugar - Medium Medium,,130,2,1.5,28,30,1,0,5,0,28,26,,,,,,,,,,,1,,249,,60,,0,,,,,,,,,2026/2/7,
Dunkin,sugar-small-small,Sugar - Small Small,,90,1,1,19,20,0.5,0,5,0,19,17,,,,,,,,,,,0,,183,,40,,0,,,,,,,,,2026/2/7,
Dunkin,largex-large,LargeX Large,,260,3,1,63,45,0.5,0,0,3,57,57,,,,,,,,,,,0,,717,,25,,2,,,,,,,,,2026/2/7,
Dunkin,mocha-swirl-hot-coffee-large-large,Mocha Swirl Hot Coffee - Large Large,,210,2,1,50,40,0,0,0,2,46,46,,,,,,,,,,,0,,584,,20,,2,,,,,,,,,2026/2/7,
Dunkin,mocha-swirl-hot-coffee-medium-medium,Mocha Swirl Hot Coffee - Medium Medium,,160,2,0.5,38,30,0,0,0,2,34,34,,,,,,,,,,,0,,451,,16,,1,,,,,,,,,2026/2/7,
Dunkin,mocha-swirl-hot-coffee-small-small,Mocha Swirl Hot Coffee - Small Small,,110,1,0,25,20,0,0,0,1,23,23,,,,,,,,,,,0,,318,,11,,1,,,,,,,,,2026/2/7,
Dunkin,cream-extra-largex-large,Cream - Extra LargeX Large,,410,5,15,65,100,8,0,45,3,59,57,,,,,,,,,,,1,,787,,92,,2,,,,,,,,,2026/2/7,
Dunkin,cream-large-large,Cream - Large Large,,330,4,12,52,80,7,0,35,2,47,46,,,,,,,,,,,1,,650,,74,,2,,,,,,,,,2026/2/7,
Dunkin,cream-medium-medium,Cream - Medium Medium,,240,3,9,39,60,5,0,25,2,35,34,,,,,,,,,,,0,,493,,56,,1,,,,,,,,,2026/2/7,
Dunkin,cream-small-small,Cream - Small Small,,160,2,6,26,40,3.5,0,20,1,24,23,,,,,,,,,,,0,,346,,38,,1,,,,,,,,,2026/2/7,
Dunkin,caf-con-leche-large-large,Café con Leche - Large Large,,340,12,12,47,170,7,0,35,0,46,28,,,,,,,,,,,5,,576,,415,,0,,,,,,,,,2026/2/7,
Dunkin,caf-con-leche-medium-medium,Café con Leche - Medium Medium,,250,9,9,35,125,5,0,25,0,34,21,,,,,,,,,,,4,,427,,312,,0,,,,,,,,,2026/2/7,
Dunkin,caf-con-leche-small-small,Café con Leche - Small Small,,170,6,6,23,85,3.5,0,20,0,23,14,,,,,,,,,,,2,,288,,208,,0,,,,,,,,,2026/2/7,
Dunkin,espresso-with-sugar-single-shot-standard,Espresso with Sugar Single Shot standard,,60,0,0,15,5,0,0,0,0,14,14,,,,,,,,,,,0,,46,,1,,0,,,,,,,,,2026/2/7,
Dunkin,hot-espresso-single-shot-standard,Hot Espresso Single Shot standard,,5,0,0,1,5,0,0,0,0,0,0,,,,,,,,,,,0,,46,,1,,0,,,,,,,,,2026/2/7,
Dunkin,skim-milk-large-large,Skim Milk - Large Large,,350,16,0.5,70,420,0,0,10,0,66,42,,,,,,,,,,,4,,844,,580,,0,,,,,,,,,2026/2/7,
Dunkin,skim-milk-medium-medium,Skim Milk - Medium Medium,,260,12,0,52,320,0,0,5,0,50,31,,,,,,,,,,,3,,628,,435,,0,,,,,,,,,2026/2/7,
Dunkin,skim-milk-small-small,Skim Milk - Small Small,,170,8,0,35,210,0,0,5,0,33,21,,,,,,,,,,,2,,422,,290,,0,,,,,,,,,2026/2/7,
Dunkin,whole-milk-large-large,Whole Milk - Large Large,,450,15,12,69,430,7,0,40,0,66,42,,,,,,,,,,,5,,754,,546,,0,,,,,,,,,2026/2/7,
Dunkin,whole-milk-medium-medium,Whole Milk - Medium Medium,,330,11,9,52,320,5,0,30,0,49,31,,,,,,,,,,,4,,561,,409,,0,,,,,,,,,2026/2/7,
Dunkin,whole-milk-small-small,Whole Milk - Small Small,,220,7,6,35,210,3.5,0,20,0,33,21,,,,,,,,,,,2,,377,,273,,0,,,,,,,,,2026/2/7,
Dunkin,latte-with-skim-milk-large-large,Latte with Skim Milk - Large Large,,440,16,6,80,240,3.5,0,30,0,75,51,,,,,,,,,,,5,,1070,,576,,0,,,,,,,,,2026/2/7,
Dunkin,latte-with-skim-milk-medium-medium,Latte with Skim Milk - Medium Medium,,340,12,5,61,180,3,0,25,0,57,39,,,,,,,,,,,3,,806,,436,,0,,,,,,,,,2026/2/7,
Dunkin,latte-with-skim-milk-small-small,Latte with Skim Milk - Small Small,,250,8,5,43,125,3,0,20,0,40,27,,,,,,,,,,,2,,552,,298,,0,,,,,,,,,2026/2/7,
Dunkin,latte-with-whole-milk-large-large,Latte with Whole Milk - Large Large,,530,15,17,79,250,10,0.5,60,0,74,51,,,,,,,,,,,5,,981,,542,,0,,,,,,,,,2026/2/7,
Dunkin,latte-with-whole-milk-medium-medium,Latte with Whole Milk - Medium Medium,,410,11,14,61,190,8,0,45,0,57,39,,,,,,,,,,,4,,739,,410,,0,,,,,,,,,2026/2/7,
Dunkin,latte-with-whole-milk-small-small,Latte with Whole Milk - Small Small,,300,8,11,43,130,6,0,35,0,39,27,,,,,,,,,,,3,,507,,281,,0,,,,,,,,,2026/2/7,
Dunkin,milk-medium-medium,Milk - Medium Medium,,260,11,0,53,170,0,0,10,0,52,35,,,,,,,,,,,3,,754,,415,,0,,,,,,,,,2026/2/7,
Dunkin,milk-small-small,Milk - Small Small,,180,8,0,36,115,0,0,5,0,35,23,,,,,,,,,,,2,,506,,276,,0,,,,,,,,,2026/2/7,
Dunkin,whole-milk-large-large,Whole Milk - Large Large,,450,14,12,70,240,7,0,40,0,69,46,,,,,,,,,,,5,,922,,518,,0,,,,,,,,,2026/2/7,
Dunkin,whole-milk-medium-medium,Whole Milk - Medium Medium,,340,11,9,53,180,5,0,30,0,52,35,,,,,,,,,,,4,,687,,389,,0,,,,,,,,,2026/2/7,
Dunkin,whole-milk-small-small,Whole Milk - Small Small,,230,7,6,35,120,3.5,0,20,0,34,23,,,,,,,,,,,2,,461,,259,,0,,,,,,,,,2026/2/7,
Dunkin,large-large,Large Large,,290,13,0.5,58,200,0,0,5,2,54,36,,,,,,,,,,,4,,651,,450,,1,,,,,,,,,2026/2/7,
Dunkin,medium-medium,Medium Medium,,220,10,0,44,150,0,0,5,2,41,27,,,,,,,,,,,3,,488,,338,,0,,,,,,,,,2026/2/7,
Dunkin,small-small,Small Small,,150,7,0,29,100,0,0,5,1,27,18,,,,,,,,,,,2,,326,,225,,0,,,,,,,,,2026/2/7,
Dunkin,large-large,Large Large,,390,12,12,57,200,7,0,35,2,54,36,,,,,,,,,,,5,,561,,416,,1,,,,,,,,,2026/2/7,
Dunkin,medium-medium,Medium Medium,,290,9,9,43,150,5,0,25,2,40,27,,,,,,,,,,,4,,421,,312,,0,,,,,,,,,2026/2/7,
Dunkin,small-small,Small Small,,200,6,6,29,100,3.5,0,20,1,27,18,,,,,,,,,,,2,,281,,208,,0,,,,,,,,,2026/2/7,
Dunkin,with-skim-milk-large-large,with Skim Milk - Large Large,,420,15,6,79,210,4,0,25,2,69,50,,,,,,,,,,,5,,1077,,480,,2,,,,,,,,,2026/2/7,
Dunkin,with-skim-milk-medium-medium,with Skim Milk - Medium Medium,,330,11,6,61,160,3.5,0,20,2,53,39,,,,,,,,,,,3,,812,,363,,2,,,,,,,,,2026/2/7,
Dunkin,with-skim-milk-small-small,with Skim Milk - Small Small,,250,8,5,43,110,3.5,0,20,1,37,27,,,,,,,,,,,2,,557,,248,,1,,,,,,,,,2026/2/7,
Dunkin,with-whole-milk-large-large,with Whole Milk - Large Large,,520,14,18,78,210,11,0.5,55,2,68,50,,,,,,,,,,,5,,987,,445,,2,,,,,,,,,2026/2/7,
Dunkin,with-whole-milk-medium-medium,with Whole Milk - Medium Medium,,400,10,14,60,160,9,0,45,2,52,39,,,,,,,,,,,4,,744,,337,,2,,,,,,,,,2026/2/7,
Dunkin,with-whole-milk-small-small,with Whole Milk - Small Small,,300,7,11,43,110,7,0,35,1,36,27,,,,,,,,,,,3,,512,,230,,1,,,,,,,,,2026/2/7,
Dunkin,with-skim-milk-large-large,with Skim Milk - Large Large,,350,15,0,71,220,0,0,10,0,67,42,,,,,,,,,,,4,,975,,534,,0,,,,,,,,,2026/2/7,
Dunkin,with-skim-milk-medium-medium,with Skim Milk - Medium Medium,,260,11,0,53,170,0,0,10,0,50,31,,,,,,,,,,,3,,727,,400,,0,,,,,,,,,2026/2/7,
Dunkin,with-skim-milk-small-small,with Skim Milk - Small Small,,170,7,0,35,110,0,0,5,0,33,21,,,,,,,,,,,2,,488,,267,,0,,,,,,,,,2026/2/7,
Dunkin,with-whole-milk-large-large,with Whole Milk - Large Large,,450,14,12,70,230,7,0,40,0,66,42,,,,,,,,,,,5,,885,,499,,0,,,,,,,,,2026/2/7,
Dunkin,with-whole-milk-medium-medium,with Whole Milk - Medium Medium,,330,11,9,52,170,5,0,30,0,50,31,,,,,,,,,,,4,,659,,374,,0,,,,,,,,,2026/2/7,
Dunkin,with-whole-milk-small-small,with Whole Milk - Small Small,,220,7,6,35,115,3.5,0,20,0,33,21,,,,,,,,,,,2,,443,,250,,0,,,,,,,,,2026/2/7,
Dunkin,large-large,Large Large,,130,2,3.5,23,240,0,0,0,1,20,19,,,,,,,,,,,4,,369,,699,,1,,,,,,,,,2026/2/7,
Dunkin,medium-medium,Medium Medium,,100,1,3,17,180,0,0,0,1,15,15,,,,,,,,,,,3,,273,,525,,1,,,,,,,,,2026/2/7,
Dunkin,small-small,Small Small,,70,1,2,11,120,0,0,0,0,10,10,,,,,,,,,,,2,,185,,350,,1,,,,,,,,,2026/2/7,
Dunkin,hot-latte-with-oatmilk-large-large,Hot Latte with Oatmilk - Large Large,,180,3,5,32,180,1,0,0,4,7,5,,,,,,,,,,,9,,675,,503,,1,,,,,,,,,2026/2/7,
Dunkin,hot-latte-with-oatmilk-medium-medium,Hot Latte with Oatmilk - Medium Medium,,130,2,4,24,135,0.5,0,0,3,5,4,,,,,,,,,,,7,,502,,377,,0,,,,,,,,,2026/2/7,
Dunkin,hot-latte-with-oatmilk-small-small,Hot Latte with Oatmilk - Small Small,,90,1,2.5,16,90,0,0,0,2,4,3,,,,,,,,,,,4,,338,,251,,0,,,,,,,,,2026/2/7,
Dunkin,hot-latte-with-skim-milk-large-large,Hot Latte with Skim Milk - Large Large,,130,12,0,20,170,0,0,5,0,18,0,,,,,,,,,,,4,,665,,450,,0,,,,,,,,,2026/2/7,
Dunkin,medium-medium,Medium Medium,,100,9,0,15,125,0,0,5,0,14,0,,,,,,,,,,,3,,494,,337,,0,,,,,,,,,2026/2/7,
Dunkin,hot-latte-with-skim-milk-small-small,Hot Latte with Skim Milk - Small Small,,70,6,0,10,85,0,0,5,0,9,0,,,,,,,,,,,2,,332,,225,,0,,,,,,,,,2026/2/7,
Dunkin,sugar-large-large,Sugar - Large Large,,270,12,0,54,170,0,0,5,0,53,35,,,,,,,,,,,4,,666,,450,,0,,,,,,,,,2026/2/7,
Dunkin,sugar-medium-medium,Sugar - Medium Medium,,200,9,0,41,125,0,0,5,0,40,26,,,,,,,,,,,3,,495,,337,,0,,,,,,,,,2026/2/7,
Dunkin,sugar-small-small,Sugar - Small Small,,130,6,0,27,85,0,0,5,0,26,17,,,,,,,,,,,2,,333,,225,,0,,,,,,,,,2026/2/7,
Dunkin,hot-latte-with-whole-milk-large-large,Hot Latte with Whole Milk - Large Large,,230,12,12,19,170,7,0,35,0,18,0,,,,,,,,,,,5,,575,,415,,0,,,,,,,,,2026/2/7,
Dunkin,medium-medium,Medium Medium,,170,9,9,14,125,5,0,25,0,13,0,,,,,,,,,,,4,,427,,311,,0,,,,,,,,,2026/2/7,
Dunkin,hot-latte-with-whole-milk-small-small,Hot Latte with Whole Milk - Small Small,,120,6,6,9,85,3.5,0,20,0,9,0,,,,,,,,,,,2,,288,,208,,0,,,,,,,,,2026/2/7,
Dunkin,sugar-large-large,Sugar - Large Large,,370,12,12,54,170,7,0,35,0,52,35,,,,,,,,,,,5,,576,,416,,0,,,,,,,,,2026/2/7,
Dunkin,sugar-medium-medium,Sugar - Medium Medium,,270,9,9,40,125,5,0,25,0,39,26,,,,,,,,,,,4,,427,,312,,0,,,,,,,,,2026/2/7,
Dunkin,sugar-small-small,Sugar - Small Small,,180,6,6,27,85,3.5,0,20,0,26,17,,,,,,,,,,,2,,288,,208,,0,,,,,,,,,2026/2/7,
Dunkin,large-large,- Large Large,,240,14,0,45,150,0,0,5,2,43,25,,,,,,,,,,,8,,573,,448,,0,,,,,,,,,2026/2/7,
Dunkin,medium-medium,- Medium Medium,,180,11,0,34,115,0,0,5,1,32,19,,,,,,,,,,,6,,430,,336,,0,,,,,,,,,2026/2/7,
Dunkin,small-small,- Small Small,,120,7,0,23,75,0,0,5,1,22,12,,,,,,,,,,,4,,286,,224,,0,,,,,,,,,2026/2/7,
Dunkin,large-large,- Large Large,,340,13,12,44,160,7,0,35,2,43,25,,,,,,,,,,,9,,483,,414,,0,,,,,,,,,2026/2/7,
Dunkin,medium-medium,- Medium Medium,,250,10,9,33,120,5,0,25,1,32,19,,,,,,,,,,,6,,362,,310,,0,,,,,,,,,2026/2/7,
Dunkin,small-small,- Small Small,,170,7,6,22,80,3.5,0,20,1,21,12,,,,,,,,,,,4,,242,,207,,0,,,,,,,,,2026/2/7,
Dunkin,milk-medium-medium,Milk - Medium Medium,,250,10,1,52,150,0.5,0,5,2,48,34,,,,,,,,,,,3,,757,,345,,1,,,,,,,,,2026/2/7,
Dunkin,milk-small-small,Milk - Small Small,,170,7,0.5,35,100,0,0,5,1,32,23,,,,,,,,,,,2,,508,,230,,1,,,,,,,,,2026/2/7,
Dunkin,milk-large-large,Milk - Large Large,,440,13,13,69,200,7,0,35,2,63,46,,,,,,,,,,,5,,926,,426,,2,,,,,,,,,2026/2/7,
Dunkin,milk-medium-medium,Milk - Medium Medium,,330,10,10,52,150,6,0,25,2,47,34,,,,,,,,,,,4,,690,,319,,1,,,,,,,,,2026/2/7,
Dunkin,milk-small-small,Milk - Small Small,,220,7,6,35,100,3.5,0,20,1,32,23,,,,,,,,,,,2,,463,,213,,1,,,,,,,,,2026/2/7,
Dunkin,with-skim-milk-large-large,with Skim Milk - Large Large,,310,12,0,64,380,0,0,5,0,60,42,,,,,,,,,,,3,,699,,432,,0,,,,,,,,,2026/2/7,
Dunkin,with-skim-milk-medium-medium,with Skim Milk - Medium Medium,,230,9,0,48,280,0,0,5,0,45,31,,,,,,,,,,,2,,531,,324,,0,,,,,,,,,2026/2/7,
Dunkin,with-skim-milk-small-small,with Skim Milk - Small Small,,160,6,0,33,190,0,0,5,0,30,21,,,,,,,,,,,1,,372,,216,,0,,,,,,,,,2026/2/7,
Dunkin,with-whole-milk-large-large,with Whole Milk - Large Large,,380,11,8,64,380,4.5,0,25,0,60,42,,,,,,,,,,,3,,639,,409,,0,,,,,,,,,2026/2/7,
Dunkin,with-whole-milk-medium-medium,with Whole Milk - Medium Medium,,280,8,6,48,290,3.5,0,20,0,45,31,,,,,,,,,,,2,,486,,307,,0,,,,,,,,,2026/2/7,
Dunkin,with-whole-milk-small-small,with Whole Milk - Small Small,,190,6,4,32,190,2.5,0,15,0,30,21,,,,,,,,,,,2,,343,,205,,0,,,,,,,,,2026/2/7,
Dunkin,skim-milk-large-large,Skim Milk - Large Large,,310,11,0,66,190,0,0,10,0,63,46,,,,,,,,,,,3,,867,,404,,0,,,,,,,,,2026/2/7,
Dunkin,skim-milk-medium-medium,Skim Milk - Medium Medium,,240,8,0,49,140,0,0,5,0,47,35,,,,,,,,,,,2,,657,,303,,0,,,,,,,,,2026/2/7,
Dunkin,skim-milk-small-small,Skim Milk - Small Small,,160,6,0,33,95,0,0,5,0,32,23,,,,,,,,,,,1,,456,,203,,0,,,,,,,,,2026/2/7,
Dunkin,whole-milk-large-large,Whole Milk - Large Large,,380,11,8,65,190,4.5,0,30,0,63,46,,,,,,,,,,,3,,807,,381,,0,,,,,,,,,2026/2/7,
Dunkin,whole-milk-medium-medium,Whole Milk - Medium Medium,,290,8,6,49,140,3.5,0,20,0,47,35,,,,,,,,,,,2,,612,,286,,0,,,,,,,,,2026/2/7,
Dunkin,whole-milk-small-small,Whole Milk - Small Small,,190,5,4,33,95,2.5,0,15,0,31,23,,,,,,,,,,,2,,426,,191,,0,,,,,,,,,2026/2/7,
Dunkin,macchiato-with-skim-milk-large-large,Macchiato with Skim Milk - Large Large,,310,11,0,65,180,0,0,10,0,61,42,,,,,,,,,,,3,,830,,385,,0,,,,,,,,,2026/2/7,
Dunkin,medium-medium,Medium Medium,,230,8,0,49,135,0,0,5,0,46,31,,,,,,,,,,,2,,630,,289,,0,,,,,,,,,2026/2/7,
Dunkin,macchiato-with-skim-milk-small-small,Macchiato with Skim Milk - Small Small,,160,5,0,33,90,0,0,5,0,30,21,,,,,,,,,,,1,,438,,193,,0,,,,,,,,,2026/2/7,
Dunkin,large-large,Large Large,,380,10,8,65,180,4.5,0,30,0,60,42,,,,,,,,,,,3,,770,,362,,0,,,,,,,,,2026/2/7,
Dunkin,medium-medium,Medium Medium,,280,8,6,49,135,3.5,0,20,0,45,31,,,,,,,,,,,2,,585,,272,,0,,,,,,,,,2026/2/7,
Dunkin,macchiato-with-whole-milk-small-small,Macchiato with Whole Milk - Small Small,,190,5,4,33,95,2.5,0,15,0,30,21,,,,,,,,,,,2,,408,,181,,0,,,,,,,,,2026/2/7,
Dunkin,large-large,Large Large,,120,2,3.5,23,130,0.5,0,0,3,5,4,,,,,,,,,,,6,,527,,336,,0,,,,,,,,,2026/2/7,
Dunkin,medium-medium,Medium Medium,,90,2,2.5,17,100,0,0,0,2,4,3,,,,,,,,,,,4,,402,,252,,0,,,,,,,,,2026/2/7,
Dunkin,small-small,Small Small,,60,1,2,12,70,0,0,0,1,2,2,,,,,,,,,,,3,,286,,169,,0,,,,,,,,,2026/2/7,
Dunkin,large-large,Large Large,,90,8,0,14,120,0,0,5,0,12,0,,,,,,,,,,,3,,520,,301,,0,,,,,,,,,2026/2/7,
Dunkin,medium-medium,Medium Medium,,70,6,0,11,90,0,0,5,0,9,0,,,,,,,,,,,2,,397,,226,,0,,,,,,,,,2026/2/7,
Dunkin,small-small,Small Small,,50,4,0,7,65,0,0,0,0,6,0,,,,,,,,,,,1,,283,,151,,0,,,,,,,,,2026/2/7,
Dunkin,sugar-large-large,Sugar - Large Large,,230,8,0,49,120,0,0,5,0,47,35,,,,,,,,,,,3,,521,,301,,0,,,,,,,,,2026/2/7,
Dunkin,sugar-medium-medium,Sugar - Medium Medium,,170,6,0,37,90,0,0,5,0,35,26,,,,,,,,,,,2,,397,,226,,0,,,,,,,,,2026/2/7,
Dunkin,sugar-small-small,Sugar - Small Small,,120,4,0,25,65,0,0,0,0,23,17,,,,,,,,,,,1,,283,,151,,0,,,,,,,,,2026/2/7,
Dunkin,large-large,Large Large,,160,8,8,14,120,4.5,0,25,0,12,0,,,,,,,,,,,3,,460,,278,,0,,,,,,,,,2026/2/7,
Dunkin,medium-medium,Medium Medium,,120,6,6,10,90,3.5,0,20,0,9,0,,,,,,,,,,,2,,352,,209,,0,,,,,,,,,2026/2/7,
Dunkin,small-small,Small Small,,80,4,4,7,65,2.5,0,10,0,6,0,,,,,,,,,,,2,,253,,139,,0,,,,,,,,,2026/2/7,
Dunkin,and-sugar-large-large,and Sugar - Large Large,,290,8,8,49,120,4.5,0,25,0,46,35,,,,,,,,,,,3,,461,,278,,0,,,,,,,,,2026/2/7,
Dunkin,and-sugar-medium-medium,and Sugar - Medium Medium,,220,6,6,37,90,3.5,0,20,0,35,26,,,,,,,,,,,2,,352,,209,,0,,,,,,,,,2026/2/7,
Dunkin,and-sugar-small-small,and Sugar - Small Small,,150,4,4,25,65,2.5,0,10,0,23,17,,,,,,,,,,,2,,253,,140,,0,,,,,,,,,2026/2/7,
Dunkin,skim-milk-large-large,Skim Milk - Large Large,,300,10,1,65,150,0.5,0,5,2,58,46,,,,,,,,,,,3,,871,,312,,2,,,,,,,,,2026/2/7,
Dunkin,skim-milk-medium-medium,Skim Milk - Medium Medium,,230,7,1,49,110,0.5,0,5,2,43,34,,,,,,,,,,,2,,660,,234,,2,,,,,,,,,2026/2/7,
Dunkin,skim-milk-small-small,Skim Milk - Small Small,,150,5,0.5,33,75,0,0,0,1,29,23,,,,,,,,,,,1,,458,,156,,1,,,,,,,,,2026/2/7,
Dunkin,whole-milk-large-large,Whole Milk - Large Large,,370,9,9,64,150,5,0,25,2,57,46,,,,,,,,,,,3,,811,,289,,2,,,,,,,,,2026/2/7,
Dunkin,whole-milk-medium-medium,Whole Milk - Medium Medium,,280,7,7,48,115,4,0,20,2,43,34,,,,,,,,,,,2,,615,,217,,2,,,,,,,,,2026/2/7,
Dunkin,whole-milk-small-small,Whole Milk - Small Small,,180,5,4.5,32,80,2.5,0,10,1,29,23,,,,,,,,,,,2,,428,,145,,1,,,,,,,,,2026/2/7,
Dunkin,iced-americano-large-large,Iced Americano - Large Large,,10,0,0,2,40,0,0,0,0,0,0,,,,,,,,,,,0,,145,,25,,0,,,,,,,,,2026/2/7,
Dunkin,iced-americano-medium-medium,Iced Americano - Medium Medium,,10,0,0,2,30,0,0,0,0,0,0,,,,,,,,,,,0,,116,,18,,0,,,,,,,,,2026/2/7,
Dunkin,iced-americano-small-small,Iced Americano - Small Small,,5,0,0,1,25,0,0,0,0,0,0,,,,,,,,,,,0,,96,,13,,0,,,,,,,,,2026/2/7,
Dunkin,large-large,Large Large,,310,11,0,64,390,0,0,5,0,60,42,,,,,,,,,,,3,,658,,446,,0,,,,,,,,,2026/2/7,
Dunkin,medium-medium,Medium Medium,,230,9,0,48,290,0,0,5,0,45,31,,,,,,,,,,,2,,489,,334,,0,,,,,,,,,2026/2/7,
Dunkin,small-small,Small Small,,150,6,0,32,190,0,0,5,0,30,21,,,,,,,,,,,1,,329,,223,,0,,,,,,,,,2026/2/7,
Dunkin,large-large,Large Large,,370,11,8,63,390,4.5,0,25,0,60,42,,,,,,,,,,,3,,598,,423,,0,,,,,,,,,2026/2/7,
Dunkin,medium-medium,Medium Medium,,280,8,6,47,290,3.5,0,20,0,45,31,,,,,,,,,,,2,,444,,317,,0,,,,,,,,,2026/2/7,
Dunkin,small-small,Small Small,,190,5,4,32,190,2.5,0,15,0,30,21,,,,,,,,,,,2,,299,,212,,0,,,,,,,,,2026/2/7,
Dunkin,with-skim-milk-large-large,with Skim Milk - Large Large,,310,11,0,65,200,0,0,10,0,63,46,,,,,,,,,,,3,,826,,419,,0,,,,,,,,,2026/2/7,
Dunkin,with-skim-milk-medium-medium,with Skim Milk - Medium Medium,,230,8,0,49,150,0,0,5,0,47,35,,,,,,,,,,,2,,615,,314,,0,,,,,,,,,2026/2/7,
Dunkin,with-skim-milk-small-small,with Skim Milk - Small Small,,160,6,0,33,100,0,0,5,0,32,23,,,,,,,,,,,1,,413,,210,,0,,,,,,,,,2026/2/7,
Dunkin,with-whole-milk-large-large,with Whole Milk - Large Large,,380,11,8,65,200,4.5,0,30,0,63,46,,,,,,,,,,,3,,766,,396,,0,,,,,,,,,2026/2/7,
Dunkin,with-whole-milk-medium-medium,with Whole Milk - Medium Medium,,280,8,6,48,150,3.5,0,20,0,47,35,,,,,,,,,,,2,,570,,296,,0,,,,,,,,,2026/2/7,
Dunkin,with-whole-milk-small-small,with Whole Milk - Small Small,,190,5,4,32,100,2.5,0,15,0,31,23,,,,,,,,,,,2,,383,,198,,0,,,,,,,,,2026/2/7,
Dunkin,large-large,Large Large,,310,11,0,65,190,0,0,10,0,61,42,,,,,,,,,,,3,,789,,400,,0,,,,,,,,,2026/2/7,
Dunkin,medium-medium,Medium Medium,,230,8,0,48,140,0,0,5,0,46,31,,,,,,,,,,,2,,587,,299,,0,,,,,,,,,2026/2/7,
Dunkin,small-small,Small Small,,150,5,0,32,95,0,0,5,0,30,21,,,,,,,,,,,1,,395,,200,,0,,,,,,,,,2026/2/7,
Dunkin,large-large,Large Large,,370,10,8,64,190,4.5,0,30,0,60,42,,,,,,,,,,,3,,730,,377,,0,,,,,,,,,2026/2/7,
Dunkin,medium-medium,Medium Medium,,280,8,6,48,140,3.5,0,20,0,45,31,,,,,,,,,,,2,,542,,282,,0,,,,,,,,,2026/2/7,
Dunkin,small-small,Small Small,,190,5,4,32,95,2.5,0,15,0,30,21,,,,,,,,,,,2,,365,,189,,0,,,,,,,,,2026/2/7,
Dunkin,large-large,Large Large,,90,8,0,13,130,0,0,5,0,12,0,,,,,,,,,,,3,,479,,316,,0,,,,,,,,,2026/2/7,
Dunkin,medium-medium,Medium Medium,,70,6,0,10,95,0,0,5,0,9,0,,,,,,,,,,,2,,354,,236,,0,,,,,,,,,2026/2/7,
Dunkin,small-small,Small Small,,45,4,0,7,65,0,0,0,0,6,0,,,,,,,,,,,1,,240,,158,,0,,,,,,,,,2026/2/7,
Dunkin,and-sugar-large-large,and Sugar - Large Large,,230,8,0,48,130,0,0,5,0,47,35,,,,,,,,,,,3,,480,,316,,0,,,,,,,,,2026/2/7,
Dunkin,and-sugar-medium-medium,and Sugar - Medium Medium,,170,6,0,36,95,0,0,5,0,35,26,,,,,,,,,,,2,,355,,236,,0,,,,,,,,,2026/2/7,
Dunkin,and-sugar-small-small,and Sugar - Small Small,,110,4,0,24,65,0,0,0,0,23,17,,,,,,,,,,,1,,240,,158,,0,,,,,,,,,2026/2/7,
Dunkin,large-large,- Large Large,,160,8,8,13,130,4.5,0,25,0,12,0,,,,,,,,,,,3,,419,,293,,0,,,,,,,,,2026/2/7,
Dunkin,medium-medium,- Medium Medium,,120,6,6,10,100,3.5,0,20,0,9,0,,,,,,,,,,,2,,310,,219,,0,,,,,,,,,2026/2/7,
Dunkin,small-small,- Small Small,,80,4,4,7,65,2.5,0,10,0,6,0,,,,,,,,,,,2,,210,,147,,0,,,,,,,,,2026/2/7,
Dunkin,and-sugar-large-large,and Sugar - Large Large,,290,8,8,48,130,4.5,0,25,0,46,35,,,,,,,,,,,3,,420,,293,,0,,,,,,,,,2026/2/7,
Dunkin,and-sugar-medium-medium,and Sugar - Medium Medium,,220,6,6,36,100,3.5,0,20,0,35,26,,,,,,,,,,,2,,310,,219,,0,,,,,,,,,2026/2/7,
Dunkin,and-sugar-small-small,and Sugar - Small Small,,150,4,4,24,65,2.5,0,10,0,23,17,,,,,,,,,,,2,,210,,147,,0,,,,,,,,,2026/2/7,
Dunkin,skim-milk-large-large,Skim Milk - Large Large,,300,10,1,64,160,0.5,0,5,2,58,46,,,,,,,,,,,3,,830,,327,,2,,,,,,,,,2026/2/7,
Dunkin,skim-milk-medium-medium,Skim Milk - Medium Medium,,220,7,1,48,115,0.5,0,5,2,43,34,,,,,,,,,,,2,,618,,244,,1,,,,,,,,,2026/2/7,
Dunkin,skim-milk-small-small,Skim Milk - Small Small,,150,5,0.5,32,80,0,0,0,1,29,23,,,,,,,,,,,1,,415,,164,,1,,,,,,,,,2026/2/7,
Dunkin,whole-milk-large-large,Whole Milk - Large Large,,360,9,9,63,160,5,0,25,2,57,46,,,,,,,,,,,3,,770,,304,,2,,,,,,,,,2026/2/7,
Dunkin,whole-milk-medium-medium,Whole Milk - Medium Medium,,270,7,7,48,120,4,0,20,2,43,34,,,,,,,,,,,2,,573,,227,,1,,,,,,,,,2026/2/7,
Dunkin,whole-milk-small-small,Whole Milk - Small Small,,180,5,4.5,32,80,2.5,0,10,1,29,23,,,,,,,,,,,2,,385,,152,,1,,,,,,,,,2026/2/7,
Dunkin,with-black-large-large,with Black - Large Large,,220,4,0,50,280,0,0,0,0,48,42,,,,,,,,,,,0,,427,,150,,0,,,,,,,,,2026/2/7,
Dunkin,with-black-medium-medium,with Black - Medium Medium,,170,3,0,38,210,0,0,0,0,36,31,,,,,,,,,,,0,,333,,112,,0,,,,,,,,,2026/2/7,
Dunkin,with-black-small-small,with Black - Small Small,,110,2,0,25,140,0,0,0,0,24,21,,,,,,,,,,,0,,227,,76,,0,,,,,,,,,2026/2/7,
Dunkin,with-cream-large-large,with Cream - Large Large,,340,5,12,52,320,6,0,35,0,50,42,,,,,,,,,,,1,,482,,204,,0,,,,,,,,,2026/2/7,
Dunkin,with-cream-medium-medium,with Cream - Medium Medium,,250,4,9,39,240,4.5,0,30,0,37,31,,,,,,,,,,,0,,374,,153,,0,,,,,,,,,2026/2/7,
Dunkin,with-cream-small-small,with Cream - Small Small,,170,3,6,26,160,3,0,20,0,25,21,,,,,,,,,,,0,,254,,103,,0,,,,,,,,,2026/2/7,
Dunkin,caramel-swirl-iced-coffee-large-large,Caramel Swirl Iced Coffee - Large Large,,230,3,0,52,85,0,0,5,0,51,46,,,,,,,,,,,0,,594,,123,,0,,,,,,,,,2026/2/7,
Dunkin,medium-medium,Medium Medium,,170,3,0,39,65,0,0,5,0,38,35,,,,,,,,,,,0,,459,,92,,0,,,,,,,,,2026/2/7,
Dunkin,caramel-swirl-iced-coffee-small-small,Caramel Swirl Iced Coffee - Small Small,,110,2,0,26,45,0,0,0,0,26,23,,,,,,,,,,,0,,311,,62,,0,,,,,,,,,2026/2/7,
Dunkin,cream-large-large,Cream - Large Large,,340,5,12,53,130,6,0,40,0,53,46,,,,,,,,,,,1,,649,,177,,0,,,,,,,,,2026/2/7,
Dunkin,cream-medium-medium,Cream - Medium Medium,,260,4,9,40,95,4.5,0,30,0,40,35,,,,,,,,,,,0,,500,,132,,0,,,,,,,,,2026/2/7,
Dunkin,cream-small-small,Cream - Small Small,,170,3,6,27,65,3,0,20,0,26,23,,,,,,,,,,,0,,338,,89,,0,,,,,,,,,2026/2/7,
Dunkin,large-large,Large Large,,220,3,0,51,80,0,0,5,0,49,42,,,,,,,,,,,0,,558,,104,,0,,,,,,,,,2026/2/7,
Dunkin,medium-medium,Medium Medium,,170,2,0,38,60,0,0,5,0,37,31,,,,,,,,,,,0,,432,,77,,0,,,,,,,,,2026/2/7,
Dunkin,small-small,Small Small,,110,2,0,26,40,0,0,0,0,24,21,,,,,,,,,,,0,,293,,52,,0,,,,,,,,,2026/2/7,
Dunkin,with-cream-large-large,with Cream - Large Large,,340,5,12,53,120,6,0,40,0,50,42,,,,,,,,,,,1,,613,,157,,0,,,,,,,,,2026/2/7,
Dunkin,with-cream-medium-medium,with Cream - Medium Medium,,250,4,9,40,90,4.5,0,30,0,38,31,,,,,,,,,,,0,,473,,118,,0,,,,,,,,,2026/2/7,
Dunkin,with-cream-small-small,with Cream - Small Small,,170,2,6,26,60,3,0,20,0,25,21,,,,,,,,,,,0,,320,,79,,0,,,,,,,,,2026/2/7,
Dunkin,large-large,- Large Large,,90,9,0,12,120,0,0,5,0,12,0,,,,,,,,,,,3,,548,,315,,0,,,,,,,,,2026/2/7,
Dunkin,medium-medium,- Medium Medium,,60,6,0,9,90,0,0,5,0,9,0,,,,,,,,,,,2,,411,,235,,0,,,,,,,,,2026/2/7,
Dunkin,small-small,- Small Small,,45,4,0,6,60,0,0,0,0,6,0,,,,,,,,,,,1,,274,,158,,0,,,,,,,,,2026/2/7,
Dunkin,large-large,- Large Large,,150,8,8,12,120,4.5,0,25,0,12,0,,,,,,,,,,,3,,488,,292,,0,,,,,,,,,2026/2/7,
Dunkin,medium-medium,- Medium Medium,,110,6,6,9,90,3.5,0,20,0,9,0,,,,,,,,,,,2,,366,,218,,0,,,,,,,,,2026/2/7,
Dunkin,small-small,- Small Small,,80,4,4,6,60,2.5,0,10,0,6,0,,,,,,,,,,,2,,244,,146,,0,,,,,,,,,2026/2/7,
Dunkin,iced-coffee-large-large,Iced Coffee - Large Large,,5,1,0,0,20,0,0,0,0,0,0,,,,,,,,,,,0,,275,,21,,0,,,,,,,,,2026/2/7,
Dunkin,iced-coffee-medium-medium,Iced Coffee - Medium Medium,,5,0,0,0,15,0,0,0,0,0,0,,,,,,,,,,,0,,206,,15,,0,,,,,,,,,2026/2/7,
Dunkin,iced-coffee-small-small,Iced Coffee - Small Small,,5,0,0,0,10,0,0,0,0,0,0,,,,,,,,,,,0,,137,,11,,0,,,,,,,,,2026/2/7,
Dunkin,large-large,Large Large,,35,1,1,5,75,0,0,0,0,5,5,,,,,,,,,,,1,,298,,193,,0,,,,,,,,,2026/2/7,
Dunkin,medium-medium,Medium Medium,,25,1,0.5,4,50,0,0,0,0,3,3,,,,,,,,,,,1,,221,,130,,0,,,,,,,,,2026/2/7,
Dunkin,small-small,Small Small,,15,0,0,2,30,0,0,0,0,2,2,,,,,,,,,,,0,,145,,68,,0,,,,,,,,,2026/2/7,
Dunkin,iced-coffee-with-cream-large-large,Iced Coffee with Cream - Large Large,,120,2,12,2,65,6,0,35,0,2,0,,,,,,,,,,,1,,330,,75,,0,,,,,,,,,2026/2/7,
Dunkin,iced-coffee-with-cream-medium-medium,Iced Coffee with Cream - Medium Medium,,90,2,9,1,45,4.5,0,25,0,1,0,,,,,,,,,,,0,,247,,55,,0,,,,,,,,,2026/2/7,
Dunkin,iced-coffee-with-cream-small-small,Iced Coffee with Cream - Small Small,,60,1,6,1,30,3,0,20,0,1,0,,,,,,,,,,,0,,165,,37,,0,,,,,,,,,2026/2/7,
Dunkin,large-large,- Large Large,,260,2,12,37,65,6,0,35,0,36,35,,,,,,,,,,,1,,330,,75,,0,,,,,,,,,2026/2/7,
Dunkin,medium-medium,- Medium Medium,,190,2,9,27,45,4.5,0,25,0,27,26,,,,,,,,,,,0,,247,,55,,0,,,,,,,,,2026/2/7,
Dunkin,small-small,- Small Small,,130,1,6,18,30,3,0,20,0,18,17,,,,,,,,,,,0,,165,,38,,0,,,,,,,,,2026/2/7,
Dunkin,iced-coffee-with-oatmilk-large-large,Iced Coffee with Oatmilk - Large Large,,45,1,1.5,8,60,0,0,0,1,2,1,,,,,,,,,,,2,,380,,144,,0,,,,,,,,,2026/2/7,
Dunkin,iced-coffee-with-oatmilk-medium-medium,Iced Coffee with Oatmilk - Medium Medium,,30,1,1,5,40,0,0,0,1,1,1,,,,,,,,,,,1,,276,,97,,0,,,,,,,,,2026/2/7,
Dunkin,iced-coffee-with-oatmilk-small-small,Iced Coffee with Oatmilk - Small Small,,15,1,0,3,25,0,0,0,0,1,0,,,,,,,,,,,1,,172,,52,,0,,,,,,,,,2026/2/7,
Dunkin,iced-coffee-with-skim-milk-large-large,Iced Coffee with Skim Milk - Large Large,,25,3,0,3,45,0,0,0,0,3,0,,,,,,,,,,,1,,343,,94,,0,,,,,,,,,2026/2/7,
Dunkin,medium-medium,Medium Medium,,20,2,0,2,35,0,0,0,0,2,0,,,,,,,,,,,1,,257,,70,,0,,,,,,,,,2026/2/7,
Dunkin,iced-coffee-with-skim-milk-small-small,Iced Coffee with Skim Milk - Small Small,,15,1,0,2,25,0,0,0,0,2,0,,,,,,,,,,,0,,172,,47,,0,,,,,,,,,2026/2/7,
Dunkin,sugar-large-large,Sugar - Large Large,,160,3,0,38,45,0,0,0,0,38,35,,,,,,,,,,,1,,344,,95,,0,,,,,,,,,2026/2/7,
Dunkin,sugar-medium-medium,Sugar - Medium Medium,,120,2,0,28,35,0,0,0,0,28,26,,,,,,,,,,,1,,257,,70,,0,,,,,,,,,2026/2/7,
Dunkin,sugar-small-small,Sugar - Small Small,,80,1,0,19,25,0,0,0,0,19,17,,,,,,,,,,,0,,172,,47,,0,,,,,,,,,2026/2/7,
Dunkin,iced-coffee-with-sugar-large-large,Iced Coffee with Sugar - Large Large,,140,1,0,35,20,0,0,0,0,35,35,,,,,,,,,,,0,,275,,21,,0,,,,,,,,,2026/2/7,
Dunkin,iced-coffee-with-sugar-medium-medium,Iced Coffee with Sugar - Medium Medium,,110,0,0,26,15,0,0,0,0,26,26,,,,,,,,,,,0,,206,,15,,0,,,,,,,,,2026/2/7,
Dunkin,iced-coffee-with-sugar-small-small,Iced Coffee with Sugar - Small Small,,70,0,0,17,10,0,0,0,0,17,17,,,,,,,,,,,0,,138,,11,,0,,,,,,,,,2026/2/7,
Dunkin,large-large,Large Large,,40,3,2,3,45,1,0,5,0,3,0,,,,,,,,,,,1,,328,,89,,0,,,,,,,,,2026/2/7,
Dunkin,medium-medium,Medium Medium,,30,2,1.5,2,35,1,0,5,0,2,0,,,,,,,,,,,1,,246,,66,,0,,,,,,,,,2026/2/7,
Dunkin,small-small,Small Small,,20,1,1,1,25,0.5,0,5,0,1,0,,,,,,,,,,,0,,164,,44,,0,,,,,,,,,2026/2/7,
Dunkin,sugar-large-large,Sugar - Large Large,,180,3,2,38,45,1,0,5,0,38,35,,,,,,,,,,,1,,329,,89,,0,,,,,,,,,2026/2/7,
Dunkin,sugar-medium-medium,Sugar - Medium Medium,,130,2,1.5,28,35,1,0,5,0,28,26,,,,,,,,,,,1,,246,,66,,0,,,,,,,,,2026/2/7,
Dunkin,sugar-small-small,Sugar - Small Small,,90,1,1,19,25,0.5,0,5,0,19,17,,,,,,,,,,,0,,164,,45,,0,,,,,,,,,2026/2/7,
Dunkin,mocha-swirl-iced-coffee-large-large,Mocha Swirl Iced Coffee Large Large,,210,2,1,50,50,0,0,0,2,46,46,,,,,,,,,,,0,,598,,31,,2,,,,,,,,,2026/2/7,
Dunkin,mocha-swirl-iced-coffee-medium-medium,Mocha Swirl Iced Coffee Medium Medium,,160,2,0.5,38,35,0,0,0,2,34,34,,,,,,,,,,,0,,462,,23,,1,,,,,,,,,2026/2/7,
Dunkin,mocha-swirl-iced-coffee-small-small,Mocha Swirl Iced Coffee Small Small,,110,1,0,25,25,0,0,0,1,23,23,,,,,,,,,,,0,,313,,16,,1,,,,,,,,,2026/2/7,
Dunkin,cream-large-large,Cream - Large Large,,330,4,12,52,90,7,0,35,2,47,46,,,,,,,,,,,1,,653,,84,,2,,,,,,,,,2026/2/7,
Dunkin,cream-medium-medium,Cream - Medium Medium,,240,3,9,39,65,5,0,25,2,35,34,,,,,,,,,,,0,,503,,63,,1,,,,,,,,,2026/2/7,
Dunkin,cream-small-small,Cream - Small Small,,160,2,6,26,45,3.5,0,20,1,24,23,,,,,,,,,,,0,,340,,43,,1,,,,,,,,,2026/2/7,
Dunkin,large-large,Large Large,,230,3,3.5,48,240,0,0,0,3,44,44,,,,,,,,,,,8,,258,,702,,1,,,,,,,,,2026/2/7,
Dunkin,medium-medium,Medium Medium,,180,3,2.5,36,180,0,0,0,2,33,33,,,,,,,,,,,6,,193,,526,,1,,,,,,,,,2026/2/7,
Dunkin,small-small,Small Small,,120,2,2,24,120,0,0,0,1,22,22,,,,,,,,,,,4,,129,,351,,1,,,,,,,,,2026/2/7,
Dunkin,skim-milk-large-large,Skim Milk - Large Large,,350,16,0.5,70,440,0,0,10,0,66,42,,,,,,,,,,,4,,849,,596,,0,,,,,,,,,2026/2/7,
Dunkin,skim-milk-medium-medium,Skim Milk - Medium Medium,,260,12,0,52,330,0,0,5,0,50,31,,,,,,,,,,,3,,632,,446,,0,,,,,,,,,2026/2/7,
Dunkin,skim-milk-small-small,Skim Milk - Small Small,,170,8,0,35,220,0,0,5,0,33,21,,,,,,,,,,,2,,425,,298,,0,,,,,,,,,2026/2/7,
Dunkin,whole-milk-large-large,Whole Milk - Large Large,,450,15,12,69,440,7,0,40,0,66,42,,,,,,,,,,,5,,759,,561,,0,,,,,,,,,2026/2/7,
Dunkin,whole-milk-medium-medium,Whole Milk - Medium Medium,,330,11,9,52,330,5,0,30,0,49,31,,,,,,,,,,,4,,565,,420,,0,,,,,,,,,2026/2/7,
Dunkin,whole-milk-small-small,Whole Milk - Small Small,,220,7,6,35,220,3.5,0,20,0,33,21,,,,,,,,,,,2,,380,,281,,0,,,,,,,,,2026/2/7,
Dunkin,latte-with-skim-milk-large-large,Latte with Skim Milk - Large Large,,430,16,6,79,250,3.5,0,30,0,75,51,,,,,,,,,,,5,,1053,,586,,0,,,,,,,,,2026/2/7,
Dunkin,latte-with-skim-milk-medium-medium,Latte with Skim Milk - Medium Medium,,340,12,5,61,190,3,0,25,0,57,39,,,,,,,,,,,3,,792,,442,,0,,,,,,,,,2026/2/7,
Dunkin,latte-with-skim-milk-small-small,Latte with Skim Milk - Small Small,,250,8,5,43,130,3,0,20,0,40,27,,,,,,,,,,,2,,543,,303,,0,,,,,,,,,2026/2/7,
Dunkin,latte-with-whole-milk-large-large,Latte with Whole Milk - Large Large,,530,15,17,79,250,10,0.5,60,0,74,51,,,,,,,,,,,5,,963,,551,,0,,,,,,,,,2026/2/7,
Dunkin,latte-with-whole-milk-medium-medium,Latte with Whole Milk - Medium Medium,,410,11,14,61,190,8,0,45,0,57,39,,,,,,,,,,,4,,725,,416,,0,,,,,,,,,2026/2/7,
Dunkin,latte-with-whole-milk-small-small,Latte with Whole Milk - Small Small,,300,8,11,43,130,6,0,35,0,39,27,,,,,,,,,,,3,,499,,285,,0,,,,,,,,,2026/2/7,
Dunkin,skim-milk-medium-medium,Skim Milk - Medium Medium,,260,11,0,53,190,0,0,10,0,52,35,,,,,,,,,,,3,,758,,426,,0,,,,,,,,,2026/2/7,
Dunkin,skim-milk-small-small,Skim Milk - Small Small,,180,8,0,36,125,0,0,5,0,35,23,,,,,,,,,,,2,,509,,284,,0,,,,,,,,,2026/2/7,
Dunkin,whole-milk-large-large,Whole Milk - Large Large,,450,14,12,70,250,7,0,40,0,69,46,,,,,,,,,,,5,,927,,534,,0,,,,,,,,,2026/2/7,
Dunkin,whole-milk-medium-medium,Whole Milk - Medium Medium,,340,11,9,53,190,5,0,30,0,52,35,,,,,,,,,,,4,,690,,400,,0,,,,,,,,,2026/2/7,
Dunkin,whole-milk-small-small,Whole Milk - Small Small,,230,7,6,35,125,3.5,0,20,0,34,23,,,,,,,,,,,2,,464,,267,,0,,,,,,,,,2026/2/7,
Dunkin,large-large,Large Large,,290,13,0.5,58,210,0,0,5,2,54,36,,,,,,,,,,,4,,656,,466,,1,,,,,,,,,2026/2/7,
Dunkin,medium-medium,Medium Medium,,220,10,0,44,160,0,0,5,2,41,27,,,,,,,,,,,3,,492,,349,,0,,,,,,,,,2026/2/7,
Dunkin,small-small,Small Small,,150,7,0,29,105,0,0,5,1,27,18,,,,,,,,,,,2,,328,,233,,0,,,,,,,,,2026/2/7,
Dunkin,large-large,Large Large,,390,12,12,57,220,7,0,35,2,54,36,,,,,,,,,,,5,,567,,431,,1,,,,,,,,,2026/2/7,
Dunkin,medium-medium,Medium Medium,,290,9,9,43,160,5,0,25,2,40,27,,,,,,,,,,,4,,425,,323,,0,,,,,,,,,2026/2/7,
Dunkin,small-small,Small Small,,200,6,6,29,110,3.5,0,20,1,27,18,,,,,,,,,,,2,,283,,216,,0,,,,,,,,,2026/2/7,
Dunkin,with-skim-milk-large-large,with Skim Milk - Large Large,,420,15,6,78,220,4,0,25,2,69,50,,,,,,,,,,,5,,1061,,495,,2,,,,,,,,,2026/2/7,
Dunkin,with-skim-milk-medium-medium,with Skim Milk - Medium Medium,,330,11,6,60,160,3.5,0,20,2,52,38,,,,,,,,,,,3,,798,,373,,2,,,,,,,,,2026/2/7,
Dunkin,with-skim-milk-small-small,with Skim Milk - Small Small,,250,8,5,43,115,3.5,0,20,1,36,27,,,,,,,,,,,2,,548,,255,,1,,,,,,,,,2026/2/7,
Dunkin,with-whole-milk-large-large,with Whole Milk - Large Large,,520,14,18,77,220,11,0.5,55,2,68,50,,,,,,,,,,,5,,971,,460,,2,,,,,,,,,2026/2/7,
Dunkin,with-whole-milk-medium-medium,with Whole Milk - Medium Medium,,400,10,14,60,170,9,0,45,2,52,38,,,,,,,,,,,4,,731,,347,,2,,,,,,,,,2026/2/7,
Dunkin,with-whole-milk-small-small,with Whole Milk - Small Small,,300,7,11,42,115,7,0,35,1,36,27,,,,,,,,,,,3,,503,,238,,1,,,,,,,,,2026/2/7,
Dunkin,with-skim-milk-large-large,with Skim Milk - Large Large,,350,15,0,71,240,0,0,10,0,67,42,,,,,,,,,,,4,,980,,549,,0,,,,,,,,,2026/2/7,
Dunkin,with-skim-milk-medium-medium,with Skim Milk - Medium Medium,,260,11,0,53,180,0,0,10,0,50,31,,,,,,,,,,,3,,730,,411,,0,,,,,,,,,2026/2/7,
Dunkin,with-skim-milk-small-small,with Skim Milk - Small Small,,170,7,0,35,120,0,0,5,0,33,21,,,,,,,,,,,2,,490,,275,,0,,,,,,,,,2026/2/7,
Dunkin,with-whole-milk-large-large,with Whole Milk - Large Large,,450,14,12,70,240,7,0,40,0,66,42,,,,,,,,,,,5,,891,,515,,0,,,,,,,,,2026/2/7,
Dunkin,with-whole-milk-medium-medium,with Whole Milk - Medium Medium,,330,11,9,52,180,5,0,30,0,50,31,,,,,,,,,,,4,,663,,385,,0,,,,,,,,,2026/2/7,
Dunkin,with-whole-milk-small-small,with Whole Milk - Small Small,,220,7,6,35,120,3.5,0,20,0,33,21,,,,,,,,,,,2,,445,,258,,0,,,,,,,,,2026/2/7,
Dunkin,large-large,Large Large,,130,2,3.5,23,260,0,0,0,1,20,19,,,,,,,,,,,4,,374,,715,,1,,,,,,,,,2026/2/7,
Dunkin,medium-medium,Medium Medium,,100,1,3,17,190,0,0,0,1,15,15,,,,,,,,,,,3,,276,,536,,1,,,,,,,,,2026/2/7,
Dunkin,small-small,Small Small,,70,1,2,11,130,0,0,0,0,10,10,,,,,,,,,,,2,,187,,358,,1,,,,,,,,,2026/2/7,
Dunkin,iced-latte-with-oatmilk-large-large,Iced Latte with Oatmilk - Large Large,,180,3,5,32,200,1,0,0,4,7,5,,,,,,,,,,,9,,681,,518,,1,,,,,,,,,2026/2/7,
Dunkin,iced-latte-with-oatmilk-medium-medium,Iced Latte with Oatmilk - Medium Medium,,130,2,4,24,150,0.5,0,0,3,5,4,,,,,,,,,,,7,,506,,388,,0,,,,,,,,,2026/2/7,
Dunkin,iced-latte-with-oatmilk-small-small,Iced Latte with Oatmilk - Small Small,,90,1,2.5,16,100,0,0,0,2,4,3,,,,,,,,,,,4,,340,,259,,0,,,,,,,,,2026/2/7,
Dunkin,iced-latte-with-skim-milk-large-large,Iced Latte with Skim Milk - Large Large,,130,12,0,20,180,0,0,5,0,18,0,,,,,,,,,,,4,,670,,465,,0,,,,,,,,,2026/2/7,
Dunkin,medium-medium,Medium Medium,,100,9,0,15,135,0,0,5,0,14,0,,,,,,,,,,,3,,498,,348,,0,,,,,,,,,2026/2/7,
Dunkin,iced-latte-with-skim-milk-small-small,Iced Latte with Skim Milk - Small Small,,70,6,0,10,90,0,0,5,0,9,0,,,,,,,,,,,2,,335,,233,,0,,,,,,,,,2026/2/7,
Dunkin,sugar-large-large,Sugar - Large Large,,270,12,0,54,180,0,0,5,0,53,35,,,,,,,,,,,4,,671,,465,,0,,,,,,,,,2026/2/7,
Dunkin,sugar-medium-medium,Sugar - Medium Medium,,200,9,0,41,135,0,0,5,0,40,26,,,,,,,,,,,3,,498,,348,,0,,,,,,,,,2026/2/7,
Dunkin,sugar-small-small,Sugar - Small Small,,130,6,0,27,90,0,0,5,0,26,17,,,,,,,,,,,2,,335,,233,,0,,,,,,,,,2026/2/7,
Dunkin,iced-latte-with-whole-milk-large-large,Iced Latte with Whole Milk - Large Large,,230,12,12,19,180,7,0,35,0,18,0,,,,,,,,,,,5,,580,,431,,0,,,,,,,,,2026/2/7,
Dunkin,medium-medium,Medium Medium,,170,9,9,14,135,5,0,25,0,13,0,,,,,,,,,,,4,,430,,322,,0,,,,,,,,,2026/2/7,
Dunkin,iced-latte-with-whole-milk-small-small,Iced Latte with Whole Milk - Small Small,,120,6,6,9,90,3.5,0,20,0,9,0,,,,,,,,,,,2,,290,,216,,0,,,,,,,,,2026/2/7,
Dunkin,sugar-large-large,Sugar - Large Large,,370,12,12,54,180,7,0,35,0,52,35,,,,,,,,,,,5,,581,,431,,0,,,,,,,,,2026/2/7,
Dunkin,sugar-medium-medium,Sugar - Medium Medium,,270,9,9,40,135,5,0,25,0,39,26,,,,,,,,,,,4,,431,,323,,0,,,,,,,,,2026/2/7,
Dunkin,sugar-small-small,Sugar - Small Small,,180,6,6,27,90,3.5,0,20,0,26,17,,,,,,,,,,,2,,291,,216,,0,,,,,,,,,2026/2/7,
Dunkin,h567-h563-medium,#NAME?,,180,11,0,34,125,0,0,5,1,32,19,,,,,,,,,,,6,,433,,347,,0,,,,,,,,,2026/2/7,
Dunkin,large-large,- Large Large,,240,14,0,45,170,0,0,5,2,43,25,,,,,,,,,,,8,,578,,464,,0,,,,,,,,,2026/2/7,
Dunkin,small-small,- Small Small,,120,7,0,23,85,0,0,5,1,22,12,,,,,,,,,,,4,,289,,232,,0,,,,,,,,,2026/2/7,
Dunkin,milk-large-large,Milk - Large Large,,340,13,12,44,170,7,0,35,2,43,25,,,,,,,,,,,9,,488,,429,,0,,,,,,,,,2026/2/7,
Dunkin,milk-medium-medium,Milk - Medium Medium,,250,10,9,33,130,5,0,25,1,32,19,,,,,,,,,,,6,,366,,321,,0,,,,,,,,,2026/2/7,
Dunkin,milk-small-small,Milk - Small Small,,170,7,6,22,85,3.5,0,20,1,21,12,,,,,,,,,,,4,,244,,215,,0,,,,,,,,,2026/2/7,
Dunkin,milk-medium-medium,Milk - Medium Medium,,250,10,1,52,160,0.5,0,5,2,48,34,,,,,,,,,,,3,,761,,356,,1,,,,,,,,,2026/2/7,
Dunkin,milk-small-small,Milk - Small Small,,170,7,0.5,35,105,0,0,5,1,32,23,,,,,,,,,,,2,,510,,238,,1,,,,,,,,,2026/2/7,
Dunkin,milk-large-large,Milk - Large Large,,440,13,13,69,220,7,0,35,2,63,46,,,,,,,,,,,5,,931,,442,,2,,,,,,,,,2026/2/7,
Dunkin,milk-medium-medium,Milk - Medium Medium,,330,10,10,52,160,6,0,25,2,47,34,,,,,,,,,,,4,,694,,330,,1,,,,,,,,,2026/2/7,
Dunkin,milk-small-small,Milk - Small Small,,220,7,6,35,110,3.5,0,20,1,32,23,,,,,,,,,,,2,,466,,221,,1,,,,,,,,,2026/2/7,
Dunkin,with-skim-milk-large-large,with Skim Milk - Large Large,,310,12,0,64,390,0,0,5,0,60,42,,,,,,,,,,,3,,704,,447,,0,,,,,,,,,2026/2/7,
Dunkin,with-skim-milk-medium-medium,with Skim Milk - Medium Medium,,230,9,0,48,290,0,0,5,0,45,31,,,,,,,,,,,2,,535,,335,,0,,,,,,,,,2026/2/7,
Dunkin,with-skim-milk-small-small,with Skim Milk - Small Small,,160,6,0,33,200,0,0,5,0,30,21,,,,,,,,,,,1,,375,,224,,0,,,,,,,,,2026/2/7,
Dunkin,with-whole-milk-large-large,with Whole Milk - Large Large,,380,11,8,64,390,4.5,0,25,0,60,42,,,,,,,,,,,3,,644,,424,,0,,,,,,,,,2026/2/7,
Dunkin,with-whole-milk-medium-medium,with Whole Milk - Medium Medium,,280,8,6,48,300,3.5,0,20,0,45,31,,,,,,,,,,,2,,490,,318,,0,,,,,,,,,2026/2/7,
Dunkin,with-whole-milk-small-small,with Whole Milk - Small Small,,190,6,4,32,200,2.5,0,15,0,30,21,,,,,,,,,,,2,,345,,213,,0,,,,,,,,,2026/2/7,
Dunkin,skim-milk-large-large,Skim Milk - Large Large,,310,11,0,66,200,0,0,10,0,63,46,,,,,,,,,,,3,,872,,420,,0,,,,,,,,,2026/2/7,
Dunkin,skim-milk-medium-medium,Skim Milk - Medium Medium,,240,8,0,49,150,0,0,5,0,47,35,,,,,,,,,,,2,,661,,314,,0,,,,,,,,,2026/2/7,
Dunkin,skim-milk-small-small,Skim Milk - Small Small,,160,6,0,33,105,0,0,5,0,32,23,,,,,,,,,,,1,,459,,211,,0,,,,,,,,,2026/2/7,
Dunkin,whole-milk-large-large,Whole Milk - Large Large,,380,11,8,65,200,4.5,0,30,0,63,46,,,,,,,,,,,3,,812,,397,,0,,,,,,,,,2026/2/7,
Dunkin,whole-milk-medium-medium,Whole Milk - Medium Medium,,290,8,6,49,150,3.5,0,20,0,47,35,,,,,,,,,,,2,,616,,297,,0,,,,,,,,,2026/2/7,
Dunkin,whole-milk-small-small,Whole Milk - Small Small,,190,5,4,33,105,2.5,0,15,0,31,23,,,,,,,,,,,2,,429,,199,,0,,,,,,,,,2026/2/7,
Dunkin,macchiato-with-skim-milk-large-large,Macchiato with Skim Milk - Large Large,,310,11,0,65,190,0,0,10,0,61,42,,,,,,,,,,,3,,835,,401,,0,,,,,,,,,2026/2/7,
Dunkin,medium-medium,Medium Medium,,230,8,0,49,150,0,0,5,0,46,31,,,,,,,,,,,2,,633,,300,,0,,,,,,,,,2026/2/7,
Dunkin,macchiato-with-skim-milk-small-small,Macchiato with Skim Milk - Small Small,,160,5,0,33,100,0,0,5,0,30,21,,,,,,,,,,,1,,441,,201,,0,,,,,,,,,2026/2/7,
Dunkin,large-large,Large Large,,380,10,8,65,200,4.5,0,30,0,60,42,,,,,,,,,,,3,,776,,378,,0,,,,,,,,,2026/2/7,
Dunkin,medium-medium,Medium Medium,,280,8,6,49,150,3.5,0,20,0,45,31,,,,,,,,,,,2,,588,,283,,0,,,,,,,,,2026/2/7,
Dunkin,macchiato-with-whole-milk-small-small,Macchiato with Whole Milk - Small Small,,190,5,4,33,100,2.5,0,15,0,30,21,,,,,,,,,,,2,,411,,189,,0,,,,,,,,,2026/2/7,
Dunkin,large-large,Large Large,,120,2,3.5,23,150,0.5,0,0,3,5,4,,,,,,,,,,,6,,532,,352,,0,,,,,,,,,2026/2/7,
Dunkin,medium-medium,Medium Medium,,90,2,2.5,17,110,0,0,0,2,4,3,,,,,,,,,,,4,,406,,263,,0,,,,,,,,,2026/2/7,
Dunkin,small-small,Small Small,,60,1,2,12,75,0,0,0,1,2,2,,,,,,,,,,,3,,289,,177,,0,,,,,,,,,2026/2/7,
Dunkin,large-large,Large Large,,90,8,0,14,135,0,0,5,0,12,0,,,,,,,,,,,3,,525,,317,,0,,,,,,,,,2026/2/7,
Dunkin,medium-medium,Medium Medium,,70,6,0,11,100,0,0,5,0,9,0,,,,,,,,,,,2,,400,,237,,0,,,,,,,,,2026/2/7,
Dunkin,small-small,Small Small,,50,4,0,7,70,0,0,0,0,6,0,,,,,,,,,,,1,,286,,159,,0,,,,,,,,,2026/2/7,
Dunkin,and-sugar-large-large,and Sugar - Large Large,,230,8,0,49,135,0,0,5,0,47,35,,,,,,,,,,,3,,526,,317,,0,,,,,,,,,2026/2/7,
Dunkin,and-sugar-medium-medium,and Sugar - Medium Medium,,170,6,0,37,100,0,0,5,0,35,26,,,,,,,,,,,2,,401,,237,,0,,,,,,,,,2026/2/7,
Dunkin,and-sugar-small-small,and Sugar - Small Small,,120,4,0,25,70,0,0,0,0,23,17,,,,,,,,,,,1,,286,,159,,0,,,,,,,,,2026/2/7,
Dunkin,large-large,Large Large,,160,8,8,14,135,4.5,0,25,0,12,0,,,,,,,,,,,3,,465,,294,,0,,,,,,,,,2026/2/7,
Dunkin,medium-medium,Medium Medium,,120,6,6,10,105,3.5,0,20,0,9,0,,,,,,,,,,,2,,356,,220,,0,,,,,,,,,2026/2/7,
Dunkin,small-small,Small Small,,80,4,4,7,70,2.5,0,10,0,6,0,,,,,,,,,,,2,,256,,147,,0,,,,,,,,,2026/2/7,
Dunkin,and-sugar-large-large,and Sugar - Large Large,,290,8,8,49,140,4.5,0,25,0,46,35,,,,,,,,,,,3,,466,,294,,0,,,,,,,,,2026/2/7,
Dunkin,and-sugar-small-small,and Sugar - Small Small,,150,4,4,25,70,2.5,0,10,0,23,17,,,,,,,,,,,2,,256,,148,,0,,,,,,,,,2026/2/7,
Dunkin,and-sugar-medium-medium,and Sugar- Medium Medium,,220,6,6,37,105,3.5,0,20,0,35,26,,,,,,,,,,,2,,356,,220,,0,,,,,,,,,2026/2/7,
Dunkin,skim-milk-large-large,Skim Milk - Large Large,,300,10,1,65,160,0.5,0,5,2,58,46,,,,,,,,,,,3,,876,,327,,2,,,,,,,,,2026/2/7,
Dunkin,skim-milk-medium-medium,Skim Milk - Medium Medium,,230,7,1,49,125,0.5,0,5,2,43,34,,,,,,,,,,,2,,664,,245,,2,,,,,,,,,2026/2/7,
Dunkin,skim-milk-small-small,Skim Milk - Small Small,,150,5,0.5,33,85,0,0,0,1,29,23,,,,,,,,,,,1,,461,,164,,1,,,,,,,,,2026/2/7,
Dunkin,whole-milk-large-large,Whole Milk - Large Large,,370,9,9,64,170,5,0,25,2,57,46,,,,,,,,,,,3,,816,,305,,2,,,,,,,,,2026/2/7,
Dunkin,whole-milk-medium-medium,Whole Milk - Medium Medium,,280,7,7,48,125,4,0,20,2,43,34,,,,,,,,,,,2,,619,,228,,2,,,,,,,,,2026/2/7,
Dunkin,whole-milk-small-small,Whole Milk - Small Small,,180,5,4.5,32,85,2.5,0,10,1,29,23,,,,,,,,,,,2,,431,,153,,1,,,,,,,,,2026/2/7,
Dunkin,iced-green-tea-sweetened-large-large,Iced Green Tea Sweetened - Large Large,,140,1,0,33,15,0,0,0,0,33,33,,,,,,,,,,,0,,49,,10,,0,,,,,,,,,2026/2/7,
Dunkin,medium-medium,Medium Medium,,100,1,0,25,10,0,0,0,0,25,25,,,,,,,,,,,0,,36,,6,,0,,,,,,,,,2026/2/7,
Dunkin,iced-green-tea-sweetened-small-small,Iced Green Tea Sweetened - Small Small,,70,1,0,16,10,0,0,0,0,16,16,,,,,,,,,,,0,,24,,5,,0,,,,,,,,,2026/2/7,
Dunkin,large-large,Large Large,,5,1,0,0,15,0,0,0,0,0,0,,,,,,,,,,,0,,49,,10,,0,,,,,,,,,2026/2/7,
Dunkin,medium-medium,Medium Medium,,5,1,0,0,10,0,0,0,0,0,0,,,,,,,,,,,0,,36,,6,,0,,,,,,,,,2026/2/7,
Dunkin,small-small,Small Small,,5,1,0,0,10,0,0,0,0,0,0,,,,,,,,,,,0,,24,,5,,0,,,,,,,,,2026/2/7,
Dunkin,iced-tea-sweetened-large-large,Iced Tea Sweetened - Large Large,,140,0,0,35,25,0,0,0,0,33,33,,,,,,,,,,,0,,213,,10,,0,,,,,,,,,2026/2/7,
Dunkin,iced-tea-sweetened-medium-medium,Iced Tea Sweetened - Medium Medium,,100,0,0,26,20,0,0,0,0,25,25,,,,,,,,,,,0,,159,,6,,0,,,,,,,,,2026/2/7,
Dunkin,iced-tea-sweetened-small-small,Iced Tea Sweetened - Small Small,,70,0,0,17,15,0,0,0,0,16,16,,,,,,,,,,,0,,107,,5,,0,,,,,,,,,2026/2/7,
Dunkin,flavored-medium-medium,Flavored - Medium Medium,,110,0,0,27,20,0,0,0,0,25,25,,,,,,,,,,,0,,149,,6,,0,,,,,,,,,2026/2/7,
Dunkin,flavored-large-large,Flavored - Large Large,,150,0,0,35,25,0,0,0,0,33,33,,,,,,,,,,,0,,199,,10,,0,,,,,,,,,2026/2/7,
Dunkin,flavored-small-small,Flavored - Small Small,,70,0,0,18,15,0,0,0,0,17,17,,,,,,,,,,,0,,99,,5,,0,,,,,,,,,2026/2/7,
Dunkin,flavored-large-large,Flavored - Large Large,,150,0,0,38,25,0,0,0,0,33,33,,,,,,,,,,,0,,199,,10,,0,,,,,,,,,2026/2/7,
Dunkin,flavored-medium-medium,Flavored - Medium Medium,,110,0,0,29,20,0,0,0,0,25,25,,,,,,,,,,,0,,149,,6,,0,,,,,,,,,2026/2/7,
Dunkin,flavored-small-small,Flavored - Small Small,,80,0,0,19,15,0,0,0,0,17,17,,,,,,,,,,,0,,99,,5,,0,,,,,,,,,2026/2/7,
Dunkin,iced-tea-unsweetened-large-large,Iced Tea Unsweetened - Large Large,,5,0,0,2,25,0,0,0,0,0,0,,,,,,,,,,,0,,196,,10,,0,,,,,,,,,2026/2/7,
Dunkin,iced-tea-unsweetened-medium-medium,Iced Tea Unsweetened - Medium Medium,,5,0,0,1,20,0,0,0,0,0,0,,,,,,,,,,,0,,148,,6,,0,,,,,,,,,2026/2/7,
Dunkin,iced-tea-unsweetened-small-small,Iced Tea Unsweetened - Small Small,,5,0,0,1,15,0,0,0,0,0,0,,,,,,,,,,,0,,102,,5,,0,,,,,,,,,2026/2/7,
Dunkin,flavored-large-large,Flavored - Large Large,,15,0,0,2,25,0,0,0,0,0,0,,,,,,,,,,,0,,199,,10,,0,,,,,,,,,2026/2/7,
Dunkin,flavored-medium-medium,Flavored - Medium Medium,,10,0,0,2,20,0,0,0,0,0,0,,,,,,,,,,,0,,149,,6,,0,,,,,,,,,2026/2/7,
Dunkin,flavored-small-small,Flavored - Small Small,,5,0,0,1,15,0,0,0,0,0,0,,,,,,,,,,,0,,99,,5,,0,,,,,,,,,2026/2/7,
Dunkin,flavored-large-large,Flavored - Large Large,,20,0,0,5,25,0,0,0,0,0,0,,,,,,,,,,,0,,199,,10,,0,,,,,,,,,2026/2/7,
Dunkin,flavored-medium-medium,Flavored - Medium Medium,,15,0,0,4,20,0,0,0,0,0,0,,,,,,,,,,,0,,149,,6,,0,,,,,,,,,2026/2/7,
Dunkin,flavored-small-small,Flavored - Small Small,,10,0,0,3,15,0,0,0,0,0,0,,,,,,,,,,,0,,99,,5,,0,,,,,,,,,2026/2/7,
Dunkin,sweet-tea-large-large,Sweet Tea - Large Large,,310,0,0,79,25,0,0,0,0,78,78,,,,,,,,,,,0,,206,,10,,0,,,,,,,,,2026/2/7,
Dunkin,sweet-tea-medium-medium,Sweet Tea - Medium Medium,,230,0,0,60,20,0,0,0,0,58,58,,,,,,,,,,,0,,154,,7,,0,,,,,,,,,2026/2/7,
Dunkin,sweet-tea-small-small,Sweet Tea - Small Small,,150,0,0,40,15,0,0,0,0,39,39,,,,,,,,,,,0,,103,,5,,0,,,,,,,,,2026/2/7,
Dunkin,large-large,Large Large,,330,0,0,86,30,0,0,0,0,81,81,,,,,,,,,,,0,,224,,10,,0,,,,,,,,,2026/2/7,
Dunkin,medium-medium,Medium Medium,,250,0,0,64,20,0,0,0,0,60,60,,,,,,,,,,,0,,167,,7,,0,,,,,,,,,2026/2/7,
Dunkin,small-small,Small Small,,170,0,0,43,15,0,0,0,0,40,40,,,,,,,,,,,0,,112,,5,,0,,,,,,,,,2026/2/7,
Dunkin,large-large,Large Large,,330,0,0,86,30,0,0,0,0,81,81,,,,,,,,,,,0,,224,,10,,0,,,,,,,,,2026/2/7,
Dunkin,medium-medium,Medium Medium,,250,0,0,65,20,0,0,0,0,60,60,,,,,,,,,,,0,,167,,7,,0,,,,,,,,,2026/2/7,
Dunkin,small-small,Small Small,,170,0,0,43,15,0,0,0,0,40,40,,,,,,,,,,,0,,112,,5,,0,,,,,,,,,2026/2/7,
Dunkin,kolache-1-kolache-standard,Kolache 1 Kolache standard,,390,15,23,31,1020,7,0,60,1,7,6,,,,,,,,,,,0,,197,,86,,1,,,,,,,,,2026/2/7,
Dunkin,sausage-sandwich1-sandwich-standard,Sausage Sandwich1 Sandwich standard,,600,37,18,74,1460,6,0,180,6,8,5,,,,,,,,,,,1,,439,,163,,8,,,,,,,,,2026/2/7,
Dunkin,wrap1-wrap-standard,Wrap1 Wrap standard,,170,7,10,14,410,4,0,95,0,1,0,,,,,,,,,,,1,,86,,120,,1,,,,,,,,,2026/2/7,
Dunkin,english-muffin1-sandwich-standard,English Muffin1 Sandwich standard,,340,14,14,38,600,5,0,180,1,3,3,,,,,,,,,,,2,,164,,112,,3,,,,,,,,,2026/2/7,
Dunkin,sandwich1-sandwich-standard,Sandwich1 Sandwich standard,,660,29,34,61,1470,10,0,345,3,1,0,,,,,,,,,,,2,,323,,234,,6,,,,,,,,,2026/2/7,
Dunkin,kosher-tuna-melt-on-a-croissant-1-sandwich-standard,Kosher Tuna Melt on a Croissant 1 Sandwich standard,,570,24,38,32,800,17,0,110,1,4,3,,,,,,,,,,,13,,102,,172,,2,,,,,,,,,2026/2/7,
Dunkin,bagel1-sandwich-standard,Bagel1 Sandwich standard,,510,24,17,64,1060,3,0,45,4,7,4,,,,,,,,,,,0,,130,,23,,4,,,,,,,,,2026/2/7,
Dunkin,cheese-on-a-plain-bagel1-sandwich-standard,Cheese on a Plain Bagel1 Sandwich standard,,510,21,17,68,1170,5,0,180,4,7,4,,,,,,,,,,,1,,251,,130,,5,,,,,,,,,2026/2/7,
Dunkin,wrap1-wrap-standard,Wrap1 Wrap standard,,200,8,12,15,520,4.5,0,95,0,1,0,,,,,,,,,,,1,,94,,124,,1,,,,,,,,,2026/2/7,
Dunkin,cheese-on-a-croissant1-sandwich-standard,Cheese on a Croissant1 Sandwich standard,,500,23,30,37,820,14,0,220,2,5,4,,,,,,,,,,,14,,288,,139,,4,,,,,,,,,2026/2/7,
Dunkin,wrap1-wrap-standard,Wrap1 Wrap standard,,210,11,11,16,540,4,0,95,1,1,1,,,,,,,,,,,1,,138,,130,,2,,,,,,,,,2026/2/7,
Dunkin,kosher-grilled-cheese-1-sandwich-standard,Kosher Grilled Cheese 1 Sandwich standard,,420,17,23,36,840,12,0,55,0,3,2,,,,,,,,,,,1,,146,,326,,2,,,,,,,,,2026/2/7,
Dunkin,bacon1-sandwich-standard,Bacon1 Sandwich standard,,480,19,27,38,1060,12,0,55,0,3,2,,,,,,,,,,,1,,162,,334,,3,,,,,,,,,2026/2/7,
Dunkin,lemonade-large-large,Lemonade - Large Large,,240,0,0,60,25,0,0,0,0,59,59,,,,,,,,,,,0,,27,,27,,0,,,,,,,,,2026/2/7,
Dunkin,lemonade-medium-medium,Lemonade - Medium Medium,,180,0,0,45,20,0,0,0,0,44,44,,,,,,,,,,,0,,20,,19,,0,,,,,,,,,2026/2/7,
Dunkin,lemonade-small-small,Lemonade - Small Small,,120,0,0,30,15,0,0,0,0,30,30,,,,,,,,,,,0,,13,,13,,0,,,,,,,,,2026/2/7,
Dunkin,blueberry-muffin-1-muffin-standard,Blueberry Muffin 1 Muffin standard,,460,6,15,77,390,3,0,60,1,44,41,,,,,,,,,,,0,,93,,21,,2,,,,,,,,,2026/2/7,
Dunkin,chocolate-chip-muffin-1-muffin-standard,Chocolate Chip Muffin 1 Muffin standard,,550,7,21,85,400,6,0,65,2,49,49,,,,,,,,,,,0,,175,,29,,3,,,,,,,,,2026/2/7,
Dunkin,coffee-cake-muffin-1-muffin-standard,Coffee Cake Muffin 1 Muffin standard,,590,7,24,88,370,8,0,65,2,51,50,,,,,,,,,,,0,,101,,36,,3,,,,,,,,,2026/2/7,
Dunkin,corn-muffin-1-muffin-standard,Corn Muffin 1 Muffin standard,,460,7,16,73,670,3,0,70,1,30,30,,,,,,,,,,,0,,85,,17,,2,,,,,,,,,2026/2/7,
Dunkin,cinnamon-munchkins-1-donut-hole-standard,Cinnamon Munchkins 1 Donut Hole standard,,60,1,3.5,6,65,1.5,0,5,0,2,2,,,,,,,,,,,0,,7,,4,,0,,,,,,,,,2026/2/7,
Dunkin,glazed-blueberry-munchkins-1-donut-hole-standard,Glazed Blueberry Munchkins 1 Donut Hole standard,,60,1,2.5,9,75,1,0,5,0,5,4,,,,,,,,,,,0,,12,,5,,0,,,,,,,,,2026/2/7,
Dunkin,glazed-chocolate-munchkins-1-donut-hole-standard,Glazed Chocolate Munchkins 1 Donut Hole standard,,60,1,3.5,8,80,1.5,0,0,0,4,4,,,,,,,,,,,0,,31,,6,,0,,,,,,,,,2026/2/7,
Dunkin,glazed-munchkins-1-donut-hole-standard,Glazed Munchkins 1 Donut Hole standard,,60,1,3,7,60,1.5,0,0,0,3,3,,,,,,,,,,,0,,11,,2,,0,,,,,,,,,2026/2/7,
Dunkin,glazed-old-fashioned-munchkins-1-donut-hole-standard,Glazed Old Fashioned Munchkins 1 Donut Hole standard,,70,1,3,8,65,1.5,0,5,0,4,4,,,,,,,,,,,0,,7,,3,,0,,,,,,,,,2026/2/7,
Dunkin,jelly-munchkins-1-donut-hole-standard,Jelly Munchkins 1 Donut Hole standard,,60,1,3,8,65,1.5,0,0,0,3,3,,,,,,,,,,,0,,11,,3,,0,,,,,,,,,2026/2/7,
Dunkin,old-fashioned-munchkins-1-donut-hole-standard,Old Fashioned Munchkins 1 Donut Hole standard,,50,1,3,6,65,1.5,0,5,0,2,1,,,,,,,,,,,0,,6,,3,,0,,,,,,,,,2026/2/7,
Dunkin,powdered-munchkins-1-donut-hole-standard,Powdered Munchkins 1 Donut Hole standard,,60,1,3.5,7,65,1.5,0,5,0,2,2,,,,,,,,,,,0,,6,,3,,0,,,,,,,,,2026/2/7,
Dunkin,english-muffin-1-muffin-standard,English Muffin 1 Muffin standard,,190,6,2,35,270,0,0,0,1,3,3,,,,,,,,,,,0,,56,,10,,2,,,,,,,,,2026/2/7,
Dunkin,plain-butter-croissant-1-croissant-standard,Plain Butter Croissant 1 Croissant standard,,280,6,15,31,240,10,0,45,1,3,6,,,,,,,,,,,13,,77,,16,,2,,,,,,,,,2026/2/7,
Dunkin,biscuit-1-biscuit-standard,Biscuit 1 Biscuit standard,,270,5,14,32,640,9,0,10,1,2,0,,,,,,,,,,,0,,80,,64,,2,,,,,,,,,2026/2/7,
Dunkin,wrap1-wrap-standard,Wrap1 Wrap standard,,220,10,13,15,590,5,0,105,0,1,1,,,,,,,,,,,1,,112,,134,,1,,,,,,,,,2026/2/7,
Dunkin,croissant1-sandwich-standard,Croissant1 Sandwich standard,,520,19,34,34,870,16,0,235,1,5,4,,,,,,,,,,,14,,250,,133,,3,,,,,,,,,2026/2/7,
Dunkin,muffin1-sandwich-standard,Muffin1 Sandwich standard,,420,19,21,39,900,7,0,195,1,4,4,,,,,,,,,,,2,,230,,130,,3,,,,,,,,,2026/2/7,
Dunkin,bagel1-sandwich-540-19-7-0-195-1-standard,"Bagel1 Sandwich 540 19 7 0 195 1, standard",,260,,67,1,24,4,8,5,300,140,5,,,,,,,,,,,,,,,,,,,,,,,,,,2026/2/7,
Dunkin,sandwich1-sandwich-standard,Sandwich1 Sandwich standard,,900,33,54,70,1980,19,0,265,5,8,4,,,,,,,,,,,2,,439,,189,,6,,,,,,,,,2026/2/7,
Dunkin,egg-and-cheese-wake-up-wrap-1-wrap-standard,Egg and Cheese Wake-Up Wrap 1 Wrap standard,,180,7,10,14,470,4,0,95,0,1,0,,,,,,,,,,,1,,74,,132,,1,,,,,,,,,2026/2/7,
Dunkin,egg-and-cheese-on-croissant-1-sandwich-standard,Egg and Cheese on Croissant 1 Sandwich standard,,440,14,28,33,620,14,0,220,1,4,3,,,,,,,,,,,14,,173,,131,,3,,,,,,,,,2026/2/7,
Dunkin,egg-and-cheese-on-croissant-1-sandwich-standard,Egg and Cheese on Croissant 1 Sandwich standard,,440,14,28,33,620,14,0,220,1,4,3,,,,,,,,,,,14,,173,,131,,3,,,,,,,,,2026/2/7,
Dunkin,egg-and-cheese-on-english-muffin-1-sandwich-standard,Egg and Cheese on English Muffin 1 Sandwich standard,,340,14,15,38,650,5,0,175,1,4,3,,,,,,,,,,,2,,151,,124,,3,,,,,,,,,2026/2/7,
Dunkin,egg-and-cheese-on-a-plain-bagel-1-sandwich-standard,Egg and Cheese on a Plain Bagel 1 Sandwich standard,,460,19,13,66,1010,5,0,175,4,8,4,,,,,,,,,,,1,,222,,135,,4,,,,,,,,,2026/2/7,
Dunkin,grilled-cheese-1-sandwich-standard,Grilled Cheese 1 Sandwich standard,,480,21,20,54,1120,11,0,55,3,1,0,,,,,,,,,,,0,,167,,407,,4,,,,,,,,,2026/2/7,
Dunkin,wrap1-wrap-standard,Wrap1 Wrap standard,,280,10,20,15,690,7,0,115,1,1,0,,,,,,,,,,,1,,122,,145,,2,,,,,,,,,2026/2/7,
Dunkin,english-muffin1-sandwich-560-35-12-0-220-1-standard,"English Muffin1 Sandwich 560 35 12 0 220 1, standard",,140,,40,2,21,2,4,3,260,151,3,,,,,,,,,,,,,,,,,,,,,,,,,,2026/2/7,
Dunkin,bagel1-sandwich-680-34-12-0-220-1-standard,"Bagel1 Sandwich 680 34 12 0 220 1, standard",,500,,68,2,26,5,8,4,330,162,5,,,,,,,,,,,,,,,,,,,,,,,,,,2026/2/7,
Dunkin,sourdough-breakfast-sandwich-1-sandwich-standard,Sourdough Breakfast Sandwich 1 Sandwich standard,,630,30,31,58,1300,10,0,360,3,2,1,,,,,,,,,,,2,,360,,220,,5,,,,,,,,,2026/2/7,
Dunkin,spam-breakfast-sandwich-1-sandwich-standard,Spam Breakfast Sandwich 1 Sandwich standard,,630,20,42,41,1210,17,0,200,1,6,5,,,,,,,,,,,4,,251,,129,,3,,,,,,,,,2026/2/7,
Dunkin,english-muffin1-sandwich-standard,English Muffin1 Sandwich standard,,460,22,24,39,1040,8,0,210,1,4,3,,,,,,,,,,,2,,239,,130,,3,,,,,,,,,2026/2/7,
Dunkin,turkey-sausage-wake-up-wrap-1-wrap-standard,Turkey Sausage Wake Up Wrap 1 Wrap standard,,230,11,15,15,660,5,0,115,0,1,1,,,,,,,,,,,1,,118,,135,,2,,,,,,,,,2026/2/7,
Dunkin,biscuit-bacon-egg-and-cheese-1-sandwich-standard,"Biscuit, Bacon, Egg and Cheese 1 Sandwich standard",,490,17,31,35,1210,15,0,195,1,3,1,,,,,,,,,,,1,,233,,181,,3,,,,,,,,,2026/2/7,
Dunkin,chicken-biscuit-1-sandwich-standard,Chicken Biscuit 1 Sandwich standard,,460,21,22,46,1080,11,0,45,1,3,1,,,,,,,,,,,0,,269,,73,,3,,,,,,,,,2026/2/7,
Dunkin,chicken-croissant-sandwich-1-sandwich-standard,Chicken Croissant Sandwich 1 Sandwich standard,,590,28,33,47,1160,15,0,110,2,6,5,,,,,,,,,,,16,,352,,120,,3,,,,,,,,,2026/2/7,
Dunkin,sausage-biscuit-1-sandwich-standard,Sausage Biscuit 1 Sandwich standard,,470,11,33,33,1070,16,0,50,1,2,0,,,,,,,,,,,1,,177,,89,,3,,,,,,,,,2026/2/7,
Sweetgreen,umami-grain-bowl-east-coast,Umami Grain Bowl (East Coast),,510,50,31,44,960,2,0,0,5,3,,,,,,,,,,,,,,,,,,,,,,,,,,,2026/2/7,
Sweetgreen,umami-grain-bowl-west-coast,Umami Grain Bowl (West Coast),,615,50,39,47,1335,3,0,0,6,5,,,,,,,,,,,,,,,,,,,,,,,,,,,2026/2/7,
Sweetgreen,not-so-nicoise,Not So Nicoise,,545,24,43,15,578,8,0,205,2,1,,,,,,,,,,,,,,,,,,,,,,,,,,,2026/2/7,
Sweetgreen,beets-don-t-kale-my-vibe,Beets Don't Kale My Vibe,,610,33,40,29,885,7,0,80,5,8,,,,,,,,,,,,,,,,,,,,,,,,,,,2026/2/7,
Sweetgreen,local-strawberries-feta,Local Strawberries + Feta,,358,9,30,15,533,6,0,30,4,8,,,,,,,,,,,,,,,,,,,,,,,,,,,2026/2/7,
Sweetgreen,spring-chicken,Spring Chicken,,478,35,35,9,1203,8,0,90,2,1,,,,,,,,,,,,,,,,,,,,,,,,,,,2026/2/7,
Sweetgreen,local-feta-falafel-roasted-beets,"Local Feta, Falafel + Roasted beets",,473,11,37,25,1080,7,0,30,7,8,,,,,,,,,,,,,,,,,,,,,,,,,,,2026/2/7,
Sweetgreen,swiss-chard,Swiss Chard,,10,11,0,1,85,0,0,0,0,0,,,,,,,,,,,,,,,,,,,,,,,,,,,2026/2/7,
Sweetgreen,broccoli-leaf,Broccoli Leaf,,15,1,0,2,10,0,0,0,0,0,,,,,,,,,,,,,,,,,,,,,,,,,,,2026/2/7,
Sweetgreen,roasted-veg-asparagus,Roasted Veg + Asparagus,,20,0,1,2,110,0,0,0,0,0,,,,,,,,,,,,,,,,,,,,,,,,,,,2026/2/7,
Sweetgreen,roasted-potatoes,Roasted Potatoes,,60,1,2,10,110,0,0,0,0,0,,,,,,,,,,,,,,,,,,,,,,,,,,,2026/2/7,
Sweetgreen,pecans,Pecans,,100,1,10,2,0,1,0,0,1,0,,,,,,,,,,,,,,,,,,,,,,,,,,,2026/2/7,
Sweetgreen,roasted-asparagus,Roasted Asparagus,,5,0,0,1,0,0,0,0,0,0,,,,,,,,,,,,,,,,,,,,,,,,,,,2026/2/7,
Sweetgreen,mint,Mint,,0,0,0,0,0,0,0,0,0,0,,,,,,,,,,,,,,,,,,,,,,,,,,,2026/2/7,
Sweetgreen,mint-parsley,Mint + Parsley,,0,0,0,0,0,0,0,0,0,0,,,,,,,,,,,,,,,,,,,,,,,,,,,2026/2/7,
Sweetgreen,roasted-beets-pickled-onions,Roasted Beets + Pickled Onions,,50,0,1,5,135,0,0,0,1,4,,,,,,,,,,,,,,,,,,,,,,,,,,,2026/2/7,
Sweetgreen,gluten-free-falafel,Gluten Free Falafel,,120,3,7,11,360,1,0,0,3,2,,,,,,,,,,,,,,,,,,,,,,,,,,,2026/2/7,
Sweetgreen,strawberries,Strawberries,,20,0,0,4,0,0,0,0,1,3,,,,,,,,,,,,,,,,,,,,,,,,,,,2026/2/7,
Sweetgreen,roasted-steelhead,Roasted Steelhead,,230,15,18,0,280,5,0,20,0,0,,,,,,,,,,,,,,,,,,,,,,,,,,,2026/2/7,
Sweetgreen,roasted-portobello-mushrooms,Roasted Portobello Mushrooms,,70,2,6,3,330,0,0,0,1,2,,,,,,,,,,,,,,,,,,,,,,,,,,,2026/2/7,
Sweetgreen,roasted-button-mushrooms,Roasted Button Mushrooms,,25,1,2,1,75,0,0,0,0,0,,,,,,,,,,,,,,,,,,,,,,,,,,,2026/2/7,
Sweetgreen,pea-shoots,Pea Shoots,,0,0,0,0,0,0,0,0,0,0,,,,,,,,,,,,,,,,,,,,,,,,,,,2026/2/7,
Sweetgreen,horseradish-vinaigrette,Horseradish Vinaigrette,,150,0,18,0,110,2,0,0,0,0,,,,,,,,,,,,,,,,,,,,,,,,,,,2026/2/7,
Sweetgreen,hibiscus-lime-fresca,Hibiscus Lime Fresca,,0,0,0,3,20,0,0,0,0,3,,,,,,,,,,,,,,,,,,,,,,,,,,,2026/2/7,
Sweetgreen,hummus-tahina,Hummus Tahina *,,600,16,35,47,1220,7,0,30,9,6,,,,,,,,,,,,,,,,,,,,,,,,,,,2026/2/7,
Sweetgreen,kale-caesar,Kale Caesar,,430,40,26,10,1200,8,0,95,3,2,,,,,,,,,,,,,,,,,,,,,,,,,,,2026/2/7,
Sweetgreen,avocobbo,Avocobbo,,705,48,46,23,990,11,0,300,9,4,,,,,,,,,,,,,,,,,,,,,,,,,,,2026/2/7,
Sweetgreen,guacamole-greens,Guacamole Greens,,540,26,37,26,635,4,0,70,6,2,,,,,,,,,,,,,,,,,,,,,,,,,,,2026/2/7,
Sweetgreen,rad-thai,Rad Thai,,385,25,24,17,715,3,0,145,2,4,,,,,,,,,,,,,,,,,,,,,,,,,,,2026/2/7,
Sweetgreen,spicy-sabzi-east-coast,Spicy Sabzi (East Coast),,410,13,28,26,873,1,0,0,5,5,,,,,,,,,,,,,,,,,,,,,,,,,,,2026/2/7,
Sweetgreen,spicy-sabzi-west-coast,Spicy Sabzi (West Coast),,440,17,32,27,993,2,0,0,5,5,,,,,,,,,,,,,,,,,,,,,,,,,,,2026/2/7,
Sweetgreen,omg-omega,OMG Omega,,550,21,47,16,795,8,0,20,8,4,,,,,,,,,,,,,,,,,,,,,,,,,,,2026/2/7,
Sweetgreen,hello-portobello,Hello Portobello,,510,14,32,49,1120,3,0,0,8,8,,,,,,,,,,,,,,,,,,,,,,,,,,,2026/2/7,
Sweetgreen,earth-bowl,Earth Bowl *,,770,43,44,51,1213,10,0,105,8,4,,,,,,,,,,,,,,,,,,,,,,,,,,,2026/2/7,
Sweetgreen,harvest-bowl,Harvest Bowl,,685,39,38,57,975,7,0,80,9,10,,,,,,,,,,,,,,,,,,,,,,,,,,,2026/2/7,
Sweetgreen,hollywood-bowl,Hollywood Bowl,,685,38,37,62,805,7,0,80,9,19,,,,,,,,,,,,,,,,,,,,,,,,,,,2026/2/7,
Sweetgreen,buckwheat-bread-dmv-phl,Buckwheat Bread (DMV + PHL) *,,100,3,0,20,230,0,0,0,2,0,,,,,,,,,,,,,,,,,,,,,,,,,,,2026/2/7,
Sweetgreen,whole-wheat-bread-bos,Whole Wheat Bread (BOS) *,,80,3,0,18,200,0,0,0,3,0,,,,,,,,,,,,,,,,,,,,,,,,,,,2026/2/7,
Sweetgreen,whole-wheat-bread-ny,Whole Wheat Bread (NY) *,,90,4,1,20,190,0,0,0,2,1,,,,,,,,,,,,,,,,,,,,,,,,,,,2026/2/7,
Sweetgreen,whole-wheat-bread-la,Whole Wheat Bread (LA) *,,90,4,1,20,190,0,0,0,2,1,,,,,,,,,,,,,,,,,,,,,,,,,,,2026/2/7,
Sweetgreen,organic-arugula,Organic Arugula,,25,2,1,3,25,0,0,0,2,2,,,,,,,,,,,,,,,,,,,,,,,,,,,2026/2/7,
Sweetgreen,organic-baby-spinach,Organic Baby Spinach,,25,3,0,4,85,0,0,0,2,0,,,,,,,,,,,,,,,,,,,,,,,,,,,2026/2/7,
Sweetgreen,chopped-romaine,Chopped Romaine,,25,2,0,5,10,0,0,0,3,2,,,,,,,,,,,,,,,,,,,,,,,,,,,2026/2/7,
Sweetgreen,shredded-kale,Shredded Kale,,40,3,1,9,35,0,0,0,2,0,,,,,,,,,,,,,,,,,,,,,,,,,,,2026/2/7,
Sweetgreen,quinoa-farro-mix,Quinoa + Farro mix *,,160,6,3,29,90,0,0,0,3,0,,,,,,,,,,,,,,,,,,,,,,,,,,,2026/2/7,
Sweetgreen,basil,Basil,,0,0,0,0,0,0,0,0,0,0,,,,,,,,,,,,,,,,,,,,,,,,,,,2026/2/7,
Sweetgreen,crushed-red-pepper,Crushed Red Pepper,,0,0,0,0,0,0,0,0,0,0,,,,,,,,,,,,,,,,,,,,,,,,,,,2026/2/7,
Sweetgreen,cilantro,Cilantro,,0,0,0,0,0,0,0,0,0,0,,,,,,,,,,,,,,,,,,,,,,,,,,,2026/2/7,
Sweetgreen,cucumbers,Cucumbers,,0,0,0,0,0,0,0,0,0,0,,,,,,,,,,,,,,,,,,,,,,,,,,,2026/2/7,
Sweetgreen,local-apples,Local Apples,,15,0,0,4,0,0,0,0,0,3,,,,,,,,,,,,,,,,,,,,,,,,,,,2026/2/7,
Sweetgreen,organic-carrots,Organic Carrots,,10,0,0,2,15,0,0,0,0,1,,,,,,,,,,,,,,,,,,,,,,,,,,,2026/2/7,
Sweetgreen,organic-chickpeas,Organic Chickpeas,,35,2,1,5,110,0,0,0,2,0,,,,,,,,,,,,,,,,,,,,,,,,,,,2026/2/7,
Sweetgreen,raw-red-beets,Raw Red Beets,,15,0,0,4,30,0,0,0,1,3,,,,,,,,,,,,,,,,,,,,,,,,,,,2026/2/7,
Sweetgreen,raw-corn,Raw Corn,,30,1,0,7,5,0,0,0,0,2,,,,,,,,,,,,,,,,,,,,,,,,,,,2026/2/7,
Sweetgreen,red-and-green-peppers,Red and Green Peppers,,10,0,0,2,0,0,0,0,0,1,,,,,,,,,,,,,,,,,,,,,,,,,,,2026/2/7,
Sweetgreen,red-onion,Red Onion,,15,0,0,3,0,0,0,0,0,1,,,,,,,,,,,,,,,,,,,,,,,,,,,2026/2/7,
Sweetgreen,roasted-sweet-potatoes,Roasted Sweet Potatoes,,70,1,1,13,170,0,0,0,2,3,,,,,,,,,,,,,,,,,,,,,,,,,,,2026/2/7,
Sweetgreen,shredded-cabbage,Shredded Cabbage,,5,0,0,1,0,0,0,0,0,0,,,,,,,,,,,,,,,,,,,,,,,,,,,2026/2/7,
Sweetgreen,spicy-broccoli,Spicy Broccoli,,45,2,4,3,170,0,0,0,1,0,,,,,,,,,,,,,,,,,,,,,,,,,,,2026/2/7,
Sweetgreen,spicy-quinoa,Spicy Quinoa,,50,2,2,7,160,0,0,0,0,0,,,,,,,,,,,,,,,,,,,,,,,,,,,2026/2/7,
Sweetgreen,sprouts,Sprouts,,5,0,0,1,0,0,0,0,0,0,,,,,,,,,,,,,,,,,,,,,,,,,,,2026/2/7,
Sweetgreen,tomatoes,Tomatoes,,10,0,0,2,0,0,0,0,0,1,,,,,,,,,,,,,,,,,,,,,,,,,,,2026/2/7,
Sweetgreen,pita-chips,Pita Chips *,,90,2,4,14,190,0,0,0,1,0,,,,,,,,,,,,,,,,,,,,,,,,,,,2026/2/7,
Sweetgreen,raw-seeds,Raw Seeds,,80,3,7,3,0,1,0,0,2,0,,,,,,,,,,,,,,,,,,,,,,,,,,,2026/2/7,
Sweetgreen,spicy-sunflower-seeds,Spicy Sunflower Seeds,,70,2,6,3,55,1,0,0,1,0,,,,,,,,,,,,,,,,,,,,,,,,,,,2026/2/7,
Sweetgreen,sprouted-almonds,Sprouted Almonds,,80,3,7,3,0,1,0,0,2,0,,,,,,,,,,,,,,,,,,,,,,,,,,,2026/2/7,
Sweetgreen,toasted-almonds,Toasted Almonds,,80,3,7,3,0,1,0,0,2,0,,,,,,,,,,,,,,,,,,,,,,,,,,,2026/2/7,
Sweetgreen,tortilla-chips,Tortilla Chips,,80,1,4,11,15,1,0,0,0,0,,,,,,,,,,,,,,,,,,,,,,,,,,,2026/2/7,
Sweetgreen,nori-furikake,Nori Furikake,,10,0,1,0,105,0,0,0,0,0,,,,,,,,,,,,,,,,,,,,,,,,,,,2026/2/7,
Sweetgreen,grapes,Grapes,,30,0,0,8,0,0,0,0,0,7,,,,,,,,,,,,,,,,,,,,,,,,,,,2026/2/7,
Sweetgreen,jicama,Jicama,,15,0,0,3,0,0,0,0,2,0,,,,,,,,,,,,,,,,,,,,,,,,,,,2026/2/7,
Sweetgreen,raisins,Raisins,,40,0,0,11,0,0,0,0,0,8,,,,,,,,,,,,,,,,,,,,,,,,,,,2026/2/7,
Sweetgreen,roasted-chicken,Roasted Chicken,,130,22,5,0,380,1,0,70,0,0,,,,,,,,,,,,,,,,,,,,,,,,,,,2026/2/7,
Sweetgreen,citrus-shrimp,Citrus Shrimp,,140,20,6,2,430,0,0,145,0,0,,,,,,,,,,,,,,,,,,,,,,,,,,,2026/2/7,
Sweetgreen,bacon,Bacon,,170,12,13,0,330,5,0,35,0,0,,,,,,,,,,,,,,,,,,,,,,,,,,,2026/2/7,
Sweetgreen,hard-boiled-egg,Hard Boiled Egg,,80,6,5,0,60,2,0,185,0,0,,,,,,,,,,,,,,,,,,,,,,,,,,,2026/2/7,
Sweetgreen,avocado,Avocado,,140,2,13,7,5,2,0,0,6,0,,,,,,,,,,,,,,,,,,,,,,,,,,,2026/2/7,
Sweetgreen,roasted-organic-tofu,Roasted Organic Tofu,,70,5,5,1,290,0,0,0,0,0,,,,,,,,,,,,,,,,,,,,,,,,,,,2026/2/7,
Sweetgreen,roasted-sesame-tofu,Roasted Sesame Tofu,,130,9,9,2,410,1,0,0,0,0,,,,,,,,,,,,,,,,,,,,,,,,,,,2026/2/7,
Sweetgreen,housemade-hummus,Housemade Hummus,,90,3,6,8,230,0,0,0,2,0,,,,,,,,,,,,,,,,,,,,,,,,,,,2026/2/7,
Sweetgreen,local-goat-cheese,Local Goat Cheese,,80,5,7,0,70,5,0,10,0,0,,,,,,,,,,,,,,,,,,,,,,,,,,,2026/2/7,
Sweetgreen,local-feta-cheese,Local Feta Cheese,,80,4,7,1,280,5,0,30,0,1,,,,,,,,,,,,,,,,,,,,,,,,,,,2026/2/7,
Sweetgreen,organic-white-cheddar,Organic White Cheddar,,130,8,10,0,190,7,0,35,0,0,,,,,,,,,,,,,,,,,,,,,,,,,,,2026/2/7,
Sweetgreen,shaved-parmesan,Shaved Parmesan,,45,4,4,0,150,2,0,0,0,0,,,,,,,,,,,,,,,,,,,,,,,,,,,2026/2/7,
Sweetgreen,baked-falafel,Baked Falafel,,150,5,8,16,520,1,0,0,4,0,,,,,,,,,,,,,,,,,,,,,,,,,,,2026/2/7,
Sweetgreen,parmesan-crisp,Parmesan Crisp,,100,10,7,0,430,5,0,20,0,0,,,,,,,,,,,,,,,,,,,,,,,,,,,2026/2/7,
Sweetgreen,balsamic-vinaigrette,Balsamic Vinaigrette,,150,0,16,3,230,1,0,0,0,3,,,,,,,,,,,,,,,,,,,,,,,,,,,2026/2/7,
Sweetgreen,blue-cheese-dressing,Blue Cheese Dressing,,100,2,10,1,190,2,0,10,0,0,,,,,,,,,,,,,,,,,,,,,,,,,,,2026/2/7,
Sweetgreen,caesar-dressing,Caesar Dressing,,100,1,10,1,220,2,0,5,0,0,,,,,,,,,,,,,,,,,,,,,,,,,,,2026/2/7,
Sweetgreen,carrot-chili-vinaigrette,Carrot Chili Vinaigrette,,150,0,17,2,150,1,0,0,0,1,,,,,,,,,,,,,,,,,,,,,,,,,,,2026/2/7,
Sweetgreen,cucumber-tahini-yogurt-dressing,Cucumber Tahini Yogurt Dressing,,100,1,11,2,140,1,0,0,0,0,,,,,,,,,,,,,,,,,,,,,,,,,,,2026/2/7,
Sweetgreen,lime-cilantro-jalapeno-vinaigrette,Lime Cilantro Jalapeno Vinaigrette,,140,0,16,0,210,1,0,0,0,0,,,,,,,,,,,,,,,,,,,,,,,,,,,2026/2/7,
Sweetgreen,miso-sesame-ginger-dressing,Miso Sesame Ginger Dressing,,140,1,15,3,350,1,0,0,0,2,,,,,,,,,,,,,,,,,,,,,,,,,,,2026/2/7,
Sweetgreen,pesto-vinaigrette,Pesto Vinaigrette,,190,0,22,0,240,3,0,0,0,0,,,,,,,,,,,,,,,,,,,,,,,,,,,2026/2/7,
Sweetgreen,spicy-cashew-dressing,Spicy Cashew Dressing,,120,1,12,5,190,2,0,0,0,2,,,,,,,,,,,,,,,,,,,,,,,,,,,2026/2/7,
Sweetgreen,balsamic-vinegar,Balsamic Vinegar,,15,0,0,2,0,0,0,0,0,2,,,,,,,,,,,,,,,,,,,,,,,,,,,2026/2/7,
Sweetgreen,extra-virgin-olive-oil,Extra Virgin Olive Oil,,120,0,14,0,0,2,0,0,0,0,,,,,,,,,,,,,,,,,,,,,,,,,,,2026/2/7,
Sweetgreen,lemon-squeeze,Lemon Squeeze,,0,0,0,1,0,0,0,0,0,0,,,,,,,,,,,,,,,,,,,,,,,,,,,2026/2/7,
Sweetgreen,lime-squeeze,Lime Squeeze,,0,0,0,1,0,0,0,0,0,0,,,,,,,,,,,,,,,,,,,,,,,,,,,2026/2/7,
Sweetgreen,sriracha,Sriracha,,15,0,0,3,300,0,0,0,0,3,,,,,,,,,,,,,,,,,,,,,,,,,,,2026/2/7,
Sweetgreen,lemon-fresca,Lemon Fresca,,60,0,0,17,10,0,0,0,0,15,,,,,,,,,,,,,,,,,,,,,,,,,,,2026/2/7,
Sweetgreen,cucumber-ginger-lime-fresca,Cucumber Ginger Lime Fresca,,60,0,0,17,5,0,0,0,0,12,,,,,,,,,,,,,,,,,,,,,,,,,,,2026/2/7,
Sweetgreen,jasmine-green-iced-tea,Jasmine Green Iced Tea +,,0,0,0,0,20,0,0,0,0,0,,,,,,,,,,,,,,,,,,,,,,,,,,,2026/2/7,
Sweetgreen,iced-chai,Iced Chai,,0,0,0,0,20,0,0,0,0,0,,,,,,,,,,,,,,,,,,,,,,,,,,,2026/2/7,
Sweetgreen,ginger-kale-green-tea,Ginger Kale Green Tea+,,120,3,1,28,40,0,0,0,5,13,,,,,,,,,,,,,,,,,,,,,,,,,,,2026/2/7,
Sweetgreen,orange-mint-chia-coconut-water,Orange Mint Chia Coconut Water,,40,1,1,7,45,0,0,0,2,4,,,,,,,,,,,,,,,,,,,,,,,,,,,2026/2/7,
Sweetgreen,organic-lentil-chickpea-soup-small,Organic Lentil + Chickpea Soup (Small),,170,9,3,27,820,0,0,0,7,4,,,,,,,,,,,,,,,,,,,,,,,,,,,2026/2/7,
Sweetgreen,organic-lentil-chickpea-soup-large,Organic Lentil + Chickpea Soup (Large),,250,14,4,40,1220,0,0,0,11,6,,,,,,,,,,,,,,,,,,,,,,,,,,,2026/2/7,
CAVA,spicy-lamb-avocado-bowl,Spicy Lamb + Avocado Bowl,,800,43,52,49,1670,14,0,105,17,11,,,,,,,,,,,,,,,,,,,,,,,,,,,2026/2/7,
CAVA,steak-harissa-bowl,Steak + Harissa Bowl,,610,37,35,39,1830,10,0,105,7,7,,,,,,,,,,,,,,,,,,,,,,,,,,,2026/2/7,
CAVA,harissa-avocado-bowl,Harissa Avocado Bowl,,830,41,49,62,2010,12,0,155,12,12,,,,,,,,,,,,,,,,,,,,,,,,,,,2026/2/7,
CAVA,chicken-rice-bowl,Chicken + Rice Bowl,,700,40,42,44,1810,10,0,165,7,8,,,,,,,,,,,,,,,,,,,,,,,,,,,2026/2/7,
CAVA,greek-salad-bowl,Greek Salad Bowl,,580,37,40,19,1810,10,0,165,8,5,,,,,,,,,,,,,,,,,,,,,,,,,,,2026/2/7,
CAVA,spicy-lamb-sweet-potato-bowl,Spicy Lamb + Sweet Potato Bowl,,650,27,34,63,1690,10,0,60,9,15,,,,,,,,,,,,,,,,,,,,,,,,,,,2026/2/7,
CAVA,falafel-crunch-bowl,Falafel Crunch Bowl,,860,24,56,88,2210,9,0,15,18,13,,,,,,,,,,,,,,,,,,,,,,,,,,,2026/2/7,
CAVA,harissa-chicken-power-bowl,Harissa Chicken Power Bowl,,620,25,40,43,1660,9,0,85,11,11,,,,,,,,,,,,,,,,,,,,,,,,,,,2026/2/7,
CAVA,spicy-chicken-avocado-pita,Spicy Chicken + Avocado Pita,,980,50,51,85,2390,12,0,155,15,13,,,,,,,,,,,,,,,,,,,,,,,,,,,2026/2/7,
CAVA,steak-feta-pita,Steak + Feta Pita,,820,44,42,68,1800,10,0,105,9,9,,,,,,,,,,,,,,,,,,,,,,,,,,,2026/2/7,
CAVA,greek-chicken-pita,Greek Chicken Pita,,870,48,45,69,2560,10,0,165,12,6,,,,,,,,,,,,,,,,,,,,,,,,,,,2026/2/7,
CAVA,brown-rice,Brown Rice,,310,7,10,48,770,2,0,0,5,2,,,,,,,,,,,,,,,,,,,,,,,,,,,2026/2/7,
CAVA,saffron-basmati-rice,Saffron Basmati Rice,,290,5,7,54,770,1,0,0,2,1,,,,,,,,,,,,,,,,,,,,,,,,,,,2026/2/7,
CAVA,black-lentils,Black Lentils,,270,18,7,37,520,1,0,0,15,3,,,,,,,,,,,,,,,,,,,,,,,,,,,2026/2/7,
CAVA,supergreens,SuperGreens,,35,3,0.5,6,35,0,0,0,4,2,,,,,,,,,,,,,,,,,,,,,,,,,,,2026/2/7,
CAVA,arugula,Arugula,,20,2,0.5,3,25,0,0,0,1,2,,,,,,,,,,,,,,,,,,,,,,,,,,,2026/2/7,
CAVA,baby-spinach,Baby Spinach,,20,3,0,3,70,0,0,0,2,0,,,,,,,,,,,,,,,,,,,,,,,,,,,2026/2/7,
CAVA,romaine,Romaine,,20,1,0,4,10,0,0,0,3,1,,,,,,,,,,,,,,,,,,,,,,,,,,,2026/2/7,
CAVA,power-greens,Power Greens,,30,2,0,4,35,0,0,0,2,1,,,,,,,,,,,,,,,,,,,,,,,,,,,2026/2/7,
CAVA,braised-lamb,Braised Lamb,,210,24,12,2,450,6,0,65,1,0,,,,,,,,,,,,,,,,,,,,,,,,,,,2026/2/7,
CAVA,grilled-chicken,Grilled Chicken,,250,28,13,3,670,3,0,150,1,0,,,,,,,,,,,,,,,,,,,,,,,,,,,2026/2/7,
CAVA,falafel,Falafel,,350,6,26,24,810,2,0,0,5,3,,,,,,,,,,,,,,,,,,,,,,,,,,,2026/2/7,
CAVA,grilled-steak,Grilled Steak,,170,23,9,1,280,3,0,85,0,0,,,,,,,,,,,,,,,,,,,,,,,,,,,2026/2/7,
CAVA,harissa-honey-chicken,Harissa Honey Chicken,,260,26,14,7,670,3,0,135,2,3,,,,,,,,,,,,,,,,,,,,,,,,,,,2026/2/7,
CAVA,roasted-vegetables,Roasted Vegetables,,100,3,4.5,14,600,0.5,0,0,5,5,,,,,,,,,,,,,,,,,,,,,,,,,,,2026/2/7,
CAVA,spicy-lamb-meatballs,Spicy Lamb Meatballs,,300,24,21,3,680,8,0,90,1,1,,,,,,,,,,,,,,,,,,,,,,,,,,,2026/2/7,
CAVA,white-sweet-potatoes,White Sweet Potatoes,,180,3,4,35,490,0.5,0,0,4,9,,,,,,,,,,,,,,,,,,,,,,,,,,,2026/2/7,
CAVA,kids-saffron-basmati-rice,Kids Saffron Basmati Rice,,150,3,3.5,27,390,0.5,0,0,1,0,,,,,,,,,,,,,,,,,,,,,,,,,,,2026/2/7,
CAVA,kids-brown-rice,Kids Brown Rice,,150,3,5,24,390,1,0,0,2,1,,,,,,,,,,,,,,,,,,,,,,,,,,,2026/2/7,
CAVA,kids-black-lentils,Kids Black Lentils,,130,9,3.5,18,260,0,0,0,7,2,,,,,,,,,,,,,,,,,,,,,,,,,,,2026/2/7,
CAVA,kids-chicken,Kids Chicken,,120,14,7,1,330,1.5,0,75,1,0,,,,,,,,,,,,,,,,,,,,,,,,,,,2026/2/7,
CAVA,kids-harissa-honey-chicken,Kids Harissa Honey Chicken,,130,13,7,4,340,1.5,0,65,1,2,,,,,,,,,,,,,,,,,,,,,,,,,,,2026/2/7,
CAVA,kids-white-sweet-potatoes,Kids White Sweet Potatoes,,90,2,2,17,240,0,0,0,2,5,,,,,,,,,,,,,,,,,,,,,,,,,,,2026/2/7,
CAVA,kids-falafel,Kids Falafel,,170,3,13,12,400,1,0,0,2,1,,,,,,,,,,,,,,,,,,,,,,,,,,,2026/2/7,
CAVA,kids-spicy-lamb-meatballs,Kids Spicy Lamb Meatballs,,150,12,11,2,340,4,0,45,0,1,,,,,,,,,,,,,,,,,,,,,,,,,,,2026/2/7,
CAVA,kids-roasted-vegetables,Kids Roasted Vegetables,,50,2,2,7,300,0,0,0,3,3,,,,,,,,,,,,,,,,,,,,,,,,,,,2026/2/7,
CAVA,kids-braised-lamb,Kids Braised Lamb,,110,12,6,1,230,3,0,30,0,0,,,,,,,,,,,,,,,,,,,,,,,,,,,2026/2/7,
CAVA,kids-grilled-steak,Kids Grilled Steak,,90,11,4.5,0,140,1.5,0,40,0,0,,,,,,,,,,,,,,,,,,,,,,,,,,,2026/2/7,
CAVA,kids-pita-chips,Kids Pita Chips,,140,5,4,20,310,0.5,0,0,2,1,,,,,,,,,,,,,,,,,,,,,,,,,,,2026/2/7,
CAVA,shredded-romaine,Shredded Romaine,,5,0,0,1,0,0,0,0,0,0,,,,,,,,,,,,,,,,,,,,,,,,,,,2026/2/7,
CAVA,pita-crisps,Pita Crisps,,70,1,11,6,25,1.5,0,0,0,0,,,,,,,,,,,,,,,,,,,,,,,,,,,2026/2/7,
CAVA,sumac-slaw,Sumac Slaw,,30,1,1.5,3,170,0,0,0,1,1,,,,,,,,,,,,,,,,,,,,,,,,,,,2026/2/7,
CAVA,tomato-onion,Tomato + Onion,,20,0,1.5,2,125,0,0,0,0,1,,,,,,,,,,,,,,,,,,,,,,,,,,,2026/2/7,
CAVA,persian-cucumber,Persian Cucumber,,15,0,1,1,110,0,0,0,0,1,,,,,,,,,,,,,,,,,,,,,,,,,,,2026/2/7,
CAVA,tomato-cucumber,Tomato + Cucumber,,5,0,0,1,0,0,0,0,0,1,,,,,,,,,,,,,,,,,,,,,,,,,,,2026/2/7,
CAVA,kalamata-olives,Kalamata Olives,,35,0,3,2,360,0.5,0,0,2,0,,,,,,,,,,,,,,,,,,,,,,,,,,,2026/2/7,
CAVA,fiery-broccoli,Fiery Broccoli,,35,1,2.5,2,170,0,0,0,1,1,,,,,,,,,,,,,,,,,,,,,,,,,,,2026/2/7,
CAVA,pickled-onions,Pickled Onions,,20,0,0,5,0,0,0,0,0,4,,,,,,,,,,,,,,,,,,,,,,,,,,,2026/2/7,
CAVA,salt-brined-pickles,Salt-Brined Pickles,,5,0,0,0,180,0,0,0,0,0,,,,,,,,,,,,,,,,,,,,,,,,,,,2026/2/7,
CAVA,crumbled-feta,Crumbled Feta,,35,3,2.5,0,125,1.5,0,10,0,1,,,,,,,,,,,,,,,,,,,,,,,,,,,2026/2/7,
CAVA,fire-roasted-corn,Fire-Roasted Corn,,45,1,2.5,5,105,0,0,0,1,2,,,,,,,,,,,,,,,,,,,,,,,,,,,2026/2/7,
CAVA,avocado,Avocado,,110,1,10,6,0,1.5,0,0,4,0,,,,,,,,,,,,,,,,,,,,,,,,,,,2026/2/7,
CAVA,tzatziki,Tzatziki,,30,2,2.5,1,60,1.5,0,10,0,1,,,,,,,,,,,,,,,,,,,,,,,,,,,2026/2/7,
CAVA,hummus,Hummus,,50,2,2.5,4,90,0,0,0,2,0,,,,,,,,,,,,,,,,,,,,,,,,,,,2026/2/7,
CAVA,roasted-eggplant,Roasted Eggplant,,50,0,5,2,160,0.5,0,0,1,0,,,,,,,,,,,,,,,,,,,,,,,,,,,2026/2/7,
CAVA,crazy-feta,Crazy Feta®,,70,4,6,1,230,3,0,15,0,0,,,,,,,,,,,,,,,,,,,,,,,,,,,2026/2/7,
CAVA,harissa,Harissa,,70,1,6,5,250,1,0,0,1,2,,,,,,,,,,,,,,,,,,,,,,,,,,,2026/2/7,
CAVA,red-pepper-hummus,Red Pepper Hummus,,40,2,1.5,5,105,0,0,0,2,1,,,,,,,,,,,,,,,,,,,,,,,,,,,2026/2/7,
CAVA,balsamic-date-vinaigrette,Balsamic Date Vinaigrette,,60,0,4,7,250,0.5,0,0,1,5,,,,,,,,,,,,,,,,,,,,,,,,,,,2026/2/7,
CAVA,whole-pita,Whole Pita,,320,13,6,54,700,1,0,0,6,3,,,,,,,,,,,,,,,,,,,,,,,,,,,2026/2/7,
CAVA,side-pita,Side Pita,,80,3,1.5,14,180,0,0,0,2,1,,,,,,,,,,,,,,,,,,,,,,,,,,,2026/2/7,
CAVA,pita-chips,Pita Chips,,280,10,8,41,630,1,0,0,5,2,,,,,,,,,,,,,,,,,,,,,,,,,,,2026/2/7,
CAVA,pita-chips,Pita Chips,,290,10,9,43,740,3.5,0,0,5,3,,,,,,,,,,,,,,,,,,,,,,,,,,,2026/2/7,
CAVA,greyston-chocolate-chip-blondie,Greyston Chocolate Chip Blondie,,140,2,5,22,10,3,0,35,0,16,,,,,,,,,,,,,,,,,,,,,,,,,,,2026/2/7,
CAVA,greyston-brownie,Greyston Brownie,,150,2,9,17,10,6,0,45,1,13,,,,,,,,,,,,,,,,,,,,,,,,,,,2026/2/7,
CAVA,whisked-apricot-honey-dmv,Whisked! Apricot Honey (DMV),,220,3,9,34,150,6,0,40,1,19,,,,,,,,,,,,,,,,,,,,,,,,,,,2026/2/7,
CAVA,chocolate-oat-cookie,Chocolate Oat Cookie,,240,4,13,31,115,7,0,35,3,17,,,,,,,,,,,,,,,,,,,,,,,,,,,2026/2/7,
CAVA,classic-lemonade-kids-12-oz,Classic Lemonade - Kids (12 oz),,200,0,0,52,0,0,0,0,0,50,,,,,,,,,,,,,,,,,,,,,,,,,,,2026/2/7,
CAVA,classic-lemonade-small-16-oz,Classic Lemonade - Small (16 oz),,260,0,0,69,0,0,0,0,0,66,,,,,,,,,,,,,,,,,,,,,,,,,,,2026/2/7,
CAVA,classic-lemonade-large-22-oz,Classic Lemonade - Large (22 oz),,360,0,0,95,0,0,0,0,0,91,,,,,,,,,,,,,,,,,,,,,,,,,,,2026/2/7,
CAVA,classic-lemonade-ca-kids-12-oz,Classic Lemonade (CA) - Kids (12 oz),,160,0,0,41,0,0,0,0,0,39,,,,,,,,,,,,,,,,,,,,,,,,,,,2026/2/7,
CAVA,oz,oz),,210,0,0,55,0,0,0,0,0,52,,,,,,,,,,,,,,,,,,,,,,,,,,,2026/2/7,
CAVA,22-oz,(22 oz),,290,0,0,75,0,0,0,0,0,71,,,,,,,,,,,,,,,,,,,,,,,,,,,2026/2/7,
CAVA,black-tea-unsweetened-kids-12-oz,Black Tea Unsweetened - Kids (12 oz),,0,0,0,0,10,0,0,0,0,0,,,,,,,,,,,,,,,,,,,,,,,,,,,2026/2/7,
CAVA,16-oz,(16 oz),,0,0,0,0,15,0,0,0,0,0,,,,,,,,,,,,,,,,,,,,,,,,,,,2026/2/7,
CAVA,22-oz,(22 oz),,0,0,0,0,20,0,0,0,0,0,,,,,,,,,,,,,,,,,,,,,,,,,,,2026/2/7,
CAVA,sweet-tea-kids-12-oz,Sweet Tea - Kids (12 oz),,110,0,0,28,10,0,0,0,0,28,,,,,,,,,,,,,,,,,,,,,,,,,,,2026/2/7,
CAVA,sweet-tea-small-16-oz,Sweet Tea - Small (16 oz),,150,0,0,37,15,0,0,0,0,37,,,,,,,,,,,,,,,,,,,,,,,,,,,2026/2/7,
CAVA,sweet-tea-large-22-oz,Sweet Tea - Large (22 oz),,200,0,0,51,20,0,0,0,0,51,,,,,,,,,,,,,,,,,,,,,,,,,,,2026/2/7,
CAVA,jasmine-green-tea-kids-12-oz,Jasmine Green Tea - Kids (12 oz),,0,0,0,0,10,0,0,0,0,0,,,,,,,,,,,,,,,,,,,,,,,,,,,2026/2/7,
CAVA,jasmine-green-tea-small-16-oz,Jasmine Green Tea - Small (16 oz),,0,0,0,0,15,0,0,0,0,0,,,,,,,,,,,,,,,,,,,,,,,,,,,2026/2/7,
CAVA,jasmine-green-tea-large-22-oz,Jasmine Green Tea - Large (22 oz),,0,0,0,0,20,0,0,0,0,0,,,,,,,,,,,,,,,,,,,,,,,,,,,2026/2/7,
CAVA,strawberry-citrus-kids-12-oz,Strawberry Citrus - Kids (12 oz),,100,0,0,26,10,0,0,0,1,24,,,,,,,,,,,,,,,,,,,,,,,,,,,2026/2/7,
CAVA,strawberry-citrus-small-16-oz,Strawberry Citrus - Small (16 oz),,140,0,0,35,10,0,0,0,1,32,,,,,,,,,,,,,,,,,,,,,,,,,,,2026/2/7,
CAVA,strawberry-citrus-large-22-oz,Strawberry Citrus - Large (22 oz),,190,1,0,48,15,0,0,0,1,44,,,,,,,,,,,,,,,,,,,,,,,,,,,2026/2/7,
CAVA,cucumber-mint-lime-kids-12-oz,Cucumber Mint Lime - Kids (12 oz),,130,0,0,33,0,0,0,0,0,31,,,,,,,,,,,,,,,,,,,,,,,,,,,2026/2/7,
CAVA,cucumber-mint-lime-small-16-oz,Cucumber Mint Lime - Small (16 oz),,180,1,0,44,0,0,0,0,0,41,,,,,,,,,,,,,,,,,,,,,,,,,,,2026/2/7,
CAVA,cucumber-mint-lime-large-22-oz,Cucumber Mint Lime - Large (22 oz),,240,1,0,61,0,0,0,0,1,57,,,,,,,,,,,,,,,,,,,,,,,,,,,2026/2/7,
CAVA,blueberry-lavender-kids-12-oz,Blueberry Lavender - Kids (12 oz),,110,0,0,27,10,0,0,0,0,25,,,,,,,,,,,,,,,,,,,,,,,,,,,2026/2/7,
CAVA,blueberry-lavender-small-16-oz,Blueberry Lavender - Small (16 oz),,140,0,0,36,10,0,0,0,0,34,,,,,,,,,,,,,,,,,,,,,,,,,,,2026/2/7,
CAVA,blueberry-lavender-large-22-oz,Blueberry Lavender - Large (22 oz),,190,0,0,50,15,0,0,0,0,46,,,,,,,,,,,,,,,,,,,,,,,,,,,2026/2/7,
CAVA,12-oz,(12 oz),,80,0,0,22,5,0,0,0,1,17,,,,,,,,,,,,,,,,,,,,,,,,,,,2026/2/7,
CAVA,16-oz,(16 oz),,110,0,0.5,29,10,0,0,0,1,23,,,,,,,,,,,,,,,,,,,,,,,,,,,2026/2/7,
CAVA,22-oz,(22 oz),,160,1,0.5,39,10,0,0,0,1,31,,,,,,,,,,,,,,,,,,,,,,,,,,,2026/2/7,
CAVA,tangerine-aleppo-kids-12oz,Tangerine Aleppo - Kids (12oz),,140,1,0,37,11,0,0,0,0,35,,,,,,,,,,,,,,,,,,,,,,,,,,,2026/2/7,
CAVA,tangerine-aleppo-small-16-oz,Tangerine Aleppo - Small (16 oz),,180,1,0,49,15,0,0,0,0,46,,,,,,,,,,,,,,,,,,,,,,,,,,,2026/2/7,
CAVA,tangerine-aleppo-large-22oz,Tangerine Aleppo - Large (22oz),,250,1,0,67,23,0,0,0,0,63,,,,,,,,,,,,,,,,,,,,,,,,,,,2026/2/7,
CAVA,12-oz,(12 oz),,145,0,0,35,35,0,0,0,0,35,,,,,,,,,,,,,,,,,,,,,,,,,,,2026/2/7,
CAVA,16-oz,(16 oz),,190,0,0,50,50,0,0,0,0,50,,,,,,,,,,,,,,,,,,,,,,,,,,,2026/2/7,
CAVA,22oz,(22oz),,270,0,0,60,60,0,0,0,0,60,,,,,,,,,,,,,,,,,,,,,,,,,,,2026/2/7,
CAVA,maine-root-soda-bottled,Maine Root Soda (Bottled),,145,0,0,35,35,0,0,0,0,35,,,,,,,,,,,,,,,,,,,,,,,,,,,2026/2/7,
CAVA,kids-12oz,Kids (12oz),,0,0,0,0,30,0,0,0,0,0,,,,,,,,,,,,,,,,,,,,,,,,,,,2026/2/7,
CAVA,small-16-oz,Small (16 oz),,0,0,0,0,40,0,0,0,0,0,,,,,,,,,,,,,,,,,,,,,,,,,,,2026/2/7,
CAVA,large-22oz,Large (22oz),,0,0,0,0,50,0,0,0,0,0,,,,,,,,,,,,,,,,,,,,,,,,,,,2026/2/7,
CAVA,spindrift-grapefruit,Spindrift Grapefruit,,17,0,0,4,0,0,0,0,0,3,,,,,,,,,,,,,,,,,,,,,,,,,,,2026/2/7,
CAVA,spindrift-raspberry-lime,Spindrift Raspberry Lime,,5,0,0,1,0,0,0,0,0,1,,,,,,,,,,,,,,,,,,,,,,,,,,,2026/2/7,
CAVA,spindrift-lemon,Spindrift Lemon,,3,0,0,1,0,0,0,0,0,0,,,,,,,,,,,,,,,,,,,,,,,,,,,2026/2/7,
CAVA,spindrift-half-tea-half-lemon,Spindrift Half Tea + Half Lemon,,5,0,0,1,0,0,0,0,0,0,,,,,,,,,,,,,,,,,,,,,,,,,,,2026/2/7,
CAVA,chocolate-milk,Chocolate Milk,,150,8,2.5,22,200,1.5,0,10,0,21,,,,,,,,,,,,,,,,,,,,,,,,,,,2026/2/7,
CAVA,1-milk,1% Milk,,110,8,2.5,12,125,1.5,0,15,0,12,,,,,,,,,,,,,,,,,,,,,,,,,,,2026/2/7,
CAVA,honest-apple-juice,Honest Apple Juice,,35,0,0,9,15,0,0,0,0,8,,,,,,,,,,,,,,,,,,,,,,,,,,,2026/2/7,
CAVA,lemon-herb-tahini,Lemon Herb Tahini,,70,2,6,4,140,1,0,0,2,0,,,,,,,,,,,,,,,,,,,,,,,,,,,2026/2/7,
CAVA,tahini-caesar,Tahini Caesar,,90,2,8,3,250,1,0,0,1,0,,,,,,,,,,,,,,,,,,,,,,,,,,,2026/2/7,
CAVA,greek-vinaigrette,Greek Vinaigrette,,130,0,14,1,230,2,0,0,0,0,,,,,,,,,,,,,,,,,,,,,,,,,,,2026/2/7,
CAVA,skhug,Skhug,,80,0,9,1,150,1,0,0,0,0,,,,,,,,,,,,,,,,,,,,,,,,,,,2026/2/7,
CAVA,hot-harissa-vinaigrette,Hot Harissa Vinaigrette,,70,0,7,1,270,1,0,0,0,1,,,,,,,,,,,,,,,,,,,,,,,,,,,2026/2/7,
CAVA,garlic-dressing,Garlic Dressing,,180,0,20,0,90,1.5,0,0,0,0,,,,,,,,,,,,,,,,,,,,,,,,,,,2026/2/7,
Jimmy John's,little-john-1-300,Little John 1 300,,140,15,4,2,25,0,35,770,2,2,,,,,,,,,,,,,,,,,,,,,,,,,,,2026/2/7,
Jimmy John's,little-john-2-250,Little John 2 250,,100,13,2,2,24,0,30,560,1,1,,,,,,,,,,,,,,,,,,,,,,,,,,,2026/2/7,
Jimmy John's,little-john-3-250,Little John 3 250,,100,10,1.5,3,26,0,15,590,2,2,,,,,,,,,,,,,,,,,,,,,,,,,,,2026/2/7,
Jimmy John's,little-john-4-240,Little John 4 240,,90,12,1.5,2,24,0,25,580,1,1,,,,,,,,,,,,,,,,,,,,,,,,,,,2026/2/7,
Jimmy John's,little-john-5-290,Little John 5 290,,120,16,5,2,26,0,40,900,2,2,,,,,,,,,,,,,,,,,,,,,,,,,,,2026/2/7,
Jimmy John's,little-john-6-340,Little John 6 340,,180,13,7,3,25,0,30,580,1,1,,,,,,,,,,,,,,,,,,,,,,,,,,,2026/2/7,
Jimmy John's,slim-1-540,SLIM 1 540,,120,33,6,4,69,0,50,1610,1,1,,,,,,,,,,,,,,,,,,,,,,,,,,,2026/2/7,
Jimmy John's,slim-2-440,SLIM 2 440,,45,30,1,4,66,0,45,1200,0,0,,,,,,,,,,,,,,,,,,,,,,,,,,,2026/2/7,
Jimmy John's,slim-3-600,SLIM 3 600,,210,24,3,5,70,0,30,1410,2,2,,,,,,,,,,,,,,,,,,,,,,,,,,,2026/2/7,
Jimmy John's,slim-4-420,SLIM 4 420,,30,27,0,4,68,0,30,1250,0,0,,,,,,,,,,,,,,,,,,,,,,,,,,,2026/2/7,
Jimmy John's,slim-5-630,SLIM 5 630,,210,35,10,4,69,0,85,1980,1,1,,,,,,,,,,,,,,,,,,,,,,,,,,,2026/2/7,
Jimmy John's,slim-6-590,SLIM 6 590,,190,30,11,4,68,0,45,1180,0,0,,,,,,,,,,,,,,,,,,,,,,,,,,,2026/2/7,
Jimmy John's,the-pepe-600,THE PEPE® 600,,260,29,9,4,50,0,70,1570,4,4,,,,,,,,,,,,,,,,,,,,,,,,,,,2026/2/7,
Jimmy John's,big-john-500,BIG JOHN® 500,,190,26,3.5,4,47,0,60,1110,2,2,,,,,,,,,,,,,,,,,,,,,,,,,,,2026/2/7,
Jimmy John's,totally-tuna-510,TOTALLY TUNA® 510,,200,21,3,5,51,0,40,1160,4,4,,,,,,,,,,,,,,,,,,,,,,,,,,,2026/2/7,
Jimmy John's,turkey-tom-480,TURKEY TOM® 480,,170,23,2.5,4,48,0,50,1160,2,2,,,,,,,,,,,,,,,,,,,,,,,,,,,2026/2/7,
Jimmy John's,vito-570,VITO® 570,,240,32,11,5,52,0,85,1850,4,4,,,,,,,,,,,,,,,,,,,,,,,,,,,2026/2/7,
Jimmy John's,the-veggie-670,THE VEGGIE 670,,340,27,14,5,50,0.5,60,1260,3,3,,,,,,,,,,,,,,,,,,,,,,,,,,,2026/2/7,
Jimmy John's,j-j-b-l-t-710,J.J.B.L.T. ® 710,,310,28,8,6,70,0,45,1580,2,2,,,,,,,,,,,,,,,,,,,,,,,,,,,2026/2/7,
Jimmy John's,spicy-east-coast-italian-1020,SPICY EAST COAST ITALIAN 1020,,500,50,18,7,77,0,160,3440,5,5,,,,,,,,,,,,,,,,,,,,,,,,,,,2026/2/7,
Jimmy John's,billy-club-810,BILLY CLUB® 810,,290,50,10,6,73,0,110,2360,4,4,,,,,,,,,,,,,,,,,,,,,,,,,,,2026/2/7,
Jimmy John's,italian-night-club-930,ITALIAN NIGHT CLUB® 930,,420,48,14,6,77,0,130,2850,5,5,,,,,,,,,,,,,,,,,,,,,,,,,,,2026/2/7,
Jimmy John's,hunter-s-club-830,HUNTER'S CLUB® 830,,300,55,10,6,70,0,130,2080,2,2,,,,,,,,,,,,,,,,,,,,,,,,,,,2026/2/7,
Jimmy John's,country-club-780,COUNTRY CLUB® 780,,270,48,9,6,74,0,100,2350,4,4,,,,,,,,,,,,,,,,,,,,,,,,,,,2026/2/7,
Jimmy John's,beach-club-850,BEACH CLUB® 850,,360,45,14,7,75,0.5,95,2050,3,3,,,,,,,,,,,,,,,,,,,,,,,,,,,2026/2/7,
Jimmy John's,jimmy-cubano-830,JIMMY CUBANO® 830,,360,43,13,6,71,0,90,3330,2,2,,,,,,,,,,,,,,,,,,,,,,,,,,,2026/2/7,
Jimmy John's,bootlegger-club-680,BOOTLEGGER CLUB® 680,,200,44,3.5,6,71,0,90,1890,2,2,,,,,,,,,,,,,,,,,,,,,,,,,,,2026/2/7,
Jimmy John's,club-tuna-860,CLUB TUNA® 860,,360,42,14,7,76,0.5,85,1980,4,4,,,,,,,,,,,,,,,,,,,,,,,,,,,2026/2/7,
Jimmy John's,club-lulu-690,CLUB LULU® 690,,250,35,5,6,71,0,65,1760,2,2,,,,,,,,,,,,,,,,,,,,,,,,,,,2026/2/7,
Jimmy John's,ultimate-porker-690,ULTIMATE PORKER® 690,,260,33,6,6,72,0,60,1890,3,3,,,,,,,,,,,,,,,,,,,,,,,,,,,2026/2/7,
Jimmy John's,the-j-j-gargantuan-1080,THE J.J. GARGANTUAN® 1080,,450,78,15,6,78,0,205,3930,5,5,,,,,,,,,,,,,,,,,,,,,,,,,,,2026/2/7,
Jimmy John's,chicken-caesar-870,CHICKEN CAESAR 870,,390,39,9,5,79,0,90,2160,3,3,,,,,,,,,,,,,,,,,,,,,,,,,,,2026/2/7,
Jimmy John's,kickin-ranch-chicken-wrap-800,KICKIN’ RANCH® CHICKEN WRAP 800,,380,39,12,6,60,0.5,95,1970,4,4,,,,,,,,,,,,,,,,,,,,,,,,,,,2026/2/7,
Jimmy John's,tuscan-italian-840,TUSCAN ITALIAN 840,,410,45,13,5,62,0,130,2760,5,5,,,,,,,,,,,,,,,,,,,,,,,,,,,2026/2/7,
Jimmy John's,slim-1-1080,SLIM 1 1080,,240,66,12,9,139,0,105,3220,2,2,,,,,,,,,,,,,,,,,,,,,,,,,,,2026/2/7,
Jimmy John's,slim-2-880,SLIM 2 880,,90,59,2.5,9,133,0,90,2390,0,0,,,,,,,,,,,,,,,,,,,,,,,,,,,2026/2/7,
Jimmy John's,slim-3-1200,SLIM 3 1200,,410,49,6,11,141,0,60,2820,3,3,,,,,,,,,,,,,,,,,,,,,,,,,,,2026/2/7,
Jimmy John's,slim-4-830,SLIM 4 830,,60,54,0,9,135,0,60,2490,0,0,,,,,,,,,,,,,,,,,,,,,,,,,,,2026/2/7,
Jimmy John's,slim-5-1260,SLIM 5 1260,,420,71,20,9,138,0,165,3960,2,2,,,,,,,,,,,,,,,,,,,,,,,,,,,2026/2/7,
Jimmy John's,slim-6-1180,SLIM 6 1180,,370,60,21,9,135,0,95,2360,0,0,,,,,,,,,,,,,,,,,,,,,,,,,,,2026/2/7,
Jimmy John's,the-pepe-1190,THE PEPE® 1190,,520,59,17,8,100,0.5,135,3150,7,7,,,,,,,,,,,,,,,,,,,,,,,,,,,2026/2/7,
Jimmy John's,big-john-1000,BIG JOHN® 1000,,380,52,7,8,94,0,120,2220,4,4,,,,,,,,,,,,,,,,,,,,,,,,,,,2026/2/7,
Jimmy John's,totally-tuna-1020,TOTALLY TUNA® 1020,,390,41,6,10,103,0,75,2320,8,8,,,,,,,,,,,,,,,,,,,,,,,,,,,2026/2/7,
Jimmy John's,turkey-tom-950,TURKEY TOM® 950,,340,47,5,8,96,0,95,2320,4,4,,,,,,,,,,,,,,,,,,,,,,,,,,,2026/2/7,
Jimmy John's,vito-1150,VITO® 1150,,480,64,22,19,103,0.5,165,3700,9,9,,,,,,,,,,,,,,,,,,,,,,,,,,,2026/2/7,
Jimmy John's,the-veggie-1340,THE VEGGIE 1340,,680,54,28,10,101,1.5,125,2530,6,6,,,,,,,,,,,,,,,,,,,,,,,,,,,2026/2/7,
Jimmy John's,j-j-b-l-t-1430,J.J.B.L.T. ® 1430,,620,56,17,11,140,0,95,3170,4,4,,,,,,,,,,,,,,,,,,,,,,,,,,,2026/2/7,
Jimmy John's,spicy-east-coast-italian-2050,SPICY EAST COAST ITALIAN 2050,,1000,101,36,14,153,0.5,320,3860,11,11,,,,,,,,,,,,,,,,,,,,,,,,,,,2026/2/7,
Jimmy John's,billy-club-1610,BILLY CLUB® 1610,,590,101,20,11,146,0.5,225,4730,7,7,,,,,,,,,,,,,,,,,,,,,,,,,,,2026/2/7,
Jimmy John's,italian-night-club-1860,ITALIAN NIGHT CLUB® 1860,,840,96,27,12,153,0,255,5700,10,10,,,,,,,,,,,,,,,,,,,,,,,,,,,2026/2/7,
Jimmy John's,hunter-s-club-1650,HUNTER'S CLUB® 1650,,610,110,21,11,141,0,255,4150,4,4,,,,,,,,,,,,,,,,,,,,,,,,,,,2026/2/7,
Jimmy John's,country-club-1560,COUNTRY CLUB® 1560,,550,96,17,11,148,0.5,200,4710,7,7,,,,,,,,,,,,,,,,,,,,,,,,,,,2026/2/7,
Jimmy John's,beach-club-1710,BEACH CLUB® 1710,,710,91,28,13,149,1.5,185,4090,6,6,,,,,,,,,,,,,,,,,,,,,,,,,,,2026/2/7,
Jimmy John's,jimmy-cubano-1660,JIMMY CUBANO® 1660,,720,86,25,12,142,0.5,175,6660,4,4,,,,,,,,,,,,,,,,,,,,,,,,,,,2026/2/7,
Jimmy John's,bootlegger-club-1370,BOOTLEGGER CLUB® 1370,,410,88,7,11,142,0,185,3780,4,4,,,,,,,,,,,,,,,,,,,,,,,,,,,2026/2/7,
Jimmy John's,club-tuna-1730,CLUB TUNA® 1730,,730,84,29,13,151,1.5,170,3970,9,9,,,,,,,,,,,,,,,,,,,,,,,,,,,2026/2/7,
Jimmy John's,club-lulu-1370,CLUB LULU® 1370,,500,70,11,11,142,0,125,3520,4,4,,,,,,,,,,,,,,,,,,,,,,,,,,,2026/2/7,
Jimmy John's,ultimate-porker-1390,ULTIMATE PORKER® 1390,,520,65,12,11,144,0,120,3770,7,7,,,,,,,,,,,,,,,,,,,,,,,,,,,2026/2/7,
Jimmy John's,the-j-j-gargantuan-2160,THE J.J. GARGANTUAN® 2160,,890,156,30,13,156,0.5,405,7850,11,11,,,,,,,,,,,,,,,,,,,,,,,,,,,2026/2/7,
Jimmy John's,chicken-caesar-1740,CHICKEN CAESAR 1740,,780,77,18,9,158,0,180,4330,7,7,,,,,,,,,,,,,,,,,,,,,,,,,,,2026/2/7,
Jimmy John's,kickin-ranch-chicken-wrap-1590,KICKIN’ RANCH® CHICKEN WRAP 1590,,750,77,23,11,120,1,190,3940,8,8,,,,,,,,,,,,,,,,,,,,,,,,,,,2026/2/7,
Jimmy John's,tuscan-italian-1690,TUSCAN ITALIAN 1690,,820,89,27,10,123,0,260,5520,10,10,,,,,,,,,,,,,,,,,,,,,,,,,,,2026/2/7,
Jimmy John's,slim-1-190,SLIM 1 190,,100,20,6,0,4,0,50,900,2,2,,,,,,,,,,,,,,,,,,,,,,,,,,,2026/2/7,
Jimmy John's,slim-3-250,SLIM 3 250,,180,11,3,1,5,0,30,700,2,2,,,,,,,,,,,,,,,,,,,,,,,,,,,2026/2/7,
Jimmy John's,slim-5-280,SLIM 5 280,,190,22,10,0,3,0,85,1270,2,2,,,,,,,,,,,,,,,,,,,,,,,,,,,2026/2/7,
Jimmy John's,slim-6-240,SLIM 6 240,,170,17,11,0,2,0,45,470,1,1,,,,,,,,,,,,,,,,,,,,,,,,,,,2026/2/7,
Jimmy John's,the-pepe-370,THE PEPE® 370,,250,21,9,2,7,0,70,1110,4,4,,,,,,,,,,,,,,,,,,,,,,,,,,,2026/2/7,
Jimmy John's,big-john-270,BIG JOHN® 270,,170,17,3.5,2,4,0,60,650,3,3,,,,,,,,,,,,,,,,,,,,,,,,,,,2026/2/7,
Jimmy John's,totally-tuna-280,TOTALLY TUNA® 280,,180,12,3,3,9,0,40,700,5,5,,,,,,,,,,,,,,,,,,,,,,,,,,,2026/2/7,
Jimmy John's,turkey-tom-250,TURKEY TOM® 250,,160,15,2.5,2,5,0,50,700,3,3,,,,,,,,,,,,,,,,,,,,,,,,,,,2026/2/7,
Jimmy John's,vito-350,VITO® 350,,230,24,11,2,9,0,85,1380,5,5,,,,,,,,,,,,,,,,,,,,,,,,,,,2026/2/7,
Jimmy John's,the-veggie-440,THE VEGGIE 440,,330,19,14,3,8,0.5,60,800,3,3,,,,,,,,,,,,,,,,,,,,,,,,,,,2026/2/7,
Jimmy John's,j-j-b-l-t-360,J.J.B.L.T. ® 360,,290,15,8,2,4,0,45,880,3,3,,,,,,,,,,,,,,,,,,,,,,,,,,,2026/2/7,
Jimmy John's,spicy-east-coast-italian-620,SPICY EAST COAST ITALIAN 620,,440,37,17,2,11,0,155,2550,6,6,,,,,,,,,,,,,,,,,,,,,,,,,,,2026/2/7,
Jimmy John's,billy-club-460,BILLY CLUB® 460,,270,37,10,2,7,0,110,1660,4,4,,,,,,,,,,,,,,,,,,,,,,,,,,,2026/2/7,
Jimmy John's,italian-night-club-580,ITALIAN NIGHT CLUB® 580,,400,35,14,2,11,0,130,2140,6,6,,,,,,,,,,,,,,,,,,,,,,,,,,,2026/2/7,
Jimmy John's,hunter-s-club-480,HUNTER'S CLUB® 480,,280,42,10,2,5,0,130,1370,3,3,,,,,,,,,,,,,,,,,,,,,,,,,,,2026/2/7,
Jimmy John's,country-club-430,COUNTRY CLUB® 430,,260,35,8,2,8,0,100,1590,4,4,,,,,,,,,,,,,,,,,,,,,,,,,,,2026/2/7,
Jimmy John's,beach-club-500,BEACH CLUB® 500,,330,32,14,3,9,0.5,95,1340,3,3,,,,,,,,,,,,,,,,,,,,,,,,,,,2026/2/7,
Jimmy John's,jimmy-cubano-480,JIMMY CUBANO® 480,,340,30,13,1,5,0,90,2160,2,2,,,,,,,,,,,,,,,,,,,,,,,,,,,2026/2/7,
Jimmy John's,bootlegger-club-330,BOOTLEGGER CLUB® 330,,180,31,3.5,2,5,0,90,1180,3,3,,,,,,,,,,,,,,,,,,,,,,,,,,,2026/2/7,
Jimmy John's,ham-protein-stacker-490,Ham Protein Stacker 490,,220,36,9,2,29,0,90,1950,4,4,,,,,,,,,,,,,,,,,,,,,,,,,,,2026/2/7,
Jimmy John's,turkey-protein-stacker-480,Turkey Protein Stacker 480,,200,41,7,2,27,0,95,1700,1,1,,,,,,,,,,,,,,,,,,,,,,,,,,,2026/2/7,
Jimmy John's,italian-protein-stacker-610,Italian Protein Stacker 610,,330,39,13,2,29,0,125,2350,4,4,,,,,,,,,,,,,,,,,,,,,,,,,,,2026/2/7,
Jersey Mike's,1-blt-mini-mike-s-rosemary-parmesan-bread,#1 - BLT Mini Mike's - Rosemary Parmesan Bread,,470,18,27,41,1010,7,0,45,3,4,,,,,,,,,,,,,,,,,,,,,,,,,,,2026/2/7,
Jersey Mike's,1-blt-mini-mike-s-wheat-sub,#1 - BLT Mini Mike's - Wheat Sub,,460,17,26,41,940,6,0,40,4,4,,,,,,,,,,,,,,,,,,,,,,,,,,,2026/2/7,
Jersey Mike's,1-blt-mini-mike-s-white-sub,#1 - BLT Mini Mike's - White Sub,,460,16,26,41,960,6,0,40,2,4,,,,,,,,,,,,,,,,,,,,,,,,,,,2026/2/7,
Jersey Mike's,10-tuna-fish-mini-mike-s-way-rosemary-parmesan,#10 - Tuna Fish Mini Mike's Way - Rosemary Parmesan,,590,20,39,42,850,6,0,50,3,4,,,,,,,,,,,,,,,,,,,,,,,,,,,2026/2/7,
Jersey Mike's,10-tuna-fish-mini-mike-s-way-wheat-sub,#10 - Tuna Fish Mini Mike's Way - Wheat Sub,,580,20,38,41,790,6,0,45,4,4,,,,,,,,,,,,,,,,,,,,,,,,,,,2026/2/7,
Jersey Mike's,10-tuna-fish-mini-mike-s-way-white-sub,#10 - Tuna Fish Mini Mike's Way - White Sub,,570,18,38,41,810,6,0,45,3,4,,,,,,,,,,,,,,,,,,,,,,,,,,,2026/2/7,
Jersey Mike's,11-stickball-special-mini-mike-s-way-rosemary-parmesan,#11 - Stickball Special Mini Mike's Way - Rosemary Parmesan,,500,22,27,42,1200,9,0,45,3,4,,,,,,,,,,,,,,,,,,,,,,,,,,,2026/2/7,
Jersey Mike's,11-stickball-special-mini-mike-s-way-wheat-sub,#11 - Stickball Special Mini Mike's Way - Wheat Sub,,490,22,26,42,1140,6,0,45,4,4,,,,,,,,,,,,,,,,,,,,,,,,,,,2026/2/7,
Jersey Mike's,11-stickball-special-mini-mike-s-way-white-sub,#11 - Stickball Special Mini Mike's Way - White Sub,,480,20,26,42,1150,8,0,45,3,4,,,,,,,,,,,,,,,,,,,,,,,,,,,2026/2/7,
Jersey Mike's,12-cancro-special-mini-mike-s-way-rosemary-parmesan,#12 - Cancro Special Mini Mike's Way - Rosemary Parmesan,,530,30,27,42,900,9,0,65,3,4,,,,,,,,,,,,,,,,,,,,,,,,,,,2026/2/7,
Jersey Mike's,12-cancro-special-mini-mike-s-way-wheat-sub,#12 - Cancro Special Mini Mike's Way - Wheat Sub,,510,30,26,42,840,8,0,65,4,4,,,,,,,,,,,,,,,,,,,,,,,,,,,2026/2/7,
Jersey Mike's,12-cancro-special-mini-mike-s-way-white-sub,#12 - Cancro Special Mini Mike's Way - White Sub,,510,28,26,42,850,8,0,65,3,4,,,,,,,,,,,,,,,,,,,,,,,,,,,2026/2/7,
Jersey Mike's,13-the-original-italian-mini-mike-s-way-rosemary-parmesan,#13 - The Original Italian Mini Mike's Way - Rosemary Parmesan,,560,30,30,44,1750,10,0,70,3,4,,,,,,,,,,,,,,,,,,,,,,,,,,,2026/2/7,
Jersey Mike's,13-the-original-italian-mini-mike-s-way-wheat-sub,#13 - The Original Italian Mini Mike's Way - Wheat Sub,,540,29,29,43,1680,9,0,65,4,5,,,,,,,,,,,,,,,,,,,,,,,,,,,2026/2/7,
Jersey Mike's,13-the-original-italian-mini-mike-s-way-white-sub,#13 - The Original Italian Mini Mike's Way - White Sub,,540,28,29,43,1700,9,0,65,3,4,,,,,,,,,,,,,,,,,,,,,,,,,,,2026/2/7,
Jersey Mike's,14-the-veggie-mini-mike-s-way-rosemary-parmesan,#14 - The Veggie Mini Mike's Way - Rosemary Parmesan,,570,24,33,43,800,13,1,50,3,4,,,,,,,,,,,,,,,,,,,,,,,,,,,2026/2/7,
Jersey Mike's,14-the-veggie-mini-mike-s-way-wheat-sub,#14 - The Veggie Mini Mike's Way - Wheat Sub,,550,24,31,43,730,13,1,45,4,4,,,,,,,,,,,,,,,,,,,,,,,,,,,2026/2/7,
Jersey Mike's,14-the-veggie-mini-mike-s-way-white-sub,#14 - The Veggie Mini Mike's Way - White Sub,,550,22,32,43,750,13,1,45,3,4,,,,,,,,,,,,,,,,,,,,,,,,,,,2026/2/7,
Jersey Mike's,2-jersey-shore-s-favorite-mini-mike-s-way-rosemary-parmesan,#2 - Jersey Shore's Favorite Mini Mike's Way - Rosemary Parmesan,,470,22,24,43,1200,7,0,45,3,4,,,,,,,,,,,,,,,,,,,,,,,,,,,2026/2/7,
Jersey Mike's,2-jersey-shore-s-favorite-mini-mike-s-way-wheat-sub,#2 - Jersey Shore's Favorite Mini Mike's Way - Wheat Sub,,460,22,23,43,1130,7,0,40,4,5,,,,,,,,,,,,,,,,,,,,,,,,,,,2026/2/7,
Jersey Mike's,2-jersey-shore-s-favorite-mini-mike-s-way-white-sub,#2 - Jersey Shore's Favorite Mini Mike's Way - White Sub,,450,21,23,42,1150,7,0,40,3,4,,,,,,,,,,,,,,,,,,,,,,,,,,,2026/2/7,
Jersey Mike's,3-ham-and-provolone-mini-mike-s-way-rosemary-parmesan,#3 - Ham and Provolone Mini Mike's Way - Rosemary Parmesan,,470,23,24,42,1230,7,0,45,3,4,,,,,,,,,,,,,,,,,,,,,,,,,,,2026/2/7,
Jersey Mike's,3-ham-and-provolone-mini-mike-s-way-wheat-sub,#3 - Ham and Provolone Mini Mike's Way - Wheat Sub,,460,22,23,42,1170,7,0,45,4,4,,,,,,,,,,,,,,,,,,,,,,,,,,,2026/2/7,
Jersey Mike's,3-ham-and-provolone-mini-mike-s-way-white-sub,#3 - Ham and Provolone Mini Mike's Way - White Sub,,450,21,23,42,1180,7,0,45,3,4,,,,,,,,,,,,,,,,,,,,,,,,,,,2026/2/7,
Jersey Mike's,4-the-number-four-mini-mike-s-way-rosemary-parmesan,#4 - The Number Four Mini Mike's Way - Rosemary Parmesan,,470,23,24,43,1240,7,0,45,3,4,,,,,,,,,,,,,,,,,,,,,,,,,,,2026/2/7,
Jersey Mike's,4-the-number-four-mini-mike-s-way-wheat-sub,#4 - The Number Four Mini Mike's Way - Wheat Sub,,460,23,23,43,1170,7,0,40,4,5,,,,,,,,,,,,,,,,,,,,,,,,,,,2026/2/7,
Jersey Mike's,4-the-number-four-mini-mike-s-way-white-sub,#4 - The Number Four Mini Mike's Way - White Sub,,450,21,23,42,1190,7,0,40,3,4,,,,,,,,,,,,,,,,,,,,,,,,,,,2026/2/7,
Jersey Mike's,5-the-super-sub-mini-mike-s-way-rosemary-parmesan,#5 - The Super Sub Mini Mike's Way - Rosemary Parmesan,,500,26,25,43,1490,8,0,55,3,4,,,,,,,,,,,,,,,,,,,,,,,,,,,2026/2/7,
Jersey Mike's,5-the-super-sub-mini-mike-s-way-wheat-sub,#5 - The Super Sub Mini Mike's Way - Wheat Sub,,480,26,23,43,1420,7,0,55,4,5,,,,,,,,,,,,,,,,,,,,,,,,,,,2026/2/7,
Jersey Mike's,5-the-super-sub-mini-mike-s-way-white-sub,#5 - The Super Sub Mini Mike's Way - White Sub,,470,25,23,43,1440,7,0,55,3,4,,,,,,,,,,,,,,,,,,,,,,,,,,,2026/2/7,
Jersey Mike's,6-roast-beef-and-provolone-mini-mike-s-way-rosemary-parmesan,#6 - Roast Beef and Provolone Mini Mike's Way - Rosemary Parmesan,,530,33,26,42,860,8,0,75,3,4,,,,,,,,,,,,,,,,,,,,,,,,,,,2026/2/7,
Jersey Mike's,6-roast-beef-and-provolone-mini-mike-s-way-wheat-sub,#6 - Roast Beef and Provolone Mini Mike's Way - Wheat Sub,,520,33,25,42,800,7,0,70,4,4,,,,,,,,,,,,,,,,,,,,,,,,,,,2026/2/7,
Jersey Mike's,6-roast-beef-and-provolone-mini-mike-s-way-white-sub,#6 - Roast Beef and Provolone Mini Mike's Way - White Sub,,510,32,25,41,820,8,0,70,3,4,,,,,,,,,,,,,,,,,,,,,,,,,,,2026/2/7,
Jersey Mike's,7-turkey-and-provolone-mini-mike-s-way-rosemary-parmesan,#7 - Turkey and Provolone Mini Mike's Way - Rosemary Parmesan,,480,23,25,43,1040,8,0,45,3,4,,,,,,,,,,,,,,,,,,,,,,,,,,,2026/2/7,
Jersey Mike's,7-turkey-and-provolone-mini-mike-s-way-wheat-sub,#7 - Turkey and Provolone Mini Mike's Way - Wheat Sub,,460,23,23,43,980,7,0,45,4,5,,,,,,,,,,,,,,,,,,,,,,,,,,,2026/2/7,
Jersey Mike's,7-turkey-and-provolone-mini-mike-s-way-white-sub,#7 - Turkey and Provolone Mini Mike's Way - White Sub,,460,21,23,43,990,7,0,45,3,4,,,,,,,,,,,,,,,,,,,,,,,,,,,2026/2/7,
Jersey Mike's,8-club-sub-mini-mike-s-way-rosemary-parmesan,#8 - Club Sub Mini Mike's Way - Rosemary Parmesan,,530,28,28,43,1400,9,0,60,3,4,,,,,,,,,,,,,,,,,,,,,,,,,,,2026/2/7,
Jersey Mike's,8-club-sub-mini-mike-s-way-wheat-sub,#8 - Club Sub Mini Mike's Way - Wheat Sub,,510,28,26,43,1340,8,0,60,4,5,,,,,,,,,,,,,,,,,,,,,,,,,,,2026/2/7,
Jersey Mike's,8-club-sub-mini-mike-s-way-white-sub,#8 - Club Sub Mini Mike's Way - White Sub,,500,26,26,43,1360,8,0,60,3,4,,,,,,,,,,,,,,,,,,,,,,,,,,,2026/2/7,
Jersey Mike's,9-club-supreme-mini-mike-s-way-rosemary-parmesan,#9 - Club Supreme Mini Mike's Way - Rosemary Parmesan,,530,31,27,43,1070,8,0,65,3,4,,,,,,,,,,,,,,,,,,,,,,,,,,,2026/2/7,
Jersey Mike's,9-club-supreme-mini-mike-s-way-wheat-sub,#9 - Club Supreme Mini Mike's Way - Wheat Sub,,510,30,26,42,1000,8,0,65,4,5,,,,,,,,,,,,,,,,,,,,,,,,,,,2026/2/7,
Jersey Mike's,9-club-supreme-mini-mike-s-way-white-sub,#9 - Club Supreme Mini Mike's Way - White Sub,,510,29,26,42,1020,8,0,65,3,4,,,,,,,,,,,,,,,,,,,,,,,,,,,2026/2/7,
Jersey Mike's,1-blt-regular-mike-s-cold-rosemary-parmesan-bread,#1 - BLT Regular Mike's Cold - Rosemary Parmesan Bread,,770,27,47,61,1550,11,0.3,75,4,5,,,,,,,,,,,,,,,,,,,,,,,,,,,2026/2/7,
Jersey Mike's,1-blt-regular-mike-s-cold-sub-in-a-tub,#1 - BLT Regular Mike's Cold - Sub in a Tub,,460,15,43,5,820,10,0.2,70,2,3,,,,,,,,,,,,,,,,,,,,,,,,,,,2026/2/7,
Jersey Mike's,1-blt-regular-mike-s-cold-wheat-sub,#1 - BLT Regular Mike's Cold - Wheat Sub,,750,26,46,60,1450,10,0.2,70,5,6,,,,,,,,,,,,,,,,,,,,,,,,,,,2026/2/7,
Jersey Mike's,1-blt-regular-mike-s-cold-white-sub,#1 - BLT Regular Mike's Cold - White Sub,,750,25,46,60,1480,10,0.2,70,4,5,,,,,,,,,,,,,,,,,,,,,,,,,,,2026/2/7,
Jersey Mike's,1-blt-regular-mike-s-cold-wheat-wrap,#1 - BLT Regular Mike's Cold - Wheat Wrap,,750,23,52,51,1330,13,0.3,70,8,5,,,,,,,,,,,,,,,,,,,,,,,,,,,2026/2/7,
Jersey Mike's,1-blt-regular-mike-s-cold-white-wrap,#1 - BLT Regular Mike's Cold - White Wrap,,770,23,53,53,1460,13,0.3,70,4,5,,,,,,,,,,,,,,,,,,,,,,,,,,,2026/2/7,
Jersey Mike's,10-tuna-fish-regular-mike-s-way-cold-rosemary-parmesan,#10 - Tuna Fish Regular Mike's Way Cold - Rosemary Parmesan,,1000,32,70,62,1340,11,0.4,85,5,5,,,,,,,,,,,,,,,,,,,,,,,,,,,2026/2/7,
Jersey Mike's,10-tuna-fish-regular-mike-s-way-cold-sub-in-a-tub,#10 - Tuna Fish Regular Mike's Way Cold - Sub in a Tub,,700,21,66,6,600,10,0.3,80,2,3,,,,,,,,,,,,,,,,,,,,,,,,,,,2026/2/7,
Jersey Mike's,10-tuna-fish-regular-mike-s-way-cold-wheat-sub,#10 - Tuna Fish Regular Mike's Way Cold - Wheat Sub,,970,31,68,62,1240,10,0.3,80,6,6,,,,,,,,,,,,,,,,,,,,,,,,,,,2026/2/7,
Jersey Mike's,10-tuna-fish-regular-mike-s-way-cold-white-sub,#10 - Tuna Fish Regular Mike's Way Cold - White Sub,,970,30,68,61,1270,10,0.3,80,4,5,,,,,,,,,,,,,,,,,,,,,,,,,,,2026/2/7,
Jersey Mike's,10-tuna-fish-regular-mike-s-way-cold-wheat-wrap,#10 - Tuna Fish Regular Mike's Way Cold - Wheat Wrap,,980,29,75,52,1110,13,0.4,80,8,5,,,,,,,,,,,,,,,,,,,,,,,,,,,2026/2/7,
Jersey Mike's,10-tuna-fish-regular-mike-s-way-cold-white-wrap,#10 - Tuna Fish Regular Mike's Way Cold - White Wrap,,1010,29,76,54,1240,13,0.4,80,4,5,,,,,,,,,,,,,,,,,,,,,,,,,,,2026/2/7,
Jersey Mike's,11-stickball-special-regular-mike-s-way-cold-rosemary-parmesan,#11 - Stickball Special Regular Mike's Way Cold - Rosemary Parmesan,,860,39,50,63,2280,15,0.5,90,4,6,,,,,,,,,,,,,,,,,,,,,,,,,,,2026/2/7,
Jersey Mike's,11-stickball-special-regular-mike-s-way-cold-sub-in-a-tub,#11 - Stickball Special Regular Mike's Way Cold - Sub in a Tub,,550,28,46,7,1540,14,0.4,85,2,4,,,,,,,,,,,,,,,,,,,,,,,,,,,2026/2/7,
Jersey Mike's,11-stickball-special-regular-mike-s-way-cold-wheat-sub,#11 - Stickball Special Regular Mike's Way Cold - Wheat Sub,,850,39,49,62,2180,14,0.4,85,5,7,,,,,,,,,,,,,,,,,,,,,,,,,,,2026/2/7,
Jersey Mike's,11-stickball-special-regular-mike-s-way-cold-white-sub,#11 - Stickball Special Regular Mike's Way Cold - White Sub,,830,37,48,62,2200,14,0.4,85,4,6,,,,,,,,,,,,,,,,,,,,,,,,,,,2026/2/7,
Jersey Mike's,11-stickball-special-regular-mike-s-way-cold-wheat-wrap,#11 - Stickball Special Regular Mike's Way Cold - Wheat Wrap,,840,36,55,53,2050,17,0.5,85,8,6,,,,,,,,,,,,,,,,,,,,,,,,,,,2026/2/7,
Jersey Mike's,11-stickball-special-regular-mike-s-way-cold-white-wrap,#11 - Stickball Special Regular Mike's Way Cold - White Wrap,,870,36,56,55,2180,17,0.5,85,4,6,,,,,,,,,,,,,,,,,,,,,,,,,,,2026/2/7,
Jersey Mike's,12-cancro-special-regular-mike-s-way-cold-rosemary-parmesan,#12 - Cancro Special Regular Mike's Way Cold - Rosemary Parmesan,,910,53,50,63,1470,15,0.5,120,4,6,,,,,,,,,,,,,,,,,,,,,,,,,,,2026/2/7,
Jersey Mike's,12-cancro-special-regular-mike-s-way-cold-sub-in-a-tub,#12 - Cancro Special Regular Mike's Way Cold - Sub in a Tub,,600,41,46,6,730,14,0.5,115,2,4,,,,,,,,,,,,,,,,,,,,,,,,,,,2026/2/7,
Jersey Mike's,12-cancro-special-regular-mike-s-way-cold-wheat-sub,#12 - Cancro Special Regular Mike's Way Cold - Wheat Sub,,890,52,49,62,1370,14,0.5,115,6,6,,,,,,,,,,,,,,,,,,,,,,,,,,,2026/2/7,
Jersey Mike's,12-cancro-special-regular-mike-s-way-cold-white-sub,#12 - Cancro Special Regular Mike's Way Cold - White Sub,,880,51,48,62,1400,14,0.5,115,4,6,,,,,,,,,,,,,,,,,,,,,,,,,,,2026/2/7,
Jersey Mike's,12-cancro-special-regular-mike-s-way-cold-wheat-wrap,#12 - Cancro Special Regular Mike's Way Cold - Wheat Wrap,,880,49,55,52,1240,17,0.5,115,8,6,,,,,,,,,,,,,,,,,,,,,,,,,,,2026/2/7,
Jersey Mike's,12-cancro-special-regular-mike-s-way-cold-white-wrap,#12 - Cancro Special Regular Mike's Way Cold - White Wrap,,910,49,56,54,1370,17,0.5,115,4,6,,,,,,,,,,,,,,,,,,,,,,,,,,,2026/2/7,
Jersey Mike's,13-the-original-italian-regular-mike-s-way-cold-rosemary-parmesan,#13 - The Original Italian Regular Mike's Way Cold - Rosemary Parmesan,,920,47,53,65,2820,16,0.5,115,4,7,,,,,,,,,,,,,,,,,,,,,,,,,,,2026/2/7,
Jersey Mike's,13-the-original-italian-regular-mike-s-way-cold-sub-in-a-tub,#13 - The Original Italian Regular Mike's Way Cold - Sub in a Tub,,620,36,49,9,2080,15,0.5,110,2,5,,,,,,,,,,,,,,,,,,,,,,,,,,,2026/2/7,
Jersey Mike's,13-the-original-italian-regular-mike-s-way-cold-wheat-sub,#13 - The Original Italian Regular Mike's Way Cold - Wheat Sub,,900,47,52,64,2720,15,0.5,110,6,8,,,,,,,,,,,,,,,,,,,,,,,,,,,2026/2/7,
Jersey Mike's,13-the-original-italian-regular-mike-s-way-cold-white-sub,#13 - The Original Italian Regular Mike's Way Cold - White Sub,,900,45,52,64,2740,15,0.5,110,4,7,,,,,,,,,,,,,,,,,,,,,,,,,,,2026/2/7,
Jersey Mike's,13-the-original-italian-regular-mike-s-way-cold-wheat-wrap,#13 -The Original Italian Regular Mike's Way Cold - Wheat Wrap,,900,44,58,55,2590,18,0.5,110,8,7,,,,,,,,,,,,,,,,,,,,,,,,,,,2026/2/7,
Jersey Mike's,13-the-original-italian-regular-mike-s-way-cold-white-wrap,#13 - The Original Italian Regular Mike's Way Cold - White Wrap,,930,44,59,57,2720,18,0.5,110,4,7,,,,,,,,,,,,,,,,,,,,,,,,,,,2026/2/7,
Jersey Mike's,14-the-veggie-regular-mike-s-way-cold-rosemary-parmesan,#14 - The Veggie Regular Mike's Way Cold - Rosemary Parmesan,,940,39,58,65,1240,23,1,85,4,6,,,,,,,,,,,,,,,,,,,,,,,,,,,2026/2/7,
Jersey Mike's,14-the-veggie-regular-mike-s-way-cold-sub-in-a-tub,#14 - The Veggie Regular Mike's Way Cold - Sub in a Tub,,630,27,54,9,500,22,1,80,2,4,,,,,,,,,,,,,,,,,,,,,,,,,,,2026/2/7,
Jersey Mike's,14-the-veggie-regular-mike-s-way-cold-wheat-sub,#14 - The Veggie Regular Mike's Way Cold - Wheat Sub,,910,38,56,64,1140,22,1,80,6,7,,,,,,,,,,,,,,,,,,,,,,,,,,,2026/2/7,
Jersey Mike's,14-the-veggie-regular-mike-s-way-cold-white-sub,#14 - The Veggie Regular Mike's Way Cold - White Sub,,900,36,56,64,1160,22,1,80,4,6,,,,,,,,,,,,,,,,,,,,,,,,,,,2026/2/7,
Jersey Mike's,14-the-veggie-regular-mike-s-way-cold-wheat-wrap,#14 - The Veggie Regular Mike's Way Cold- Wheat Wrap,,910,35,63,55,1010,25,1,80,8,6,,,,,,,,,,,,,,,,,,,,,,,,,,,2026/2/7,
Jersey Mike's,14-the-veggie-regular-mike-s-way-cold-white-wrap,#14 - The Veggie Regular Mike's Way Cold - White Wrap,,940,35,64,57,1140,25,1,80,4,6,,,,,,,,,,,,,,,,,,,,,,,,,,,2026/2/7,
Jersey Mike's,2-regular-mike-s-way-cold-wheat-wrap,#2 - Regular Mike's Way Cold - Wheat Wrap,,780,36,48,54,1970,14,0.4,80,8,6,,,,,,,,,,,,,,,,,,,,,,,,,,,2026/2/7,
Jersey Mike's,2-regular-mike-s-way-cold-white-wrap,#2 - Regular Mike's Way Cold - White Wrap,,800,36,49,56,2100,14,0.4,80,4,6,,,,,,,,,,,,,,,,,,,,,,,,,,,2026/2/7,
Jersey Mike's,2-jersey-shore-s-favorite-regular-mike-s-way-cold-rosemary-parmesan,#2 - Jersey Shore's Favorite Regular Mike's Way Cold - Rosemary Parmesan,,790,39,43,64,2190,12,0.4,85,4,6,,,,,,,,,,,,,,,,,,,,,,,,,,,2026/2/7,
Jersey Mike's,2-jersey-shore-s-favorite-regular-mike-s-way-cold-sub-in-a-tub,#2 - Jersey Shore's Favorite Regular Mike's Way Cold - Sub in a Tub,,490,28,39,8,1460,11,0.3,80,2,4,,,,,,,,,,,,,,,,,,,,,,,,,,,2026/2/7,
Jersey Mike's,2-jersey-shore-s-favorite-regular-mike-s-way-cold-wheat-sub,#2 - Jersey Shore's Favorite Regular Mike's Way Cold - Wheat Sub,,780,39,42,63,2100,11,0.3,80,5,7,,,,,,,,,,,,,,,,,,,,,,,,,,,2026/2/7,
Jersey Mike's,2-jersey-shore-s-favorite-regular-mike-s-way-cold-white-sub,#2 - Jersey Shore's Favorite Regular Mike's Way Cold - White Sub,,770,37,42,63,2120,11,0.3,80,4,6,,,,,,,,,,,,,,,,,,,,,,,,,,,2026/2/7,
Jersey Mike's,3-ham-and-provolone-regular-mike-s-way-cold-rosemary-parmesan,#3 - Ham and Provolone Regular Mike's Way Cold - Rosemary Parmesan,,780,38,43,63,2120,12,0.4,80,4,6,,,,,,,,,,,,,,,,,,,,,,,,,,,2026/2/7,
Jersey Mike's,3-ham-and-provolone-regular-mike-s-way-cold-sub-in-a-tub,#3 - Ham and Provolone Regular Mike's Way Cold - Sub in a Tub,,480,27,39,7,1380,11,0.3,75,2,4,,,,,,,,,,,,,,,,,,,,,,,,,,,2026/2/7,
Jersey Mike's,3-ham-and-provolone-regular-mike-s-way-cold-wheat-sub,#3 - Ham and Provolone Regular Mike's Way Cold - Wheat Sub,,760,38,41,62,2020,11,0.3,75,5,7,,,,,,,,,,,,,,,,,,,,,,,,,,,2026/2/7,
Jersey Mike's,3-ham-and-provolone-regular-mike-s-way-cold-white-sub,#3 - Ham and Provolone Regular Mike's Way Cold - White Sub,,750,36,41,62,2050,11,0.3,75,4,6,,,,,,,,,,,,,,,,,,,,,,,,,,,2026/2/7,
Jersey Mike's,3-ham-and-provolone-regular-mike-s-way-cold-wheat-wrap,#3 - Ham and Provolone Regular Mike's Way Cold - Wheat Wrap,,770,35,48,53,1890,14,0.4,75,8,6,,,,,,,,,,,,,,,,,,,,,,,,,,,2026/2/7,
Jersey Mike's,3-ham-and-provolone-regular-mike-s-way-cold-white-wrap,#3 - Ham and Provolone Regular Mike's Way Cold - White Wrap,,790,35,49,55,2020,14,0.4,75,4,6,,,,,,,,,,,,,,,,,,,,,,,,,,,2026/2/7,
Jersey Mike's,4-regular-mike-s-way-cold-rosemary-parmesan,#4 - Regular Mike's Way Cold - Rosemary Parmesan,,790,38,43,64,2070,12,0.4,75,4,6,,,,,,,,,,,,,,,,,,,,,,,,,,,2026/2/7,
Jersey Mike's,4-regular-mike-s-way-cold-sub-in-a-tub,#4 - Regular Mike's Way Cold - Sub in a Tub,,480,26,39,8,1330,11,0.3,70,2,4,,,,,,,,,,,,,,,,,,,,,,,,,,,2026/2/7,
Jersey Mike's,4-regular-mike-s-way-cold-wheat-sub,#4 - Regular Mike's Way Cold - Wheat Sub,,760,37,41,63,1970,11,0.3,70,5,7,,,,,,,,,,,,,,,,,,,,,,,,,,,2026/2/7,
Jersey Mike's,4-regular-mike-s-way-cold-white-sub,#4 - Regular Mike's Way Cold - White Sub,,750,35,41,63,1990,11,0.4,70,4,6,,,,,,,,,,,,,,,,,,,,,,,,,,,2026/2/7,
Jersey Mike's,4-regular-mike-s-way-cold-wheat-wrap,#4 - Regular Mike's Way Cold - Wheat Wrap,,770,34,48,54,1840,14,0.4,70,8,6,,,,,,,,,,,,,,,,,,,,,,,,,,,2026/2/7,
Jersey Mike's,4-regular-mike-s-way-cold-white-wrap,#4 - Regular Mike's Way Cold - White Wrap,,790,34,49,56,1970,14,0.4,70,4,6,,,,,,,,,,,,,,,,,,,,,,,,,,,2026/2/7,
Jersey Mike's,5-the-super-sub-regular-mike-s-way-cold-rosemary-parmesan,#5 - The Super Sub Regular Mike's Way Cold - Rosemary Parmesan,,810,42,44,64,2370,12,0.4,90,4,7,,,,,,,,,,,,,,,,,,,,,,,,,,,2026/2/7,
Jersey Mike's,5-the-super-sub-regular-mike-s-way-cold-sub-in-a-tub,#5 - The Super Sub Regular Mike's Way Cold - Sub in a Tub,,500,31,39,8,1640,11,0.3,85,2,5,,,,,,,,,,,,,,,,,,,,,,,,,,,2026/2/7,
Jersey Mike's,5-the-super-sub-regular-mike-s-way-cold-wheat-sub,#5 -The Super Sub Regular Mike's Way Cold - Wheat Sub,,790,41,42,64,2270,11,0.3,85,5,7,,,,,,,,,,,,,,,,,,,,,,,,,,,2026/2/7,
Jersey Mike's,5-the-super-sub-regular-mike-s-way-cold-white-sub,#5 - The Super Sub Regular Mike's Way Cold - White Sub,,780,40,42,63,2300,11,0.4,85,4,7,,,,,,,,,,,,,,,,,,,,,,,,,,,2026/2/7,
Jersey Mike's,5-the-super-sub-regular-mike-s-way-cold-wheat-wrap,#5 - The Super Sub Regular Mike's Way Cold - Wheat Wrap,,790,39,48,54,2150,14,0.4,85,8,7,,,,,,,,,,,,,,,,,,,,,,,,,,,2026/2/7,
Jersey Mike's,5-the-super-sub-regular-mike-s-way-cold-white-wrap,#5 - The Super Sub Regular Mike's Way Cold - White Wrap,,810,39,49,56,2280,15,0.4,85,4,7,,,,,,,,,,,,,,,,,,,,,,,,,,,2026/2/7,
Jersey Mike's,6-roast-beef-and-provolone-regular-mike-s-way-cold-rosemary-parmesan,#6 - Roast Beef and Provolone Regular Mike's Way Cold - Rosemary Parmesan,,850,50,46,62,1290,13,0.5,110,4,5,,,,,,,,,,,,,,,,,,,,,,,,,,,2026/2/7,
Jersey Mike's,6-roast-beef-and-provolone-regular-mike-s-way-cold-sub-in-a-tub,#6 - Roast Beef and Provolone Regular Mike's Way Cold - Sub in a Tub,,550,39,42,6,550,12,0.4,105,2,3,,,,,,,,,,,,,,,,,,,,,,,,,,,2026/2/7,
Jersey Mike's,6-roast-beef-and-provolone-regular-mike-s-way-cold-wheat-sub,#6 - Roast Beef and Provolone Regular Mike's Way Cold - Wheat Sub,,830,50,44,61,1190,12,0.4,105,5,6,,,,,,,,,,,,,,,,,,,,,,,,,,,2026/2/7,
Jersey Mike's,6-roast-beef-and-provolone-regular-mike-s-way-cold-white-sub,#6 - Roast Beef and Provolone Regular Mike's Way Cold - White Sub,,820,48,44,61,1220,12,0.4,105,4,5,,,,,,,,,,,,,,,,,,,,,,,,,,,2026/2/7,
Jersey Mike's,6-roast-beef-and-provolone-regular-mike-s-way-cold-wheat-wrap,#6 - Roast Beef and Provolone Regular Mike's Way Cold - Wheat Wrap,,840,47,51,52,1060,15,0.5,105,8,5,,,,,,,,,,,,,,,,,,,,,,,,,,,2026/2/7,
Jersey Mike's,6-roast-beef-and-provolone-regular-mike-s-way-cold-white-wrap,#6 - Roast Beef and Provolone Regular Mike's Way Cold - White Wrap,,860,47,52,54,1190,16,0.5,105,4,5,,,,,,,,,,,,,,,,,,,,,,,,,,,2026/2/7,
Jersey Mike's,7-turkey-and-provolone-regular-mike-s-way-cold-rosemary-parmesan,#7 - Turkey and Provolone Regular Mike's Way Cold - Rosemary Parmesan,,800,39,44,65,1750,13,0.4,80,4,6,,,,,,,,,,,,,,,,,,,,,,,,,,,2026/2/7,
Jersey Mike's,7-turkey-and-provolone-regular-mike-s-way-cold-sub-in-a-tub,#7 - Turkey and Provolone Regular Mike's Way Cold - Sub in a Tub,,500,27,40,8,1010,11,0.3,75,2,4,,,,,,,,,,,,,,,,,,,,,,,,,,,2026/2/7,
Jersey Mike's,7-turkey-and-provolone-regular-mike-s-way-cold-wheat-sub,#7 - Turkey and Provolone Regular Mike's Way Cold - Wheat Sub,,790,38,43,64,1650,12,0.3,75,5,7,,,,,,,,,,,,,,,,,,,,,,,,,,,2026/2/7,
Jersey Mike's,7-turkey-and-provolone-regular-mike-s-way-cold-white-sub,#7 - Turkey and Provolone Regular Mike's Way Cold - White Sub,,780,36,43,64,1680,12,0.3,75,4,6,,,,,,,,,,,,,,,,,,,,,,,,,,,2026/2/7,
Jersey Mike's,7-turkey-and-provolone-regular-mike-s-way-cold-wheat-wrap,#7 - Turkey and Provolone Regular Mike's Way Cold - Wheat Wrap,,780,35,49,54,1520,14,0.4,75,8,6,,,,,,,,,,,,,,,,,,,,,,,,,,,2026/2/7,
Jersey Mike's,7-turkey-and-provolone-regular-mike-s-way-cold-white-wrap,#7 - Turkey and Provolone Regular Mike's Way Cold - White Wrap,,810,35,50,56,1650,15,0.4,75,4,6,,,,,,,,,,,,,,,,,,,,,,,,,,,2026/2/7,
Jersey Mike's,8-club-sub-regular-mike-s-way-cold-rosemary-parmesan,#8 - Club Sub Regular Mike's Way Cold - Rosemary Parmesan,,880,46,50,64,2340,15,0.4,105,4,6,,,,,,,,,,,,,,,,,,,,,,,,,,,2026/2/7,
Jersey Mike's,8-club-sub-regular-mike-s-way-cold-sub-in-a-tub,#8 - Club Sub Regular Mike's Way Cold - Sub in a Tub,,570,35,45,8,1600,13,0.3,100,2,4,,,,,,,,,,,,,,,,,,,,,,,,,,,2026/2/7,
Jersey Mike's,8-club-sub-regular-mike-s-way-cold-wheat-sub,#8 - Club Sub Regular Mike's Way Cold - Wheat Sub,,860,45,48,64,2240,14,0.3,100,5,7,,,,,,,,,,,,,,,,,,,,,,,,,,,2026/2/7,
Jersey Mike's,8-club-sub-regular-mike-s-way-cold-white-sub,#8 - Club Sub Regular Mike's Way Cold - White Sub,,850,44,48,63,2270,14,0.3,100,4,6,,,,,,,,,,,,,,,,,,,,,,,,,,,2026/2/7,
Jersey Mike's,8-club-sub-regular-mike-s-way-cold-wheat-wrap,#8 - Club Sub Regular Mike's Way Cold - Wheat Wrap,,860,43,54,54,2110,16,0.4,100,8,6,,,,,,,,,,,,,,,,,,,,,,,,,,,2026/2/7,
Jersey Mike's,8-club-sub-regular-mike-s-way-cold-white-wrap,#8 - Club Sub Regular Mike's Way Cold - White Wrap,,880,43,55,56,2240,17,0.4,100,4,6,,,,,,,,,,,,,,,,,,,,,,,,,,,2026/2/7,
Jersey Mike's,9-club-supreme-regular-mike-s-way-cold-rosemary-parmesan,#9 - Club Supreme Regular Mike's Way Cold - Rosemary Parmesan,,900,50,50,64,1800,14,0.3,110,4,6,,,,,,,,,,,,,,,,,,,,,,,,,,,2026/2/7,
Jersey Mike's,9-club-supreme-regular-mike-s-way-cold-sub-in-a-tub,#9 - Club Supreme Regular Mike's Way Cold - Sub in a Tub,,590,38,46,8,1060,13,0.3,105,2,4,,,,,,,,,,,,,,,,,,,,,,,,,,,2026/2/7,
Jersey Mike's,9-club-supreme-regular-mike-s-way-cold-wheat-sub,#9 - Club Supreme Regular Mike's Way Cold- Wheat Sub,,870,49,48,63,1700,13,0.3,105,5,7,,,,,,,,,,,,,,,,,,,,,,,,,,,2026/2/7,
Jersey Mike's,9-club-supreme-regular-mike-s-way-cold-white-sub,#9 - Club Supreme Regular Mike's Way Cold - White Sub,,870,48,48,63,1730,13,0.3,105,4,6,,,,,,,,,,,,,,,,,,,,,,,,,,,2026/2/7,
Jersey Mike's,9-club-supreme-regular-mike-s-way-cold-wheat-wrap,#9 - Club Supreme Regular Mike's Way Cold - Wheat Wrap,,880,46,55,54,1570,16,0.4,105,8,6,,,,,,,,,,,,,,,,,,,,,,,,,,,2026/2/7,
Jersey Mike's,9-club-supreme-regular-mike-s-way-cold-white-wrap,#9 - Club Supreme Regular Mike's Way Cold - White Wrap,,900,46,56,56,1700,16,0.4,105,4,6,,,,,,,,,,,,,,,,,,,,,,,,,,,2026/2/7,
Jersey Mike's,16-hot-regular-chicken-philly-rosemary-parmesan,#16 - Hot Regular - Chicken Philly - Rosemary Parmesan,,630,53,16,69,2100,8,0.4,120,3,10,,,,,,,,,,,,,,,,,,,,,,,,,,,2026/2/7,
Jersey Mike's,16-hot-regular-chicken-philly-sub-in-a-tub,#16 - Hot Regular - Chicken Philly - Sub in a Tub,,320,42,12,12,1370,6,0.3,115,1,8,,,,,,,,,,,,,,,,,,,,,,,,,,,2026/2/7,
Jersey Mike's,16-hot-regular-chicken-philly-wheat-sub,#16 - Hot Regular - Chicken Philly - Wheat Sub,,600,52,14,68,2000,7,0.3,115,5,11,,,,,,,,,,,,,,,,,,,,,,,,,,,2026/2/7,
Jersey Mike's,16-hot-regular-chicken-philly-white-sub,#16 - Hot Regular - Chicken Philly - White Sub,,600,51,14,68,2030,7,0.3,115,3,10,,,,,,,,,,,,,,,,,,,,,,,,,,,2026/2/7,
Jersey Mike's,16-hot-regular-chicken-philly-wheat-wrap,#16 - Hot Regular - Chicken Philly - Wheat Wrap,,610,50,21,58,1880,9,0.4,115,7,10,,,,,,,,,,,,,,,,,,,,,,,,,,,2026/2/7,
Jersey Mike's,16-hot-regular-chicken-philly-white-wrap,#16 - Hot Regular - Chicken Philly - White Wrap,,630,50,22,60,2010,10,0.4,115,3,10,,,,,,,,,,,,,,,,,,,,,,,,,,,2026/2/7,
Jersey Mike's,17-hot-regular-steak-philly-rosemary-parmesan,#17 - Hot Regular - Steak Philly - Rosemary Parmesan,,680,46,26,67,2160,12,0.4,125,3,10,,,,,,,,,,,,,,,,,,,,,,,,,,,2026/2/7,
Jersey Mike's,17-hot-regular-steak-philly-sub-in-a-tub,#17 - Hot Regular - Steak Philly - Sub in a Tub,,380,35,22,11,1420,11,0.3,120,1,8,,,,,,,,,,,,,,,,,,,,,,,,,,,2026/2/7,
Jersey Mike's,17-hot-regular-steak-philly-wheat-sub,#17 - Hot Regular - Steak Philly - Wheat Sub,,670,46,25,67,2060,11,0.3,120,5,11,,,,,,,,,,,,,,,,,,,,,,,,,,,2026/2/7,
Jersey Mike's,17-hot-regular-steak-philly-white-sub,#17 - Hot Regular - Steak Philly - White Sub,,660,44,25,67,2090,11,0.3,120,3,10,,,,,,,,,,,,,,,,,,,,,,,,,,,2026/2/7,
Jersey Mike's,17-hot-regular-steak-philly-wheat-wrap,#17 - Hot Regular - Steak Philly - Wheat Wrap,,670,43,31,57,1930,14,0.4,120,7,10,,,,,,,,,,,,,,,,,,,,,,,,,,,2026/2/7,
Jersey Mike's,17-hot-regular-steak-philly-white-wrap,#17 - Hot Regular - Steak Philly - White Wrap,,690,43,32,59,2060,14,0.4,120,3,10,,,,,,,,,,,,,,,,,,,,,,,,,,,2026/2/7,
Jersey Mike's,26-hot-regular-chicken-bacon-ranch-cheesesteak-rosemary-parmesan,#26 - Hot Regular - Chicken Bacon Ranch Cheesesteak - Rosemary Parmesan,,870,58,41,68,2420,12,1,145,4,8,,,,,,,,,,,,,,,,,,,,,,,,,,,2026/2/7,
Jersey Mike's,26-hot-regular-chicken-bacon-ranch-cheesesteak-sub-in-a-tub,#26 - Hot Regular - Chicken Bacon Ranch Cheesesteak - Sub in a Tub,,560,47,37,11,1680,11,0.5,140,1,6,,,,,,,,,,,,,,,,,,,,,,,,,,,2026/2/7,
Jersey Mike's,26-hot-regular-chicken-bacon-ranch-cheesesteak-wheat-sub,#26 - Hot Regular - Chicken Bacon Ranch Cheesesteak - Wheat Sub,,850,57,40,67,2320,11,1,140,5,9,,,,,,,,,,,,,,,,,,,,,,,,,,,2026/2/7,
Jersey Mike's,26-hot-regular-chicken-bacon-ranch-cheesesteak-white-sub,#26 - Hot Regular - Chicken Bacon Ranch Cheesesteak - White Sub,,850,56,40,67,2350,11,1,140,3,8,,,,,,,,,,,,,,,,,,,,,,,,,,,2026/2/7,
Jersey Mike's,26-hot-regular-chicken-bacon-ranch-cheesesteak-wheat-wrap,#26 - Hot Regular - Chicken Bacon Ranch Cheesesteak - Wheat Wrap,,850,55,46,57,2190,14,1,140,7,8,,,,,,,,,,,,,,,,,,,,,,,,,,,2026/2/7,
Jersey Mike's,26-hot-regular-chicken-bacon-ranch-cheesesteak-white-wrap,#26 - Hot Regular - Chicken Bacon Ranch Cheesesteak - White Wrap,,870,55,47,59,2320,14,1,140,3,8,,,,,,,,,,,,,,,,,,,,,,,,,,,2026/2/7,
Jersey Mike's,31-hot-regular-california-chicken-cheesesteak-rosemary-parmesan,#31 - Hot Regular - California Chicken Cheesesteak - Rosemary Parmesan,,830,53,41,65,2060,11,0.5,140,4,7,,,,,,,,,,,,,,,,,,,,,,,,,,,2026/2/7,
Jersey Mike's,31-hot-regular-california-chicken-cheesesteak-sub-in-a-tub,#31 - Hot Regular - California Chicken Cheesesteak - Sub in a Tub,,530,42,37,8,1320,9,0.5,135,1,5,,,,,,,,,,,,,,,,,,,,,,,,,,,2026/2/7,
Jersey Mike's,31-hot-regular-california-chicken-cheesesteak-wheat-sub,#31 - Hot Regular - California Chicken Cheesesteak - Wheat Sub,,820,53,40,64,1960,10,0.5,135,5,8,,,,,,,,,,,,,,,,,,,,,,,,,,,2026/2/7,
Jersey Mike's,31-hot-regular-california-chicken-cheesesteak-white-sub,#31 - Hot Regular - California Chicken Cheesesteak - White Sub,,810,51,40,64,1990,10,0.5,135,3,7,,,,,,,,,,,,,,,,,,,,,,,,,,,2026/2/7,
Jersey Mike's,31-hot-regular-california-chicken-cheesesteak-wheat-wrap,#31 - Hot Regular - California Chicken Cheesesteak - Wheat Wrap,,820,50,46,54,1830,12,0.5,135,7,7,,,,,,,,,,,,,,,,,,,,,,,,,,,2026/2/7,
Jersey Mike's,31-hot-regular-california-chicken-cheesesteak-white-wrap,#31 - Hot Regular - California Chicken Cheesesteak - White Wrap,,840,50,47,56,1960,13,0.5,135,3,7,,,,,,,,,,,,,,,,,,,,,,,,,,,2026/2/7,
Jersey Mike's,42-hot-regular-chipotle-chicken-philly-rosemary-parmesan,#42 - Hot Regular - Chipotle Chicken Philly - Rosemary Parmesan,,910,53,47,70,2430,12,0.5,140,3,11,,,,,,,,,,,,,,,,,,,,,,,,,,,2026/2/7,
Jersey Mike's,42-hot-regular-chipotle-chicken-philly-sub-in-a-tub,#42 - Hot Regular - Chipotle Chicken Philly - Sub in a Tub,,610,42,43,14,1690,11,0.5,135,1,9,,,,,,,,,,,,,,,,,,,,,,,,,,,2026/2/7,
Jersey Mike's,42-hot-regular-chipotle-chicken-philly-wheat-sub,#42 - Hot Regular - Chipotle Chicken Philly - Wheat Sub,,880,52,45,70,2330,11,0.5,135,5,12,,,,,,,,,,,,,,,,,,,,,,,,,,,2026/2/7,
Jersey Mike's,42-hot-regular-chipotle-chicken-philly-white-sub,#42 - Hot Regular - Chipotle Chicken Philly - White Sub,,880,51,45,70,2360,11,0.5,135,3,11,,,,,,,,,,,,,,,,,,,,,,,,,,,2026/2/7,
Jersey Mike's,42-hot-regular-chipotle-chicken-philly-wheat-wrap,#42 - Hot Regular - Chipotle Chicken Philly - Wheat Wrap,,890,50,52,60,2200,14,0.5,135,7,11,,,,,,,,,,,,,,,,,,,,,,,,,,,2026/2/7,
Jersey Mike's,42-hot-regular-chipotle-chicken-philly-white-wrap,#42 - Hot Regular - Chipotle Chicken Philly - White Wrap,,920,50,53,62,2330,14,0.5,135,3,11,,,,,,,,,,,,,,,,,,,,,,,,,,,2026/2/7,
Jersey Mike's,43-hot-regular-chipotle-steak-philly-rosemary-parmesan,#43 - Hot Regular - Chipotle Steak Philly - Rosemary Parmesan,,980,47,58,69,2520,17,0.5,150,3,11,,,,,,,,,,,,,,,,,,,,,,,,,,,2026/2/7,
Jersey Mike's,43-hot-regular-chipotle-steak-philly-sub-in-a-tub,#43 - Hot Regular - Chipotle Steak Philly - Sub in a Tub,,680,36,54,13,1780,16,0.5,145,1,9,,,,,,,,,,,,,,,,,,,,,,,,,,,2026/2/7,
Jersey Mike's,43-hot-regular-chipotle-steak-philly-wheat-sub,#43 - Hot Regular - Chipotle Steak Philly - Wheat Sub,,950,46,56,69,2420,16,0.5,145,5,12,,,,,,,,,,,,,,,,,,,,,,,,,,,2026/2/7,
Jersey Mike's,43-hot-regular-chipotle-steak-philly-white-sub,#43 - Hot Regular - Chipotle Steak Philly - White Sub,,950,45,56,68,2450,16,0.5,145,3,11,,,,,,,,,,,,,,,,,,,,,,,,,,,2026/2/7,
Jersey Mike's,43-hot-regular-chipotle-steak-philly-wheat-wrap,#43 - Hot Regular - Chipotle Steak Philly - Wheat Wrap,,970,44,63,59,2290,19,0.5,145,7,11,,,,,,,,,,,,,,,,,,,,,,,,,,,2026/2/7,
Jersey Mike's,43-hot-regular-chipotle-steak-philly-white-wrap,#43 - Hot Regular - Chipotle Steak Philly - White Wrap,,990,44,64,61,2420,19,0.5,145,3,11,,,,,,,,,,,,,,,,,,,,,,,,,,,2026/2/7,
Jersey Mike's,44-hot-regular-buffalo-chicken-cheesesteak-rosemary-parmesan,#44 - Hot Regular - Buffalo Chicken Cheesesteak - Rosemary Parmesan,,820,54,37,69,3600,10,1,130,4,8,,,,,,,,,,,,,,,,,,,,,,,,,,,2026/2/7,
Jersey Mike's,44-hot-regular-buffalo-chicken-cheesesteak-sub-in-a-tub,#44 - Hot Regular - Buffalo Chicken Cheesesteak - Sub in a Tub,,510,42,32,13,2860,9,0.5,125,1,6,,,,,,,,,,,,,,,,,,,,,,,,,,,2026/2/7,
Jersey Mike's,44-hot-regular-buffalo-chicken-cheesesteak-wheat-sub,#44 - Hot Regular - Buffalo Chicken Cheesesteak - Wheat Sub,,790,53,35,69,3500,9,1,125,5,9,,,,,,,,,,,,,,,,,,,,,,,,,,,2026/2/7,
Jersey Mike's,44-hot-regular-buffalo-chicken-cheesesteak-white-sub,#44 - Hot Regular - Buffalo Chicken Cheesesteak - White Sub,,790,52,35,69,3530,9,1,125,3,8,,,,,,,,,,,,,,,,,,,,,,,,,,,2026/2/7,
Jersey Mike's,44-hot-regular-buffalo-chicken-cheesesteak-wheat-wrap,#44 - Hot Regular - Buffalo Chicken Cheesesteak - Wheat Wrap,,790,50,41,59,3370,12,1,125,7,8,,,,,,,,,,,,,,,,,,,,,,,,,,,2026/2/7,
Jersey Mike's,44-hot-regular-buffalo-chicken-cheesesteak-white-wrap,#44 - Hot Regular - Buffalo Chicken Cheesesteak - White Wrap,,820,50,42,61,3500,12,1,125,3,8,,,,,,,,,,,,,,,,,,,,,,,,,,,2026/2/7,
Jersey Mike's,54-hot-regular-hot-veggie-rosemary-parmesan,#54 - Hot Regular - Hot Veggie - Rosemary Parmesan,,570,28,19,74,1820,11,0.5,55,6,11,,,,,,,,,,,,,,,,,,,,,,,,,,,2026/2/7,
Jersey Mike's,54-hot-regular-hot-veggie-sub-in-a-tub,#54 - Hot Regular - Hot Veggie - Sub in a Tub,,260,16,15,18,1080,9,0.5,50,4,9,,,,,,,,,,,,,,,,,,,,,,,,,,,2026/2/7,
Jersey Mike's,54-hot-regular-hot-veggie-wheat-sub,#54 - Hot Regular - Hot Veggie - Wheat Sub,,540,27,17,73,1720,10,0.5,50,8,12,,,,,,,,,,,,,,,,,,,,,,,,,,,2026/2/7,
Jersey Mike's,54-hot-regular-hot-veggie-white-sub,#54 - Hot Regular - Hot Veggie - White Sub,,540,26,17,73,1750,10,0.5,50,6,11,,,,,,,,,,,,,,,,,,,,,,,,,,,2026/2/7,
Jersey Mike's,54-hot-regular-hot-veggie-wheat-wrap,#54 - Hot Regular - Hot Veggie - Wheat Wrap,,550,24,24,64,1590,12,0.5,50,10,11,,,,,,,,,,,,,,,,,,,,,,,,,,,2026/2/7,
Jersey Mike's,54-hot-regular-hot-veggie-white-wrap,#54 - Hot Regular - Hot Veggie - White Wrap,,570,24,25,66,1720,13,0.5,50,6,11,,,,,,,,,,,,,,,,,,,,,,,,,,,2026/2/7,
Jersey Mike's,55-hot-regular-chicken-big-kahuna-rosemary-parmesan,#55 - Hot Regular - Chicken Big Kahuna - Rosemary Parmesan,,660,56,18,71,2430,9,0.5,125,4,11,,,,,,,,,,,,,,,,,,,,,,,,,,,2026/2/7,
Jersey Mike's,55-hot-regular-chicken-big-kahuna-sub-in-a-tub,#55 - Hot Regular - Chicken Big Kahuna - Sub in a Tub,,360,44,14,15,1690,8,0.4,120,1,9,,,,,,,,,,,,,,,,,,,,,,,,,,,2026/2/7,
Jersey Mike's,55-hot-regular-chicken-big-kahuna-wheat-sub,#55 - Hot Regular - Chicken Big Kahuna - Wheat Sub,,640,55,17,70,2330,8,0.4,120,5,12,,,,,,,,,,,,,,,,,,,,,,,,,,,2026/2/7,
Jersey Mike's,55-hot-regular-chicken-big-kahuna-white-sub,#55 - Hot Regular - Chicken Big Kahuna - White Sub,,640,54,17,70,2360,8,0.4,120,3,11,,,,,,,,,,,,,,,,,,,,,,,,,,,2026/2/7,
Jersey Mike's,55-hot-regular-chicken-big-kahuna-wheat-wrap,#55 - Hot Regular - Chicken Big Kahuna - Wheat Wrap,,650,52,23,61,2200,11,0.5,120,7,11,,,,,,,,,,,,,,,,,,,,,,,,,,,2026/2/7,
Jersey Mike's,55-hot-regular-chicken-big-kahuna-white-wrap,#55 - Hot Regular - Chicken Big Kahuna - White Wrap,,670,52,24,63,2330,11,0.5,120,3,11,,,,,,,,,,,,,,,,,,,,,,,,,,,2026/2/7,
Jersey Mike's,56-hot-regular-big-kahuna-rosemary-parmesan,#56 - Hot Regular - Big Kahuna - Rosemary Parmesan,,730,50,29,70,2530,14,0.5,135,4,11,,,,,,,,,,,,,,,,,,,,,,,,,,,2026/2/7,
Jersey Mike's,56-hot-regular-big-kahuna-sub-in-a-tub,#56 - Hot Regular - Big Kahuna - Sub in a Tub,,430,38,25,14,1790,13,0.4,130,1,9,,,,,,,,,,,,,,,,,,,,,,,,,,,2026/2/7,
Jersey Mike's,56-hot-regular-big-kahuna-wheat-sub,#56 - Hot Regular - Big Kahuna - Wheat Sub,,710,49,28,69,2430,13,0.4,130,5,12,,,,,,,,,,,,,,,,,,,,,,,,,,,2026/2/7,
Jersey Mike's,56-hot-regular-big-kahuna-white-sub,#56 - Hot Regular - Big Kahuna - White Sub,,710,48,28,69,2460,13,0.4,130,3,11,,,,,,,,,,,,,,,,,,,,,,,,,,,2026/2/7,
Jersey Mike's,56-hot-regular-big-kahuna-wheat-wrap,#56 - Hot Regular - Big Kahuna - Wheat Wrap,,720,46,34,60,2300,16,0.5,130,7,11,,,,,,,,,,,,,,,,,,,,,,,,,,,2026/2/7,
Jersey Mike's,56-hot-regular-big-kahuna-white-wrap,#56 - Hot Regular - Big Kahuna - White Wrap,,740,46,35,62,2430,16,0.5,130,3,11,,,,,,,,,,,,,,,,,,,,,,,,,,,2026/2/7,
Jersey Mike's,64-hot-regular-portabella-mushroom-swiss-rosemary-parmesan,#64 - Hot Regular - Portabella Mushroom & Swiss - Rosemary Parmesan,,650,26,31,69,920,11,0.4,35,5,8,,,,,,,,,,,,,,,,,,,,,,,,,,,2026/2/7,
Jersey Mike's,64-hot-regular-portabella-mushroom-swiss-sub-in-a-tub,#64 - Hot Regular - Portabella Mushroom & Swiss - Sub in a Tub,,340,14,26,13,180,10,0.4,30,3,6,,,,,,,,,,,,,,,,,,,,,,,,,,,2026/2/7,
Jersey Mike's,64-hot-regular-portabella-mushroom-swiss-wheat-sub,#64 - Hot Regular - Portabella Mushroom & Swiss - Wheat Sub,,620,25,29,68,820,10,0.4,30,7,9,,,,,,,,,,,,,,,,,,,,,,,,,,,2026/2/7,
Jersey Mike's,64-hot-regular-portabella-mushroom-swiss-white-sub,#64 - Hot Regular - Portabella Mushroom & Swiss - White Sub,,620,24,29,68,850,10,0.4,30,5,8,,,,,,,,,,,,,,,,,,,,,,,,,,,2026/2/7,
Jersey Mike's,64-hot-regular-portabella-mushroom-swiss-wheat-wrap,#64 - Hot Regular - Portabella Mushroom & Swiss - Wheat Wrap,,620,22,35,59,690,13,0.5,30,9,8,,,,,,,,,,,,,,,,,,,,,,,,,,,2026/2/7,
Jersey Mike's,64-hot-regular-portabella-mushroom-swiss-white-wrap,#64 - Hot Regular - Portabella Mushroom & Swiss - White Wrap,,650,22,36,61,820,14,0.5,30,5,8,,,,,,,,,,,,,,,,,,,,,,,,,,,2026/2/7,
Jersey Mike's,65-hot-regular-portabella-chicken-philly-rosemary-parmesan,#65 - Hot Regular - Portabella Chicken Philly - Rosemary Parmesan,,620,53,15,70,2080,7,0.4,115,4,11,,,,,,,,,,,,,,,,,,,,,,,,,,,2026/2/7,
Jersey Mike's,65-hot-regular-portabella-chicken-philly-sub-in-a-tub,#65 - Hot Regular - Portabella Chicken Philly - Sub in a Tub,,320,42,11,14,1340,6,0.3,110,1,9,,,,,,,,,,,,,,,,,,,,,,,,,,,2026/2/7,
Jersey Mike's,65-hot-regular-portabella-chicken-philly-wheat-sub,#65 - Hot Regular - Portabella Chicken Philly - Wheat Sub,,600,52,14,69,1980,6,0.3,110,5,12,,,,,,,,,,,,,,,,,,,,,,,,,,,2026/2/7,
Jersey Mike's,65-hot-regular-portabella-chicken-philly-white-sub,#65 - Hot Regular - Portabella Chicken Philly - White Sub,,600,51,14,69,2000,6,0.3,110,3,11,,,,,,,,,,,,,,,,,,,,,,,,,,,2026/2/7,
Jersey Mike's,65-hot-regular-portabella-chicken-philly-wheat-wrap,#65 - Hot Regular - Portabella Chicken Philly - Wheat Wrap,,610,50,20,60,1850,9,0.4,110,7,11,,,,,,,,,,,,,,,,,,,,,,,,,,,2026/2/7,
Jersey Mike's,65-hot-regular-portabella-chicken-philly-white-wrap,#65 - Hot Regular - Portabella Chicken Philly - White Wrap,,630,50,21,62,1980,9,0.4,110,3,11,,,,,,,,,,,,,,,,,,,,,,,,,,,2026/2/7,
Jersey Mike's,66-hot-regular-portabella-steak-philly-rosemary-parmesan,#66 - Hot Regular - Portabella Steak Philly - Rosemary Parmesan,,690,47,26,69,2180,12,0.4,125,4,11,,,,,,,,,,,,,,,,,,,,,,,,,,,2026/2/7,
Jersey Mike's,66-hot-regular-portabella-steak-philly-sub-in-a-tub,#66 - Hot Regular - Portabella Steak Philly - Sub in a Tub,,390,36,22,13,1440,11,0.3,120,1,9,,,,,,,,,,,,,,,,,,,,,,,,,,,2026/2/7,
Jersey Mike's,66-hot-regular-portabella-steak-philly-wheat-sub,#66 - Hot Regular - Portabella Steak Philly - Wheat Sub,,670,46,25,68,2080,11,0.3,120,5,12,,,,,,,,,,,,,,,,,,,,,,,,,,,2026/2/7,
Jersey Mike's,66-hot-regular-portabella-steak-philly-white-sub,#66 - Hot Regular - Portabella Steak Philly - White Sub,,670,45,25,68,2100,11,0.3,120,3,11,,,,,,,,,,,,,,,,,,,,,,,,,,,2026/2/7,
Jersey Mike's,66-hot-regular-portabella-steak-philly-wheat-wrap,#66 - Hot Regular - Portabella Steak Philly - Wheat Wrap,,680,44,31,59,1950,14,0.4,120,7,11,,,,,,,,,,,,,,,,,,,,,,,,,,,2026/2/7,
Jersey Mike's,66-hot-regular-portabella-steak-philly-white-wrap,#66 - Hot Regular - Portabella Steak Philly - White Wrap,,700,44,32,61,2080,14,0.4,120,3,11,,,,,,,,,,,,,,,,,,,,,,,,,,,2026/2/7,
Jersey Mike's,1-giant-mike-s-cold-rosemary-parmesan-bread,#1 - Giant Mike's Cold - Rosemary Parmesan Bread,,1540,53,95,121,3100,22,0.5,150,7,10,,,,,,,,,,,,,,,,,,,,,,,,,,,2026/2/7,
Jersey Mike's,1-giant-mike-s-cold-wheat-sub,#1 - Giant Mike's Cold - Wheat Sub,,1480,52,91,119,2900,20,0.5,140,10,12,,,,,,,,,,,,,,,,,,,,,,,,,,,2026/2/7,
Jersey Mike's,1-giant-mike-s-cold-white-sub,#1 - Giant Mike's Cold - White Sub,,1480,49,91,119,2960,20,0.5,140,7,10,,,,,,,,,,,,,,,,,,,,,,,,,,,2026/2/7,
Jersey Mike's,2-giant-mike-s-way-cold-rosemary-parmesan,#2 - Giant Mike's Way Cold - Rosemary Parmesan,,1360,52,75,124,2990,18,0.5,90,8,11,,,,,,,,,,,,,,,,,,,,,,,,,,,2026/2/7,
Jersey Mike's,2-giant-mike-s-way-cold-wheat-sub,#2 - Giant Mike's Way Cold - Wheat Sub,,1320,50,72,122,2790,16,0.3,80,10,13,,,,,,,,,,,,,,,,,,,,,,,,,,,2026/2/7,
Jersey Mike's,2-giant-mike-s-way-cold-white-sub,#2 - Giant Mike's Way Cold - White Sub,,1310,47,72,122,2850,16,0.4,80,7,11,,,,,,,,,,,,,,,,,,,,,,,,,,,2026/2/7,
Jersey Mike's,3-giant-mike-s-way-cold-rosemary-parmesan,#3 - Giant Mike's Way Cold - Rosemary Parmesan,,1490,68,82,124,3810,22,0.5,135,8,10,,,,,,,,,,,,,,,,,,,,,,,,,,,2026/2/7,
Jersey Mike's,3-giant-mike-s-way-cold-wheat-sub,#3 - Giant Mike's Way Cold - Wheat Sub,,1450,66,79,123,3610,20,0.5,125,10,12,,,,,,,,,,,,,,,,,,,,,,,,,,,2026/2/7,
Jersey Mike's,3-giant-mike-s-way-cold-white-sub,#3 - Giant Mike's Way Cold - White Sub,,1440,63,79,122,3660,20,0.5,125,7,10,,,,,,,,,,,,,,,,,,,,,,,,,,,2026/2/7,
Jersey Mike's,4-giant-mike-s-way-cold-rosemary-parmesan,#4 - Giant Mike's Way Cold - Rosemary Parmesan,,1490,66,82,125,3700,22,0.5,130,8,11,,,,,,,,,,,,,,,,,,,,,,,,,,,2026/2/7,
Jersey Mike's,4-giant-mike-s-way-cold-wheat-sub,#4 - Giant Mike's Way Cold - Wheat Sub,,1450,65,79,124,3500,20,0.5,120,10,13,,,,,,,,,,,,,,,,,,,,,,,,,,,2026/2/7,
Jersey Mike's,4-giant-mike-s-way-cold-white-sub,#4 - Giant Mike's Way Cold - White Sub,,1440,62,79,124,3560,20,0.5,120,7,11,,,,,,,,,,,,,,,,,,,,,,,,,,,2026/2/7,
Jersey Mike's,5-giant-mike-s-way-cold-rosemary-parmesan,#5 - Giant Mike's Way Cold - Rosemary Parmesan,,1530,74,83,126,4250,23,0.5,155,8,12,,,,,,,,,,,,,,,,,,,,,,,,,,,2026/2/7,
Jersey Mike's,5-giant-mike-s-way-cold-wheat-sub,#5 - Giant Mike's Way Cold - Wheat Sub,,1490,73,80,125,4050,21,0.5,145,10,13,,,,,,,,,,,,,,,,,,,,,,,,,,,2026/2/7,
Jersey Mike's,5-giant-mike-s-way-cold-white-sub,#5 - Giant Mike's Way Cold - White Sub,,1480,70,80,124,4100,21,0.5,145,7,12,,,,,,,,,,,,,,,,,,,,,,,,,,,2026/2/7,
Jersey Mike's,6-giant-mike-s-way-cold-rosemary-parmesan,#6 - Giant Mike's Way Cold - Rosemary Parmesan,,1660,97,89,122,2520,25,1,210,8,9,,,,,,,,,,,,,,,,,,,,,,,,,,,2026/2/7,
Jersey Mike's,6-giant-mike-s-way-cold-wheat-sub,#6 - Giant Mike's Way Cold - Wheat Sub,,1620,96,86,121,2320,23,0.5,205,10,11,,,,,,,,,,,,,,,,,,,,,,,,,,,2026/2/7,
Jersey Mike's,6-giant-mike-s-way-cold-white-sub,#6 - Giant Mike's Way Cold - White Sub,,1610,93,85,121,2380,23,0.5,205,7,9,,,,,,,,,,,,,,,,,,,,,,,,,,,2026/2/7,
Jersey Mike's,7-giant-mike-s-way-cold-rosemary-parmesan,#7 - Giant Mike's Way Cold - Rosemary Parmesan,,1530,68,85,126,3190,23,0.5,140,8,11,,,,,,,,,,,,,,,,,,,,,,,,,,,2026/2/7,
Jersey Mike's,7-giant-mike-s-way-cold-wheat-sub,#7 - Giant Mike's Way Cold - Wheat Sub,,1480,67,81,125,2990,21,0.5,130,10,13,,,,,,,,,,,,,,,,,,,,,,,,,,,2026/2/7,
Jersey Mike's,7-giant-mike-s-way-cold-white-sub,#7 - Giant Mike's Way Cold - White Sub,,1470,64,81,125,3050,21,0.5,130,7,11,,,,,,,,,,,,,,,,,,,,,,,,,,,2026/2/7,
Jersey Mike's,8-giant-mike-s-way-cold-wheat-sub,#8 - Giant Mike's Way Cold - Wheat Sub,,1620,79,92,124,3890,25,0.5,165,10,13,,,,,,,,,,,,,,,,,,,,,,,,,,,2026/2/7,
Jersey Mike's,8-giant-mike-s-way-cold-white-sub,#8 - Giant Mike's Way Cold - White Sub,,1610,75,92,124,3950,25,0.5,165,7,11,,,,,,,,,,,,,,,,,,,,,,,,,,,2026/2/7,
Jersey Mike's,8-giant-mike-s-way-cold-rosemary-parmesan,#8 - Giant Mike's Way Cold- Rosemary Parmesan,,1660,80,95,126,4090,27,0.5,175,8,11,,,,,,,,,,,,,,,,,,,,,,,,,,,2026/2/7,
Jersey Mike's,9-club-supreme-giant-mike-s-way-cold-rosemary-parmesan,#9 - Club Supreme Giant Mike's Way Cold - Rosemary Parmesan,,1680,86,95,125,3230,26,0.5,185,8,11,,,,,,,,,,,,,,,,,,,,,,,,,,,2026/2/7,
Jersey Mike's,9-club-supreme-giant-mike-s-way-cold-wheat-sub,#9 - Club Supreme Giant Mike's Way Cold - Wheat Sub,,1640,85,92,124,3030,24,0.5,175,10,13,,,,,,,,,,,,,,,,,,,,,,,,,,,2026/2/7,
Jersey Mike's,9-club-supreme-giant-mike-s-way-cold-white-sub,#9 - Club Supreme Giant Mike's Way Cold - White Sub,,1640,82,92,124,3090,24,1,175,7,11,,,,,,,,,,,,,,,,,,,,,,,,,,,2026/2/7,
Jersey Mike's,10-tuna-fish-giant-mike-s-way-cold-rosemary-parmesan,#10 - Tuna Fish Giant Mike's Way Cold - Rosemary Parmesan,,1910,60,133,123,2580,21,1,150,8,10,,,,,,,,,,,,,,,,,,,,,,,,,,,2026/2/7,
Jersey Mike's,10-tuna-fish-giant-mike-s-way-cold-wheat-sub,#10 - Tuna Fish Giant Mike's Way Cold - Wheat Sub,,1870,59,130,121,2380,19,1,140,11,12,,,,,,,,,,,,,,,,,,,,,,,,,,,2026/2/7,
Jersey Mike's,10-tuna-fish-giant-mike-s-way-cold-white-sub,#10 - Tuna Fish Giant Mike's Way Cold - White Sub,,1860,56,130,121,2430,19,1,140,8,10,,,,,,,,,,,,,,,,,,,,,,,,,,,2026/2/7,
Jersey Mike's,11-stickball-special-giant-mike-s-way-cold-rosemary-parmesan,#11 - Stickball Special Giant Mike's Way Cold - Rosemary Parmesan,,1630,69,95,124,4030,27,1,155,8,10,,,,,,,,,,,,,,,,,,,,,,,,,,,2026/2/7,
Jersey Mike's,11-stickball-special-giant-mike-s-way-cold-wheat-sub,#11 - Stickball Special Giant Mike's Way Cold - Wheat Sub,,1580,68,91,123,3830,25,1,145,10,12,,,,,,,,,,,,,,,,,,,,,,,,,,,2026/2/7,
Jersey Mike's,11-stickball-special-giant-mike-s-way-cold-white-sub,#11 - Stickball Special Giant Mike's Way Cold - White Sub,,1570,65,91,122,3880,25,1,145,7,10,,,,,,,,,,,,,,,,,,,,,,,,,,,2026/2/7,
Jersey Mike's,12-cancro-special-giant-mike-s-way-cold-rosemary-parmesan,#12 - Cancro Special Giant Mike's Way Cold - Rosemary Parmesan,,1700,92,95,123,2760,27,1,205,8,10,,,,,,,,,,,,,,,,,,,,,,,,,,,2026/2/7,
Jersey Mike's,12-cancro-special-giant-mike-s-way-cold-wheat-sub,#12 - Cancro Special Giant Mike's Way Cold - Wheat Sub,,1660,91,92,122,2560,25,1,195,10,12,,,,,,,,,,,,,,,,,,,,,,,,,,,2026/2/7,
Jersey Mike's,12-cancro-special-giant-mike-s-way-cold-white-sub,#12 - Cancro Special Giant Mike's Way Cold - White Sub,,1650,88,92,122,2610,25,1,195,7,10,,,,,,,,,,,,,,,,,,,,,,,,,,,2026/2/7,
Jersey Mike's,13-the-original-italian-giant-mike-s-way-cold-rosemary-parmesan,#13 - The Original Italian Giant Mike's Way Cold - Rosemary Parmesan,,1750,85,102,127,5110,30,1,200,8,12,,,,,,,,,,,,,,,,,,,,,,,,,,,2026/2/7,
Jersey Mike's,13-the-original-italian-giant-mike-s-way-cold-wheat-sub,#13 - The Original Italian Giant Mike's Way Cold - Wheat Sub,,1710,83,99,126,4910,28,1,190,11,14,,,,,,,,,,,,,,,,,,,,,,,,,,,2026/2/7,
Jersey Mike's,13-the-original-italian-giant-mike-s-way-cold-white-sub,#13 - The Original Italian Giant Mike's Way Cold - White Sub,,1700,80,99,125,4960,28,1,190,7,12,,,,,,,,,,,,,,,,,,,,,,,,,,,2026/2/7,
Jersey Mike's,14-the-veggie-giant-mike-s-way-cold-rosemary-parmesan,#14 - The Veggie Giant Mike's Way Cold - Rosemary Parmesan,,1860,77,116,128,2470,46,2,165,8,10,,,,,,,,,,,,,,,,,,,,,,,,,,,2026/2/7,
Jersey Mike's,14-the-veggie-giant-mike-s-way-cold-wheat-sub,#14 - The Veggie Giant Mike's Way Cold - Wheat Sub,,1830,75,113,127,2270,44,2,155,11,12,,,,,,,,,,,,,,,,,,,,,,,,,,,2026/2/7,
Jersey Mike's,14-the-veggie-giant-mike-s-way-cold-white-sub,#14 - The Veggie Giant Mike's Way Cold - White Sub,,1810,72,113,126,2330,44,2,155,7,10,,,,,,,,,,,,,,,,,,,,,,,,,,,2026/2/7,
Jersey Mike's,16-hot-giant-chicken-philly-rosemary-parmesan,#16 - Hot Giant - Chicken Philly - Rosemary Parmesan,,1240,105,31,137,4150,15,1,235,6,20,,,,,,,,,,,,,,,,,,,,,,,,,,,2026/2/7,
Jersey Mike's,16-hot-giant-chicken-philly-wheat-sub,#16 - Hot Giant - Chicken Philly - Wheat Sub,,1190,104,27,136,3950,12,1,225,9,22,,,,,,,,,,,,,,,,,,,,,,,,,,,2026/2/7,
Jersey Mike's,16-hot-giant-chicken-philly-white-sub,#16 - Hot Giant - Chicken Philly - White Sub,,1180,101,27,136,4000,12,1,225,6,20,,,,,,,,,,,,,,,,,,,,,,,,,,,2026/2/7,
Jersey Mike's,17-hot-giant-steak-philly-rosemary-parmesan,#17 - Hot Giant - Steak Philly - Rosemary Parmesan,,1380,93,53,135,4350,25,1,255,6,20,,,,,,,,,,,,,,,,,,,,,,,,,,,2026/2/7,
Jersey Mike's,17-hot-giant-steak-philly-wheat-sub,#17 - Hot Giant - Steak Philly - Wheat Sub,,1330,92,49,134,4150,22,1,245,9,22,,,,,,,,,,,,,,,,,,,,,,,,,,,2026/2/7,
Jersey Mike's,17-hot-giant-steak-philly-white-sub,#17 - Hot Giant - Steak Philly - White Sub,,1320,89,49,134,4200,22,1,245,6,20,,,,,,,,,,,,,,,,,,,,,,,,,,,2026/2/7,
Jersey Mike's,26-hot-giant-chicken-bacon-ranch-cheesesteak-rosemary-parmesan,#26 - Hot Giant - Chicken Bacon Ranch Cheesesteak - Rosemary Parmesan,,1740,116,83,135,4840,24,2,295,7,16,,,,,,,,,,,,,,,,,,,,,,,,,,,2026/2/7,
Jersey Mike's,26-hot-giant-chicken-bacon-ranch-cheesesteak-wheat-sub,#26 - Hot Giant - Chicken Bacon Ranch Cheesesteak - Wheat Sub,,1680,114,79,133,4650,22,2,285,10,18,,,,,,,,,,,,,,,,,,,,,,,,,,,2026/2/7,
Jersey Mike's,26-hot-giant-chicken-bacon-ranch-cheesesteak-white-sub,#26 - Hot Giant - Chicken Bacon Ranch Cheesesteak - White Sub,,1680,111,79,133,4700,22,2,285,6,16,,,,,,,,,,,,,,,,,,,,,,,,,,,2026/2/7,
Jersey Mike's,31-hot-giant-california-chicken-cheesesteak-rosemary-parmesan,#31 - Hot Giant - California Chicken Cheesesteak - Rosemary Parmesan,,1670,107,83,128,4120,22,1,280,7,13,,,,,,,,,,,,,,,,,,,,,,,,,,,2026/2/7,
Jersey Mike's,31-hot-giant-california-chicken-cheesesteak-wheat-sub,#31 - Hot Giant - California Chicken Cheesesteak - Wheat Sub,,1630,105,80,127,3920,20,1,270,10,15,,,,,,,,,,,,,,,,,,,,,,,,,,,2026/2/7,
Jersey Mike's,31-hot-giant-california-chicken-cheesesteak-white-sub,#31 - Hot Giant - California Chicken Cheesesteak - White Sub,,1620,102,79,127,3980,20,1,270,6,13,,,,,,,,,,,,,,,,,,,,,,,,,,,2026/2/7,
Jersey Mike's,42-hot-giant-chipotle-chicken-philly-rosemary-parmesan,#42 - Hot Giant - Chipotle Chicken Philly - Rosemary Parmesan,,1820,106,94,141,4870,24,1,280,7,23,,,,,,,,,,,,,,,,,,,,,,,,,,,2026/2/7,
Jersey Mike's,42-hot-giant-chipotle-chicken-philly-wheat-sub,#42 - Hot Giant - Chipotle Chicken Philly - Wheat Sub,,1780,105,91,140,4670,22,1,270,9,24,,,,,,,,,,,,,,,,,,,,,,,,,,,2026/2/7,
Jersey Mike's,42-hot-giant-chipotle-chicken-philly-white-sub,#42 - Hot Giant - Chipotle Chicken Philly - White Sub,,1770,102,91,139,4720,22,1,270,6,23,,,,,,,,,,,,,,,,,,,,,,,,,,,2026/2/7,
Jersey Mike's,43-hot-giant-chipotle-steak-philly-rosemary-parmesan,#43 - Hot Giant - Chipotle Steak Philly - Rosemary Parmesan,,1960,94,116,139,5070,34,1,300,7,23,,,,,,,,,,,,,,,,,,,,,,,,,,,2026/2/7,
Jersey Mike's,43-hot-giant-chipotle-steak-philly-wheat-sub,#43 - Hot Giant - Chipotle Steak Philly - Wheat Sub,,1920,93,113,138,4870,32,1,290,9,24,,,,,,,,,,,,,,,,,,,,,,,,,,,2026/2/7,
Jersey Mike's,43-hot-giant-chipotle-steak-philly-white-sub,#43 - Hot Giant - Chipotle Steak Philly - White Sub,,1910,90,113,137,4920,32,1,290,9,23,,,,,,,,,,,,,,,,,,,,,,,,,,,2026/2/7,
Jersey Mike's,44-hot-giant-buffalo-chicken-cheesesteak-rosemary-parmesan,#44 - Hot Giant - Buffalo Chicken Cheesesteak - Rosemary Parmesan,,1620,107,73,138,7200,20,2,260,7,16,,,,,,,,,,,,,,,,,,,,,,,,,,,2026/2/7,
Jersey Mike's,44-hot-giant-buffalo-chicken-cheesesteak-wheat-sub,#44 - Hot Giant - Buffalo Chicken Cheesesteak - Wheat Sub,,1580,106,70,137,7000,18,2,250,10,18,,,,,,,,,,,,,,,,,,,,,,,,,,,2026/2/7,
Jersey Mike's,44-hot-giant-buffalo-chicken-cheesesteak-white-sub,#44 - Hot Giant - Buffalo Chicken Cheesesteak - White Sub,,1570,103,70,136,7060,18,2,250,6,16,,,,,,,,,,,,,,,,,,,,,,,,,,,2026/2/7,
Jersey Mike's,54-hot-giant-hot-veggie-rosemary-parmesan,#54 - Hot Giant - Hot Veggie - Rosemary Parmesan,,1130,55,38,147,3640,22,1,110,12,21,,,,,,,,,,,,,,,,,,,,,,,,,,,2026/2/7,
Jersey Mike's,54-hot-giant-hot-veggie-wheat-sub,#54 - Hot Giant - Hot Veggie - Wheat Sub,,1090,54,35,146,3440,20,1,100,15,23,,,,,,,,,,,,,,,,,,,,,,,,,,,2026/2/7,
Jersey Mike's,54-hot-giant-hot-veggie-white-sub,#54 - Hot Giant - Hot Veggie - White Sub,,1080,51,35,146,3490,20,1,100,11,21,,,,,,,,,,,,,,,,,,,,,,,,,,,2026/2/7,
Jersey Mike's,55-hot-giant-chicken-big-kahuna-rosemary-parmesan,#55 - Hot Giant - Chicken Big Kahuna - Rosemary Parmesan,,1330,111,37,141,4830,18,1,255,8,21,,,,,,,,,,,,,,,,,,,,,,,,,,,2026/2/7,
Jersey Mike's,55-hot-giant-chicken-big-kahuna-wheat-sub,#55 - Hot Giant - Chicken Big Kahuna - Wheat Sub,,1280,110,33,140,4630,16,1,245,10,23,,,,,,,,,,,,,,,,,,,,,,,,,,,2026/2/7,
Jersey Mike's,55-hot-giant-chicken-big-kahuna-white-sub,#55 - Hot Giant - Chicken Big Kahuna - White Sub,,1270,107,33,140,4690,16,1,245,7,21,,,,,,,,,,,,,,,,,,,,,,,,,,,2026/2/7,
Jersey Mike's,56-hot-giant-big-kahuna-rosemary-parmesan,#56 - Hot Giant - Big Kahuna - Rosemary Parmesan,,1470,99,59,140,5060,29,1,275,8,21,,,,,,,,,,,,,,,,,,,,,,,,,,,2026/2/7,
Jersey Mike's,56-hot-giant-big-kahuna-wheat-sub,#56 - Hot Giant - Big Kahuna - Wheat Sub,,1420,98,55,138,4860,26,1,265,10,23,,,,,,,,,,,,,,,,,,,,,,,,,,,2026/2/7,
Jersey Mike's,56-hot-giant-big-kahuna-white-sub,#56 - Hot Giant - Big Kahuna - White Sub,,1410,95,55,138,4920,26,1,265,7,21,,,,,,,,,,,,,,,,,,,,,,,,,,,2026/2/7,
Jersey Mike's,64-hot-giant-portabella-mushroom-swiss-rosemary-parmesan,#64 - Hot Giant - Portabella Mushroom & Swiss - Rosemary Parmesan,,1290,52,61,138,1840,23,1,75,11,16,,,,,,,,,,,,,,,,,,,,,,,,,,,2026/2/7,
Jersey Mike's,64-hot-giant-portabella-mushroom-swiss-wheat-sub,#64 - Hot Giant - Portabella Mushroom & Swiss - Wheat Sub,,1240,50,58,136,1640,21,1,65,13,18,,,,,,,,,,,,,,,,,,,,,,,,,,,2026/2/7,
Jersey Mike's,64-hot-giant-portabella-mushroom-swiss-white-sub,#64 - Hot Giant - Portabella Mushroom & Swiss - White Sub,,1230,47,58,136,1690,21,1,65,10,16,,,,,,,,,,,,,,,,,,,,,,,,,,,2026/2/7,
Jersey Mike's,65-hot-giant-portabella-chicken-philly-rosemary-parmesan,#65 - Hot Giant - Portabella Chicken Philly - Rosemary Parmesan,,1250,106,31,140,4150,15,1,235,7,21,,,,,,,,,,,,,,,,,,,,,,,,,,,2026/2/7,
Jersey Mike's,65-hot-giant-portabella-chicken-philly-wheat-sub,#65 - Hot Giant - Portabella Chicken Philly - Wheat Sub,,1200,105,28,138,3950,12,1,225,10,23,,,,,,,,,,,,,,,,,,,,,,,,,,,2026/2/7,
Jersey Mike's,65-hot-giant-portabella-chicken-philly-white-sub,#65 - Hot Giant - Portabella Chicken Philly - White Sub,,1190,102,27,138,4010,12,1,225,6,21,,,,,,,,,,,,,,,,,,,,,,,,,,,2026/2/7,
Jersey Mike's,66-hot-giant-portabella-steak-philly-rosemary-parmesan,#66 - Hot Giant - Portabella Steak Philly - Rosemary Parmesan,,1390,94,53,138,4350,25,1,255,7,21,,,,,,,,,,,,,,,,,,,,,,,,,,,2026/2/7,
Jersey Mike's,66-hot-giant-portabella-steak-philly-wheat-sub,#66 - Hot Giant - Portabella Steak Philly - Wheat Sub,,1350,93,50,136,4150,22,1,245,10,23,,,,,,,,,,,,,,,,,,,,,,,,,,,2026/2/7,
Jersey Mike's,66-hot-giant-portabella-steak-philly-white-sub,#66 - Hot Giant - Portabella Steak Philly - White Sub,,1330,90,49,136,4210,22,1,245,6,21,,,,,,,,,,,,,,,,,,,,,,,,,,,2026/2/7,
Jersey Mike's,3-ham-and-provolone-kid-s-menu-wheat-sub,#3 - Ham and Provolone Kid's Menu - Wheat Sub,,220,14,5,31,700,2,0,20,3,4,,,,,,,,,,,,,,,,,,,,,,,,,,,2026/2/7,
Jersey Mike's,3-ham-and-provolone-kid-s-menu-white-sub,#3 - Ham and Provolone Kid's Menu - White Sub,,220,13,5,31,720,2,0,20,2,3,,,,,,,,,,,,,,,,,,,,,,,,,,,2026/2/7,
Jersey Mike's,7-turkey-and-provolone-kid-s-menu-wheat-sub,#7 - Turkey and Provolone Kid's Menu - Wheat Sub,,220,14,5,32,630,3,0,25,3,4,,,,,,,,,,,,,,,,,,,,,,,,,,,2026/2/7,
Jersey Mike's,7-turkey-and-provolone-kid-s-menu-white-sub,#7 - Turkey and Provolone Kid's Menu - White Sub,,230,14,5,32,640,3,0,25,2,3,,,,,,,,,,,,,,,,,,,,,,,,,,,2026/2/7,
Jersey Mike's,salami-cheese-kid-s-menu-wheat-sub,Salami & Cheese - Kid's Menu - Wheat Sub,,250,12,9,31,610,4,0,20,3,3,,,,,,,,,,,,,,,,,,,,,,,,,,,2026/2/7,
Jersey Mike's,salami-cheese-kid-s-menu-white-sub,Salami & Cheese - Kid's Menu - White Sub,,250,11,9,31,630,4,0,20,2,3,,,,,,,,,,,,,,,,,,,,,,,,,,,2026/2/7,
Jersey Mike's,mini-chocolate-chunk-cookie,Mini Chocolate Chunk Cookie,,150,2,7,19,110,4,0,20,1,10,,,,,,,,,,,,,,,,,,,,,,,,,,,2026/2/7,
Jersey Mike's,chocolate-chip-brownie,Chocolate Chip Brownie,,170,2,9,21,70,4,0,30,1,16,,,,,,,,,,,,,,,,,,,,,,,,,,,2026/2/7,
Jersey Mike's,add-pepperoni,Add Pepperoni,,60,3,5,1,230,2,0.1,15,0,0,,,,,,,,,,,,,,,,,,,,,,,,,,,2026/2/7,
Jersey Mike's,add-bacon,Add Bacon,,30,2,3,0,100,1,0,10,0,0,,,,,,,,,,,,,,,,,,,,,,,,,,,2026/2/7,
Jersey Mike's,1-mini-extra-bacon,#1 - Mini Extra Bacon,,70,5,6,0,200,2,0,15,0,0,,,,,,,,,,,,,,,,,,,,,,,,,,,2026/2/7,
Jersey Mike's,2-mini-extra-meat,#2 - Mini Extra Meat,,25,4,0.5,1,290,0.2,0,10,0,0,,,,,,,,,,,,,,,,,,,,,,,,,,,2026/2/7,
Jersey Mike's,3-mini-extra-meat,#3 - Mini Extra Meat,,30,6,1,0,390,0.2,0,15,0,0,,,,,,,,,,,,,,,,,,,,,,,,,,,2026/2/7,
Jersey Mike's,4-mini-extra-meat,#4 - Mini Extra Meat,,20,3,0.5,1,230,0,0,10,0,0,,,,,,,,,,,,,,,,,,,,,,,,,,,2026/2/7,
Jersey Mike's,5-mini-extra-meat,#5 - Mini Extra Meat,,35,6,1,1,420,0.3,0,15,0,0,,,,,,,,,,,,,,,,,,,,,,,,,,,2026/2/7,
Jersey Mike's,6-mini-extra-meat,#6 - Mini Extra Meat,,50,10,1.5,0,110,0.5,0,25,0,0,,,,,,,,,,,,,,,,,,,,,,,,,,,2026/2/7,
Jersey Mike's,7-mini-extra-meat,#7 - Mini Extra Meat,,35,6,1,1,270,0.4,0,15,0,0,,,,,,,,,,,,,,,,,,,,,,,,,,,2026/2/7,
Jersey Mike's,8-mini-extra-meat,#8 - Mini Extra Meat,,70,8,4,1,430,1.5,0,25,0,0,,,,,,,,,,,,,,,,,,,,,,,,,,,2026/2/7,
Jersey Mike's,9-mini-extra-meat,#9 - Mini Extra Meat,,80,10,4.5,0,290,1.5,0,30,0,0,,,,,,,,,,,,,,,,,,,,,,,,,,,2026/2/7,
Jersey Mike's,10-mini-extra-meat,#10 - Mini Extra Meat,,110,5,10,0,150,1.5,0.1,20,0,0,,,,,,,,,,,,,,,,,,,,,,,,,,,2026/2/7,
Jersey Mike's,11-mini-extra-meat,#11 - Mini Extra Meat,,40,4,2.5,0,290,1,0,15,0,0,,,,,,,,,,,,,,,,,,,,,,,,,,,2026/2/7,
Jersey Mike's,12-mini-extra-meat,#12 - Mini Extra Meat,,40,6,2,0,100,0.5,0,15,0,0,,,,,,,,,,,,,,,,,,,,,,,,,,,2026/2/7,
Jersey Mike's,13-mini-extra-meat,#13 - Mini Extra Meat,,70,8,4,1,560,1.5,0.1,25,0,0,,,,,,,,,,,,,,,,,,,,,,,,,,,2026/2/7,
Jersey Mike's,2-mini-extra-cheese,#2 - Mini Extra Cheese,,80,6,6,0,110,4,0.2,20,0,0,,,,,,,,,,,,,,,,,,,,,,,,,,,2026/2/7,
Jersey Mike's,3-mini-extra-cheese,#3 - Mini Extra Cheese,,80,6,6,0,110,4,0.2,20,0,0,,,,,,,,,,,,,,,,,,,,,,,,,,,2026/2/7,
Jersey Mike's,4-mini-extra-cheese,#4 - Mini Extra Cheese,,80,6,6,0,110,4,0.2,20,0,0,,,,,,,,,,,,,,,,,,,,,,,,,,,2026/2/7,
Jersey Mike's,5-mini-extra-cheese,#5 - Mini Extra Cheese,,80,6,6,0,110,4,0.2,20,0,0,,,,,,,,,,,,,,,,,,,,,,,,,,,2026/2/7,
Jersey Mike's,6-mini-extra-cheese,#6 - Mini Extra Cheese,,80,6,6,0,110,4,0.2,20,0,0,,,,,,,,,,,,,,,,,,,,,,,,,,,2026/2/7,
Jersey Mike's,7-mini-extra-cheese,#7 - Mini Extra Cheese,,80,6,6,0,110,4,0.2,20,0,0,,,,,,,,,,,,,,,,,,,,,,,,,,,2026/2/7,
Jersey Mike's,8-mini-extra-cheese,#8 - Mini Extra Cheese,,80,6,6,0,110,4,0.2,20,0,0,,,,,,,,,,,,,,,,,,,,,,,,,,,2026/2/7,
Jersey Mike's,9-mini-extra-cheese,#9 - Mini Extra Cheese,,60,4,4.5,1,65,3,0.1,15,0,0,,,,,,,,,,,,,,,,,,,,,,,,,,,2026/2/7,
Jersey Mike's,11-mini-extra-cheese,#11 - Mini Extra Cheese,,80,6,6,0,110,4,0.2,20,0,0,,,,,,,,,,,,,,,,,,,,,,,,,,,2026/2/7,
Jersey Mike's,12-mini-extra-cheese,#12 - Mini Extra Cheese,,80,6,6,0,110,4,0.2,20,0,0,,,,,,,,,,,,,,,,,,,,,,,,,,,2026/2/7,
Jersey Mike's,13-mini-extra-cheese,#13 - Mini Extra Cheese,,80,6,6,0,110,4,0.2,20,0,0,,,,,,,,,,,,,,,,,,,,,,,,,,,2026/2/7,
Jersey Mike's,14-mini-extra-cheese,#14 - Mini Extra Cheese,,210,15,16,2,260,10,0.5,45,0,0,,,,,,,,,,,,,,,,,,,,,,,,,,,2026/2/7,
Jersey Mike's,add-pepperoni,Add Pepperoni,,90,4,8,1,340,3,0.1,20,0,1,,,,,,,,,,,,,,,,,,,,,,,,,,,2026/2/7,
Jersey Mike's,add-bacon,Add Bacon,,70,5,6,0,200,2,0,15,0,0,,,,,,,,,,,,,,,,,,,,,,,,,,,2026/2/7,
Jersey Mike's,add-extra-portabello,Add/Extra Portabello,,10,1,0,1,0,0,0,0,0,1,,,,,,,,,,,,,,,,,,,,,,,,,,,2026/2/7,
Jersey Mike's,1-regular-extra-bacon,#1 - Regular Extra Bacon,,100,7,8,0,300,3,0,25,0,0,,,,,,,,,,,,,,,,,,,,,,,,,,,2026/2/7,
Jersey Mike's,2-regular-extra-meat,#2 - Regular Extra Meat,,45,8,1,1,570,0.4,0,25,0,1,,,,,,,,,,,,,,,,,,,,,,,,,,,2026/2/7,
Jersey Mike's,3-regular-extra-meat,#3 - Regular Extra Meat,,40,8,1,0,590,0.4,0,25,0,0,,,,,,,,,,,,,,,,,,,,,,,,,,,2026/2/7,
Jersey Mike's,4-regular-extra-meat,#4 - Regular Extra Meat,,40,7,1,1,450,0.4,0,20,0,1,,,,,,,,,,,,,,,,,,,,,,,,,,,2026/2/7,
Jersey Mike's,5-regular-extra-meat,#5 - Regular Extra Meat,,70,12,2,1,850,0.5,0,35,0,1,,,,,,,,,,,,,,,,,,,,,,,,,,,2026/2/7,
Jersey Mike's,6-regular-extra-meat,#6 - Regular Extra Meat,,80,14,2.5,0,170,1,0.1,40,0,0,,,,,,,,,,,,,,,,,,,,,,,,,,,2026/2/7,
Jersey Mike's,7-regular-extra-meat,#7 - Regular Extra Meat,,60,9,2,1,400,0.5,0,25,0,1,,,,,,,,,,,,,,,,,,,,,,,,,,,2026/2/7,
Jersey Mike's,8-regular-extra-meat,#8 - Regular Extra Meat,,140,16,8,1,840,2.5,0,45,0,1,,,,,,,,,,,,,,,,,,,,,,,,,,,2026/2/7,
Jersey Mike's,9-regular-extra-meat,#9 - Regular Extra Meat,,170,21,9,1,590,3,0,60,0,1,,,,,,,,,,,,,,,,,,,,,,,,,,,2026/2/7,
Jersey Mike's,10-regular-extra-meat,#10 - Regular Extra Meat,,210,10,19,0,270,2.5,0.2,40,0,0,,,,,,,,,,,,,,,,,,,,,,,,,,,2026/2/7,
Jersey Mike's,11-regular-extra-meat,#11 - Regular Extra Meat,,70,8,4.5,0,560,1.5,0.1,25,0,0,,,,,,,,,,,,,,,,,,,,,,,,,,,2026/2/7,
Jersey Mike's,12-regular-extra-meat,#12 - Regular Extra Meat,,80,11,4,0,200,1.5,0.1,30,0,0,,,,,,,,,,,,,,,,,,,,,,,,,,,2026/2/7,
Jersey Mike's,13-regular-extra-meat,#13 - Regular Extra Meat,,130,15,7,2,1100,2.5,0.1,50,0,1,,,,,,,,,,,,,,,,,,,,,,,,,,,2026/2/7,
Jersey Mike's,14-regular-extra-cheese,#14 - Regular Extra Cheese,,350,26,26,3,440,17,1,80,0,0,,,,,,,,,,,,,,,,,,,,,,,,,,,2026/2/7,
Jersey Mike's,2-regular-extra-cheese,#2 - Regular Extra Cheese,,120,9,9,1,160,6,0.3,30,0,0,,,,,,,,,,,,,,,,,,,,,,,,,,,2026/2/7,
Jersey Mike's,3-regular-extra-cheese,#3 - Regular Extra Cheese,,120,9,9,1,160,6,0.3,30,0,0,,,,,,,,,,,,,,,,,,,,,,,,,,,2026/2/7,
Jersey Mike's,4-regular-extra-cheese,#4 - Regular Extra Cheese,,120,9,9,1,160,6,0.3,30,0,0,,,,,,,,,,,,,,,,,,,,,,,,,,,2026/2/7,
Jersey Mike's,5-regular-extra-cheese,#5 - Regular Extra Cheese,,120,9,9,1,160,6,0.3,30,0,0,,,,,,,,,,,,,,,,,,,,,,,,,,,2026/2/7,
Jersey Mike's,6-regular-extra-cheese,#6 - Regular Extra Cheese,,120,9,9,1,160,6,0.3,30,0,0,,,,,,,,,,,,,,,,,,,,,,,,,,,2026/2/7,
Jersey Mike's,7-regular-extra-cheese,#7 - Regular Extra Cheese,,120,9,9,1,160,6,0.3,30,0,0,,,,,,,,,,,,,,,,,,,,,,,,,,,2026/2/7,
Jersey Mike's,8-regular-extra-cheese,#8 - Regular Extra Cheese,,120,9,9,1,160,6,0.3,30,0,0,,,,,,,,,,,,,,,,,,,,,,,,,,,2026/2/7,
Jersey Mike's,9-regular-extra-cheese,#9 - Regular Extra Cheese,,100,7,7,1,100,4.5,0.2,20,0,0,,,,,,,,,,,,,,,,,,,,,,,,,,,2026/2/7,
Jersey Mike's,11-regular-extra-cheese,#11 - Regular Extra Cheese,,120,9,9,1,160,6,0.3,30,0,0,,,,,,,,,,,,,,,,,,,,,,,,,,,2026/2/7,
Jersey Mike's,12-regular-extra-cheese,#12 - Regular Extra Cheese,,120,9,9,1,160,6,0.3,30,0,0,,,,,,,,,,,,,,,,,,,,,,,,,,,2026/2/7,
Jersey Mike's,13-regular-extra-cheese,#13 - Regular Extra Cheese,,120,9,9,1,160,6,0.3,30,0,0,,,,,,,,,,,,,,,,,,,,,,,,,,,2026/2/7,
Jersey Mike's,extra-beef-philly,Extra Beef Philly,,120,13,7,1,290,2.5,0,45,0,1,,,,,,,,,,,,,,,,,,,,,,,,,,,2026/2/7,
Jersey Mike's,extra-chicken-philly,Extra Chicken Philly,,80,16,1,1,240,0,0,40,0,1,,,,,,,,,,,,,,,,,,,,,,,,,,,2026/2/7,
Jersey Mike's,extra-white-american-cheese,Extra White American Cheese,,90,6,6,2,420,4,0.2,20,0,1,,,,,,,,,,,,,,,,,,,,,,,,,,,2026/2/7,
Jersey Mike's,add-pepperoni,Add Pepperoni,,190,9,16,2,680,6,0.2,40,0,1,,,,,,,,,,,,,,,,,,,,,,,,,,,2026/2/7,
Jersey Mike's,add-bacon,Add Bacon,,130,9,11,0,400,4,0,30,0,0,,,,,,,,,,,,,,,,,,,,,,,,,,,2026/2/7,
Jersey Mike's,add-extra-portabello,Add/Extra Portabello,,10,1,0,2,5,0,0,0,1,1,,,,,,,,,,,,,,,,,,,,,,,,,,,2026/2/7,
Jersey Mike's,1-giant-extra-bacon,#1 - Giant Extra Bacon,,210,14,17,1,600,6,0,45,0,1,,,,,,,,,,,,,,,,,,,,,,,,,,,2026/2/7,
Jersey Mike's,2-giant-extra-meat,#2 - Giant Extra Meat,,70,12,2,2,860,0.5,0,35,0,1,,,,,,,,,,,,,,,,,,,,,,,,,,,2026/2/7,
Jersey Mike's,3-giant-extra-meat,#3 - Giant Extra Meat,,80,14,2,1,980,0.5,0,40,0,0,,,,,,,,,,,,,,,,,,,,,,,,,,,2026/2/7,
Jersey Mike's,4-giant-extra-meat,#4 - Giant Extra Meat,,60,10,1.5,2,690,0.5,0,30,0,1,,,,,,,,,,,,,,,,,,,,,,,,,,,2026/2/7,
Jersey Mike's,5-giant-extra-meat,#5 - Giant Extra Meat,,100,18,2.5,2,1280,1,0.1,50,0,1,,,,,,,,,,,,,,,,,,,,,,,,,,,2026/2/7,
Jersey Mike's,6-giant-extra-meat,#6 - Giant Extra Meat,,140,24,4.5,0,270,1.5,0.1,65,0,0,,,,,,,,,,,,,,,,,,,,,,,,,,,2026/2/7,
Jersey Mike's,7-giant-extra-meat,#7 - Giant Extra Meat,,90,14,3,2,660,1,0,40,0,1,,,,,,,,,,,,,,,,,,,,,,,,,,,2026/2/7,
Jersey Mike's,8-giant-extra-meat,#8 - Giant Extra Meat,,240,26,14,2,1390,5,0,80,0,1,,,,,,,,,,,,,,,,,,,,,,,,,,,2026/2/7,
Jersey Mike's,9-giant-extra-meat,#9 - Giant Extra Meat,,280,32,16,2,960,6,0.1,95,0,1,,,,,,,,,,,,,,,,,,,,,,,,,,,2026/2/7,
Jersey Mike's,10-giant-extra-meat,#10 - Giant Extra Meat,,390,18,35,1,490,5,0.3,70,0,0,,,,,,,,,,,,,,,,,,,,,,,,,,,2026/2/7,
Jersey Mike's,11-giant-extra-meat,#11 - Giant Extra Meat,,110,11,7,1,850,2.5,0.1,40,0,0,,,,,,,,,,,,,,,,,,,,,,,,,,,2026/2/7,
Jersey Mike's,12-giant-extra-meat,#12 - Giant Extra Meat,,120,16,6,0,300,2,0.1,45,0,0,,,,,,,,,,,,,,,,,,,,,,,,,,,2026/2/7,
Jersey Mike's,13-giant-extra-meat,#13 - Giant Extra Meat,,200,23,11,3,1670,4,0.2,75,0,1,,,,,,,,,,,,,,,,,,,,,,,,,,,2026/2/7,
Jersey Mike's,2-giant-extra-cheese,#2 - Giant Extra Cheese,,190,15,14,1,270,9,0.5,45,0,0,,,,,,,,,,,,,,,,,,,,,,,,,,,2026/2/7,
Jersey Mike's,3-giant-extra-cheese,#3 - Giant Extra Cheese,,190,15,14,1,270,9,0.5,45,0,0,,,,,,,,,,,,,,,,,,,,,,,,,,,2026/2/7,
Jersey Mike's,4-giant-extra-cheese,#4 - Giant Extra Cheese,,190,15,14,1,270,9,0.5,45,0,0,,,,,,,,,,,,,,,,,,,,,,,,,,,2026/2/7,
Jersey Mike's,5-giant-extra-cheese,#5 - Giant Extra Cheese,,190,15,14,1,270,9,0.5,45,0,0,,,,,,,,,,,,,,,,,,,,,,,,,,,2026/2/7,
Jersey Mike's,6-giant-extra-cheese,#6 - Giant Extra Cheese,,190,15,14,1,270,9,0.5,45,0,0,,,,,,,,,,,,,,,,,,,,,,,,,,,2026/2/7,
Jersey Mike's,7-giant-extra-cheese,#7 - Giant Extra Cheese,,190,15,14,1,270,9,0.5,45,0,0,,,,,,,,,,,,,,,,,,,,,,,,,,,2026/2/7,
Jersey Mike's,8-giant-extra-cheese,#8 - Giant Extra Cheese,,190,15,14,1,270,9,0.5,45,0,0,,,,,,,,,,,,,,,,,,,,,,,,,,,2026/2/7,
Jersey Mike's,9-giant-extra-cheese,#9 - Giant Extra Cheese,,160,11,12,1,170,8,0.4,30,0,0,,,,,,,,,,,,,,,,,,,,,,,,,,,2026/2/7,
Jersey Mike's,11-giant-extra-cheese,#11 - Giant Extra Cheese,,190,15,14,1,270,9,0.5,45,0,0,,,,,,,,,,,,,,,,,,,,,,,,,,,2026/2/7,
Jersey Mike's,12-giant-extra-cheese,#12 - Giant Extra Cheese,,190,15,14,1,270,9,0.5,45,0,0,,,,,,,,,,,,,,,,,,,,,,,,,,,2026/2/7,
Jersey Mike's,13-giant-extra-cheese,#13 - Giant Extra Cheese,,190,15,14,1,270,9,0.5,45,0,0,,,,,,,,,,,,,,,,,,,,,,,,,,,2026/2/7,
Jersey Mike's,14-giant-extra-cheese,#14 - Giant Extra Cheese,,690,51,52,5,870,34,1.5,155,0,0,,,,,,,,,,,,,,,,,,,,,,,,,,,2026/2/7,
Jersey Mike's,extra-beef-philly,Extra Beef Philly,,230,26,13,1,580,5,0,90,0,1,,,,,,,,,,,,,,,,,,,,,,,,,,,2026/2/7,
Jersey Mike's,extra-chicken-philly,Extra Chicken Philly,,150,32,2,2,480,0,0,80,0,1,,,,,,,,,,,,,,,,,,,,,,,,,,,2026/2/7,
Jersey Mike's,extra-white-american-cheese,Extra White American Cheese,,170,12,12,4,840,8,0.4,40,0,2,,,,,,,,,,,,,,,,,,,,,,,,,,,2026/2/7,
Panda Express,chow-mein,Chow Mein,,400,12,12,61,1060,2,0,0,8,10,,,,,,,,,,,,,,,,,,,,Serving size: 8.3 oz,,,,,,,2026/2/7,
Panda Express,fried-rice,Fried Rice,,570,16,18,85,900,4,0,130,8,0,,,,,,,,,,,,,,,,,,,,Serving size: 10.0 oz,,,,,,,2026/2/7,
Panda Express,steamed-rice,Steamed Rice,,420,8,0,93,0,0,0,0,0,0,,,,,,,,,,,,,,,,,,,,Serving size: 8.7 oz,,,,,,,2026/2/7,
Panda Express,eggplant-tofu,Eggplant & Tofu,,310,7,24,19,680,3,0,0,3,13,,,,,,,,,,,,,,,,,,,,Serving size: 6.1 oz,,,,,,,2026/2/7,
Panda Express,mixed-veggies-side,Mixed Veggies (Side),,70,4,0.5,13,530,0,0,0,5,4,,,,,,,,,,,,,,,,,,,,Serving size: 8.6 oz,,,,,,,2026/2/7,
Panda Express,mixed-veggies-entree,Mixed Veggies (Entree),,35,2,0,7,260,0,0,0,3,2,,,,,,,,,,,,,,,,,,,,Serving size: 4.3 oz,,,,,,,2026/2/7,
Panda Express,black-pepper-chicken,Black Pepper Chicken,,200,14,11,11,740,2.5,0,90,2,4,,,,,,,,,,,,,,,,,,,,Serving size: 5.5 oz,,,,,,,2026/2/7,
Panda Express,broccoli-chicken,Broccoli Chicken,,180,13,9,11,630,2,0,65,3,2,,,,,,,,,,,,,,,,,,,,Serving size: 5.5 oz,,,,,,,2026/2/7,
Panda Express,kung-pao-chicken,Kung Pao Chicken,,300,20,20,13,900,4,0,110,2,4,,,,,,,,,,,,,,,,,,,,Serving size: 6.1 oz,,,,,,,2026/2/7,
Panda Express,mandarin-chicken,Mandarin Chicken,,310,34,16,8,740,4,0,115,0,8,,,,,,,,,,,,,,,,,,,,Serving size: 5.8 oz,,,,,,,2026/2/7,
Panda Express,mushroom-chicken,Mushroom Chicken,,180,14,10,10,720,2,0,75,2,4,,,,,,,,,,,,,,,,,,,,Serving size: 6.2 oz,,,,,,,2026/2/7,
Panda Express,orange-chicken,Orange Chicken,,400,15,20,42,640,3.5,0,90,0,18,,,,,,,,,,,,,,,,,,,,Serving size: 5.4 oz,,,,,,,2026/2/7,
Panda Express,pineapple-chicken,Pineapple Chicken,,230,13,10,21,710,2,0,75,2,16,,,,,,,,,,,,,,,,,,,,Serving size: 6.5 oz,,,,,,,2026/2/7,
Panda Express,potato-chicken,Potato Chicken,,220,11,11,18,760,2,0,60,3,4,,,,,,,,,,,,,,,,,,,,Serving size: 5.2 oz,,,,,,,2026/2/7,
Panda Express,string-bean-chicken,String Bean Chicken,,190,12,9,13,660,2,0,70,3,5,,,,,,,,,,,,,,,,,,,,Serving size: 6.0 oz,,,,,,,2026/2/7,
Panda Express,sweet-sour-chicken,Sweet & Sour Chicken,,400,15,17,46,370,3,0,40,1,23,,,,,,,,,,,,,,,,,,,,Serving size: 5.5 oz,,,,,,,2026/2/7,
Panda Express,pineapple-chicken-breast,Pineapple Chicken Breast,,230,11,12,19,560,2,0,30,1,14,,,,,,,,,,,,,,,,,,,,Serving size: 6.1 oz,,,,,,,2026/2/7,
Panda Express,string-bean-chicken-breast,String Bean Chicken Breast,,200,10,12,12,550,2,0,30,2,5,,,,,,,,,,,,,,,,,,,,Serving size: 6.0 oz,,,,,,,2026/2/7,
Panda Express,sweetfire-chicken-breast,SweetFire Chicken Breast,,440,17,18,53,370,3.5,0,45,1,27,,,,,,,,,,,,,,,,,,,,Serving size: 5.8 oz,,,,,,,2026/2/7,
Panda Express,thai-cashew-chicken-breast,Thai Cashew Chicken Breast,,330,15,22,17,630,3.5,0,35,2,5,,,,,,,,,,,,,,,,,,,,Serving size: 6.3 oz,,,,,,,2026/2/7,
Panda Express,beijing-beef,Beijing Beef,,660,24,41,52,860,7,0,60,4,22,,,,,,,,,,,,,,,,,,,,Serving size: 4.9 oz,,,,,,,2026/2/7,
Panda Express,broccoli-beef,Broccoli Beef,,150,11,6,12,720,1.5,0,25,3,2,,,,,,,,,,,,,,,,,,,,Serving size: 5.4 oz,,,,,,,2026/2/7,
Panda Express,mongolian-beef,Mongolian Beef,,200,15,9,16,830,2,0,40,3,6,,,,,,,,,,,,,,,,,,,,Serving size: 6.1 oz,,,,,,,2026/2/7,
Panda Express,bbq-pork,BBQ Pork,,360,34,19,13,1310,8,0,120,1,12,,,,,,,,,,,,,,,,,,,,Serving size: 4.6 oz,,,,,,,2026/2/7,
Panda Express,sweet-sour-pork,Sweet & Sour Pork,,400,13,23,36,360,4.5,0,30,2,15,,,,,,,,,,,,,,,,,,,,Serving size: 5.6 oz,,,,,,,2026/2/7,
Panda Express,crispy-shrimp,Crispy Shrimp,,260,9,13,26,810,2.5,0,60,1,2,,,,,,,,,,,,,,,,,,,,Serving size: 3.5 oz / 6 pcs,,,,,,,2026/2/7,
Panda Express,kung-pao-shrimp,Kung Pao Shrimp,,230,13,14,13,850,2.5,0,110,2,4,,,,,,,,,,,,,,,,,,,,Serving size: 6.4 oz,,,,,,,2026/2/7,
Panda Express,tangy-shrimp,Tangy Shrimp,,140,8,4.5,16,660,1,0,85,1,13,,,,,,,,,,,,,,,,,,,,Serving size: 5.3 oz,,,,,,,2026/2/7,
Panda Express,chicken-egg-roll,Chicken Egg Roll,,200,8,12,16,390,4,0,20,2,2,,,,,,,,,,,,,,,,,,,,Serving size: 3.0 oz / 1 Roll,,,,,,,2026/2/7,
Panda Express,chicken-potsticker,Chicken Potsticker,,220,7,11,23,280,2.5,0,20,1,2,,,,,,,,,,,,,,,,,,,,Serving size: 3.3 oz / 3 pcs,,,,,,,2026/2/7,
Panda Express,cream-cheese-rangoon,Cream Cheese Rangoon,,190,5,8,24,180,5,0,35,2,1,,,,,,,,,,,,,,,,,,,,Serving size: 2.4 oz / 3 pcs,,,,,,,2026/2/7,
Panda Express,veggie-spring-roll,Veggie Spring Roll,,160,4,7,22,540,1,0,0,4,2,,,,,,,,,,,,,,,,,,,,Serving size: 3.4 oz / 2 Rolls,,,,,,,2026/2/7,
Panda Express,egg-flower-soup,Egg Flower Soup,,90,3,2,15,810,0,0,60,1,4,,,,,,,,,,,,,,,,,,,,Serving size: 9.8 oz,,,,,,,2026/2/7,
Panda Express,hot-sour-soup,Hot & Sour Soup,,90,4,3.5,12,970,0.5,0,65,1,3,,,,,,,,,,,,,,,,,,,,Serving size: 10.6 oz,,,,,,,2026/2/7,
Panda Express,mandarin-sauce,Mandarin Sauce,,160,0,0,40,340,0,0,0,0,40,,,,,,,,,,,,,,,,,,,,Serving size: 1.8 oz,,,,,,,2026/2/7,
Panda Express,potsticker-sauce,Potsticker Sauce,,45,1,0,10,1030,0,0,0,0,8,,,,,,,,,,,,,,,,,,,,Serving size: 1.9 oz,,,,,,,2026/2/7,
Panda Express,sweet-sour-sauce,Sweet & Sour Sauce,,80,0,0,21,180,0,0,0,0,21,,,,,,,,,,,,,,,,,,,,Serving size: 1.8 oz,,,,,,,2026/2/7,
Panda Express,fortune-cookies,Fortune Cookies,,32,1,0,7,8,0,0,0,0,3,,,,,,,,,,,,,,,,,,,,Serving size: 8 g / 1 pc,,,,,,,2026/2/7,
Olive Garden,calamari,Calamari,,670,24,42,48,1600,3.5,0,300,2,3,,,,,,,,,,,,,,,,,,,,APPETIZERS,,,,,https://www.olivegarden.com/nutrition,,2026/2/7,
Olive Garden,add-marinara,add marinara,,35,<1,2,4,320,0,0,0,<1,2,,,,,,,,,,,,,,,,,,,,APPETIZERS,,,,,https://www.olivegarden.com/nutrition,,2026/2/7,
Olive Garden,add-spicy-ranch,add spicy ranch,,240,1,26,2,740,4.5,0,15,0,<1,,,,,,,,,,,,,,,,,,,,APPETIZERS,,,,,https://www.olivegarden.com/nutrition,,2026/2/7,
Olive Garden,shrimp-fritto-misto,Shrimp Fritto Misto,,1280,41,79,101,5010,5,0,240,9,9,,,,,,,,,,,,,,,,,,,,APPETIZERS,,,,,https://www.olivegarden.com/nutrition,,2026/2/7,
Olive Garden,fried-mozzarella,Fried Mozzarella,,800,33,49,57,1990,17,0,65,4,3,,,,,,,,,,,,,,,,,,,,APPETIZERS,,,,,https://www.olivegarden.com/nutrition,,2026/2/7,
Olive Garden,lasagna-fritta,Lasagna Fritta,,1130,39,76,75,1800,31,1.5,185,5,6,,,,,,,,,,,,,,,,,,,,APPETIZERS,,,,,https://www.olivegarden.com/nutrition,,2026/2/7,
Olive Garden,meatballs-parmigiana,Meatballs Parmigiana,,1040,51,83,27,2800,40,3.5,145,6,5,,,,,,,,,,,,,,,,,,,,APPETIZERS,,,,,https://www.olivegarden.com/nutrition,,2026/2/7,
Olive Garden,spinach-artichoke-dip-with-flatbread-crisps,Spinach-Artichoke Dip with flatbread crisps,,1160,33,81,75,2440,21,1,70,7,8,,,,,,,,,,,,,,,,,,,,APPETIZERS,,,,,https://www.olivegarden.com/nutrition,,2026/2/7,
Olive Garden,stuffed-ziti-fritta,Stuffed Ziti Fritta,,500,27,26,40,1040,11,0,60,3,<1,,,,,,,,,,,,,,,,,,,,APPETIZERS,,,,,https://www.olivegarden.com/nutrition,,2026/2/7,
Olive Garden,add-alfredo,add alfredo,,220,4,22,3,300,14,0.5,70,0,<1,,,,,,,,,,,,,,,,,,,,APPETIZERS,,,,,https://www.olivegarden.com/nutrition,,2026/2/7,
Olive Garden,toasted-ravioli,Toasted Ravioli,,650,25,31,69,1330,10,0,45,4,5,,,,,,,,,,,,,,,,,,,,APPETIZERS,,,,,https://www.olivegarden.com/nutrition,,2026/2/7,
Olive Garden,alfredo,Alfredo,,440,8,43,5,600,27,1,140,0,1,,,,,,,,,,,,,,,,,,,,APPETIZERS,,,,,https://www.olivegarden.com/nutrition,,2026/2/7,
Olive Garden,alfredo-large,Alfredo (Large),,870,15,87,11,1200,54,2,285,0,2,,,,,,,,,,,,,,,,,,,,APPETIZERS,,,,,https://www.olivegarden.com/nutrition,,2026/2/7,
Olive Garden,five-cheese-marinara,Five Cheese Marinara,,200,5,17,9,650,9,0.5,40,1,5,,,,,,,,,,,,,,,,,,,,APPETIZERS,,,,,https://www.olivegarden.com/nutrition,,2026/2/7,
Olive Garden,five-cheese-marinara-large,Five Cheese Marinara (Large),,400,11,33,17,1300,17,1,80,3,10,,,,,,,,,,,,,,,,,,,,APPETIZERS,,,,,https://www.olivegarden.com/nutrition,,2026/2/7,
Olive Garden,marinara,Marinara,,70,2,4.5,8,640,0,0,0,2,5,,,,,,,,,,,,,,,,,,,,APPETIZERS,,,,,https://www.olivegarden.com/nutrition,,2026/2/7,
Olive Garden,marinara-large,Marinara (Large),,150,4,9,17,1280,0.5,0,0,4,10,,,,,,,,,,,,,,,,,,,,APPETIZERS,,,,,https://www.olivegarden.com/nutrition,,2026/2/7,
Olive Garden,breadstick-with-garlic-topping-1-ea,Breadstick with garlic topping (1 ea.),,140,4,2.5,25,460,0.5,0,0,<1,1,,,,,,,,,,,,,,,,,,,,"SOUPS, SALAD & BREADSTICKS",,,,,https://www.olivegarden.com/nutrition,,2026/2/7,
Olive Garden,breadstick-plain-no-garlic-topping-1-ea,"Breadstick, plain (no garlic topping, 1 ea.)",,130,4,1,25,280,0,0,0,1,2,,,,,,,,,,,,,,,,,,,,"SOUPS, SALAD & BREADSTICKS",,,,,https://www.olivegarden.com/nutrition,,2026/2/7,
Olive Garden,chicken-gnocchi-soup,Chicken & Gnocchi Soup,,230,11,12,22,1290,4.5,0,55,1,4,,,,,,,,,,,,,,,,,,,,"SOUPS, SALAD & BREADSTICKS",,,,,https://www.olivegarden.com/nutrition,,2026/2/7,
Olive Garden,minestrone-soup,Minestrone Soup,,110,5,1,17,810,0,0,0,4,4,,,,,,,,,,,,,,,,,,,,"SOUPS, SALAD & BREADSTICKS",,,,,https://www.olivegarden.com/nutrition,,2026/2/7,
Olive Garden,pasta-fagioli-soup,Pasta Fagioli Soup,,150,8,5,16,710,2,0,15,3,4,,,,,,,,,,,,,,,,,,,,"SOUPS, SALAD & BREADSTICKS",,,,,https://www.olivegarden.com/nutrition,,2026/2/7,
Olive Garden,zuppa-toscana-soup,Zuppa Toscana Soup,,220,7,15,15,790,7,0,40,2,2,,,,,,,,,,,,,,,,,,,,"SOUPS, SALAD & BREADSTICKS",,,,,https://www.olivegarden.com/nutrition,,2026/2/7,
Olive Garden,stellini-soup-regional,Stellini Soup (Regional),,200,9,7,22,1240,2.5,0,20,1,2,,,,,,,,,,,,,,,,,,,,"SOUPS, SALAD & BREADSTICKS",,,,,https://www.olivegarden.com/nutrition,,2026/2/7,
Olive Garden,salad-without-dressing,Salad without Dressing,,70,2,2,11,250,0,0,0,2,2,,,,,,,,,,,,,,,,,,,,"SOUPS, SALAD & BREADSTICKS",,,,,https://www.olivegarden.com/nutrition,,2026/2/7,
Olive Garden,low-fat-italian-dressing-1-fl-oz,Low-Fat Italian Dressing (1 fl oz),,30,0,2,2,410,0,0,5,0,2,,,,,,,,,,,,,,,,,,,,"SOUPS, SALAD & BREADSTICKS",,,,,https://www.olivegarden.com/nutrition,,2026/2/7,
Olive Garden,angel-hair,Angel Hair,,350,12,2.5,67,10,0,0,0,3,2,,,,,,,,,,,,,,,,,,,,"SOUPS, SALAD & BREADSTICKS",,,,,https://www.olivegarden.com/nutrition,,2026/2/7,
Olive Garden,bucatini,Bucatini,,410,15,3,81,0,0,0,0,3,3,,,,,,,,,,,,,,,,,,,,"SOUPS, SALAD & BREADSTICKS",,,,,https://www.olivegarden.com/nutrition,,2026/2/7,
Olive Garden,gluten-free-rotini,Gluten-Free Rotini,,380,9,3.5,77,260,0,0,100,5,0,,,,,,,,,,,,,,,,,,,,"SOUPS, SALAD & BREADSTICKS",,,,,https://www.olivegarden.com/nutrition,,2026/2/7,
Olive Garden,rigatoni,Rigatoni,,440,14,6,83,10,0.5,0,0,3,5,,,,,,,,,,,,,,,,,,,,"SOUPS, SALAD & BREADSTICKS",,,,,https://www.olivegarden.com/nutrition,,2026/2/7,
Olive Garden,spaghetti,Spaghetti,,340,12,3.5,67,10,0,0,0,3,4,,,,,,,,,,,,,,,,,,,,"SOUPS, SALAD & BREADSTICKS",,,,,https://www.olivegarden.com/nutrition,,2026/2/7,
Olive Garden,creamy-mushroom-sauce,Creamy Mushroom Sauce,,860,10,87,13,1090,54,2,250,0,7,,,,,,,,,,,,,,,,,,,,"SOUPS, SALAD & BREADSTICKS",,,,,https://www.olivegarden.com/nutrition,,2026/2/7,
Olive Garden,five-cheese-marinara,Five Cheese Marinara,,400,11,33,17,1300,17,1,80,3,10,,,,,,,,,,,,,,,,,,,,"SOUPS, SALAD & BREADSTICKS",,,,,https://www.olivegarden.com/nutrition,,2026/2/7,
Olive Garden,marinara,Marinara,,150,4,9,17,1280,0.5,0,0,4,10,,,,,,,,,,,,,,,,,,,,"SOUPS, SALAD & BREADSTICKS",,,,,https://www.olivegarden.com/nutrition,,2026/2/7,
Olive Garden,meat-sauce,Meat Sauce,,300,14,19,19,1040,7,0,60,2,13,,,,,,,,,,,,,,,,,,,,"SOUPS, SALAD & BREADSTICKS",,,,,https://www.olivegarden.com/nutrition,,2026/2/7,
Olive Garden,crispy-chicken-fritta,Crispy Chicken Fritta,,240,20,12,14,730,1.5,0,50,1,<1,,,,,,,,,,,,,,,,,,,,"SOUPS, SALAD & BREADSTICKS",,,,,https://www.olivegarden.com/nutrition,,2026/2/7,
Olive Garden,grilled-chicken,Grilled Chicken,,130,26,2.5,<1,540,0.5,0,75,0,0,,,,,,,,,,,,,,,,,,,,"SOUPS, SALAD & BREADSTICKS",,,,,https://www.olivegarden.com/nutrition,,2026/2/7,
Olive Garden,italian-sausage-2-links,Italian Sausage (2 Links),,470,27,39,2,1140,14,0,115,<1,2,,,,,,,,,,,,,,,,,,,,"SOUPS, SALAD & BREADSTICKS",,,,,https://www.olivegarden.com/nutrition,,2026/2/7,
Olive Garden,meatballs-3,Meatballs (3),,480,23,40,7,1060,19,2,65,3,0,,,,,,,,,,,,,,,,,,,,"SOUPS, SALAD & BREADSTICKS",,,,,https://www.olivegarden.com/nutrition,,2026/2/7,
Olive Garden,sauteed-shrimp,Sauteed Shrimp,,170,33,3.5,1,410,0,0,245,<1,0,,,,,,,,,,,,,,,,,,,,"SOUPS, SALAD & BREADSTICKS",,,,,https://www.olivegarden.com/nutrition,,2026/2/7,
Olive Garden,broccoli,Broccoli,,150,4,13,8,220,1,0,0,3,2,,,,,,,,,,,,,,,,,,,,"SOUPS, SALAD & BREADSTICKS",,,,,https://www.olivegarden.com/nutrition,,2026/2/7,
Olive Garden,cheese-ravioli-with-marinara-sauce,Cheese Ravioli with Marinara Sauce,,440,25,22,38,1330,11,0,75,3,4,,,,,,,,,,,,,,,,,,,,ENTRÉES,,,,,https://www.olivegarden.com/nutrition,,2026/2/7,
Olive Garden,cheese-ravioli-with-meat-sauce,Cheese Ravioli with Meat Sauce,,500,29,26,39,1240,14,0,100,2,6,,,,,,,,,,,,,,,,,,,,ENTRÉES,,,,,https://www.olivegarden.com/nutrition,,2026/2/7,
Olive Garden,chicken-parmigiana,Chicken Parmigiana,,630,36,29,61,1970,7,0,75,5,10,,,,,,,,,,,,,,,,,,,,ENTRÉES,,,,,https://www.olivegarden.com/nutrition,,2026/2/7,
Olive Garden,eggplant-parmigiana,Eggplant Parmigiana,,660,21,32,75,1540,7,0,30,7,13,,,,,,,,,,,,,,,,,,,,ENTRÉES,,,,,https://www.olivegarden.com/nutrition,,2026/2/7,
Olive Garden,fettuccine-alfredo,Fettuccine Alfredo,,920,20,67,58,910,41,1.5,215,2,3,,,,,,,,,,,,,,,,,,,,ENTRÉES,,,,,https://www.olivegarden.com/nutrition,,2026/2/7,
Olive Garden,add-broccoli,add broccoli,,130,2,12,4,200,1,0,0,2,1,,,,,,,,,,,,,,,,,,,,ENTRÉES,,,,,https://www.olivegarden.com/nutrition,,2026/2/7,
Olive Garden,five-cheese-ziti-al-forno,Five Cheese Ziti al Forno,,630,24,35,57,1220,18,0.5,85,4,9,,,,,,,,,,,,,,,,,,,,ENTRÉES,,,,,https://www.olivegarden.com/nutrition,,2026/2/7,
Olive Garden,lasagna-classico,Lasagna Classico,,500,29,30,33,1290,16,0.5,105,3,7,,,,,,,,,,,,,,,,,,,,ENTRÉES,,,,,https://www.olivegarden.com/nutrition,,2026/2/7,
Olive Garden,shrimp-scampi,Shrimp Scampi,,460,20,18,52,1020,7,0,100,4,5,,,,,,,,,,,,,,,,,,,,ENTRÉES,,,,,https://www.olivegarden.com/nutrition,,2026/2/7,
Olive Garden,spaghetti-with-marinara,Spaghetti with Marinara,,370,11,9,63,970,0.5,0,0,5,10,,,,,,,,,,,,,,,,,,,,ENTRÉES,,,,,https://www.olivegarden.com/nutrition,,2026/2/7,
Olive Garden,spaghetti-with-meat-sauce,Spaghetti with Meat Sauce,,480,19,17,64,790,5,0,45,3,13,,,,,,,,,,,,,,,,,,,,ENTRÉES,,,,,https://www.olivegarden.com/nutrition,,2026/2/7,
Olive Garden,with-meat-sauce,with Meat Sauce,,800,35,43,69,1490,18,1.5,90,5,13,,,,,,,,,,,,,,,,,,,,ENTRÉES,,,,,https://www.olivegarden.com/nutrition,,2026/2/7,
Olive Garden,with-marinara,with Marinara,,690,27,36,67,1670,14,1.5,45,6,10,,,,,,,,,,,,,,,,,,,,ENTRÉES,,,,,https://www.olivegarden.com/nutrition,,2026/2/7,
Olive Garden,spaghetti-with-meat-sauce-italian-sausage,Spaghetti with Meat Sauce & Italian Sausage,,720,33,36,65,1360,12,0,105,4,14,,,,,,,,,,,,,,,,,,,,ENTRÉES,,,,,https://www.olivegarden.com/nutrition,,2026/2/7,
Olive Garden,four-cheese-manicotti,Four-Cheese Manicotti,,770,48,40,58,2200,22,0,160,4,8,,,,,,,,,,,,,,,,,,,,ENTRÉES,,,,,https://www.olivegarden.com/nutrition,,2026/2/7,
Olive Garden,braised-beef-tortelloni,Braised Beef Tortelloni,,1300,67,70,98,2870,34,1.5,270,5,15,,,,,,,,,,,,,,,,,,,,ENTRÉES,,,,,https://www.olivegarden.com/nutrition,,2026/2/7,
Olive Garden,ravioli-di-portobello,Ravioli di Portobello,,1020,23,79,64,1870,47,2.5,240,7,10,,,,,,,,,,,,,,,,,,,,ENTRÉES,,,,,https://www.olivegarden.com/nutrition,,2026/2/7,
Olive Garden,calabrian-steak-shrimp-bucatini,Calabrian Steak & Shrimp Bucatini,,1220,78,65,82,2960,31,2,360,6,11,,,,,,,,,,,,,,,,,,,,ENTRÉES,,,,,https://www.olivegarden.com/nutrition,,2026/2/7,
Olive Garden,calabrian-steak-bucatini,Calabrian Steak Bucatini,,1130,59,65,81,2730,31,2,225,6,11,,,,,,,,,,,,,,,,,,,,ENTRÉES,,,,,https://www.olivegarden.com/nutrition,,2026/2/7,
Olive Garden,calabrian-shrimp-bucatini,Calabrian Shrimp Bucatini,,1040,51,58,81,2160,29,2,360,6,11,,,,,,,,,,,,,,,,,,,,ENTRÉES,,,,,https://www.olivegarden.com/nutrition,,2026/2/7,
Olive Garden,cheese-ravioli-with-marinara-sauce,Cheese Ravioli with Marinara Sauce,,750,41,38,63,2370,19,0,125,5,8,,,,,,,,,,,,,,,,,,,,ENTRÉES,,,,,https://www.olivegarden.com/nutrition,,2026/2/7,
Olive Garden,cheese-ravioli-with-meat-sauce,Cheese Ravioli with Meat Sauce,,860,50,46,65,2190,24,0,170,4,11,,,,,,,,,,,,,,,,,,,,ENTRÉES,,,,,https://www.olivegarden.com/nutrition,,2026/2/7,
Olive Garden,chicken-shrimp-carbonara,Chicken & Shrimp Carbonara,,1370,64,91,75,2050,47,2.5,390,3,10,,,,,,,,,,,,,,,,,,,,ENTRÉES,,,,,https://www.olivegarden.com/nutrition,,2026/2/7,
Olive Garden,chicken-alfredo-with-crispy-chicken-fritta,Chicken Alfredo (with crispy chicken fritta),,1710,67,113,106,2670,57,2,385,5,6,,,,,,,,,,,,,,,,,,,,ENTRÉES,,,,,https://www.olivegarden.com/nutrition,,2026/2/7,
Olive Garden,chicken-alfredo-with-grilled-chicken,Chicken Alfredo (with grilled chicken),,1480,79,95,79,2290,56,2,430,4,5,,,,,,,,,,,,,,,,,,,,ENTRÉES,,,,,https://www.olivegarden.com/nutrition,,2026/2/7,
Olive Garden,add-broccoli,add broccoli,,150,4,13,8,220,1,0,0,3,2,,,,,,,,,,,,,,,,,,,,ENTRÉES,,,,,https://www.olivegarden.com/nutrition,,2026/2/7,
Olive Garden,chicken-parmigiana,Chicken Parmigiana,,1020,64,51,80,3300,14,0,155,7,13,,,,,,,,,,,,,,,,,,,,ENTRÉES,,,,,https://www.olivegarden.com/nutrition,,2026/2/7,
Olive Garden,chicken-scampi,Chicken Scampi,,1050,49,45,106,2470,16,1,130,5,8,,,,,,,,,,,,,,,,,,,,ENTRÉES,,,,,https://www.olivegarden.com/nutrition,,2026/2/7,
Olive Garden,chicken-tortelloni-alfredo,Chicken Tortelloni Alfredo,,1980,112,131,95,3720,76,2.5,650,5,9,,,,,,,,,,,,,,,,,,,,ENTRÉES,,,,,https://www.olivegarden.com/nutrition,,2026/2/7,
Olive Garden,eggplant-parmigiana,Eggplant Parmigiana,,1070,35,58,108,2440,14,0,60,11,20,,,,,,,,,,,,,,,,,,,,ENTRÉES,,,,,https://www.olivegarden.com/nutrition,,2026/2/7,
Olive Garden,fettuccine-alfredo,Fettuccine Alfredo,,1220,27,89,78,1210,55,2,285,3,5,,,,,,,,,,,,,,,,,,,,ENTRÉES,,,,,https://www.olivegarden.com/nutrition,,2026/2/7,
Olive Garden,five-cheese-ziti-al-forno,Five Cheese Ziti al Forno,,1170,46,69,98,2440,36,1.5,170,6,16,,,,,,,,,,,,,,,,,,,,ENTRÉES,,,,,https://www.olivegarden.com/nutrition,,2026/2/7,
Olive Garden,grilled-chicken-margherita,Grilled Chicken Margherita,,650,65,39,15,2120,11,0,185,5,5,,,,,,,,,,,,,,,,,,,,ENTRÉES,,,,,https://www.olivegarden.com/nutrition,,2026/2/7,
Olive Garden,herb-grilled-salmon,Herb-Grilled Salmon,,610,45,45,9,1360,11,0,130,4,3,,,,,,,,,,,,,,,,,,,,ENTRÉES,,,,,https://www.olivegarden.com/nutrition,,2026/2/7,
Olive Garden,herb-grilled-salmon-coho-regional,Herb-Grilled Salmon Coho (Regional),,510,50,31,9,1020,9,0,130,4,2,,,,,,,,,,,,,,,,,,,,ENTRÉES,,,,,https://www.olivegarden.com/nutrition,,2026/2/7,
Olive Garden,lasagna-classico,Lasagna Classico,,940,54,55,61,2260,30,1,200,6,11,,,,,,,,,,,,,,,,,,,,ENTRÉES,,,,,https://www.olivegarden.com/nutrition,,2026/2/7,
Olive Garden,ravioli-carbonara,Ravioli Carbonara,,1390,53,104,63,2660,63,2.5,325,3,6,,,,,,,,,,,,,,,,,,,,ENTRÉES,,,,,https://www.olivegarden.com/nutrition,,2026/2/7,
Olive Garden,seafood-alfredo,Seafood Alfredo,,1370,53,93,81,1690,55,2,435,3,5,,,,,,,,,,,,,,,,,,,,ENTRÉES,,,,,https://www.olivegarden.com/nutrition,,2026/2/7,
Olive Garden,shrimp-alfredo,Shrimp Alfredo,,1390,60,93,79,1620,55,2,525,4,5,,,,,,,,,,,,,,,,,,,,ENTRÉES,,,,,https://www.olivegarden.com/nutrition,,2026/2/7,
Olive Garden,shrimp-carbonara,Shrimp Carbonara,,1200,58,81,63,1710,46,2.5,450,4,10,,,,,,,,,,,,,,,,,,,,ENTRÉES,,,,,https://www.olivegarden.com/nutrition,,2026/2/7,
Olive Garden,shrimp-scampi,Shrimp Scampi,,490,29,18,52,1120,7,0.5,165,4,5,,,,,,,,,,,,,,,,,,,,ENTRÉES,,,,,https://www.olivegarden.com/nutrition,,2026/2/7,
Olive Garden,spaghetti-with-marinara,Spaghetti with Marinara,,490,15,12,83,1290,1,0,0,6,13,,,,,,,,,,,,,,,,,,,,ENTRÉES,,,,,https://www.olivegarden.com/nutrition,,2026/2/7,
Olive Garden,spaghetti-with-meat-sauce,Spaghetti with Meat Sauce,,640,26,22,85,1050,7,0,60,4,17,,,,,,,,,,,,,,,,,,,,ENTRÉES,,,,,https://www.olivegarden.com/nutrition,,2026/2/7,
Olive Garden,spaghetti-with-meat-sauce-meatballs-3,Spaghetti with Meat Sauce & Meatballs (3),,1120,49,62,92,2110,27,2.5,130,7,17,,,,,,,,,,,,,,,,,,,,ENTRÉES,,,,,https://www.olivegarden.com/nutrition,,2026/2/7,
Olive Garden,spaghetti-with-meat-sauce-sausage-2,Spaghetti with Meat Sauce & Sausage (2),,1110,52,62,87,2190,21,0,180,5,19,,,,,,,,,,,,,,,,,,,,ENTRÉES,,,,,https://www.olivegarden.com/nutrition,,2026/2/7,
Olive Garden,steak-gorgonzola-alfredo,Steak Gorgonzola Alfredo,,1580,74,105,85,2750,63,2.5,410,5,8,,,,,,,,,,,,,,,,,,,,ENTRÉES,,,,,https://www.olivegarden.com/nutrition,,2026/2/7,
Olive Garden,stuffed-chicken-marsala,Stuffed Chicken Marsala,,1090,72,65,53,3300,30,1.5,270,6,9,,,,,,,,,,,,,,,,,,,,ENTRÉES,,,,,https://www.olivegarden.com/nutrition,,2026/2/7,
Olive Garden,tour-of-italy,Tour of Italy,,1550,72,97,99,3220,50,1.5,325,7,12,,,,,,,,,,,,,,,,,,,,ENTRÉES,,,,,https://www.olivegarden.com/nutrition,,2026/2/7,
Olive Garden,6-oz-sirloin,6 oz. Sirloin,,980,57,62,49,1840,36,2,275,2,3,,,,,,,,,,,,,,,,,,,,ENTRÉES,,,,,https://www.olivegarden.com/nutrition,,2026/2/7,
Olive Garden,tuscan-pork-chop-where-available,Tuscan Pork Chop (where available),,640,57,29,38,1800,8,0,165,5,5,,,,,,,,,,,,,,,,,,,,ENTRÉES,,,,,https://www.olivegarden.com/nutrition,,2026/2/7,
Olive Garden,spaghetti-meatballs-with-meat-sauce,Spaghetti & Meatballs with Meat Sauce,,800,35,43,69,1490,18,1.5,90,5,13,,,,,,,,,,,,,,,,,,,,ENTRÉES,,,,,https://www.olivegarden.com/nutrition,,2026/2/7,
Olive Garden,italian-sausage-2,Italian Sausage (2),,510,27,42,6,1460,14,0,115,2,4,,,,,,,,,,,,,,,,,,,,SIDES,,,,,https://www.olivegarden.com/nutrition,,2026/2/7,
Olive Garden,mashed-potatoes,Mashed Potatoes,,200,4,8,27,580,3,0,10,3,1,,,,,,,,,,,,,,,,,,,,SIDES,,,,,https://www.olivegarden.com/nutrition,,2026/2/7,
Olive Garden,meatballs-3,Meatballs (3),,520,24,42,11,1380,20,2,65,4,3,,,,,,,,,,,,,,,,,,,,SIDES,,,,,https://www.olivegarden.com/nutrition,,2026/2/7,
Olive Garden,parmesan-garlic-broccoli,Parmesan Garlic Broccoli,,150,5,13,8,450,1,0,0,3,2,,,,,,,,,,,,,,,,,,,,SIDES,,,,,https://www.olivegarden.com/nutrition,,2026/2/7,
Olive Garden,black-tie-mousse-cake,Black Tie Mousse Cake,,750,9,50,76,290,30,1,155,4,59,,,,,,,,,,,,,,,,,,,,DESSERTS,,,,,https://www.olivegarden.com/nutrition,,2026/2/7,
Olive Garden,chocolate-lasagna,Chocolate Lasagna,,980,13,58,116,630,27,0,140,6,86,,,,,,,,,,,,,,,,,,,,DESSERTS,,,,,https://www.olivegarden.com/nutrition,,2026/2/7,
Olive Garden,sicilian-cheesecake-with-strawberry-topping,Sicilian Cheesecake with Strawberry Topping,,730,12,42,78,450,26,1.5,155,2,63,,,,,,,,,,,,,,,,,,,,DESSERTS,,,,,https://www.olivegarden.com/nutrition,,2026/2/7,
Olive Garden,strawberry-cream-cake,Strawberry Cream Cake,,540,9,26,69,370,17,0.5,170,2,47,,,,,,,,,,,,,,,,,,,,DESSERTS,,,,,https://www.olivegarden.com/nutrition,,2026/2/7,
Olive Garden,tiramisu,Tiramisu,,470,6,27,54,125,17,0,215,0,35,,,,,,,,,,,,,,,,,,,,DESSERTS,,,,,https://www.olivegarden.com/nutrition,,2026/2/7,
Olive Garden,warm-italian-doughnuts,Warm Italian Doughnuts,,810,20,28,119,510,3.5,0,0,6,25,,,,,,,,,,,,,,,,,,,,DESSERTS,,,,,https://www.olivegarden.com/nutrition,,2026/2/7,
Olive Garden,add-chocolate-sauce,add chocolate sauce,,220,2,3,48,110,2,0,10,<1,42,,,,,,,,,,,,,,,,,,,,DESSERTS,,,,,https://www.olivegarden.com/nutrition,,2026/2/7,
Olive Garden,add-raspberry-sauce,add raspberry sauce,,210,0,0,51,10,0,0,0,0,35,,,,,,,,,,,,,,,,,,,,DESSERTS,,,,,https://www.olivegarden.com/nutrition,,2026/2/7,
Olive Garden,mint-candy-1-ea,Mint candy (1 ea.),,25,0,1.5,3,0,1.5,0,0,0,2,,,,,,,,,,,,,,,,,,,,DESSERTS,,,,,https://www.olivegarden.com/nutrition,,2026/2/7,
Olive Garden,fettuccine,Fettuccine,,220,7,1.5,42,5,0,0,0,2,2,,,,,,,,,,,,,,,,,,,,KIDS MENU,,,,,https://www.olivegarden.com/nutrition,,2026/2/7,
Olive Garden,small-shells,Small Shells,,210,7,2,42,5,0,0,0,2,2,,,,,,,,,,,,,,,,,,,,KIDS MENU,,,,,https://www.olivegarden.com/nutrition,,2026/2/7,
Olive Garden,spaghetti,Spaghetti,,170,6,1.5,33,5,0,0,0,1,2,,,,,,,,,,,,,,,,,,,,KIDS MENU,,,,,https://www.olivegarden.com/nutrition,,2026/2/7,
Olive Garden,alfredo-sauce,Alfredo Sauce,,440,8,43,5,600,27,1,140,0,1,,,,,,,,,,,,,,,,,,,,KIDS MENU,,,,,https://www.olivegarden.com/nutrition,,2026/2/7,
Olive Garden,meat-sauce,Meat Sauce,,110,5,7,7,390,2.5,0,25,<1,5,,,,,,,,,,,,,,,,,,,,KIDS MENU,,,,,https://www.olivegarden.com/nutrition,,2026/2/7,
Olive Garden,tomato-sauce,Tomato Sauce,,80,1,5,8,420,0.5,0,0,1,5,,,,,,,,,,,,,,,,,,,,KIDS MENU,,,,,https://www.olivegarden.com/nutrition,,2026/2/7,
Olive Garden,meatball,Meatball,,160,8,13,2,350,6,0.5,20,<1,0,,,,,,,,,,,,,,,,,,,,KIDS MENU,,,,,https://www.olivegarden.com/nutrition,,2026/2/7,
Olive Garden,shrimp,Shrimp,,45,10,0,0,130,0,0,75,0,0,,,,,,,,,,,,,,,,,,,,KIDS MENU,,,,,https://www.olivegarden.com/nutrition,,2026/2/7,
Olive Garden,cheese-ravioli,Cheese Ravioli,,340,17,16,33,980,8,0,50,3,6,,,,,,,,,,,,,,,,,,,,KIDS MENU,,,,,https://www.olivegarden.com/nutrition,,2026/2/7,
Olive Garden,cheese-pizza,Cheese Pizza,,400,17,13,54,720,7,0,25,3,4,,,,,,,,,,,,,,,,,,,,KIDS MENU,,,,,https://www.olivegarden.com/nutrition,,2026/2/7,
Olive Garden,add-pepperoni,add pepperoni,,60,2,5,0,210,2,0,15,0,0,,,,,,,,,,,,,,,,,,,,KIDS MENU,,,,,https://www.olivegarden.com/nutrition,,2026/2/7,
Olive Garden,chicken-fingers,Chicken Fingers,,300,25,15,15,580,1.5,0,65,0,0,,,,,,,,,,,,,,,,,,,,KIDS MENU,,,,,https://www.olivegarden.com/nutrition,,2026/2/7,
Olive Garden,macaroni-cheese,Macaroni & Cheese,,360,16,14,45,870,8,0,40,2,6,,,,,,,,,,,,,,,,,,,,KIDS MENU,,,,,https://www.olivegarden.com/nutrition,,2026/2/7,
Olive Garden,grapes,Grapes,,40,0,0,11,0,0,0,0,<1,9,,,,,,,,,,,,,,,,,,,,KIDS MENU,,,,,https://www.olivegarden.com/nutrition,,2026/2/7,
Olive Garden,french-fries,French Fries,,290,5,14,37,310,1,0,0,5,0,,,,,,,,,,,,,,,,,,,,KIDS MENU,,,,,https://www.olivegarden.com/nutrition,,2026/2/7,
Olive Garden,add-ketchup,add ketchup,,80,<1,0,20,640,0,0,0,<1,16,,,,,,,,,,,,,,,,,,,,KIDS MENU,,,,,https://www.olivegarden.com/nutrition,,2026/2/7,
Olive Garden,spaghetti-with-tomato-sauce,Spaghetti with Tomato Sauce,,180,5,4.5,30,290,0.5,0,0,2,5,,,,,,,,,,,,,,,,,,,,KIDS MENU,,,,,https://www.olivegarden.com/nutrition,,2026/2/7,
Olive Garden,milk-1,"Milk, 1%",,100,8,2.5,12,105,1.5,0,10,0,12,,,,,,,,,,,,,,,,,,,,KIDS MENU,,,,,https://www.olivegarden.com/nutrition,,2026/2/7,
Olive Garden,chocolate-milk-1,"Chocolate Milk, 1%",,180,8,2.5,31,135,1.5,0,10,0,29,,,,,,,,,,,,,,,,,,,,KIDS MENU,,,,,https://www.olivegarden.com/nutrition,,2026/2/7,
Olive Garden,whole-chocolate-milk,Whole Chocolate Milk,,210,8,8,26,150,5,0,30,2,24,,,,,,,,,,,,,,,,,,,,KIDS MENU,,,,,https://www.olivegarden.com/nutrition,,2026/2/7,
Olive Garden,raspberry-lemonade,Raspberry Lemonade,,110,0,0,30,10,0,0,0,0,28,,,,,,,,,,,,,,,,,,,,KIDS MENU,,,,,https://www.olivegarden.com/nutrition,,2026/2/7,
Olive Garden,juice-apple,"Juice, Apple",,170,0,0,42,50,0,0,0,0,42,,,,,,,,,,,,,,,,,,,,KIDS MENU,,,,,https://www.olivegarden.com/nutrition,,2026/2/7,
Olive Garden,juice-cranberry,"Juice, Cranberry",,180,0,0,45,50,0,0,0,0,45,,,,,,,,,,,,,,,,,,,,KIDS MENU,,,,,https://www.olivegarden.com/nutrition,,2026/2/7,
Olive Garden,juice-orange,"Juice, Orange",,180,3,0,40,10,0,0,0,0,36,,,,,,,,,,,,,,,,,,,,KIDS MENU,,,,,https://www.olivegarden.com/nutrition,,2026/2/7,
Olive Garden,juice-pineapple,"Juice, Pineapple",,200,1,0,48,5,0,0,0,<1,45,,,,,,,,,,,,,,,,,,,,KIDS MENU,,,,,https://www.olivegarden.com/nutrition,,2026/2/7,
Olive Garden,smoothie-strawberry,"Smoothie, Strawberry",,220,0,0,60,0,0,0,0,0,55,,,,,,,,,,,,,,,,,,,,KIDS MENU,,,,,https://www.olivegarden.com/nutrition,,2026/2/7,
Olive Garden,smoothie-peach,"Smoothie, Peach",,240,0,0,61,10,0,0,0,0,59,,,,,,,,,,,,,,,,,,,,KIDS MENU,,,,,https://www.olivegarden.com/nutrition,,2026/2/7,
Olive Garden,zuppa-toscana-soup-u-s-only,Zuppa Toscana Soup (U.S. only),,220,7,15,15,790,7,0,40,2,2,,,,,,,,,,,,,,,,,,,,KIDS MENU,,,,,https://www.olivegarden.com/nutrition,,2026/2/7,
Olive Garden,6-oz-tuscan-sirloin,6 oz. Tuscan Sirloin,,480,46,30,9,1680,10,1,135,4,2,,,,,,,,,,,,,,,,,,,,KIDS MENU,,,,,https://www.olivegarden.com/nutrition,,2026/2/7,
Olive Garden,grilled-chicken-parmigiana,Grilled Chicken Parmigiana,,810,75,33,59,3040,13,0,250,7,10,,,,,,,,,,,,,,,,,,,,KIDS MENU,,,,,https://www.olivegarden.com/nutrition,,2026/2/7,
Olive Garden,rotini-pasta-with-marinara,Rotini Pasta with Marinara,,530,13,12,94,1530,0.5,0,100,8,10,,,,,,,,,,,,,,,,,,,,KIDS MENU,,,,,https://www.olivegarden.com/nutrition,,2026/2/7,
Olive Garden,rotini-pasta-with-meat-sauce,Rotini Pasta with Meat Sauce,,680,23,22,96,1300,7,0,160,6,13,,,,,,,,,,,,,,,,,,,,KIDS MENU,,,,,https://www.olivegarden.com/nutrition,,2026/2/7,
Olive Garden,kids-grilled-chicken-with-rotini-pasta-marinara,Kids Grilled Chicken with Rotini Pasta & Marinara,,430,33,9,58,1310,1,0,120,5,14,,,,,,,,,,,,,,,,,,,,KIDS MENU,,,,,https://www.olivegarden.com/nutrition,,2026/2/7,
Olive Garden,kids-rotini-pasta-with-marinara,Kids Rotini Pasta with Marinara,,260,6,6,47,770,0,0,50,4,5,,,,,,,,,,,,,,,,,,,,KIDS MENU,,,,,https://www.olivegarden.com/nutrition,,2026/2/7,
Olive Garden,kids-rotini-pasta-with-meat-sauce,Kids Rotini Pasta with Meat Sauce,,340,12,11,48,650,3.5,0,80,3,7,,,,,,,,,,,,,,,,,,,,KIDS MENU,,,,,https://www.olivegarden.com/nutrition,,2026/2/7,
Olive Garden,amaretto-sour,Amaretto Sour,,260,0,0,44,20,0,0,0,2,38,,,,,,,,,,,,,,,,,,,,KIDS MENU,,,,,https://www.olivegarden.com/nutrition,,2026/2/7,
Olive Garden,blue-capri,Blue Capri,,290,0,0,49,20,0,0,0,2,45,,,,,,,,,,,,,,,,,,,,KIDS MENU,,,,,https://www.olivegarden.com/nutrition,,2026/2/7,
Olive Garden,italian-margarita,Italian Margarita,,380,<1,0,58,30,0,0,0,4,49,,,,,,,,,,,,,,,,,,,,KIDS MENU,,,,,https://www.olivegarden.com/nutrition,,2026/2/7,
Olive Garden,italian-rum-punch,Italian Rum Punch,,320,0,0,48,30,0,0,0,3,41,,,,,,,,,,,,,,,,,,,,KIDS MENU,,,,,https://www.olivegarden.com/nutrition,,2026/2/7,
Olive Garden,strawberry-limoncello-margarita,Strawberry Limoncello Margarita,,280,0,0,43,15,0,0,0,2,38,,,,,,,,,,,,,,,,,,,,KIDS MENU,,,,,https://www.olivegarden.com/nutrition,,2026/2/7,
Olive Garden,sicilian-sunset,Sicilian Sunset,,230,0,0,35,5,0,0,0,0,33,,,,,,,,,,,,,,,,,,,,KIDS MENU,,,,,https://www.olivegarden.com/nutrition,,2026/2/7,
Olive Garden,spiked-strawberry-lemonade,Spiked Strawberry Lemonade,,160,0,0,21,10,0,0,0,0,20,,,,,,,,,,,,,,,,,,,,KIDS MENU,,,,,https://www.olivegarden.com/nutrition,,2026/2/7,
Olive Garden,peach-bellini,Peach Bellini,,210,<1,0,23,10,0,0,0,0,21,,,,,,,,,,,,,,,,,,,,KIDS MENU,,,,,https://www.olivegarden.com/nutrition,,2026/2/7,
Olive Garden,green-apple-moscato-sangria-glass,Green Apple Moscato Sangria (Glass),,200,0,0,39,15,0,0,0,0,37,,,,,,,,,,,,,,,,,,,,KIDS MENU,,,,,https://www.olivegarden.com/nutrition,,2026/2/7,
Olive Garden,green-apple-moscato-sangria-pitcher,Green Apple Moscato Sangria (Pitcher),,830,2,0,161,50,0,0,0,3,150,,,,,,,,,,,,,,,,,,,,KIDS MENU,,,,,https://www.olivegarden.com/nutrition,,2026/2/7,
Olive Garden,berry-sangria-glass,Berry Sangria (Glass),,210,0,0,30,5,0,0,0,0,27,,,,,,,,,,,,,,,,,,,,KIDS MENU,,,,,https://www.olivegarden.com/nutrition,,2026/2/7,
Olive Garden,berry-sangria-pitcher,Berry Sangria (Pitcher),,870,1,0,126,25,0,0,0,3,112,,,,,,,,,,,,,,,,,,,,KIDS MENU,,,,,https://www.olivegarden.com/nutrition,,2026/2/7,
Olive Garden,watermelon-moscato-sangria-glass,Watermelon Moscato Sangria (Glass),,180,0,0,34,15,0,0,0,0,31,,,,,,,,,,,,,,,,,,,,KIDS MENU,,,,,https://www.olivegarden.com/nutrition,,2026/2/7,
Olive Garden,watermelon-moscato-sangria-pitcher,Watermelon Moscato Sangria (Pitcher),,720,<1,0,138,60,0,0,0,3,128,,,,,,,,,,,,,,,,,,,,KIDS MENU,,,,,https://www.olivegarden.com/nutrition,,2026/2/7,
Olive Garden,whites-and-ros-glass,Whites and Rosé - Glass,,150,0,0,4,10,0,0,0,0,2,,,,,,,,,,,,,,,,,,,,KIDS MENU,,,,,https://www.olivegarden.com/nutrition,,2026/2/7,
Olive Garden,whites-and-ros-grande-pour,Whites and Rosé - Grande Pour,,220,0,0,6,15,0,0,0,0,3,,,,,,,,,,,,,,,,,,,,KIDS MENU,,,,,https://www.olivegarden.com/nutrition,,2026/2/7,
Olive Garden,whites-and-ros-bottle,Whites and Rosé - Bottle,,630,<1,0,16,35,0,0,0,0,7,,,,,,,,,,,,,,,,,,,,KIDS MENU,,,,,https://www.olivegarden.com/nutrition,,2026/2/7,
Olive Garden,reds-glass,Reds - Glass,,160,0,0,5,0,0,0,0,0,1,,,,,,,,,,,,,,,,,,,,KIDS MENU,,,,,https://www.olivegarden.com/nutrition,,2026/2/7,
Olive Garden,reds-grande-pour,Reds - Grande Pour,,230,0,0,8,0,0,0,0,0,2,,,,,,,,,,,,,,,,,,,,KIDS MENU,,,,,https://www.olivegarden.com/nutrition,,2026/2/7,
Olive Garden,reds-bottle,Reds - Bottle,,660,<1,0,21,0,0,0,0,0,5,,,,,,,,,,,,,,,,,,,,KIDS MENU,,,,,https://www.olivegarden.com/nutrition,,2026/2/7,
Olive Garden,sparkling-prosecco-glass,Sparkling Prosecco - Glass,,160,<1,0,10,10,0,0,0,0,10,,,,,,,,,,,,,,,,,,,,KIDS MENU,,,,,https://www.olivegarden.com/nutrition,,2026/2/7,
Olive Garden,sparkling-prosecco-bottle,Sparkling Prosecco - Bottle,,660,<1,0,21,0,0,0,0,0,5,,,,,,,,,,,,,,,,,,,,KIDS MENU,,,,,https://www.olivegarden.com/nutrition,,2026/2/7,
Olive Garden,light-draft-16-oz,Light Draft (16 oz),,140,1,0,6,15,0,0,0,0,6,,,,,,,,,,,,,,,,,,,,KIDS MENU,,,,,https://www.olivegarden.com/nutrition,,2026/2/7,
Olive Garden,light-draft-22-oz,Light Draft (22 oz),,190,2,0,8,20,0,0,0,0,8,,,,,,,,,,,,,,,,,,,,KIDS MENU,,,,,https://www.olivegarden.com/nutrition,,2026/2/7,
Olive Garden,regular-draft-16-oz,Regular Draft (16 oz),,230,3,0,16,5,0,0,0,0,14,,,,,,,,,,,,,,,,,,,,KIDS MENU,,,,,https://www.olivegarden.com/nutrition,,2026/2/7,
Olive Garden,regular-draft-22-oz,Regular Draft (22 oz),,310,4,0,22,5,0,0,0,0,20,,,,,,,,,,,,,,,,,,,,KIDS MENU,,,,,https://www.olivegarden.com/nutrition,,2026/2/7,
Olive Garden,bottle-light,"Bottle, Light",,100,<1,0,5,10,0,0,0,0,5,,,,,,,,,,,,,,,,,,,,KIDS MENU,,,,,https://www.olivegarden.com/nutrition,,2026/2/7,
Olive Garden,bottle-regular,"Bottle, Regular",,150,1,0,11,10,0,0,0,0,11,,,,,,,,,,,,,,,,,,,,KIDS MENU,,,,,https://www.olivegarden.com/nutrition,,2026/2/7,
Olive Garden,bottle-angry-orchard-hard-cider,"Bottle, Angry Orchard Hard Cider",,220,0,0,31,10,0,0,0,0,23,,,,,,,,,,,,,,,,,,,,KIDS MENU,,,,,https://www.olivegarden.com/nutrition,,2026/2/7,
Olive Garden,bottle-non-alcoholic,"Bottle, Non-Alcoholic",,70,<1,0,13,10,0,0,0,0,13,,,,,,,,,,,,,,,,,,,,KIDS MENU,,,,,https://www.olivegarden.com/nutrition,,2026/2/7,
Olive Garden,coffee,Coffee,,0,0,0,0,0,0,0,0,0,0,,,,,,,,,,,,,,,,,,,,KIDS MENU,,,,,https://www.olivegarden.com/nutrition,,2026/2/7,
Olive Garden,tea,Tea,,0,0,0,<1,5,0,0,0,0,0,,,,,,,,,,,,,,,,,,,,KIDS MENU,,,,,https://www.olivegarden.com/nutrition,,2026/2/7,
Olive Garden,cappuccino,Cappuccino,,150,9,6,13,70,3,0,30,<1,10,,,,,,,,,,,,,,,,,,,,KIDS MENU,,,,,https://www.olivegarden.com/nutrition,,2026/2/7,
Olive Garden,iced-coffee-caramel,Iced Coffee - Caramel,,250,7,7,40,90,4,0,20,0,31,,,,,,,,,,,,,,,,,,,,KIDS MENU,,,,,https://www.olivegarden.com/nutrition,,2026/2/7,
Olive Garden,iced-coffee-traditional,Iced Coffee - Traditional,,210,7,7,29,90,4,0,20,0,21,,,,,,,,,,,,,,,,,,,,KIDS MENU,,,,,https://www.olivegarden.com/nutrition,,2026/2/7,
Olive Garden,iced-coffee-vanilla,Iced Coffee - Vanilla,,240,7,7,38,90,4,0,20,0,30,,,,,,,,,,,,,,,,,,,,KIDS MENU,,,,,https://www.olivegarden.com/nutrition,,2026/2/7,
Olive Garden,lavazza-espresso,Lavazza Espresso,,60,5,1.5,6,15,0,0,15,<1,3,,,,,,,,,,,,,,,,,,,,KIDS MENU,,,,,https://www.olivegarden.com/nutrition,,2026/2/7,
Olive Garden,iced-tea-bellini-peach-raspberry,"Iced Tea, Bellini Peach-Raspberry",,80,0,0,18,10,0,0,0,0,17,,,,,,,,,,,,,,,,,,,,KIDS MENU,,,,,https://www.olivegarden.com/nutrition,,2026/2/7,
Olive Garden,iced-tea-mango-passion-fruit,"Iced Tea, Mango-Passion Fruit",,100,0,0,26,15,0,0,0,0,24,,,,,,,,,,,,,,,,,,,,KIDS MENU,,,,,https://www.olivegarden.com/nutrition,,2026/2/7,
Olive Garden,italian-bottled-water,Italian Bottled Water,,0,0,0,0,0,0,0,0,0,0,,,,,,,,,,,,,,,,,,,,KIDS MENU,,,,,https://www.olivegarden.com/nutrition,,2026/2/7,
Olive Garden,lemonade-classic,"Lemonade, Classic",,170,0,0,43,20,0,0,0,0,42,,,,,,,,,,,,,,,,,,,,KIDS MENU,,,,,https://www.olivegarden.com/nutrition,,2026/2/7,
Olive Garden,lemonade-raspberry,"Lemonade, Raspberry",,160,0,0,45,15,0,0,0,0,42,,,,,,,,,,,,,,,,,,,,KIDS MENU,,,,,https://www.olivegarden.com/nutrition,,2026/2/7,
Olive Garden,limonata-desert-pear,"Limonata, Desert Pear",,240,0,0,60,20,0,0,0,0,57,,,,,,,,,,,,,,,,,,,,KIDS MENU,,,,,https://www.olivegarden.com/nutrition,,2026/2/7,
Olive Garden,limonata-strawberry-passion-fruit,"Limonata, Strawberry-Passion Fruit",,180,0,0,48,30,0,0,0,0,44,,,,,,,,,,,,,,,,,,,,KIDS MENU,,,,,https://www.olivegarden.com/nutrition,,2026/2/7,
Olive Garden,coke,Coke,,140,0,0,39,45,0,0,0,0,39,,,,,,,,,,,,,,,,,,,,KIDS MENU,,,,,https://www.olivegarden.com/nutrition,,2026/2/7,
Olive Garden,coke-zero,Coke Zero,,0,0,0,0,40,0,0,0,0,0,,,,,,,,,,,,,,,,,,,,KIDS MENU,,,,,https://www.olivegarden.com/nutrition,,2026/2/7,
Olive Garden,diet-coke,Diet Coke,,0,0,0,0,40,0,0,0,0,0,,,,,,,,,,,,,,,,,,,,KIDS MENU,,,,,https://www.olivegarden.com/nutrition,,2026/2/7,
Olive Garden,dr-pepper,Dr. Pepper,,150,0,0,41,55,0,0,0,0,41,,,,,,,,,,,,,,,,,,,,KIDS MENU,,,,,https://www.olivegarden.com/nutrition,,2026/2/7,
Olive Garden,minute-maid-lemonade,Minute Maid Lemonade,,170,0,0,43,20,0,0,0,0,42,,,,,,,,,,,,,,,,,,,,KIDS MENU,,,,,https://www.olivegarden.com/nutrition,,2026/2/7,
Olive Garden,sprite,Sprite,,140,0,0,38,65,0,0,0,0,38,,,,,,,,,,,,,,,,,,,,KIDS MENU,,,,,https://www.olivegarden.com/nutrition,,2026/2/7,
Olive Garden,juice-apple,"Juice, Apple",,210,0,0,53,65,0,0,0,0,53,,,,,,,,,,,,,,,,,,,,KIDS MENU,,,,,https://www.olivegarden.com/nutrition,,2026/2/7,
Olive Garden,juice-cranberry,"Juice, Cranberry",,230,0,0,56,65,0,0,0,0,56,,,,,,,,,,,,,,,,,,,,KIDS MENU,,,,,https://www.olivegarden.com/nutrition,,2026/2/7,
Olive Garden,juice-grapefruit,"Juice, Grapefruit",,190,4,0,42,45,0,0,0,0,32,,,,,,,,,,,,,,,,,,,,KIDS MENU,,,,,https://www.olivegarden.com/nutrition,,2026/2/7,
Olive Garden,juice-orange,"Juice, Orange",,230,4,0,51,10,0,0,0,0,45,,,,,,,,,,,,,,,,,,,,KIDS MENU,,,,,https://www.olivegarden.com/nutrition,,2026/2/7,
Olive Garden,juice-pineapple,"Juice, Pineapple",,250,2,0.5,60,10,0,0,0,<1,56,,,,,,,,,,,,,,,,,,,,KIDS MENU,,,,,https://www.olivegarden.com/nutrition,,2026/2/7,
Olive Garden,juice-tomato,"Juice, Tomato",,90,4,0,19,1280,0,0,0,4,13,,,,,,,,,,,,,,,,,,,,KIDS MENU,,,,,https://www.olivegarden.com/nutrition,,2026/2/7,
Olive Garden,five-cheese-ziti-al-forno,Five Cheese Ziti al Forno,,1050,42,59,93,2060,31,1,145,6,14,,,,,,,,,,,,,,,,,,,,KIDS MENU,,,,,https://www.olivegarden.com/nutrition,,2026/2/7,
Olive Garden,famous-house-salad-to-go,Famous House Salad To Go,,290,8,17,30,1380,2.5,0,10,6,10,,,,,,,,,,,,,,,,,,,,KIDS MENU,,,,,https://www.olivegarden.com/nutrition,,2026/2/7,
Olive Garden,chicken-gnocchi-per-one-serving-serves-two,"Chicken & Gnocchi (Per One Serving, Serves Two)",,230,11,12,22,1290,4.5,0,55,1,4,,,,,,,,,,,,,,,,,,,,KIDS MENU,,,,,https://www.olivegarden.com/nutrition,,2026/2/7,
Olive Garden,minestrone-per-one-serving-serves-two,"Minestrone (Per One Serving, Serves Two)",,110,5,1,17,810,0,0,0,4,4,,,,,,,,,,,,,,,,,,,,KIDS MENU,,,,,https://www.olivegarden.com/nutrition,,2026/2/7,
Olive Garden,pasta-fagioli-per-one-serving-serves-two,"Pasta Fagioli (Per One Serving, Serves Two)",,150,8,5,16,710,2,0,15,3,4,,,,,,,,,,,,,,,,,,,,KIDS MENU,,,,,https://www.olivegarden.com/nutrition,,2026/2/7,
Olive Garden,zuppa-toscana-per-one-serving-serves-two,"Zuppa Toscana (Per One Serving, Serves Two)",,220,7,15,15,790,7,0,40,2,2,,,,,,,,,,,,,,,,,,,,KIDS MENU,,,,,https://www.olivegarden.com/nutrition,,2026/2/7,
Olive Garden,stellini-soup-per-one-serving-serves-two,"Stellini Soup (Per One Serving, Serves Two)",,200,9,7,22,1240,2.5,0,20,1,2,,,,,,,,,,,,,,,,,,,,KIDS MENU,,,,,https://www.olivegarden.com/nutrition,,2026/2/7,
Olive Garden,jumbo-famous-house-salad-serves-6,Jumbo Famous House Salad (Serves 6),,1650,30,114,134,8260,17,1.5,55,17,36,,,,,,,,,,,,,,,,,,,,KIDS MENU,,,,,https://www.olivegarden.com/nutrition,,2026/2/7,
Olive Garden,chicken-gnocchi,Chicken & Gnocchi,,1870,88,93,177,10280,38,2,460,10,31,,,,,,,,,,,,,,,,,,,,KIDS MENU,,,,,https://www.olivegarden.com/nutrition,,2026/2/7,
Olive Garden,minestrone,Minestrone,,850,40,9,140,6460,1.5,0,0,31,31,,,,,,,,,,,,,,,,,,,,KIDS MENU,,,,,https://www.olivegarden.com/nutrition,,2026/2/7,
Olive Garden,pasta-fagioli,Pasta Fagioli,,1170,62,44,131,5690,17,2,140,24,29,,,,,,,,,,,,,,,,,,,,KIDS MENU,,,,,https://www.olivegarden.com/nutrition,,2026/2/7,
Olive Garden,zuppa-toscana,Zuppa Toscana,,1760,59,117,123,6350,52,1.5,300,15,17,,,,,,,,,,,,,,,,,,,,KIDS MENU,,,,,https://www.olivegarden.com/nutrition,,2026/2/7,
Olive Garden,stellini-soup-catering-regional,Stellini Soup Catering (Regional),,1570,73,59,180,9910,21,1.5,160,11,15,,,,,,,,,,,,,,,,,,,,KIDS MENU,,,,,https://www.olivegarden.com/nutrition,,2026/2/7,
Olive Garden,chicken-gnocchi,Chicken & Gnocchi,,3750,175,186,353,20570,76,4,915,20,63,,,,,,,,,,,,,,,,,,,,KIDS MENU,,,,,https://www.olivegarden.com/nutrition,,2026/2/7,
Olive Garden,minestrone,Minestrone,,1700,81,18,279,12920,2.5,0,0,63,63,,,,,,,,,,,,,,,,,,,,KIDS MENU,,,,,https://www.olivegarden.com/nutrition,,2026/2/7,
Olive Garden,pasta-fagioli,Pasta Fagioli,,2350,124,87,261,11380,33,4,280,47,59,,,,,,,,,,,,,,,,,,,,KIDS MENU,,,,,https://www.olivegarden.com/nutrition,,2026/2/7,
Olive Garden,zuppa-toscana,Zuppa Toscana,,3520,118,234,246,12700,105,2.5,600,29,33,,,,,,,,,,,,,,,,,,,,KIDS MENU,,,,,https://www.olivegarden.com/nutrition,,2026/2/7,
Olive Garden,stellini-soup-catering-regional,Stellini Soup Catering (Regional),,3130,145,118,359,19820,43,3,320,22,31,,,,,,,,,,,,,,,,,,,,KIDS MENU,,,,,https://www.olivegarden.com/nutrition,,2026/2/7,
Olive Garden,cheese-ravioli-with-marinara,Cheese Ravioli with Marinara,,2990,166,153,254,9490,78,0.5,500,21,33,,,,,,,,,,,,,,,,,,,,KIDS MENU,,,,,https://www.olivegarden.com/nutrition,,2026/2/7,
Olive Garden,cheese-ravioli-with-meat-sauce,Cheese Ravioli with Meat sauce,,3510,195,198,246,9790,98,2,660,16,22,,,,,,,,,,,,,,,,,,,,KIDS MENU,,,,,https://www.olivegarden.com/nutrition,,2026/2/7,
Olive Garden,chicken-and-shrimp-carbonara,Chicken and Shrimp Carbonara,,5460,255,365,300,8190,190,10,1560,14,39,,,,,,,,,,,,,,,,,,,,KIDS MENU,,,,,https://www.olivegarden.com/nutrition,,2026/2/7,
Olive Garden,chicken-parmigiana,Chicken Parmigiana,,4790,266,188,529,13070,37,0.5,510,40,71,,,,,,,,,,,,,,,,,,,,KIDS MENU,,,,,https://www.olivegarden.com/nutrition,,2026/2/7,
Olive Garden,chicken-scampi,Chicken Scampi,,4190,196,178,424,9900,65,3.5,530,21,32,,,,,,,,,,,,,,,,,,,,KIDS MENU,,,,,https://www.olivegarden.com/nutrition,,2026/2/7,
Olive Garden,chicken-tortelloni-alfredo,Chicken Tortelloni Alfredo,,7930,446,523,380,14870,305,11,2600,20,35,,,,,,,,,,,,,,,,,,,,KIDS MENU,,,,,https://www.olivegarden.com/nutrition,,2026/2/7,
Olive Garden,fettuccine-alfredo,Fettuccine Alfredo,,5010,116,339,376,4550,205,8,1065,15,20,,,,,,,,,,,,,,,,,,,,KIDS MENU,,,,,https://www.olivegarden.com/nutrition,,2026/2/7,
Olive Garden,fettuccine-alfredo-with-broccoli,Fettuccine Alfredo with Broccoli,,5620,134,389,409,6340,209,8,1065,29,29,,,,,,,,,,,,,,,,,,,,KIDS MENU,,,,,https://www.olivegarden.com/nutrition,,2026/2/7,
Olive Garden,five-cheese-ziti-al-forno,Five Cheese Ziti al Forno,,4680,183,276,391,9750,144,6,685,26,65,,,,,,,,,,,,,,,,,,,,KIDS MENU,,,,,https://www.olivegarden.com/nutrition,,2026/2/7,
Olive Garden,grilled-chicken-alfredo,Grilled Chicken Alfredo,,6050,322,360,381,8870,209,8,1645,19,22,,,,,,,,,,,,,,,,,,,,KIDS MENU,,,,,https://www.olivegarden.com/nutrition,,2026/2/7,
Olive Garden,grilled-chicken-alfredo-with-broccoli,Grilled Chicken Alfredo with Broccoli,,6660,340,410,414,10660,213,8,1650,32,32,,,,,,,,,,,,,,,,,,,,KIDS MENU,,,,,https://www.olivegarden.com/nutrition,,2026/2/7,
Olive Garden,lasagna-classico-serves-up-to-12,Lasagna Classico (Serves up to 12),,6470,370,364,448,13900,208,7,1380,36,71,,,,,,,,,,,,,,,,,,,,KIDS MENU,,,,,https://www.olivegarden.com/nutrition,,2026/2/7,
Olive Garden,lasagna-classico-serves-up-to-6,Lasagna Classico (Serves up to 6),,3420,196,196,230,7640,110,3.5,730,19,38,,,,,,,,,,,,,,,,,,,,KIDS MENU,,,,,https://www.olivegarden.com/nutrition,,2026/2/7,
Olive Garden,shrimp-alfredo,Shrimp Alfredo,,5680,248,352,382,6200,207,8,2040,18,22,,,,,,,,,,,,,,,,,,,,KIDS MENU,,,,,https://www.olivegarden.com/nutrition,,2026/2/7,
Olive Garden,shrimp-scampi,Shrimp Scampi,,1980,114,72,208,4470,29,2,650,16,20,,,,,,,,,,,,,,,,,,,,KIDS MENU,,,,,https://www.olivegarden.com/nutrition,,2026/2/7,
Olive Garden,spaghetti-with-marinara-sauce,Spaghetti with Marinara Sauce,,2270,72,49,396,4840,3,0,0,27,55,,,,,,,,,,,,,,,,,,,,KIDS MENU,,,,,https://www.olivegarden.com/nutrition,,2026/2/7,
Olive Garden,spaghetti-with-marinara-italian-sausage,Spaghetti with Marinara & Italian Sausage,,4260,181,214,417,10360,58,0,465,33,69,,,,,,,,,,,,,,,,,,,,KIDS MENU,,,,,https://www.olivegarden.com/nutrition,,2026/2/7,
Olive Garden,spaghetti-with-marinara-sauce-meatballs,Spaghetti with Marinara Sauce & Meatballs,,3980,153,190,433,9340,69,7,225,39,62,,,,,,,,,,,,,,,,,,,,KIDS MENU,,,,,https://www.olivegarden.com/nutrition,,2026/2/7,
Olive Garden,spaghetti-with-meat-sauce,Spaghetti with Meat Sauce,,2840,112,88,403,3950,27,1,230,20,68,,,,,,,,,,,,,,,,,,,,KIDS MENU,,,,,https://www.olivegarden.com/nutrition,,2026/2/7,
Olive Garden,spaghetti-with-meat-sauce-italian-sausage,Spaghetti with Meat Sauce & Italian Sausage,,4830,221,252,424,9470,82,1,695,25,82,,,,,,,,,,,,,,,,,,,,KIDS MENU,,,,,https://www.olivegarden.com/nutrition,,2026/2/7,
Olive Garden,spaghetti-with-meat-sauce-meatballs,Spaghetti with Meat Sauce & Meatballs,,4550,193,228,440,8440,93,8,455,31,76,,,,,,,,,,,,,,,,,,,,KIDS MENU,,,,,https://www.olivegarden.com/nutrition,,2026/2/7,
Olive Garden,fried-mozzarella,Fried Mozzarella,,3450,141,212,243,8540,72,2,290,18,13,,,,,,,,,,,,,,,,,,,,KIDS MENU,,,,,https://www.olivegarden.com/nutrition,,2026/2/7,
Olive Garden,toasted-ravioli,Toasted Ravioli,,2590,98,123,274,5310,40,2,175,17,18,,,,,,,,,,,,,,,,,,,,KIDS MENU,,,,,https://www.olivegarden.com/nutrition,,2026/2/7,
Olive Garden,add-marinara,add marinara,,110,3,7,13,960,0.5,0,0,3,7,,,,,,,,,,,,,,,,,,,,KIDS MENU,,,,,https://www.olivegarden.com/nutrition,,2026/2/7,
Olive Garden,spinach-artichoke-dip-with-flatbread-crisps,Spinach-Artichoke Dip with flatbread crisps,,2310,66,161,151,4880,43,2,145,14,17,,,,,,,,,,,,,,,,,,,,KIDS MENU,,,,,https://www.olivegarden.com/nutrition,,2026/2/7,
Olive Garden,alfredo,Alfredo,,1750,30,173,21,2400,109,4,570,0,4,,,,,,,,,,,,,,,,,,,,KIDS MENU,,,,,https://www.olivegarden.com/nutrition,,2026/2/7,
Olive Garden,five-cheese-marinara,Five Cheese Marinara,,800,21,67,35,2610,34,2,160,5,20,,,,,,,,,,,,,,,,,,,,KIDS MENU,,,,,https://www.olivegarden.com/nutrition,,2026/2/7,
Olive Garden,marinara,Marinara,,290,7,17,33,2550,1.5,0,0,7,19,,,,,,,,,,,,,,,,,,,,KIDS MENU,,,,,https://www.olivegarden.com/nutrition,,2026/2/7,
Olive Garden,meat-sauce,Meat sauce,,600,28,38,37,2070,14,0.5,125,3,26,,,,,,,,,,,,,,,,,,,,KIDS MENU,,,,,https://www.olivegarden.com/nutrition,,2026/2/7,
Olive Garden,parmesan-garlic-broccoli,Parmesan Garlic Broccoli,,610,18,51,33,1790,4,0,0,14,9,,,,,,,,,,,,,,,,,,,,KIDS MENU,,,,,https://www.olivegarden.com/nutrition,,2026/2/7,
Olive Garden,chicken-fingers,Chicken Fingers,,1350,112,69,70,2620,7,0,305,0,0,,,,,,,,,,,,,,,,,,,,KIDS MENU,,,,,https://www.olivegarden.com/nutrition,,2026/2/7,
Olive Garden,add-ketchup,add ketchup,,170,1,0,39,1280,0,0,0,2,33,,,,,,,,,,,,,,,,,,,,KIDS MENU,,,,,https://www.olivegarden.com/nutrition,,2026/2/7,
Olive Garden,grilled-chicken,Grilled Chicken,,810,156,17,7,4530,3.5,0,440,3,3,,,,,,,,,,,,,,,,,,,,KIDS MENU,,,,,https://www.olivegarden.com/nutrition,,2026/2/7,
Olive Garden,italian-meatballs,Italian Meatballs,,1710,81,140,37,4500,65,7,225,11,8,,,,,,,,,,,,,,,,,,,,KIDS MENU,,,,,https://www.olivegarden.com/nutrition,,2026/2/7,
Olive Garden,italian-sausage,Italian Sausage,,1990,109,164,21,5520,55,0,465,6,14,,,,,,,,,,,,,,,,,,,,KIDS MENU,,,,,https://www.olivegarden.com/nutrition,,2026/2/7,
Olive Garden,black-tie-mousse-cake-per-slice,"Black Tie Mousse Cake, per slice",,750,9,50,76,290,30,1,155,4,59,,,,,,,,,,,,,,,,,,,,KIDS MENU,,,,,https://www.olivegarden.com/nutrition,,2026/2/7,
Olive Garden,sicilian-cheesecake-per-slice,"Sicilian Cheesecake, per slice",,730,12,42,78,450,26,1.5,155,2,63,,,,,,,,,,,,,,,,,,,,KIDS MENU,,,,,https://www.olivegarden.com/nutrition,,2026/2/7,
Olive Garden,tiramisu-per-slice,"Tiramisu, per slice",,470,6,27,54,125,17,0,215,0,35,,,,,,,,,,,,,,,,,,,,KIDS MENU,,,,,https://www.olivegarden.com/nutrition,,2026/2/7,
Olive Garden,iced-tea-bellini-peach-raspberry-1-gallon,"Iced Tea, Bellini Peach-Raspberry, 1 Gallon",,800,0,0,191,105,0,0,0,0,180,,,,,,,,,,,,,,,,,,,,KIDS MENU,,,,,https://www.olivegarden.com/nutrition,,2026/2/7,
Olive Garden,iced-tea-raspberry-1-gallon,"Iced Tea, Raspberry, 1 Gallon",,830,0,0,210,115,0,0,0,0,193,,,,,,,,,,,,,,,,,,,,KIDS MENU,,,,,https://www.olivegarden.com/nutrition,,2026/2/7,
Olive Garden,iced-tea-fresh-brewed-unsweetened-1-gallon,"Iced Tea, Fresh Brewed, Unsweetened, 1 Gallon",,40,0,0,12,115,0,0,0,0,0,,,,,,,,,,,,,,,,,,,,KIDS MENU,,,,,https://www.olivegarden.com/nutrition,,2026/2/7,
Olive Garden,lemonade-classic-1-gallon,"Lemonade, Classic, 1 Gallon",,1770,0,0,463,230,0,0,0,0,448,,,,,,,,,,,,,,,,,,,,KIDS MENU,,,,,https://www.olivegarden.com/nutrition,,2026/2/7,
Olive Garden,lemonade-raspberry-1-gallon,"Lemonade, Raspberry, 1 Gallon",,1760,0,0,475,170,0,0,0,0,443,,,,,,,,,,,,,,,,,,,,KIDS MENU,,,,,https://www.olivegarden.com/nutrition,,2026/2/7,
Olive Garden,coke-2-liter,"Coke, 2 Liter",,790,0,0,220,250,0,0,0,0,220,,,,,,,,,,,,,,,,,,,,KIDS MENU,,,,,https://www.olivegarden.com/nutrition,,2026/2/7,
Olive Garden,diet-coke-2-liter,"Diet Coke, 2 Liter",,0,0,0,0,230,0,0,0,0,0,,,,,,,,,,,,,,,,,,,,KIDS MENU,,,,,https://www.olivegarden.com/nutrition,,2026/2/7,
Olive Garden,sprite-2-liter,"Sprite, 2 Liter",,790,0,0,214,370,0,0,0,0,214,,,,,,,,,,,,,,,,,,,,KIDS MENU,,,,,https://www.olivegarden.com/nutrition,,2026/2/7,
El Pollo Loco,street-corn-salad,Street Corn Salad,,390,52,14,17,1600,4.5,0,165,5,5,,,,,,,,,,,,,,,,,,,,Nutrition Guide 2026,,,,,,,,
El Pollo Loco,mexican-caesar-salad,Mexican Caesar Salad,,420,52,17,18,1530,4.5,0,165,5,4,,,,,,,,,,,,,,,,,,,,Nutrition Guide 2026,,,,,,,,
El Pollo Loco,bacon-ranch-salad,Bacon Ranch Salad,,490,61,24,10,1940,8,0,195,5,4,,,,,,,,,,,,,,,,,,,,Nutrition Guide 2026,,,,,,,,
El Pollo Loco,chicken-leg,Chicken Leg,,110,11,7,0,380,2,0,65,0,0,,,,,,,,,,,,,,,,,,,,Nutrition Guide 2026,,,,,,,,
El Pollo Loco,chicken-thigh,Chicken Thigh,,200,21,12,2,420,3.5,0,115,0,0,,,,,,,,,,,,,,,,,,,,Nutrition Guide 2026,,,,,,,,
El Pollo Loco,chicken-breast,Chicken Breast,,200,34,8,0,820,2.5,0,120,0,0,,,,,,,,,,,,,,,,,,,,Nutrition Guide 2026,,,,,,,,
El Pollo Loco,chicken-wing,Chicken Wing,,70,10,3,0,150,1,0,55,0,0,,,,,,,,,,,,,,,,,,,,Nutrition Guide 2026,,,,,,,,
Chili's,skillet-toffee-fudge-brownie,Skillet Toffee Fudge Brownie,,1240,17,62,164,920,34,1.5,230,8,121,,,,,,,,,,,,,,,,,,,,Feature Items,,,,,,,2026/2/7,
Chili's,fried-pickles,Fried Pickles,,670,8,50,46,3500,8,0,15,6,6,,,,,,,,,,,,,,,,,,,,Feature Items,,,,,,,2026/2/7,
Chili's,boneless-buffalo-wings,Boneless Buffalo Wings,,1050,51,67,60,3640,11,0,135,5,2,,,,,,,,,,,,,,,,,,,,For the Table,,,,,,,2026/2/7,
Chili's,bottomless-tostada-chips,Bottomless Tostada Chips,,910,13,45,113,1920,7,0,0,8,4,,,,,,,,,,,,,,,,,,,,For the Table,,,,,,,2026/2/7,
Chili's,classic-nachos-chicken-large,Classic Nachos - Chicken - Large,,1420,99,88,62,3860,45,0,340,8,9,,,,,,,,,,,,,,,,,,,,For the Table,,,,,,,2026/2/7,
Chili's,classic-nachos-chicken-regular,Classic Nachos - Chicken - Regular,,970,67,61,43,2620,31,0,235,6,7,,,,,,,,,,,,,,,,,,,,For the Table,,,,,,,2026/2/7,
Chili's,classic-nachos-beef-large,Classic Nachos - Beef - Large,,1590,109,103,60,4390,51,1,370,8,9,,,,,,,,,,,,,,,,,,,,For the Table,,,,,,,2026/2/7,
Chili's,classic-nachos-beef-regular,Classic Nachos - Beef - Regular,,1090,73,71,41,2970,35,0.5,255,6,7,,,,,,,,,,,,,,,,,,,,For the Table,,,,,,,2026/2/7,
Chili's,classic-nachos-large,Classic Nachos - Large,,1210,57,83,60,2940,44,0,215,8,9,,,,,,,,,,,,,,,,,,,,For the Table,,,,,,,2026/2/7,
Chili's,classic-nachos-regular,Classic Nachos - Regular,,830,39,57,41,2010,30,0,150,6,7,,,,,,,,,,,,,,,,,,,,For the Table,,,,,,,2026/2/7,
Chili's,fresh-guacamole,Fresh Guacamole,,1190,17,71,129,2640,11,0,0,20,6,,,,,,,,,,,,,,,,,,,,For the Table,,,,,,,2026/2/7,
Chili's,fried-cheese,Fried Cheese,,720,33,41,57,2140,17,1,75,4,7,,,,,,,,,,,,,,,,,,,,For the Table,,,,,,,2026/2/7,
Chili's,hot-spinach-artichoke-dip,Hot Spinach & Artichoke Dip,,1440,31,91,124,2210,35,0,140,10,7,,,,,,,,,,,,,,,,,,,,For the Table,,,,,,,2026/2/7,
Chili's,jumbo-soft-pretzels,Jumbo Soft Pretzels,,1060,31,48,125,3570,17,0,35,6,7,,,,,,,,,,,,,,,,,,,,For the Table,,,,,,,2026/2/7,
Chili's,loaded-potato-skins,Loaded Potato Skins,,1110,49,78,54,1690,34,0,170,6,4,,,,,,,,,,,,,,,,,,,,For the Table,,,,,,,2026/2/7,
Chili's,skillet-queso,Skillet Queso,,1580,45,96,136,4210,35,0,135,10,15,,,,,,,,,,,,,,,,,,,,For the Table,,,,,,,2026/2/7,
Chili's,southwestern-eggrolls,Southwestern Eggrolls,,800,28,41,82,2180,10,0,50,9,9,,,,,,,,,,,,,,,,,,,,For the Table,,,,,,,2026/2/7,
Chili's,sweet-potato-fries,Sweet Potato Fries,,810,6,43,99,920,7,0,15,7,40,,,,,,,,,,,,,,,,,,,,For the Table,,,,,,,2026/2/7,
Chili's,tableside-guacamole,Tableside Guacamole,,1490,20,97,147,3130,15,0,0,33,8,,,,,,,,,,,,,,,,,,,,For the Table,,,,,,,2026/2/7,
Chili's,texas-cheese-fries-full-order,Texas Cheese Fries - Full Order,,1720,75,119,88,5310,49,0,255,8,4,,,,,,,,,,,,,,,,,,,,For the Table,,,,,,,2026/2/7,
Chili's,texas-cheese-fries-half-order,Texas Cheese Fries - Half Order,,1250,52,89,60,3450,37,0,185,5,3,,,,,,,,,,,,,,,,,,,,For the Table,,,,,,,2026/2/7,
Chili's,wings-over-buffalo,Wings over Buffalo,,850,62,65,6,2550,14,0,290,1,2,,,,,,,,,,,,,,,,,,,,For the Table,,,,,,,2026/2/7,
Chili's,td-big-mouth-bites,TD™ Big Mouth® Bites,,770,32,52,47,1860,15,1,105,2,10,,,,,,,,,,,,,,,,,,,,For the Table,,,,,,,2026/2/7,
Chili's,td-boneless-buffalo-wings,TD™ Boneless Buffalo Wings,,620,24,46,28,1890,8,0,70,3,2,,,,,,,,,,,,,,,,,,,,For the Table,,,,,,,2026/2/7,
Chili's,td-boneless-honey-chipotle-wings,TD™ Boneless Honey-Chipotle Wings,,690,24,34,74,1780,5,0,70,2,35,,,,,,,,,,,,,,,,,,,,For the Table,,,,,,,2026/2/7,
Chili's,td-hot-spinach-artichoke-dip,TD™ Hot Spinach & Artichoke Dip,,600,14,40,48,1000,16,0,70,4,3,,,,,,,,,,,,,,,,,,,,For the Table,,,,,,,2026/2/7,
Chili's,td-loaded-potato-skins,TD™ Loaded Potato Skins,,690,30,49,33,1040,22,0,110,3,3,,,,,,,,,,,,,,,,,,,,For the Table,,,,,,,2026/2/7,
Chili's,td-original-chicken-crispers,TD™ Original Chicken Crispers®,,630,32,42,30,1770,7,0,95,1,9,,,,,,,,,,,,,,,,,,,,For the Table,,,,,,,2026/2/7,
Chili's,td-southwestern-eggrolls,TD™ Southwestern Eggrolls,,580,19,32,55,1540,8,0,35,6,6,,,,,,,,,,,,,,,,,,,,For the Table,,,,,,,2026/2/7,
Chili's,chicken-enchilada-bowl,Chicken Enchilada - Bowl,,440,22,28,25,1660,9,0,70,3,3,,,,,,,,,,,,,,,,,,,,Soups & Chili,,,,,,,2026/2/7,
Chili's,chicken-enchilada-cup,Chicken Enchilada - Cup,,220,11,14,13,830,4.5,0,35,1,2,,,,,,,,,,,,,,,,,,,,Soups & Chili,,,,,,,2026/2/7,
Chili's,loaded-baked-potato-bowl,Loaded Baked Potato - Bowl,,520,19,35,26,1860,21,0,115,2,4,,,,,,,,,,,,,,,,,,,,Soups & Chili,,,,,,,2026/2/7,
Chili's,loaded-baked-potato-cup,Loaded Baked Potato - Cup,,260,9,17,13,930,11,0,55,1,2,,,,,,,,,,,,,,,,,,,,Soups & Chili,,,,,,,2026/2/7,
Chili's,southwest-chicken-bowl,Southwest Chicken - Bowl,,230,9,10,25,1320,2,0,20,3,3,,,,,,,,,,,,,,,,,,,,Soups & Chili,,,,,,,2026/2/7,
Chili's,southwest-chicken-cup,Southwest Chicken - Cup,,110,4,5,13,660,1,0,10,1,1,,,,,,,,,,,,,,,,,,,,Soups & Chili,,,,,,,2026/2/7,
Chili's,terlingua-chili-bowl,Terlingua Chili - Bowl,,400,23,28,14,1060,8,0,65,0,3,,,,,,,,,,,,,,,,,,,,Soups & Chili,,,,,,,2026/2/7,
Chili's,terlingua-chili-cup,Terlingua Chili - Cup,,200,12,14,7,530,4,0,30,0,2,,,,,,,,,,,,,,,,,,,,Soups & Chili,,,,,,,2026/2/7,
Chili's,boneless-buffalo-chicken-salad,Boneless Buffalo Chicken Salad,,1020,51,67,55,3730,14,0,155,6,8,,,,,,,,,,,,,,,,,,,,Salads,,,,,,,2026/2/7,
Chili's,caribbean-salad-w-grilled-chicken,Caribbean Salad w/ Grilled Chicken,,680,35,27,79,1150,4.5,0,110,8,64,,,,,,,,,,,,,,,,,,,,Salads,,,,,,,2026/2/7,
Chili's,caribbean-salad-w-seared-shrimp,Caribbean Salad w/ Seared Shrimp,,580,16,25,77,1440,4,0,145,9,61,,,,,,,,,,,,,,,,,,,,Salads,,,,,,,2026/2/7,
Chili's,chicken-caesar-salad,Chicken Caesar Salad,,660,40,44,29,1420,7,0.5,110,5,4,,,,,,,,,,,,,,,,,,,,Salads,,,,,,,2026/2/7,
Chili's,house-salad-no-dressing,House Salad No Dressing,,150,7,6,18,220,2.5,0,15,3,4,,,,,,,,,,,,,,,,,,,,Salads,,,,,,,2026/2/7,
Chili's,lunch-combo-house-salad-no-dressing,Lunch Combo House Salad No Dressing,,70,4,3,9,110,1.5,0,5,2,2,,,,,,,,,,,,,,,,,,,,Salads,,,,,,,2026/2/7,
Chili's,quesadilla-explosion-salad,Quesadilla Explosion Salad,,1430,64,95,84,2600,28,0,175,10,18,,,,,,,,,,,,,,,,,,,,Salads,,,,,,,2026/2/7,
Chili's,santa-fe-chicken-salad,Santa Fe Chicken Salad,,690,38,48,31,1710,9,0,120,8,8,,,,,,,,,,,,,,,,,,,,Salads,,,,,,,2026/2/7,
Chili's,bacon-avocado-chicken-sandwich,Bacon Avocado Chicken Sandwich,,1580,73,82,139,3890,19,0,175,12,10,,,,,,,,,,,,,,,,,,,,Handhelds,,,,,,,2026/2/7,
Chili's,buffalo-chicken-ranch-sandwich,Buffalo Chicken Ranch Sandwich,,1230,47,60,129,4390,11,0,110,8,9,,,,,,,,,,,,,,,,,,,,Handhelds,,,,,,,2026/2/7,
Chili's,california-turkey-club-toasted-sandwich,California Turkey Club Toasted Sandwich,,1520,59,82,142,3440,20,0,125,14,15,,,,,,,,,,,,,,,,,,,,Handhelds,,,,,,,2026/2/7,
Chili's,classic-turkey-toasted-sandwich,Classic Turkey Toasted Sandwich,,1350,54,69,134,3360,18,0,110,10,13,,,,,,,,,,,,,,,,,,,,Handhelds,,,,,,,2026/2/7,
Chili's,grilled-chicken-sandwich,Grilled Chicken Sandwich,,1100,53,52,107,2930,13,0,135,7,15,,,,,,,,,,,,,,,,,,,,Handhelds,,,,,,,2026/2/7,
Chili's,grilled-chicken-salad,Grilled Chicken Salad,,430,39,22,23,1080,6,0,105,5,11,,,,,,,,,,,,,,,,,,,,Lighter Choices,,,,,,,2026/2/7,
Chili's,lighter-choice-6-oz-classic-sirloin,Lighter Choice 6 oz Classic Sirloin,,240,37,7,11,1010,3,0,65,4,2,,,,,,,,,,,,,,,,,,,,Lighter Choices,,,,,,,2026/2/7,
Chili's,lighter-choice-margarita-grilled-chicken,Lighter Choice Margarita Grilled Chicken,,610,51,16,67,2450,3,0,130,8,6,,,,,,,,,,,,,,,,,,,,Lighter Choices,,,,,,,2026/2/7,
Chili's,lighter-choice-salmon,Lighter Choice Salmon,,540,47,24,38,1680,4,0,100,5,2,,,,,,,,,,,,,,,,,,,,Lighter Choices,,,,,,,2026/2/7,
Chili's,mango-chile-chicken,Mango-Chile Chicken,,540,38,20,57,2210,4,0,95,8,14,,,,,,,,,,,,,,,,,,,,Lighter Choices,,,,,,,2026/2/7,
Chili's,mango-chile-tilapia,Mango-Chile Tilapia,,550,38,21,56,1600,4.5,0,70,8,13,,,,,,,,,,,,,,,,,,,,Lighter Choices,,,,,,,2026/2/7,
Chili's,10-oz-classic-sirloin,10 oz Classic Sirloin,,440,56,24,2,1320,8,0.5,100,0,0,,,,,,,,,,,,,,,,,,,,Make it a Combo,,,,,,,2026/2/7,
Chili's,6-oz-classic-sirloin,6 oz Classic Sirloin,,300,34,18,1,720,6,0,65,0,0,,,,,,,,,,,,,,,,,,,,Make it a Combo,,,,,,,2026/2/7,
Chili's,half-rack-of-original-bbq-ribs,Half Rack of Original BBQ Ribs,,460,38,28,15,830,11,0,155,2,11,,,,,,,,,,,,,,,,,,,,Make it a Combo,,,,,,,2026/2/7,
Chili's,half-rack-of-memphis-dry-rub-ribs,Half Rack of Memphis Dry Rub Ribs,,550,39,33,24,1430,12,0,155,3,16,,,,,,,,,,,,,,,,,,,,Make it a Combo,,,,,,,2026/2/7,
Chili's,lighter-choice-6-oz-classic-sirloin,Lighter Choice 6 oz Classic Sirloin,,200,34,6,2,760,3,0,65,1,1,,,,,,,,,,,,,,,,,,,,Make it a Combo,,,,,,,2026/2/7,
Chili's,lighter-choice-margarita-grilled-chicken,Lighter Choice Margarita Grilled Chicken,,190,31,4,8,890,1,0,90,0,5,,,,,,,,,,,,,,,,,,,,Make it a Combo,,,,,,,2026/2/7,
Chili's,lighter-choice-salmon,Lighter Choice Salmon,,340,41,19,0,880,3,0,100,0,0,,,,,,,,,,,,,,,,,,,,Make it a Combo,,,,,,,2026/2/7,
Chili's,monterey-chicken,Monterey Chicken®,,480,49,27,12,1530,13,0,155,0,9,,,,,,,,,,,,,,,,,,,,Make it a Combo,,,,,,,2026/2/7,
Chili's,salmon-with-garlic-herbs,Salmon with Garlic & Herbs,,400,42,26,1,930,6,0,100,0,0,,,,,,,,,,,,,,,,,,,,Make it a Combo,,,,,,,2026/2/7,
Chili's,seared-shrimp,Seared Shrimp,,80,12,2,4,1100,0.5,0,125,1,2,,,,,,,,,,,,,,,,,,,,Make it a Combo,,,,,,,2026/2/7,
Chili's,10-oz-classic-sirloin,10 oz Classic Sirloin,,1000,73,54,58,2850,16,1,130,9,4,,,,,,,,,,,,,,,,,,,,Steaks,,,,,,,2026/2/7,
Chili's,6-oz-classic-sirloin,6 oz Classic Sirloin,,850,51,48,57,2250,14,0.5,95,9,4,,,,,,,,,,,,,,,,,,,,Steaks,,,,,,,2026/2/7,
Chili's,classic-ribeye,Classic Ribeye,,1280,86,81,57,3130,31,4.5,180,9,4,,,,,,,,,,,,,,,,,,,,Steaks,,,,,,,2026/2/7,
Chili's,country-fried-steak,Country-Fried Steak,,1250,52,67,118,3330,14,1.5,75,10,19,,,,,,,,,,,,,,,,,,,,Steaks,,,,,,,2026/2/7,
Chili's,fajita-peppers-onions,Fajita Peppers & Onions,,300,4,22,24,1370,5,0,0,4,9,,,,,,,,,,,,,,,,,,,,Fresh Mex,,,,,,,2026/2/7,
Chili's,grilled-steak,Grilled Steak,,200,18,14,0,400,7,1,15,0,0,,,,,,,,,,,,,,,,,,,,Fresh Mex,,,,,,,2026/2/7,
Chili's,grilled-chicken,Grilled Chicken,,110,20,3,1,480,1,0,65,0,0,,,,,,,,,,,,,,,,,,,,Fresh Mex,,,,,,,2026/2/7,
Chili's,pork-carnitas,Pork Carnitas,,220,29,11,2,490,4,0,55,0,1,,,,,,,,,,,,,,,,,,,,Fresh Mex,,,,,,,2026/2/7,
Chili's,fajita-toppings,Fajita Toppings,,220,9,17,10,960,10,0,55,2,6,,,,,,,,,,,,,,,,,,,,Fresh Mex,,,,,,,2026/2/7,
Chili's,corn-tortillas-3-each,Corn Tortillas (3 each),,180,4,2.5,37,100,0,0,0,3,1,,,,,,,,,,,,,,,,,,,,Fresh Mex,,,,,,,2026/2/7,
Chili's,flour-tortillas-3-each,Flour Tortillas (3 each),,260,6,9,39,640,4,0,0,2,1,,,,,,,,,,,,,,,,,,,,Fresh Mex,,,,,,,2026/2/7,
Chili's,chipotle-chicken-bowl,Chipotle Chicken Bowl,,940,59,43,83,2680,13,0,175,8,6,,,,,,,,,,,,,,,,,,,,Fresh Mex,,,,,,,2026/2/7,
Chili's,chipotle-shrimp-bowl,Chipotle Shrimp Bowl,,840,36,40,88,3380,13,0,240,9,8,,,,,,,,,,,,,,,,,,,,Fresh Mex,,,,,,,2026/2/7,
Chili's,chipotle-steak-bowl,Chipotle Steak Bowl,,1020,45,59,83,2320,22,1.5,70,8,6,,,,,,,,,,,,,,,,,,,,Fresh Mex,,,,,,,2026/2/7,
Chili's,margarita-chicken-bowl,Margarita Chicken Bowl,,920,57,30,110,3820,5,0,130,14,15,,,,,,,,,,,,,,,,,,,,Fresh Mex,,,,,,,2026/2/7,
Chili's,margarita-shrimp-bowl,Margarita Shrimp Bowl,,820,34,27,114,4510,5,0,195,15,17,,,,,,,,,,,,,,,,,,,,Fresh Mex,,,,,,,2026/2/7,
Chili's,beef,Beef,,1190,59,55,117,4020,19,1,120,19,11,,,,,,,,,,,,,,,,,,,,Fresh Mex,,,,,,,2026/2/7,
Chili's,chicken-green-chile-sauce,Chicken - Green Chile Sauce,,1070,64,41,113,4380,14,0,160,17,12,,,,,,,,,,,,,,,,,,,,Fresh Mex,,,,,,,2026/2/7,
Chili's,chicken-sour-cream-sauce,Chicken - Sour Cream Sauce,,1170,63,53,112,4110,21,0,200,14,10,,,,,,,,,,,,,,,,,,,,Fresh Mex,,,,,,,2026/2/7,
Chili's,top-shelf-beef-short-rib,Top Shelf Beef Short Rib,,1190,50,62,107,2900,23,0,145,15,10,,,,,,,,,,,,,,,,,,,,Fresh Mex,,,,,,,2026/2/7,
Chili's,top-shelf-jalapeno-bbq-chicken,Top Shelf Jalapeno BBQ Chicken,,1210,63,51,126,4830,21,0,200,14,25,,,,,,,,,,,,,,,,,,,,Fresh Mex,,,,,,,2026/2/7,
Chili's,crispy-chicken-tacos,Crispy Chicken Tacos,,1480,66,66,154,4470,21,0,160,12,31,,,,,,,,,,,,,,,,,,,,Fresh Mex,,,,,,,2026/2/7,
Chili's,spicy-shrimp-tacos,Spicy Shrimp Tacos,,1010,36,45,122,4020,11,0,200,14,18,,,,,,,,,,,,,,,,,,,,Fresh Mex,,,,,,,2026/2/7,
Chili's,bacon-ranch-chicken-quesadilla,Bacon Ranch Chicken Quesadilla,,1690,74,125,69,3640,42,0,260,5,10,,,,,,,,,,,,,,,,,,,,Fresh Mex,,,,,,,2026/2/7,
Chili's,bacon-ranch-beef-quesadilla,Bacon Ranch Beef Quesadilla,,1800,80,135,68,3990,46,0.5,280,5,10,,,,,,,,,,,,,,,,,,,,Fresh Mex,,,,,,,2026/2/7,
Chili's,santa-fe-chicken-quesadilla,Santa Fe Chicken Quesadilla,,1460,69,99,79,2640,38,0,215,7,11,,,,,,,,,,,,,,,,,,,,Fresh Mex,,,,,,,2026/2/7,
Chili's,chicken-quesadilla,Chicken Quesadilla,,690,33,48,34,1470,20,0,115,3,4,,,,,,,,,,,,,,,,,,,,Fresh Mex,,,,,,,2026/2/7,
Chili's,crispy-taco-beef,Crispy Taco - Beef,,290,18,15,21,1210,6,0,40,5,4,,,,,,,,,,,,,,,,,,,,Fresh Mex,,,,,,,2026/2/7,
Chili's,crispy-taco-chicken,Crispy Taco - Chicken,,260,20,12,20,1430,4,0,60,4,3,,,,,,,,,,,,,,,,,,,,Fresh Mex,,,,,,,2026/2/7,
Chili's,enchilada-beef,Enchilada Beef,,300,16,17,22,920,6,0,40,4,3,,,,,,,,,,,,,,,,,,,,Fresh Mex,,,,,,,2026/2/7,
Chili's,enchilada-chicken-green-chile,Enchilada Chicken Green Chile,,260,18,12,21,1040,4,0,55,3,3,,,,,,,,,,,,,,,,,,,,Fresh Mex,,,,,,,2026/2/7,
Chili's,enchilada-chicken-sour-cream,Enchilada Chicken Sour Cream,,290,18,16,20,950,7,0,65,2,2,,,,,,,,,,,,,,,,,,,,Fresh Mex,,,,,,,2026/2/7,
Chili's,house-salad-no-dressing,House Salad No Dressing,,70,4,3,9,110,1.5,0,5,2,2,,,,,,,,,,,,,,,,,,,,Fresh Mex,,,,,,,2026/2/7,
Chili's,soft-taco-beef,Soft Taco - Beef,,290,18,15,22,1220,6,0,40,4,4,,,,,,,,,,,,,,,,,,,,Fresh Mex,,,,,,,2026/2/7,
Chili's,soft-taco-chicken,Soft Taco - Chicken,,260,20,11,20,1440,5,0,60,3,3,,,,,,,,,,,,,,,,,,,,Fresh Mex,,,,,,,2026/2/7,
Chili's,soup-chicken-enchilada-cup,Soup Chicken Enchilada - Cup,,220,11,14,13,830,4.5,0,35,1,2,,,,,,,,,,,,,,,,,,,,Fresh Mex,,,,,,,2026/2/7,
Chili's,soup-loaded-baked-potato-cup,Soup Loaded Baked Potato - Cup,,260,9,17,13,930,11,0,55,1,2,,,,,,,,,,,,,,,,,,,,Fresh Mex,,,,,,,2026/2/7,
Chili's,soup-southwest-chicken-cup,Soup Southwest Chicken - Cup,,110,4,5,13,660,1,0,10,1,1,,,,,,,,,,,,,,,,,,,,Fresh Mex,,,,,,,2026/2/7,
Chili's,tostada-beef,Tostada Beef,,360,20,19,29,1430,7,0,50,7,5,,,,,,,,,,,,,,,,,,,,Fresh Mex,,,,,,,2026/2/7,
Chili's,tostada-chicken,Tostada Chicken,,330,22,16,27,1650,6,0,65,6,4,,,,,,,,,,,,,,,,,,,,Fresh Mex,,,,,,,2026/2/7,
Chili's,rice-black-beans-cadi,Rice & Black Beans (Cadi),,270,9,4.5,49,1260,1,0,0,7,2,,,,,,,,,,,,,,,,,,,,Fresh Mex,,,,,,,2026/2/7,
Chili's,california-grilled-chicken,California Grilled Chicken,,1450,77,96,74,2560,41,0.5,220,8,7,,,,,,,,,,,,,,,,,,,,Flatbreads,,,,,,,2026/2/7,
Chili's,chipotle-chicken,Chipotle Chicken,,1320,79,81,73,2720,41,0,220,5,7,,,,,,,,,,,,,,,,,,,,Flatbreads,,,,,,,2026/2/7,
Chili's,margherita,Margherita,,1400,52,102,72,2560,41,1,165,5,8,,,,,,,,,,,,,,,,,,,,Flatbreads,,,,,,,2026/2/7,
Chili's,memphis-dry-rub-ribs-full-rack,Memphis Dry Rub Ribs - Full Rack,,1690,84,92,134,3820,30,0,310,14,45,,,,,,,,,,,,,,,,,,,,Fresh Tex,,,,,,,2026/2/7,
Chili's,memphis-dry-rub-ribs-half-rack,Memphis Dry Rub Ribs - Half Rack,,940,45,49,78,2800,15,0,155,8,16,,,,,,,,,,,,,,,,,,,,Fresh Tex,,,,,,,2026/2/7,
Chili's,original-ribs-full-rack,Original Ribs - Full Rack,,1580,82,84,130,3120,29,0,310,10,47,,,,,,,,,,,,,,,,,,,,Fresh Tex,,,,,,,2026/2/7,
Chili's,original-ribs-half-rack,Original Ribs - Half Rack,,860,43,45,69,2200,14,0,155,6,11,,,,,,,,,,,,,,,,,,,,Fresh Tex,,,,,,,2026/2/7,
Chili's,big-mouth-bites,Big Mouth® Bites,,1560,63,83,145,4470,25,2,170,9,17,,,,,,,,,,,,,,,,,,,,Craft Burgers,,,,,,,2026/2/7,
Chili's,classic-bacon-burger,Classic Bacon Burger,,1350,56,80,104,3540,27,2.5,170,7,10,,,,,,,,,,,,,,,,,,,,Craft Burgers,,,,,,,2026/2/7,
Chili's,guacamole-burger,Guacamole Burger,,1300,52,75,108,3340,27,2,160,10,10,,,,,,,,,,,,,,,,,,,,Craft Burgers,,,,,,,2026/2/7,
Chili's,oldtimer-with-cheddar-cheese,Oldtimer® with Cheddar Cheese,,1180,50,65,102,3220,23,2.5,145,8,9,,,,,,,,,,,,,,,,,,,,Craft Burgers,,,,,,,2026/2/7,
Chili's,southern-smokehouse-burger,Southern Smokehouse Burger,,1550,61,89,130,4420,29,2.5,180,8,23,,,,,,,,,,,,,,,,,,,,Craft Burgers,,,,,,,2026/2/7,
Chili's,sweet-smoky-burger,Sweet & Smoky Burger,,1490,56,83,133,3970,27,2,160,8,24,,,,,,,,,,,,,,,,,,,,Craft Burgers,,,,,,,2026/2/7,
Chili's,beef-burger,Beef Burger,,430,32,32,1,840,14,2,125,0,0,,,,,,,,,,,,,,,,,,,,Craft Burgers,,,,,,,2026/2/7,
Chili's,chipotle-black-bean-burger,Chipotle Black Bean Burger,,190,17,7,22,540,1,0,0,8,2,,,,,,,,,,,,,,,,,,,,Craft Burgers,,,,,,,2026/2/7,
Chili's,turkey-burger,Turkey Burger,,210,33,9,0,1110,2,0,85,0,0,,,,,,,,,,,,,,,,,,,,Craft Burgers,,,,,,,2026/2/7,
Chili's,double-thin-beef-burgers,Double Thin Beef Burgers,,360,29,26,1,1570,11,1.5,100,0,0,,,,,,,,,,,,,,,,,,,,Craft Burgers,,,,,,,2026/2/7,
Chili's,cajun-pasta-w-grilled-chicken,Cajun Pasta w/ Grilled Chicken,,1270,71,59,115,4580,27,0,190,8,8,,,,,,,,,,,,,,,,,,,,Chicken & Seafood,,,,,,,2026/2/7,
Chili's,cajun-pasta-w-seared-shrimp,Cajun Pasta w/ Seared Shrimp,,1160,52,57,112,4450,27,0,225,7,7,,,,,,,,,,,,,,,,,,,,Chicken & Seafood,,,,,,,2026/2/7,
Chili's,chicken-crispers-original-style,Chicken Crispers - Original Style,,1490,63,82,132,4460,14,0,145,9,24,,,,,,,,,,,,,,,,,,,,Chicken & Seafood,,,,,,,2026/2/7,
Chili's,chicken-crispers-crispy-style-w-o-sauce,Chicken Crispers - Crispy Style w/o Sauce,,1300,59,63,131,3550,12,0,135,9,15,,,,,,,,,,,,,,,,,,,,Chicken & Seafood,,,,,,,2026/2/7,
Chili's,salmon-with-garlic-herbs,Salmon with Garlic & Herbs,,610,47,31,38,1730,6,0,100,5,2,,,,,,,,,,,,,,,,,,,,Chicken & Seafood,,,,,,,2026/2/7,
Chili's,chicken-crispers-honey-chipotle-style,Chicken Crispers - Honey Chipotle Style,,1750,60,81,201,4910,14,0,155,9,65,,,,,,,,,,,,,,,,,,,,Chicken & Seafood,,,,,,,2026/2/7,
Chili's,monterey-chicken,Monterey Chicken®,,900,67,46,56,3350,17,0,195,9,12,,,,,,,,,,,,,,,,,,,,Chicken & Seafood,,,,,,,2026/2/7,
Chili's,parmesan-crusted-tilapia,Parmesan-Crusted Tilapia,,600,42,26,53,1510,9,0,90,8,2,,,,,,,,,,,,,,,,,,,,Chicken & Seafood,,,,,,,2026/2/7,
Chili's,bacon-avocado-chicken-sandwich,Bacon Avocado Chicken Sandwich,,790,37,41,69,1950,10,0,90,6,5,,,,,,,,,,,,,,,,,,,,Lunch Combos,,,,,,,2026/2/7,
Chili's,bacon-ranch-chicken-quesadilla,Bacon Ranch Chicken Quesadilla,,1090,40,76,61,2610,22,0,125,4,5,,,,,,,,,,,,,,,,,,,,Lunch Combos,,,,,,,2026/2/7,
Chili's,big-mouth-burger-bites,Big Mouth Burger Bites,,780,32,41,72,2150,13,1,85,4,9,,,,,,,,,,,,,,,,,,,,Lunch Combos,,,,,,,2026/2/7,
Chili's,california-turkey-club-toasted-sandwich,California Turkey Club Toasted Sandwich,,760,30,41,71,1720,10,0,60,7,8,,,,,,,,,,,,,,,,,,,,Lunch Combos,,,,,,,2026/2/7,
Chili's,classic-turkey-toasted-sandwich,Classic Turkey Toasted Sandwich,,700,29,36,67,1740,10,0,60,5,7,,,,,,,,,,,,,,,,,,,,Lunch Combos,,,,,,,2026/2/7,
Chili's,double-burger,Double Burger,,950,45,55,72,3490,22,2,135,5,8,,,,,,,,,,,,,,,,,,,,Lunch Combos,,,,,,,2026/2/7,
Chili's,fajitas-grilled-chicken,Fajitas - Grilled Chicken,,810,48,44,60,2740,18,0,145,5,9,,,,,,,,,,,,,,,,,,,,Lunch Combos,,,,,,,2026/2/7,
Chili's,fajitas-pork-carnitas,Fajitas - Pork Carnitas,,990,61,56,62,2800,22,0,140,5,11,,,,,,,,,,,,,,,,,,,,Lunch Combos,,,,,,,2026/2/7,
Chili's,flatbread-california-grilled-chicken-half,Flatbread - California Grilled Chicken - Half,,720,39,48,37,1280,21,0,110,4,3,,,,,,,,,,,,,,,,,,,,Lunch Combos,,,,,,,2026/2/7,
Chili's,flatbread-chipotle-chicken-half,Flatbread - Chipotle Chicken - Half,,660,40,40,37,1360,21,0,110,3,3,,,,,,,,,,,,,,,,,,,,Lunch Combos,,,,,,,2026/2/7,
Chili's,flatbread-margherita-half,Flatbread - Margherita - Half,,710,26,52,36,1280,21,0,80,3,4,,,,,,,,,,,,,,,,,,,,Lunch Combos,,,,,,,2026/2/7,
Chili's,fresh-mex-chipotle-chicken-bowl,Fresh Mex Chipotle Chicken Bowl,,810,38,39,82,2200,12,0,110,7,5,,,,,,,,,,,,,,,,,,,,Lunch Combos,,,,,,,2026/2/7,
Chili's,fresh-mex-margarita-chicken-bowl,Fresh Mex Margarita Chicken Bowl,,790,36,25,108,3340,4.5,0,65,13,14,,,,,,,,,,,,,,,,,,,,Lunch Combos,,,,,,,2026/2/7,
Chili's,santa-fe-chicken-quesadilla,Santa Fe Chicken Quesadilla,,960,38,61,68,2070,22,0,115,6,6,,,,,,,,,,,,,,,,,,,,Lunch Combos,,,,,,,2026/2/7,
Chili's,southwestern-blt-toasted-sandwich,Southwestern BLT Toasted Sandwich,,670,17,37,67,1470,8,0,30,4,6,,,,,,,,,,,,,,,,,,,,Lunch Combos,,,,,,,2026/2/7,
Chili's,avocado-slices,Avocado Slices,,80,1,7,4,0,1,0,0,3,0,,,,,,,,,,,,,,,,,,,,Extras,,,,,,,2026/2/7,
Chili's,cheese-american,"Cheese, American",,70,4,6,1,340,3.5,0,15,0,0,,,,,,,,,,,,,,,,,,,,Extras,,,,,,,2026/2/7,
Chili's,cheese-cheddar,"Cheese, Cheddar",,80,5,7,0,130,4.5,0,20,0,0,,,,,,,,,,,,,,,,,,,,Extras,,,,,,,2026/2/7,
Chili's,cheese-provolone,"Cheese, Provolone",,100,7,7,1,250,5,0,20,0,0,,,,,,,,,,,,,,,,,,,,Extras,,,,,,,2026/2/7,
Chili's,cheese-swiss,"Cheese, Swiss",,80,6,6,1,40,4,0,20,0,0,,,,,,,,,,,,,,,,,,,,Extras,,,,,,,2026/2/7,
Chili's,dressing-ancho-chile-ranch,"Dressing, Ancho Chile Ranch",,170,1,17,3,350,3,0,15,0,2,,,,,,,,,,,,,,,,,,,,Extras,,,,,,,2026/2/7,
Chili's,dressing-avocado-ranch,"Dressing, Avocado Ranch",,140,1,14,3,260,2.5,0,10,1,1,,,,,,,,,,,,,,,,,,,,Extras,,,,,,,2026/2/7,
Chili's,dressing-bleu-cheese,"Dressing, Bleu Cheese",,270,1,29,1,280,5,0,15,0,1,,,,,,,,,,,,,,,,,,,,Extras,,,,,,,2026/2/7,
Chili's,dressing-caesar,"Dressing, Caesar",,250,1,27,2,360,4,0,10,0,1,,,,,,,,,,,,,,,,,,,,Extras,,,,,,,2026/2/7,
Chili's,dressing-citrus-balsamic-vinaigrette,"Dressing, Citrus Balsamic Vinaigrette",,250,0,25,6,240,3.5,0,0,0,5,,,,,,,,,,,,,,,,,,,,Extras,,,,,,,2026/2/7,
Chili's,dressing-honey-lime-vinaigrette,"Dressing, Honey Lime Vinaigrette",,130,0,12,5,220,2,0,0,0,4,,,,,,,,,,,,,,,,,,,,Extras,,,,,,,2026/2/7,
Chili's,dressing-honey-mustard,"Dressing, Honey Mustard",,200,1,18,10,360,2.5,0,20,0,9,,,,,,,,,,,,,,,,,,,,Extras,,,,,,,2026/2/7,
Chili's,dressing-ranch,"Dressing, Ranch",,170,1,18,2,300,3,0,15,0,2,,,,,,,,,,,,,,,,,,,,Extras,,,,,,,2026/2/7,
Chili's,dressing-santa-fe,"Dressing, Santa Fe",,200,0,21,3,530,3.5,0,15,0,2,,,,,,,,,,,,,,,,,,,,Extras,,,,,,,2026/2/7,
Chili's,dressing-thousand-island,"Dressing, Thousand Island",,200,0,20,7,390,3,0,20,0,5,,,,,,,,,,,,,,,,,,,,Extras,,,,,,,2026/2/7,
Chili's,fresh-guacamole-large-side,Fresh Guacamole - Large Side,,250,3,23,15,630,3.5,0,0,11,2,,,,,,,,,,,,,,,,,,,,Extras,,,,,,,2026/2/7,
Chili's,fresh-guacamole-small-side,Fresh Guacamole - Small Side,,130,2,11,7,320,1.5,0,0,5,1,,,,,,,,,,,,,,,,,,,,Extras,,,,,,,2026/2/7,
Chili's,gravy-black-pepper,"Gravy, Black Pepper",,25,1,1,3,240,0,0,0,0,0,,,,,,,,,,,,,,,,,,,,Extras,,,,,,,2026/2/7,
Chili's,honey-chipotle-sauce,Honey Chipotle Sauce,,140,0,0,34,530,0,0,0,0,25,,,,,,,,,,,,,,,,,,,,Extras,,,,,,,2026/2/7,
Chili's,original-bbq-sauce,Original BBQ Sauce,,60,1,0,13,510,0,0,0,0,11,,,,,,,,,,,,,,,,,,,,Extras,,,,,,,2026/2/7,
Chili's,sour-cream,Sour Cream,,60,1,6,2,70,3.5,0,20,0,1,,,,,,,,,,,,,,,,,,,,Extras,,,,,,,2026/2/7,
Chili's,black-beans,Black Beans,,110,7,0.5,20,710,0,0,0,6,2,,,,,,,,,,,,,,,,,,,,Side Dishes,,,,,,,2026/2/7,
Chili's,cinnamon-apples,Cinnamon Apples,,270,1,11,45,95,3.5,0,0,3,24,,,,,,,,,,,,,,,,,,,,Side Dishes,,,,,,,2026/2/7,
Chili's,seared-shrimp-full-order,Seared Shrimp - Full Order,,80,12,2,4,1100,0.5,0,125,1,2,,,,,,,,,,,,,,,,,,,,Side Dishes,,,,,,,2026/2/7,
Chili's,seared-shrimp-half-order,Seared Shrimp - Half Order,,40,6,1,2,550,0,0,65,0,1,,,,,,,,,,,,,,,,,,,,Side Dishes,,,,,,,2026/2/7,
Chili's,homestyle-fries,Homestyle Fries,,390,5,17,55,1370,3,0,0,5,0,,,,,,,,,,,,,,,,,,,,Side Dishes,,,,,,,2026/2/7,
Chili's,mashed-potatoes-loaded,Mashed Potatoes - Loaded,,380,11,23,32,1020,7,0,30,4,2,,,,,,,,,,,,,,,,,,,,Side Dishes,,,,,,,2026/2/7,
Chili's,mashed-potatoes-w-black-pepper-gravy,Mashed Potatoes w/ Black Pepper Gravy,,310,5,17,35,1300,3.5,0,5,4,1,,,,,,,,,,,,,,,,,,,,Side Dishes,,,,,,,2026/2/7,
Chili's,rice,Rice,,160,3,4,29,550,1,0,0,1,0,,,,,,,,,,,,,,,,,,,,Side Dishes,,,,,,,2026/2/7,
Chili's,southwestern-mac-n-cheese,Southwestern Mac 'N' Cheese,,490,19,30,38,1450,14,0.5,55,2,9,,,,,,,,,,,,,,,,,,,,Side Dishes,,,,,,,2026/2/7,
Chili's,spiced-panko-onion-rings,Spiced Panko Onion Rings,,400,7,19,48,740,3,0,0,3,6,,,,,,,,,,,,,,,,,,,,Side Dishes,,,,,,,2026/2/7,
Chili's,steamed-broccoli,Steamed Broccoli,,40,3,0,8,250,0,0,0,4,2,,,,,,,,,,,,,,,,,,,,Side Dishes,,,,,,,2026/2/7,
Chili's,sweet-corn-on-the-cob,Sweet Corn on the Cob,,190,5,7,34,380,1,0,0,2,15,,,,,,,,,,,,,,,,,,,,Side Dishes,,,,,,,2026/2/7,
Chili's,sweet-potato-fries,Sweet Potato Fries,,430,4,18,64,870,2.5,0,0,5,25,,,,,,,,,,,,,,,,,,,,Side Dishes,,,,,,,2026/2/7,
Chili's,cheesecake,Cheesecake,,750,12,47,69,500,27,1.5,235,2,57,,,,,,,,,,,,,,,,,,,,Sweet Stuff,,,,,,,2026/2/7,
Chili's,molten-chocolate-cake,Molten Chocolate Cake,,1160,13,63,145,1110,31,1,140,5,104,,,,,,,,,,,,,,,,,,,,Sweet Stuff,,,,,,,2026/2/7,
Chili's,skillet-chocolate-chip-cookie,Skillet Chocolate Chip Cookie,,1200,16,52,174,990,30,0.5,115,5,106,,,,,,,,,,,,,,,,,,,,Sweet Stuff,,,,,,,2026/2/7,
Chili's,arnold-palmer,Arnold Palmer,,60,0,0,18,25,0,0,0,0,16,,,,,,,,,,,,,,,,,,,,Beverages,,,,,,,2026/2/7,
Chili's,arnold-palmer-mango,Arnold Palmer - Mango,,190,0,0,49,50,0,0,0,0,48,,,,,,,,,,,,,,,,,,,,Beverages,,,,,,,2026/2/7,
Chili's,arnold-palmer-strawberry,Arnold Palmer - Strawberry,,110,0,0,28,20,0,0,0,1,25,,,,,,,,,,,,,,,,,,,,Beverages,,,,,,,2026/2/7,
Chili's,soda-coca-cola,Soda - Coca Cola,,190,0,0,53,65,0,0,0,0,53,,,,,,,,,,,,,,,,,,,,Beverages,,,,,,,2026/2/7,
Chili's,soda-coca-cola-zero,Soda - Coca Cola Zero,,0,0,0,0,80,0,0,0,0,0,,,,,,,,,,,,,,,,,,,,Beverages,,,,,,,2026/2/7,
Chili's,soda-diet-coke,Soda - Diet Coke,,0,0,0,0,60,0,0,0,0,0,,,,,,,,,,,,,,,,,,,,Beverages,,,,,,,2026/2/7,
Chili's,soda-dr-pepper,Soda - Dr. Pepper,,200,0,0,54,70,0,0,0,0,54,,,,,,,,,,,,,,,,,,,,Beverages,,,,,,,2026/2/7,
Chili's,soda-ibc-rootbeer-bottle,Soda - IBC Rootbeer Bottle,,170,0,0,44,60,0,0,0,0,44,,,,,,,,,,,,,,,,,,,,Beverages,,,,,,,2026/2/7,
Chili's,soda-sprite,Soda - Sprite,,200,0,0,52,90,0,0,0,0,52,,,,,,,,,,,,,,,,,,,,Beverages,,,,,,,2026/2/7,
Chili's,minute-maid-lemonade,Minute Maid Lemonade,,200,0,0,55,65,0,0,0,0,52,,,,,,,,,,,,,,,,,,,,Beverages,,,,,,,2026/2/7,
Chili's,iced-tea-blackberry,Iced Tea - Blackberry,,80,0,0,20,10,0,0,0,0,19,,,,,,,,,,,,,,,,,,,,Beverages,,,,,,,2026/2/7,
Chili's,iced-tea-mango,Iced Tea - Mango,,80,0,0,20,10,0,0,0,0,18,,,,,,,,,,,,,,,,,,,,Beverages,,,,,,,2026/2/7,
Chili's,strawberry-lemonade,Strawberry Lemonade,,160,0,0,43,40,0,0,0,1,39,,,,,,,,,,,,,,,,,,,,Beverages,,,,,,,2026/2/7,
Chili's,kids-rockin-tropical-punch,Kids - Rockin' Tropical Punch,,230,0,0,58,50,0,0,0,0,56,,,,,,,,,,,,,,,,,,,,Beverages,,,,,,,2026/2/7,
Chili's,kids-electric-blue-blast,Kids - Electric Blue Blast,,240,0,0,60,50,0,0,0,0,58,,,,,,,,,,,,,,,,,,,,Beverages,,,,,,,2026/2/7,
Chili's,kids-chocolate-milk,Kids - Chocolate Milk,,260,11,6,41,310,4,0,30,1,40,,,,,,,,,,,,,,,,,,,,Beverages,,,,,,,2026/2/7,
Chili's,kids-milk,Kids - Milk,,150,10,6,15,140,4,0,25,0,15,,,,,,,,,,,,,,,,,,,,Beverages,,,,,,,2026/2/7,
Chili's,kids-apple-juice,Kids - Apple Juice,,90,0,0,22,10,0,0,0,0,21,,,,,,,,,,,,,,,,,,,,Beverages,,,,,,,2026/2/7,
Chili's,kids-cranberry-juice,Kids - Cranberry Juice,,90,0,0,21,25,0,0,0,0,20,,,,,,,,,,,,,,,,,,,,Beverages,,,,,,,2026/2/7,
Chili's,burger-bites,Burger Bites,,400,21,18,42,810,7,1,55,1,7,,,,,,,,,,,,,,,,,,,,Kids Entrees,,,,,,,2026/2/7,
Chili's,cheeseburger-bites,Cheeseburger Bites,,440,23,21,42,980,9,1,65,1,7,,,,,,,,,,,,,,,,,,,,Kids Entrees,,,,,,,2026/2/7,
Chili's,cheese-quesadilla,Cheese Quesadilla,,450,17,29,29,710,13,0,50,2,1,,,,,,,,,,,,,,,,,,,,Kids Entrees,,,,,,,2026/2/7,
Chili's,corn-dog,Corn Dog,,230,6,11,25,400,3,0,20,1,8,,,,,,,,,,,,,,,,,,,,Kids Entrees,,,,,,,2026/2/7,
Chili's,crispy-chicken-crispers,Crispy Chicken Crispers,,430,29,24,25,1080,4.5,0,80,1,0,,,,,,,,,,,,,,,,,,,,Kids Entrees,,,,,,,2026/2/7,
Chili's,grilled-cheese-sandwich,Grilled Cheese Sandwich,,430,12,26,35,1080,11,0,35,1,5,,,,,,,,,,,,,,,,,,,,Kids Entrees,,,,,,,2026/2/7,
Chili's,grilled-chicken-platter,Grilled Chicken Platter,,160,31,4,1,690,1,0,90,0,0,,,,,,,,,,,,,,,,,,,,Kids Entrees,,,,,,,2026/2/7,
Chili's,grilled-chicken-bites,Grilled Chicken Bites,,340,26,8,42,860,2,0,65,1,7,,,,,,,,,,,,,,,,,,,,Kids Entrees,,,,,,,2026/2/7,
Chili's,kraft-macaroni-cheese,Kraft Macaroni & Cheese,,440,16,13,64,820,3.5,0,20,3,11,,,,,,,,,,,,,,,,,,,,Kids Entrees,,,,,,,2026/2/7,
Chili's,little-chicken-crispers,Little Chicken Crispers,,430,31,24,20,1410,5,0,80,1,0,,,,,,,,,,,,,,,,,,,,Kids Entrees,,,,,,,2026/2/7,
Chili's,pizza-cheese-6,"Pizza - Cheese - 6 """,,590,22,26,65,980,11,0,40,2,7,,,,,,,,,,,,,,,,,,,,Kids Entrees,,,,,,,2026/2/7,
Chili's,pizza-pepperoni-6,"Pizza - Pepperoni - 6 """,,690,26,35,65,1180,14,0,70,2,7,,,,,,,,,,,,,,,,,,,,Kids Entrees,,,,,,,2026/2/7,
Chili's,side-celery-sticks-w-o-dressing,Side Celery Sticks w/o Dressing,,5,0,0,1,35,0,0,0,1,1,,,,,,,,,,,,,,,,,,,,Kids Sides,,,,,,,2026/2/7,
Chili's,side-cinnamon-apples,Side Cinnamon Apples,,270,1,11,45,95,3.5,0,0,3,24,,,,,,,,,,,,,,,,,,,,Kids Sides,,,,,,,2026/2/7,
Chili's,side-corn-kernels,Side Corn Kernels,,120,4,1.5,27,15,0,0,0,2,12,,,,,,,,,,,,,,,,,,,,Kids Sides,,,,,,,2026/2/7,
Chili's,side-corn-on-the-cob,Side Corn on the Cob,,140,5,1.5,34,20,0,0,0,2,15,,,,,,,,,,,,,,,,,,,,Kids Sides,,,,,,,2026/2/7,
Chili's,side-fresh-pineapple,Side Fresh Pineapple,,80,1,0,20,0,0,0,0,2,15,,,,,,,,,,,,,,,,,,,,Kids Sides,,,,,,,2026/2/7,
Chili's,side-homestyle-fries,Side Homestyle Fries,,200,3,8,27,680,1.5,0,0,2,0,,,,,,,,,,,,,,,,,,,,Kids Sides,,,,,,,2026/2/7,
Chili's,side-mandarin-oranges,Side Mandarin Oranges,,80,1,0,19,15,0,0,0,2,19,,,,,,,,,,,,,,,,,,,,Kids Sides,,,,,,,2026/2/7,
Chili's,side-mashed-potatoes-w-o-gravy,Side Mashed Potatoes - w/o Gravy,,140,2,8,16,370,1.5,0,0,2,0,,,,,,,,,,,,,,,,,,,,Kids Sides,,,,,,,2026/2/7,
Chili's,side-rice,Side Rice,,160,3,4,29,550,1,0,0,1,0,,,,,,,,,,,,,,,,,,,,Kids Sides,,,,,,,2026/2/7,
Chili's,side-salad-w-o-dressing,Side Salad w/o Dressing,,60,3,3,7,105,1.5,0,5,1,1,,,,,,,,,,,,,,,,,,,,Kids Sides,,,,,,,2026/2/7,
Chili's,side-steamed-broccoli-plain,Side Steamed Broccoli - plain,,40,3,0,8,45,0,0,0,4,2,,,,,,,,,,,,,,,,,,,,Kids Sides,,,,,,,2026/2/7,
Popeyes,buffalo-rub-boneless-wings-6-pieces,BUFFALO RUB BONELESS WINGS 6 Pieces,,520,26,34,27,1730,16,2,90,2,1,,,,,,,,,,,,,,,,,,,,Popeyes Nutrition Guide October 2025,,,,,,,2026/2/7,
Popeyes,garlic-parmesan-rub-boneless-wings-6-pieces,GARLIC PARMESAN RUB BONELESS WINGS 6 Pieces,,520,27,34,25,1230,17,2,90,2,1,,,,,,,,,,,,,,,,,,,,Popeyes Nutrition Guide October 2025,,,,,,,2026/2/7,
Popeyes,cajun-fries-reg,CAJUN FRIES Reg,,270,4,14,33,590,5,1,5,3,0,,,,,,,,,,,,,,,,,,,,Popeyes Nutrition Guide October 2025,,,,,,,2026/2/7,
Popeyes,cajun-fries-lg,CAJUN FRIES Lg,,800,10,42,97,1760,15,2,10,9,1,,,,,,,,,,,,,,,,,,,,Popeyes Nutrition Guide October 2025,,,,,,,2026/2/7,
Popeyes,homestyle-mac-cheese-reg,HOMESTYLE MAC & CHEESE Reg,,280,11,21,16,510,21,0.5,60,0,3,,,,,,,,,,,,,,,,,,,,Popeyes Nutrition Guide October 2025,,,,,,,2026/2/7,
Popeyes,homestyle-mac-cheese-lg,HOMESTYLE MAC & CHEESE Lg,,850,33,63,48,1540,36,1.5,180,1,9,,,,,,,,,,,,,,,,,,,,Popeyes Nutrition Guide October 2025,,,,,,,2026/2/7,
Popeyes,mashed-potatoes-with-cajun-gravy-reg,MASHED POTATOES WITH CAJUN GRAVY Reg,,110,3,4,18,590,2,0,5,1,1,,,,,,,,,,,,,,,,,,,,Popeyes Nutrition Guide October 2025,,,,,,,2026/2/7,
Popeyes,mashed-potatoes-with-cajun-gravy-lg,MASHED POTATOES WITH CAJUN GRAVY Lg,,330,9,12,54,1770,6,0,15,3,3,,,,,,,,,,,,,,,,,,,,Popeyes Nutrition Guide October 2025,,,,,,,2026/2/7,
Popeyes,red-beans-rice-reg,RED BEANS & RICE Reg,,250,8,16,22,610,5,0,15,6,0,,,,,,,,,,,,,,,,,,,,Popeyes Nutrition Guide October 2025,,,,,,,2026/2/7,
Popeyes,red-beans-rice-lg,RED BEANS & RICE Lg,,610,19,40,51,1490,13,0,35,15,0,,,,,,,,,,,,,,,,,,,,Popeyes Nutrition Guide October 2025,,,,,,,2026/2/7,
Popeyes,coleslaw-reg,COLESLAW Reg,,140,1,10,12,190,2,0,5,1,9,,,,,,,,,,,,,,,,,,,,Popeyes Nutrition Guide October 2025,,,,,,,2026/2/7,
Popeyes,coleslaw-lg,COLESLAW Lg,,420,3,30,36,570,5,0,15,3,27,,,,,,,,,,,,,,,,,,,,Popeyes Nutrition Guide October 2025,,,,,,,2026/2/7,
Burger King,whopper-sandwich-270,WHOPPER® Sandwich 270,,660,28,40,49,980,12,1.5,90,2,11,,,,,,,,,,,,,,,,,,,,Burger King Nutrition April 2020,,,,,,,2026/2/7,
Burger King,whopper-sandwich-with-cheese-292,WHOPPER® Sandwich with Cheese 292,,740,32,46,50,1340,16,2,115,2,11,,,,,,,,,,,,,,,,,,,,Burger King Nutrition April 2020,,,,,,,2026/2/7,
Burger King,bacon-cheese-whopper-sandwich-303,Bacon & Cheese WHOPPER® Sandwich 303,,790,35,51,50,1560,17,2,125,2,11,,,,,,,,,,,,,,,,,,,,Burger King Nutrition April 2020,,,,,,,2026/2/7,
Burger King,double-whopper-sandwich-354,DOUBLE WHOPPER® Sandwich 354,,900,48,58,49,1050,20,3,175,2,11,,,,,,,,,,,,,,,,,,,,Burger King Nutrition April 2020,,,,,,,2026/2/7,
Burger King,double-whopper-sandwich-with-cheese-377,DOUBLE WHOPPER® Sandwich with Cheese 377,,980,52,64,50,1410,24,3,195,2,11,,,,,,,,,,,,,,,,,,,,Burger King Nutrition April 2020,,,,,,,2026/2/7,
Burger King,triple-whopper-sandwich-438,TRIPLE WHOPPER® Sandwich 438,,1130,67,75,49,1120,28,4,255,2,11,,,,,,,,,,,,,,,,,,,,Burger King Nutrition April 2020,,,,,,,2026/2/7,
Burger King,triple-whopper-sandwich-with-cheese-461,TRIPLE WHOPPER® Sandwich with Cheese 461,,1220,71,82,50,1470,32,4.5,280,2,11,,,,,,,,,,,,,,,,,,,,Burger King Nutrition April 2020,,,,,,,2026/2/7,
Burger King,whopper-jr-sandwich-134,WHOPPER JR.® Sandwich 134,,310,13,18,27,390,5,0.5,40,1,7,,,,,,,,,,,,,,,,,,,,Burger King Nutrition April 2020,,,,,,,2026/2/7,
Burger King,bacon-king-sandwich-356,BACON KING™ Sandwich 356,,1150,61,79,49,2150,31,3.5,240,2,10,,,,,,,,,,,,,,,,,,,,Burger King Nutrition April 2020,,,,,,,2026/2/7,
Burger King,cheddar-bacon-king-sandwich-366,Cheddar BACON KING™ Sandwich 366,,1190,64,84,50,1930,33,3.5,235,2,11,,,,,,,,,,,,,,,,,,,,Burger King Nutrition April 2020,,,,,,,2026/2/7,
Burger King,single-quarter-pound-king-sandwich-231,Single Quarter Pound KING™ Sandwich 231,,580,32,29,49,1310,13,1.5,105,2,10,,,,,,,,,,,,,,,,,,,,Burger King Nutrition April 2020,,,,,,,2026/2/7,
Burger King,double-quarter-pound-king-sandwich-338,Double Quarter Pound KING™ Sandwich 338,,900,56,54,50,1740,25,3,210,2,11,,,,,,,,,,,,,,,,,,,,Burger King Nutrition April 2020,,,,,,,2026/2/7,
Burger King,single-stacker-king-223,Single STACKER KING™ 223,,700,35,42,48,1360,16,2,125,1,10,,,,,,,,,,,,,,,,,,,,Burger King Nutrition April 2020,,,,,,,2026/2/7,
Burger King,double-stacker-king-334,Double STACKER KING™ 334,,1050,61,68,49,1870,28,3.5,235,1,11,,,,,,,,,,,,,,,,,,,,Burger King Nutrition April 2020,,,,,,,2026/2/7,
Burger King,impossible-whopper-sandwich-285,IMPOSSIBLE™ WHOPPER® Sandwich** 285,,630,25,34,58,1080,11,0,10,4,12,,,,,,,,,,,,,,,,,,,,Burger King Nutrition April 2020,,,,,,,2026/2/7,
Burger King,hamburger-99,Hamburger 99,,240,13,10,26,380,3.5,0.5,35,1,6,,,,,,,,,,,,,,,,,,,,Burger King Nutrition April 2020,,,,,,,2026/2/7,
Burger King,cheeseburger-111,Cheeseburger 111,,280,15,13,27,560,6,0.5,45,1,7,,,,,,,,,,,,,,,,,,,,Burger King Nutrition April 2020,,,,,,,2026/2/7,
Burger King,double-hamburger-136,Double Hamburger 136,,350,21,18,26,410,7,1,70,1,6,,,,,,,,,,,,,,,,,,,,Burger King Nutrition April 2020,,,,,,,2026/2/7,
Burger King,double-cheeseburger-148,Double Cheeseburger 148,,390,23,21,27,590,9,1.5,85,1,7,,,,,,,,,,,,,,,,,,,,Burger King Nutrition April 2020,,,,,,,2026/2/7,
Burger King,extra-long-cheeseburger-226,Extra Long Cheeseburger 226,,630,29,37,45,1050,14,1.5,100,2,9,,,,,,,,,,,,,,,,,,,,Burger King Nutrition April 2020,,,,,,,2026/2/7,
Burger King,bacon-cheeseburger-118,Bacon Cheeseburger 118,,320,17,16,27,710,7,0.5,55,1,7,,,,,,,,,,,,,,,,,,,,Burger King Nutrition April 2020,,,,,,,2026/2/7,
Burger King,bacon-double-cheeseburger-155,Bacon Double Cheeseburger 155,,420,25,24,27,740,10,1.5,90,1,7,,,,,,,,,,,,,,,,,,,,Burger King Nutrition April 2020,,,,,,,2026/2/7,
Burger King,crispy-chicken-sandwich-228,Crispy Chicken Sandwich 228,,670,23,41,54,1080,7,0,60,2,8,,,,,,,,,,,,,,,,,,,,Burger King Nutrition April 2020,,,,,,,2026/2/7,
Burger King,spicy-crispy-chicken-sandwich-242,Spicy Crispy Chicken Sandwich 242,,700,25,42,57,1140,7,0,65,3,8,,,,,,,,,,,,,,,,,,,,Burger King Nutrition April 2020,,,,,,,2026/2/7,
Burger King,original-chicken-sandwich-219,Original Chicken Sandwich 219,,660,28,40,48,1170,7,0,75,2,5,,,,,,,,,,,,,,,,,,,,Burger King Nutrition April 2020,,,,,,,2026/2/7,
Burger King,bacon-cheese-crispy-chicken-sandwich-262,Bacon & Cheese Crispy Chicken Sandwich 262,,800,30,52,55,1650,13,1,95,2,8,,,,,,,,,,,,,,,,,,,,Burger King Nutrition April 2020,,,,,,,2026/2/7,
Burger King,bbq-bacon-crispy-chicken-sandwich-249,BBQ Bacon Crispy Chicken Sandwich 249,,790,28,49,60,1630,10,0.5,80,2,13,,,,,,,,,,,,,,,,,,,,Burger King Nutrition April 2020,,,,,,,2026/2/7,
Burger King,crispy-chicken-jr-142,Crispy Chicken Jr. 142,,450,12,30,34,780,5,0,30,2,5,,,,,,,,,,,,,,,,,,,,Burger King Nutrition April 2020,,,,,,,2026/2/7,
Burger King,spicy-crispy-chicken-jr-142,Spicy Crispy Chicken Jr. 142,,390,12,21,37,740,3.5,0,30,2,6,,,,,,,,,,,,,,,,,,,,Burger King Nutrition April 2020,,,,,,,2026/2/7,
Burger King,chicken-nuggets-4pc-58,Chicken Nuggets- 4pc 58,,170,8,11,11,310,1.5,0,25,1,0,,,,,,,,,,,,,,,,,,,,Burger King Nutrition April 2020,,,,,,,2026/2/7,
Burger King,chicken-nuggets-6pc-88,Chicken Nuggets- 6pc 88,,260,12,16,16,470,2.5,0,35,1,0,,,,,,,,,,,,,,,,,,,,Burger King Nutrition April 2020,,,,,,,2026/2/7,
Burger King,chicken-nuggets-10pc-146,Chicken Nuggets- 10pc 146,,430,20,27,27,780,4.5,0,55,2,0,,,,,,,,,,,,,,,,,,,,Burger King Nutrition April 2020,,,,,,,2026/2/7,
Burger King,chicken-nuggets-20pc-292,Chicken Nuggets- 20pc 292,,860,39,54,53,1570,9,0,115,3,1,,,,,,,,,,,,,,,,,,,,Burger King Nutrition April 2020,,,,,,,2026/2/7,
Burger King,spicy-chicken-nuggets-4pc-66,Spicy Chicken Nuggets- 4pc 66,,210,8,15,11,570,3,0,20,2,0,,,,,,,,,,,,,,,,,,,,Burger King Nutrition April 2020,,,,,,,2026/2/7,
Burger King,spicy-chicken-nuggets-6pc-99,Spicy Chicken Nuggets- 6pc 99,,320,12,22,17,850,4.5,0,35,3,0,,,,,,,,,,,,,,,,,,,,Burger King Nutrition April 2020,,,,,,,2026/2/7,
Burger King,spicy-chicken-nuggets-10-pc-165,Spicy Chicken Nuggets- 10 pc 165,,530,20,37,28,1420,7,0,55,4,1,,,,,,,,,,,,,,,,,,,,Burger King Nutrition April 2020,,,,,,,2026/2/7,
Burger King,spicy-chicken-nuggets-20-pc-330,Spicy Chicken Nuggets- 20 pc 330,,1050,40,74,56,2840,15,0,110,9,1,,,,,,,,,,,,,,,,,,,,Burger King Nutrition April 2020,,,,,,,2026/2/7,
Burger King,chicken-fries-9-pc-91,Chicken Fries - 9 pc. 91,,280,13,17,20,850,2.5,0,35,1,1,,,,,,,,,,,,,,,,,,,,Burger King Nutrition April 2020,,,,,,,2026/2/7,
Burger King,crispy-taco-76,Crispy Taco 76,,170,5,9,19,410,3,0,10,2,1,,,,,,,,,,,,,,,,,,,,Burger King Nutrition April 2020,,,,,,,2026/2/7,
Burger King,garden-chicken-salad-with-crispy-chicken-no-dressing-287,Garden Chicken Salad with Crispy Chicken - no dressing 287,,440,25,25,31,930,7,0,75,3,4,,,,,,,,,,,,,,,,,,,,Burger King Nutrition April 2020,,,,,,,2026/2/7,
Burger King,club-salad-with-crispy-chicken-no-dressing-308,Club Salad with Crispy Chicken - no dressing 308,,540,31,33,31,1380,10,0,95,3,5,,,,,,,,,,,,,,,,,,,,Burger King Nutrition April 2020,,,,,,,2026/2/7,
Burger King,garden-side-salad-w-o-dressing-99,Garden Side Salad - w/o dressing 99,,60,4,4,3,95,2.5,0,10,1,2,,,,,,,,,,,,,,,,,,,,Burger King Nutrition April 2020,,,,,,,2026/2/7,
Burger King,ken-s-ranch-dressing-43,Ken's Ranch Dressing 43,,260,1,28,2,240,4,0,10,0,2,,,,,,,,,,,,,,,,,,,,Burger King Nutrition April 2020,,,,,,,2026/2/7,
Burger King,ken-s-golden-italian-dressing-43,Ken's Golden Italian Dressing 43,,160,0,17,4,380,2.5,0,0,0,3,,,,,,,,,,,,,,,,,,,,Burger King Nutrition April 2020,,,,,,,2026/2/7,
Burger King,ken-s-lite-honey-balsamic-vinaigrette-43,Ken's Lite Honey Balsamic Vinaigrette 43,,120,0,8,14,220,1,0,0,0,11,,,,,,,,,,,,,,,,,,,,Burger King Nutrition April 2020,,,,,,,2026/2/7,
Burger King,buttery-garlic-croutons-packet-14,Buttery Garlic Croutons- Packet 14,,60,1,2.5,9,180,0,0,10,0,1,,,,,,,,,,,,,,,,,,,,Burger King Nutrition April 2020,,,,,,,2026/2/7,
Burger King,onion-rings-value-43,Onion Rings - value 43,,150,1,8,19,400,1.5,0,0,1,2,,,,,,,,,,,,,,,,,,,,Burger King Nutrition April 2020,,,,,,,2026/2/7,
Burger King,onion-rings-small-91,Onion Rings - small 91,,320,3,16,41,840,3,0,0,3,4,,,,,,,,,,,,,,,,,,,,Burger King Nutrition April 2020,,,,,,,2026/2/7,
Burger King,onion-rings-medium-117,Onion Rings - medium 117,,410,4,21,53,1080,3.5,0,0,4,5,,,,,,,,,,,,,,,,,,,,Burger King Nutrition April 2020,,,,,,,2026/2/7,
Burger King,onion-rings-large-142,Onion Rings - large 142,,500,5,25,64,1310,4.5,0,0,5,7,,,,,,,,,,,,,,,,,,,,Burger King Nutrition April 2020,,,,,,,2026/2/7,
Burger King,french-fries-value-unsalted-89,French Fries - value (unsalted) 89,,220,2,9,34,210,1.5,0,0,3,1,,,,,,,,,,,,,,,,,,,,Burger King Nutrition April 2020,,,,,,,2026/2/7,
Burger King,french-fries-small-unsalted-128,French Fries - small (unsalted) 128,,320,4,13,49,300,2,0,0,5,1,,,,,,,,,,,,,,,,,,,,Burger King Nutrition April 2020,,,,,,,2026/2/7,
Burger King,french-fries-medium-unsalted-153,French Fries - medium (unsalted) 153,,380,4,16,58,360,2,0,0,6,1,,,,,,,,,,,,,,,,,,,,Burger King Nutrition April 2020,,,,,,,2026/2/7,
Burger King,french-fries-large-unsalted-173,French Fries - large (unsalted) 173,,430,5,18,66,410,2.5,0,0,7,2,,,,,,,,,,,,,,,,,,,,Burger King Nutrition April 2020,,,,,,,2026/2/7,
Burger King,kids-oatmeal-167,Kids Oatmeal 167,,170,4,3,32,260,1.5,0,5,3,12,,,,,,,,,,,,,,,,,,,,Burger King Nutrition April 2020,,,,,,,2026/2/7,
Burger King,mott-s-natural-applesauce-111,Mott's® Natural Applesauce 111,,50,0,0,13,0,0,0,0,1,11,,,,,,,,,,,,,,,,,,,,Burger King Nutrition April 2020,,,,,,,2026/2/7,
Burger King,fat-free-milk-8-fl-oz,Fat FREE Milk (8 fl oz),,90,9,0,13,125,0,0,5,0,12,,,,,,,,,,,,,,,,,,,,Burger King Nutrition April 2020,,,,,,,2026/2/7,
Burger King,1-low-fat-chocolate-milk-8-fl-oz,1% Low Fat Chocolate Milk (8 fl oz),,160,8,2.5,26,150,1.5,0,15,0,25,,,,,,,,,,,,,,,,,,,,Burger King Nutrition April 2020,,,,,,,2026/2/7,
Burger King,capri-sun-100-apple-juice-6-fl-oz,Capri Sun® 100% Apple Juice (6 fl oz),,80,0,0,20,25,0,0,0,0,20,,,,,,,,,,,,,,,,,,,,Burger King Nutrition April 2020,,,,,,,2026/2/7,
Burger King,pb-j-jamwich-79,PB&J Jamwich 79,,300,11,16,33,290,3,0,0,4,11,,,,,,,,,,,,,,,,,,,,Burger King Nutrition April 2020,,,,,,,2026/2/7,
Burger King,soft-serve-cone-120,Soft Serve Cone 120,,190,5,4.5,32,150,3,0,20,0,24,,,,,,,,,,,,,,,,,,,,Burger King Nutrition April 2020,,,,,,,2026/2/7,
Burger King,dutch-apple-pie-107,Dutch Apple Pie 107,,340,3,14,51,310,6,0,0,1,25,,,,,,,,,,,,,,,,,,,,Burger King Nutrition April 2020,,,,,,,2026/2/7,
Burger King,hershey-s-sundae-pie-79,HERSHEY®'S Sundae Pie 79,,310,3,19,32,220,12,0,10,1,22,,,,,,,,,,,,,,,,,,,,Burger King Nutrition April 2020,,,,,,,2026/2/7,
Burger King,pie-made-with-twix-102,Pie made with TWIX® 102,,370,4,20,45,330,13,0,10,1,30,,,,,,,,,,,,,,,,,,,,Burger King Nutrition April 2020,,,,,,,2026/2/7,
Burger King,oreo-cookie-cheesecake-92,OREO® Cookie Cheesecake 92,,350,6,18,41,310,8,0,35,1,25,,,,,,,,,,,,,,,,,,,,Burger King Nutrition April 2020,,,,,,,2026/2/7,
Burger King,soft-serve-cup-115,Soft Serve Cup 115,,170,5,4.5,28,150,3,0,20,0,24,,,,,,,,,,,,,,,,,,,,Burger King Nutrition April 2020,,,,,,,2026/2/7,
Burger King,hershey-s-chocolate-sundae-149,HERSHEY®'s Chocolate Sundae 149,,260,5,5,49,160,3,0,20,1,43,,,,,,,,,,,,,,,,,,,,Burger King Nutrition April 2020,,,,,,,2026/2/7,
Burger King,caramel-sundae-137,Caramel Sundae 137,,240,5,5,42,210,3.5,0,20,0,33,,,,,,,,,,,,,,,,,,,,Burger King Nutrition April 2020,,,,,,,2026/2/7,
Burger King,croissan-wich-egg-cheese-125,CROISSAN'WICH® Egg & Cheese 125,,340,12,18,29,610,8,0,160,1,4,,,,,,,,,,,,,,,,,,,,Burger King Nutrition April 2020,,,,,,,2026/2/7,
Burger King,croissan-wich-sausage-egg-cheese-169,"CROISSAN'WICH® Sausage, Egg & Cheese 169",,500,19,33,30,930,13,0,195,1,4,,,,,,,,,,,,,,,,,,,,Burger King Nutrition April 2020,,,,,,,2026/2/7,
Burger King,croissan-wich-ham-egg-cheese-156,"CROISSAN'WICH® Ham, Egg & Cheese 156",,370,17,19,30,1030,8,0,175,1,5,,,,,,,,,,,,,,,,,,,,Burger King Nutrition April 2020,,,,,,,2026/2/7,
Burger King,croissan-wich-bacon-egg-cheese-132,"CROISSAN'WICH® Bacon, Egg & Cheese 132",,370,14,21,30,760,9,0,170,1,4,,,,,,,,,,,,,,,,,,,,Burger King Nutrition April 2020,,,,,,,2026/2/7,
Burger King,fully-loaded-croissan-wich-218,Fully Loaded CROISSAN'WICH® 218,,610,28,40,31,1680,17,0.5,225,1,5,,,,,,,,,,,,,,,,,,,,Burger King Nutrition April 2020,,,,,,,2026/2/7,
Burger King,double-croissan-wich-with-sausage-bacon-187,Double CROISSAN'WICH® with Sausage & Bacon 187,,580,23,40,31,1260,16,0.5,215,1,5,,,,,,,,,,,,,,,,,,,,Burger King Nutrition April 2020,,,,,,,2026/2/7,
Burger King,double-croissan-wich-with-sausage-224,Double CROISSAN'WICH® with Sausage 224,,710,29,52,31,1420,20,0.5,240,1,5,,,,,,,,,,,,,,,,,,,,Burger King Nutrition April 2020,,,,,,,2026/2/7,
Burger King,double-croissan-wich-with-ham-sausage-211,Double CROISSAN'WICH® with Ham & Sausage 211,,580,27,38,31,1530,16,0.5,220,1,5,,,,,,,,,,,,,,,,,,,,Burger King Nutrition April 2020,,,,,,,2026/2/7,
Burger King,fully-loaded-biscuit-238,Fully Loaded Biscuit 238,,640,28,45,31,2190,20,0,225,1,4,,,,,,,,,,,,,,,,,,,,Burger King Nutrition April 2020,,,,,,,2026/2/7,
Burger King,ham-egg-cheese-biscuit-176,"Ham, Egg, & Cheese Biscuit 176",,400,17,24,29,1550,12,0,175,1,3,,,,,,,,,,,,,,,,,,,,Burger King Nutrition April 2020,,,,,,,2026/2/7,
Burger King,sausage-egg-cheese-biscuit-189,"Sausage, Egg, & Cheese Biscuit 189",,530,19,38,29,1440,17,0,195,1,3,,,,,,,,,,,,,,,,,,,,Burger King Nutrition April 2020,,,,,,,2026/2/7,
Burger King,bacon-egg-cheese-biscuit-152,"Bacon, Egg & Cheese Biscuit 152",,400,13,26,29,1270,13,0,170,1,3,,,,,,,,,,,,,,,,,,,,Burger King Nutrition April 2020,,,,,,,2026/2/7,
Burger King,sausage-biscuit-121,Sausage Biscuit 121,,420,12,28,28,1050,6,0,35,1,2,,,,,,,,,,,,,,,,,,,,Burger King Nutrition April 2020,,,,,,,2026/2/7,
Burger King,breakfast-burrito-jr-143,Breakfast Burrito Jr. 143,,370,15,23,27,930,8,0,150,3,2,,,,,,,,,,,,,,,,,,,,Burger King Nutrition April 2020,,,,,,,2026/2/7,
Burger King,egg-normous-burrito-310,EGG-NORMOUS BURRITO™ 310,,780,32,42,68,1960,15,0,355,3,4,,,,,,,,,,,,,,,,,,,,Burger King Nutrition April 2020,,,,,,,2026/2/7,
Burger King,bk-ultimate-breakfast-platter-390,BK™ Ultimate Breakfast Platter 390,,930,24,44,110,2230,11,0,390,4,40,,,,,,,,,,,,,,,,,,,,Burger King Nutrition April 2020,,,,,,,2026/2/7,
Burger King,ny-ultimate-platter-regional-menu-item-400,NY Ultimate Platter (Regional menu item) 400,,900,25,46,95,1760,12,0,380,5,31,,,,,,,,,,,,,,,,,,,,Burger King Nutrition April 2020,,,,,,,2026/2/7,
Burger King,pancake-and-sausage-platter-217,Pancake and Sausage platter 217,,610,12,31,72,1010,9,0,80,1,30,,,,,,,,,,,,,,,,,,,,Burger King Nutrition April 2020,,,,,,,2026/2/7,
Burger King,hash-browns-small-84,Hash Browns - small 84,,250,2,16,24,580,3.5,0,0,3,0,,,,,,,,,,,,,,,,,,,,Burger King Nutrition April 2020,,,,,,,2026/2/7,
Burger King,hash-browns-medium-169,Hash Browns - medium 169,,500,4,33,48,1140,7,0,0,7,0,,,,,,,,,,,,,,,,,,,,Burger King Nutrition April 2020,,,,,,,2026/2/7,
Burger King,hash-browns-large-225,Hash Browns - large 225,,670,5,44,65,1530,9,0,0,9,0,,,,,,,,,,,,,,,,,,,,Burger King Nutrition April 2020,,,,,,,2026/2/7,
Burger King,french-toast-sticks-3-piece-65,French Toast Sticks (3 piece) 65,,230,3,11,29,260,2,0,0,1,8,,,,,,,,,,,,,,,,,,,,Burger King Nutrition April 2020,,,,,,,2026/2/7,
Burger King,french-toast-sticks-5-piece-109,French Toast Sticks (5 piece) 109,,380,5,18,49,430,3,0,0,2,13,,,,,,,,,,,,,,,,,,,,Burger King Nutrition April 2020,,,,,,,2026/2/7,
Burger King,american-cheese-slice-11,American Cheese (slice) 11,,40,2,3.5,1,180,2,0,10,0,0,,,,,,,,,,,,,,,,,,,,Burger King Nutrition April 2020,,,,,,,2026/2/7,
Burger King,ketchup-packet-10,Ketchup (Packet) 10,,10,0,0,3,125,0,0,0,0,2,,,,,,,,,,,,,,,,,,,,Burger King Nutrition April 2020,,,,,,,2026/2/7,
Burger King,mayonnaise-packet-12,Mayonnaise (Packet) 12,,80,0,9,1,75,0.5,0,10,0,0,,,,,,,,,,,,,,,,,,,,Burger King Nutrition April 2020,,,,,,,2026/2/7,
Burger King,strawberry-or-grape-jam-packet-12,Strawberry or Grape Jam (packet) 12,,30,0,0,7,0,0,0,0,0,6,,,,,,,,,,,,,,,,,,,,Burger King Nutrition April 2020,,,,,,,2026/2/7,
Burger King,breakfast-syrup-1-oz-41,Breakfast Syrup (1 oz) 41,,120,0,0,30,15,0,0,0,0,18,,,,,,,,,,,,,,,,,,,,Burger King Nutrition April 2020,,,,,,,2026/2/7,
Burger King,barbecue-dipping-sauce-1-oz-28,Barbecue Dipping Sauce (1 oz) 28,,40,0,0,11,310,0,0,0,0,10,,,,,,,,,,,,,,,,,,,,Burger King Nutrition April 2020,,,,,,,2026/2/7,
Burger King,ranch-dipping-sauce-1-oz-28,Ranch Dipping Sauce (1 oz) 28,,140,1,15,1,85,2.5,0,10,0,1,,,,,,,,,,,,,,,,,,,,Burger King Nutrition April 2020,,,,,,,2026/2/7,
Burger King,buffalo-dipping-sauce-1-oz-28,Buffalo Dipping Sauce (1 oz) 28,,80,0,8,2,360,1.5,0,5,0,1,,,,,,,,,,,,,,,,,,,,Burger King Nutrition April 2020,,,,,,,2026/2/7,
Burger King,zesty-onion-ring-dipping-sauce-1-oz-28,Zesty Onion Ring Dipping Sauce (1 oz) 28,,150,0,15,3,240,2.5,0,20,0,0,,,,,,,,,,,,,,,,,,,,Burger King Nutrition April 2020,,,,,,,2026/2/7,
Burger King,honey-mustard-dipping-sauce-1oz-28,Honey Mustard Dipping Sauce (1oz) 28,,90,0,6,8,180,1,0,10,0,7,,,,,,,,,,,,,,,,,,,,Burger King Nutrition April 2020,,,,,,,2026/2/7,
Burger King,smoothie-strawberry-banana-16-fl-oz,Smoothie: Strawberry Banana 16 fl oz,,310,4,1,71,55,0,0,0,3,50,,,,,,,,,,,,,,,,,,,,Burger King Nutrition April 2020,,,,,,,2026/2/7,
Burger King,oreo-shake,Oreo® Shake,,720,16,20,118,540,12,0.5,65,1,98,,,,,,,,,,,,,,,,,,,,Burger King Nutrition April 2020,,,,,,,2026/2/7,
Burger King,chocolate-oreo-shake,Chocolate Oreo® Shake,,740,17,22,121,680,13,0.5,70,1,101,,,,,,,,,,,,,,,,,,,,Burger King Nutrition April 2020,,,,,,,2026/2/7,
Burger King,vanilla-milk-shake,Vanilla Milk Shake,,580,14,15,98,420,10,0,60,0,85,,,,,,,,,,,,,,,,,,,,Burger King Nutrition April 2020,,,,,,,2026/2/7,
Burger King,hershey-s-chocolate-milk-shake,HERSHEY®'S Chocolate Milk Shake,,610,14,16,103,500,10,0,60,1,88,,,,,,,,,,,,,,,,,,,,Burger King Nutrition April 2020,,,,,,,2026/2/7,
Burger King,16-fl-oz,16 fl oz,,210,0,0,58,50,0,0,0,0,58,,,,,,,,,,,,,,,,,,,,Burger King Nutrition April 2020,,,,,,,2026/2/7,
Burger King,20-fl-oz,20 fl oz,,270,0,0,73,60,0,0,0,0,73,,,,,,,,,,,,,,,,,,,,Burger King Nutrition April 2020,,,,,,,2026/2/7,
Burger King,29-fl-oz,29 fl oz,,390,0,0,105,85,0,0,0,0,105,,,,,,,,,,,,,,,,,,,,Burger King Nutrition April 2020,,,,,,,2026/2/7,
Burger King,38-fl-oz,38 fl oz,,510,0,0,138,115,0,0,0,0,138,,,,,,,,,,,,,,,,,,,,Burger King Nutrition April 2020,,,,,,,2026/2/7,
Burger King,16-fl-oz,16 fl oz,,0,0,0,0,70,0,0,0,0,0,,,,,,,,,,,,,,,,,,,,Burger King Nutrition April 2020,,,,,,,2026/2/7,
Burger King,16-fl-oz,16 fl oz,,210,0,0,56,95,0,0,0,0,56,,,,,,,,,,,,,,,,,,,,Burger King Nutrition April 2020,,,,,,,2026/2/7,
Burger King,20-fl-oz,20 fl oz,,260,0,0,70,120,0,0,0,0,70,,,,,,,,,,,,,,,,,,,,Burger King Nutrition April 2020,,,,,,,2026/2/7,
Burger King,29-fl-oz,29 fl oz,,380,0,0,102,170,0,0,0,0,102,,,,,,,,,,,,,,,,,,,,Burger King Nutrition April 2020,,,,,,,2026/2/7,
Burger King,38-fl-oz,38 fl oz,,500,0,0,133,230,0,0,0,0,133,,,,,,,,,,,,,,,,,,,,Burger King Nutrition April 2020,,,,,,,2026/2/7,
Burger King,16-fl-oz,16 fl oz,,190,0,0,52,60,0,0,0,0,51,,,,,,,,,,,,,,,,,,,,Burger King Nutrition April 2020,,,,,,,2026/2/7,
Burger King,20-fl-oz,20 fl oz,,240,0,0,65,75,0,0,0,0,64,,,,,,,,,,,,,,,,,,,,Burger King Nutrition April 2020,,,,,,,2026/2/7,
Burger King,29-fl-oz,29 fl oz,,350,0,0,94,105,0,0,0,0,93,,,,,,,,,,,,,,,,,,,,Burger King Nutrition April 2020,,,,,,,2026/2/7,
Burger King,38-fl-oz,38 fl oz,,450,0,0,124,140,0,0,0,0,121,,,,,,,,,,,,,,,,,,,,Burger King Nutrition April 2020,,,,,,,2026/2/7,
Burger King,16-fl-oz,16 fl oz,,240,0,0,65,100,0,0,0,0,65,,,,,,,,,,,,,,,,,,,,Burger King Nutrition April 2020,,,,,,,2026/2/7,
Burger King,20-fl-oz,20 fl oz,,300,0,0,81,120,0,0,0,0,81,,,,,,,,,,,,,,,,,,,,Burger King Nutrition April 2020,,,,,,,2026/2/7,
Burger King,29-fl-oz,29 fl oz,,430,0,0,118,180,0,0,0,0,118,,,,,,,,,,,,,,,,,,,,Burger King Nutrition April 2020,,,,,,,2026/2/7,
Burger King,38-fl-oz,38 fl oz,,570,0,0,155,230,0,0,0,0,155,,,,,,,,,,,,,,,,,,,,Burger King Nutrition April 2020,,,,,,,2026/2/7,
Burger King,16-fl-oz,16 fl oz,,220,0,0,61,55,0,0,0,0,61,,,,,,,,,,,,,,,,,,,,Burger King Nutrition April 2020,,,,,,,2026/2/7,
Burger King,20-fl-oz,20 fl oz,,280,0,0,76,70,0,0,0,0,76,,,,,,,,,,,,,,,,,,,,Burger King Nutrition April 2020,,,,,,,2026/2/7,
Burger King,29-fl-oz,29 fl oz,,410,0,0,110,100,0,0,0,0,110,,,,,,,,,,,,,,,,,,,,Burger King Nutrition April 2020,,,,,,,2026/2/7,
Burger King,38-fl-oz,38 fl oz,,530,0,0,145,130,0,0,0,0,145,,,,,,,,,,,,,,,,,,,,Burger King Nutrition April 2020,,,,,,,2026/2/7,
Burger King,16-fl-oz,16 fl oz,,230,0,0,62,60,0,0,0,0,61,,,,,,,,,,,,,,,,,,,,Burger King Nutrition April 2020,,,,,,,2026/2/7,
Burger King,20-fl-oz,20 fl oz,,280,0,0,78,70,0,0,0,0,77,,,,,,,,,,,,,,,,,,,,Burger King Nutrition April 2020,,,,,,,2026/2/7,
Burger King,29-fl-oz,29 fl oz,,410,0,0,113,105,0,0,0,0,111,,,,,,,,,,,,,,,,,,,,Burger King Nutrition April 2020,,,,,,,2026/2/7,
Burger King,38-fl-oz,38 fl oz,,540,0,0,148,135,0,0,0,0,146,,,,,,,,,,,,,,,,,,,,Burger King Nutrition April 2020,,,,,,,2026/2/7,
Burger King,16-fl-oz,16 fl oz,,220,0,0,62,75,0,0,0,0,60,,,,,,,,,,,,,,,,,,,,Burger King Nutrition April 2020,,,,,,,2026/2/7,
Burger King,20-fl-oz,20 fl oz,,280,0,0,77,95,0,0,0,0,75,,,,,,,,,,,,,,,,,,,,Burger King Nutrition April 2020,,,,,,,2026/2/7,
Burger King,29-fl-oz,29 fl oz,,410,0,0,111,135,0,0,0,0,109,,,,,,,,,,,,,,,,,,,,Burger King Nutrition April 2020,,,,,,,2026/2/7,
Burger King,16-fl-oz,16 fl oz,,10,0,0,3,60,0,0,0,0,0,,,,,,,,,,,,,,,,,,,,Burger King Nutrition April 2020,,,,,,,2026/2/7,
Burger King,20-fl-oz,20 fl oz,,10,0,0,4,70,0,0,0,0,0,,,,,,,,,,,,,,,,,,,,Burger King Nutrition April 2020,,,,,,,2026/2/7,
Burger King,29-fl-oz,29 fl oz,,15,0,0,5,105,0,0,0,0,0,,,,,,,,,,,,,,,,,,,,Burger King Nutrition April 2020,,,,,,,2026/2/7,
Burger King,38-fl-oz,38 fl oz,,20,0,0,7,135,0,0,0,0,0,,,,,,,,,,,,,,,,,,,,Burger King Nutrition April 2020,,,,,,,2026/2/7,
Burger King,20-fl-oz,20 fl oz,,120,0,0,35,0,0,0,0,0,35,,,,,,,,,,,,,,,,,,,,Burger King Nutrition April 2020,,,,,,,2026/2/7,
Burger King,29-fl-oz,29 fl oz,,160,0,0,49,0,0,0,0,0,49,,,,,,,,,,,,,,,,,,,,Burger King Nutrition April 2020,,,,,,,2026/2/7,
Burger King,40-fl-oz,40 fl oz,,240,0,0,71,0,0,0,0,0,71,,,,,,,,,,,,,,,,,,,,Burger King Nutrition April 2020,,,,,,,2026/2/7,
Burger King,20-fl-oz,20 fl oz,,0,0,0,0,0,0,0,0,0,0,,,,,,,,,,,,,,,,,,,,Burger King Nutrition April 2020,,,,,,,2026/2/7,
Burger King,29-fl-oz,29 fl oz,,0,0,0,0,0,0,0,0,0,0,,,,,,,,,,,,,,,,,,,,Burger King Nutrition April 2020,,,,,,,2026/2/7,
Burger King,40-fl-oz,40 fl oz,,0,0,0,0,0,0,0,0,0,0,,,,,,,,,,,,,,,,,,,,Burger King Nutrition April 2020,,,,,,,2026/2/7,
Burger King,capri-sun-100-apple-juice-1-pouch,Capri Sun® 100% Apple Juice 1 pouch,,80,0,0,20,25,0,0,0,0,20,,,,,,,,,,,,,,,,,,,,Burger King Nutrition April 2020,,,,,,,2026/2/7,
Burger King,minute-maid-orange-juice-10-fl-oz,Minute Maid® Orange Juice 10 fl oz,,140,2,0,33,20,0,0,0,0,30,,,,,,,,,,,,,,,,,,,,Burger King Nutrition April 2020,,,,,,,2026/2/7,
Burger King,frozen-coke-16-oz,Frozen Coke® - 16 oz,,130,0,0,35,50,0,0,0,0,35,,,,,,,,,,,,,,,,,,,,Burger King Nutrition April 2020,,,,,,,2026/2/7,
Burger King,bk-caf-coffee-12-fl-oz,BK® Café Coffee- 12 fl oz,,0,0,0,0,0,0,0,0,0,0,,,,,,,,,,,,,,,,,,,,Burger King Nutrition April 2020,,,,,,,2026/2/7,
Burger King,bk-caf-coffee-16-fl-oz,BK® Café Coffee- 16 fl oz,,0,0,0,0,0,0,0,0,0,0,,,,,,,,,,,,,,,,,,,,Burger King Nutrition April 2020,,,,,,,2026/2/7,
Burger King,bk-caf-coffee-20-fl-oz,BK® Café Coffee- 20 fl oz,,0,0,0,0,0,0,0,0,0,0,,,,,,,,,,,,,,,,,,,,Burger King Nutrition April 2020,,,,,,,2026/2/7,
Burger King,bk-caf-decaf-coffee-12-fl-oz,BK® Café Decaf Coffee- 12 fl oz,,0,0,0,0,0,0,0,0,0,0,,,,,,,,,,,,,,,,,,,,Burger King Nutrition April 2020,,,,,,,2026/2/7,
Burger King,bk-caf-decaf-coffee-16-fl-oz,BK® Café Decaf Coffee- 16 fl oz,,0,0,0,0,0,0,0,0,0,0,,,,,,,,,,,,,,,,,,,,Burger King Nutrition April 2020,,,,,,,2026/2/7,
Burger King,bk-caf-decaf-coffee-20-fl-oz,BK® Café Decaf Coffee- 20 fl oz,,0,0,0,0,0,0,0,0,0,0,,,,,,,,,,,,,,,,,,,,Burger King Nutrition April 2020,,,,,,,2026/2/7,
Burger King,bk-caf-iced-vanilla-coffee-12-fl-oz,BK® Café Iced Vanilla Coffee- 12 fl oz,,150,1,8,21,30,4,0,25,0,21,,,,,,,,,,,,,,,,,,,,Burger King Nutrition April 2020,,,,,,,2026/2/7,
Burger King,bk-caf-iced-vanilla-coffee-16-fl-oz,BK® Café Iced Vanilla Coffee- 16 fl oz,,200,2,10,27,40,5,0,30,0,27,,,,,,,,,,,,,,,,,,,,Burger King Nutrition April 2020,,,,,,,2026/2/7,
Burger King,bk-caf-iced-vanilla-coffee-20-fl-oz,BK® Café Iced Vanilla Coffee- 20 fl oz,,260,2,13,34,50,7,0,40,0,34,,,,,,,,,,,,,,,,,,,,Burger King Nutrition April 2020,,,,,,,2026/2/7,
Burger King,bk-caf-iced-mocha-coffee-12-fl-oz,BK® Café Iced Mocha Coffee- 12 fl oz,,180,2,8,27,40,4,0,25,1,25,,,,,,,,,,,,,,,,,,,,Burger King Nutrition April 2020,,,,,,,2026/2/7,
Burger King,bk-caf-iced-mocha-coffee-16-fl-oz,BK® Café Iced Mocha Coffee- 16 fl oz,,240,2,10,35,55,6,0,30,1,32,,,,,,,,,,,,,,,,,,,,Burger King Nutrition April 2020,,,,,,,2026/2/7,
Burger King,bk-caf-iced-mocha-coffee-20-fl-oz,BK® Café Iced Mocha Coffee- 20 fl oz,,300,3,13,45,70,7,0,40,2,41,,,,,,,,,,,,,,,,,,,,Burger King Nutrition April 2020,,,,,,,2026/2/7,
Burger King,bk-caf-mocha-frappe-12-fl-oz,BK® Café Mocha Frappe- 12 fl oz,,300,7,8,50,200,5,0,30,1,41,,,,,,,,,,,,,,,,,,,,Burger King Nutrition April 2020,,,,,,,2026/2/7,
Burger King,bk-caf-mocha-frappe-16-fl-oz,BK® Café Mocha Frappe- 16 fl oz,,400,9,10,68,270,7,0,40,1,58,,,,,,,,,,,,,,,,,,,,Burger King Nutrition April 2020,,,,,,,2026/2/7,
Burger King,bk-caf-mocha-frappe-20-fl-oz,BK® Café Mocha Frappe- 20 fl oz,,510,12,13,87,350,8,0,50,1,71,,,,,,,,,,,,,,,,,,,,Burger King Nutrition April 2020,,,,,,,2026/2/7,
Burger King,bk-caf-caramel-frappe-12-fl-oz,BK® Café Caramel Frappe- 12 fl oz,,300,7,8,50,210,5,0,35,0,41,,,,,,,,,,,,,,,,,,,,Burger King Nutrition April 2020,,,,,,,2026/2/7,
Burger King,bk-caf-caramel-frappe-16-fl-oz,BK® Café Caramel Frappe- 16 fl oz,,400,9,10,68,280,7,0,40,0,56,,,,,,,,,,,,,,,,,,,,Burger King Nutrition April 2020,,,,,,,2026/2/7,
In-N-Out Burger,hamburger-w-onion-209-360,Hamburger w/Onion 209 360,,140,16,5,2,38,0,35,670,8,,,,,,,,,,,,,,,,,,,,,In-N-Out Nutrition January 2026,,,,,,,2026/2/7,
In-N-Out Burger,with-mustard-ketchup-instead-of-spread-202-300,with mustard & ketchup instead of spread 202 300,,90,16,4,2,38,0,35,610,9,,,,,,,,,,,,,,,,,,,,,In-N-Out Nutrition January 2026,,,,,,,2026/2/7,
In-N-Out Burger,protein-style-bun-replaced-with-lettuce-211-210,Protein Style® (Bun replaced with Lettuce) 211 210,,130,12,4.5,2,9,0,35,390,6,,,,,,,,,,,,,,,,,,,,,In-N-Out Nutrition January 2026,,,,,,,2026/2/7,
In-N-Out Burger,cheeseburger-w-onion-229-430,Cheeseburger w/Onion 229 430,,190,20,8,2,40,0,55,1080,9,,,,,,,,,,,,,,,,,,,,,In-N-Out Nutrition January 2026,,,,,,,2026/2/7,
In-N-Out Burger,with-mustard-ketchup-instead-of-spread-222-380,with mustard & ketchup instead of spread 222 380,,140,20,7,2,39,0,55,1020,9,,,,,,,,,,,,,,,,,,,,,In-N-Out Nutrition January 2026,,,,,,,2026/2/7,
In-N-Out Burger,protein-style-bun-replaced-with-lettuce-231-280,Protein Style® (Bun replaced with Lettuce) 231 280,,170,16,8,2,11,0,55,800,7,,,,,,,,,,,,,,,,,,,,,In-N-Out Nutrition January 2026,,,,,,,2026/2/7,
In-N-Out Burger,double-double-w-onion-287-610,Double-Double® w/Onion 287 610,,310,34,15,2,42,0,110,1670,9,,,,,,,,,,,,,,,,,,,,,In-N-Out Nutrition January 2026,,,,,,,2026/2/7,
In-N-Out Burger,with-mustard-ketchup-instead-of-spread-280-550,with mustard & ketchup instead of spread 280 550,,240,34,14,2,41,0,105,1600,10,,,,,,,,,,,,,,,,,,,,,In-N-Out Nutrition January 2026,,,,,,,2026/2/7,
In-N-Out Burger,protein-style-bun-replaced-with-lettuce-289-460,Protein Style® (Bun replaced with Lettuce) 289 460,,290,30,15,2,12,0,110,1390,7,,,,,,,,,,,,,,,,,,,,,In-N-Out Nutrition January 2026,,,,,,,2026/2/7,
In-N-Out Burger,french-fries-125-360,French Fries 125 360,,140,6,1.5,6,49,0,0,150,0,,,,,,,,,,,,,,,,,,,,,In-N-Out Nutrition January 2026,,,,,,,2026/2/7,
In-N-Out Burger,chocolate-shake-15oz-610,Chocolate Shake 15oz. 610,,270,16,19,0,74,1,110,370,61,,,,,,,,,,,,,,,,,,,,,In-N-Out Nutrition January 2026,,,,,,,2026/2/7,
In-N-Out Burger,vanilla-shake-15oz-590,Vanilla Shake 15oz. 590,,280,16,20,0,66,1,115,360,55,,,,,,,,,,,,,,,,,,,,,In-N-Out Nutrition January 2026,,,,,,,2026/2/7,
In-N-Out Burger,strawberry-shake-15oz-610,Strawberry Shake 15oz. 610,,270,15,19,0,74,1,110,350,63,,,,,,,,,,,,,,,,,,,,,In-N-Out Nutrition January 2026,,,,,,,2026/2/7,
In-N-Out Burger,coffee-15oz-0,Coffee 15oz. 0,,0,0,0,0,0,0,0,0,0,,,,,,,,,,,,,,,,,,,,,In-N-Out Nutrition January 2026,,,,,,,2026/2/7,
In-N-Out Burger,hot-cocoa-8oz-160,Hot Cocoa 8oz. 160,,30,2,2.5,2,33,0,0,240,29,,,,,,,,,,,,,,,,,,,,,In-N-Out Nutrition January 2026,,,,,,,2026/2/7,
In-N-Out Burger,with-marshmallows-8oz-180,with Marshmallows 8oz. 180,,30,2,2.5,2,33,0,0,240,34,,,,,,,,,,,,,,,,,,,,,In-N-Out Nutrition January 2026,,,,,,,2026/2/7,